"keys","en","ja","zh","ru","es","pt","de","ko"
"MSG_C_GACHA_A_WIN","You sealed the ant inside a 1-star capsule.","アリを星1のガチャカプセルに封印した。","你把蚂蚁封印在了一星扭蛋胶囊里。","Вы запечатали муравья в 1-звездочную капсулу.","Sellaste a la hormiga dentro de una cápsula de 1 estrella.","Selaste a formiga dentro de uma cápsula de 1 estrela.","Du hast die Ameise in einer 1-Sterne-Kapsel versiegelt.","개미를 1성 캡슐 안에 봉인했습니다."
"MSG_C_GACHA_B_WIN","The bat was blinded by a rainbow SSR pull animation.","確定SSRの虹色の確定演出でバットの目を眩ませた。","确定SSR的彩虹抽卡动画闪瞎了蝙蝠的眼睛。","Летучая мышь была ослеплена радужной анимацией вытягивания SSR.","El murciélago fue cegado por una animación de invocación SSR arcoíris.","O morcego foi cegado por uma animação de invocação SSR arco-íris.","Die Fledermaus wurde von einer regenbogenfarbenen SSR-Ziehungsanimation geblendet.","박쥐는 무지갯빛 SSR 소환 연출에 눈이 멀었습니다."
"MSG_C_GACHA_C_WIN","You crushed the cobra under a mountain of duplicate drops.","ハズレ枠の被りアイテムの山でコブラを圧殺した。","你在成堆的重复掉落物品下压碎了眼镜蛇。","Вы раздавили кобру под горой дубликатов.","Aplastaste a la cobra bajo una montaña de objetos repetidos.","Esmagaste a cobra sob uma montanha de itens repetidos.","Du hast die Kobra unter einem Berg von Duplikaten zerquetscht.","중복 아이템 더미 아래에 코브라를 깔아 뭉개버렸습니다."
"MSG_C_GACHA_D_WIN","You bribed the dragon with limited-time cosmetics.","期間限定スキンでドラゴンを買収した。","你用限时皮肤收买了巨龙。","Вы подкупили дракона ограниченными по времени косметическими предметами.","Sobornaste al dragón con cosméticos de tiempo limitado.","Subornaste o dragão com cosméticos de tempo limitado.","Du hast den Drachen mit zeitlich begrenzten Kosmetika bestochen.","기간 한정 스킨으로 드래곤을 매수했습니다."
"MSG_C_GACHA_E_WIN","You chopped the ent down to print more gacha tickets.","ガチャチケットを増刷するため、エントを伐採した。","你砍倒了树精来印制更多的抽卡券。","Вы срубили энта, чтобы напечатать больше билетов гача.","Talaste al ent para imprimir más tickets de gacha.","Cortaste o ent para imprimir mais bilhetes de gacha.","Du hast den Ent gefällt, um mehr Gacha-Tickets zu drucken.","가차 티켓을 더 찍어내기 위해 엔트를 벌목했습니다."
"MSG_C_GACHA_F_WIN","You caught the fly inside a loot box.","ルートボックスの中にハエを捕獲した。","你把苍蝇抓进了一个战利品箱。","Вы поймали муху внутри лутбокса.","Atrapaste a la mosca dentro de una caja de botín.","Apanhaste a mosca dentro de uma caixa de saque.","Du hast die Fliege in einer Lootbox gefangen.","전리품 상자 안에 파리를 가두었습니다."
"MSG_C_GACHA_G_WIN","The goblin went bankrupt rolling for his waifu.","ゴブリンは推しキャラのために課金しすぎて破産した。","哥布林为了抽他的老婆破产了。","Гоблин обанкротился, крутя гачу ради своей вайфу.","El goblin se arruinó intentando conseguir a su waifu.","O goblin faliu a tentar conseguir a sua waifu.","Der Goblin ging bankrott, als er für seine Waifu zog.","고블린은 미소녀 캐릭터를 뽑으려다 파산했습니다."
"MSG_C_GACHA_H_WIN","The harpy hit the pity timer and ascended to heaven.","天井に到達したハーピーは満足して天へと昇っていった。","哈比吃到了保底并心满意足地升天了。","Гарпия достигла гаранта и вознеслась на небеса.","La harpía alcanzó el límite de garantizado y ascendió al cielo.","A harpia atingiu o limite de garantido e ascendeu ao céu.","Die Harpyie erreichte das Pity-Limit und stieg in den Himmel auf.","천장에 도달한 하피는 만족하며 하늘로 승천했습니다."
"MSG_C_GACHA_I_LOSS","The imp hacked the rates. You pulled nothing but trash.","インプに排出確率をハックされ、ゴミしか出なかった。","小恶魔黑了掉率。你抽到的全是垃圾。","Имп взломал шансы. Вы вытянули только мусор.","El imp hackeó las probabilidades. No obtuviste más que basura.","O imp hackeou as probabilidades. Não obtiveste nada além de lixo.","Der Imp hat die Raten gehackt. Du hast nur Müll gezogen.","임프가 확률을 조작했습니다. 쓰레기밖에 나오지 않았습니다."
"MSG_C_GACHA_J_LOSS","The jelly short-circuited the server before you could pull.","ガチャを引く前にジェリーがサーバーをショートさせた。","在你抽卡之前胶状体让服务器短路了。","Желе замкнуло сервер до того, как вы успели крутануть гачу.","La gelatina cortocircuitó el servidor antes de que pudieras invocar.","A geleia causou um curto-circuito no servidor antes de poderes invocar.","Das Gelee hat den Server kurzgeschlossen, bevor du ziehen konntest.","뽑기를 하기 전에 젤리가 서버를 단락시켰습니다."
"MSG_C_GACHA_K_WIN","You traded the kobold for a 5-star character.","コボルドを素材にして星5キャラを入手した。","你拿狗头人换了一个5星角色。","Вы обменяли кобольда на 5-звездочного персонажа.","Cambiaste al kobold por un personaje de 5 estrellas.","Trocaste o kobold por uma personagem de 5 estrelas.","Du hast den Kobold gegen einen 5-Sterne-Charakter eingetauscht.","코볼드를 제물로 바쳐 5성 캐릭터를 획득했습니다."
"MSG_C_GACHA_L_WIN","The lizard got addicted to gambling and forgot to fight.","リザードはガチャの快感に依存し、戦いを忘れた。","蜥蜴沉迷于抽卡而忘记了战斗。","Ящерица пристрастилась к азартным играм и забыла о битве.","El lagarto se volvió adicto al juego y se olvidó de luchar.","O lagarto ficou viciado no jogo e esqueceu-se de lutar.","Die Echse wurde spielsüchtig und vergaß zu kämpfen.","리자드는 가차의 손맛에 중독되어 싸움을 잊었습니다."
"MSG_C_GACHA_M_LOSS","The mummy's curse gave you terrible luck forever.","マミーの呪いにより、永遠に爆死し続ける運命となった。","木乃伊的诅咒让你永远遭受厄运。","Проклятие мумии принесло вам ужасное невезение навсегда.","La maldición de la momia te dio una suerte terrible para siempre.","A maldição da múmia deu-te uma sorte terrível para sempre.","Der Fluch der Mumie bescherte dir für immer schreckliches Pech.","미라의 저주 때문에 영원히 '꽝'만 나오는 운명이 되었습니다."
"MSG_C_GACHA_N_LOSS","The naga washed away your pity timer with a tidal wave.","ナーガの津波で天井までのカウントが洗い流された。","娜迦的海啸冲走了你的保底计数。","Нага смыла ваш счетчик гаранта приливной волной.","La naga borró tu contador de garantizado con una ola gigante.","A naga apagou o teu contador de garantido com uma maremotomotriz.","Die Naga hat dein Pity mit einer Flutwelle weggespült.","나가의 해일이 천장 카운트를 초기화해 버렸습니다."
"MSG_C_GACHA_O_LOSS","The orc smashed the gacha machine with his axe in rage.","爆死にキレたオークがガチャ筐体を斧で粉砕した。","抽卡沉船的兽人愤怒地用斧头砸碎了扭蛋机。","Орк в ярости разбил гача-автомат своим топором.","El orco destrozó la máquina de gacha con su hacha de pura rabia.","O orco despedaçou a máquina de gacha com o seu machado de pura raiva.","Der Ork hat die Gacha-Maschine vor Wut mit seiner Axt zertrümmert.","가차 결과에 분노한 오크가 기계를 도끼로 때려부쉈습니다."
"MSG_C_GACHA_P_WIN","You trapped the pixie inside a paid loot box.","ピクシーを有償限定ルートボックスの中に閉じ込めた。","你把小精灵困在了一个付费战利品箱里。","Вы заперли пикси внутри платного лутбокса.","Atrapaste a la pixie dentro de una caja de botín de pago.","Prendeste a pixie dentro de uma caixa de saque paga.","Du hast die Pixie in einer kostenpflichtigen Lootbox gefangen.","유료 한정 전리품 상자 안에 픽시를 가두었습니다."
"MSG_C_GACHA_Q_LOSS","The coeurl's static erased your save data.","クアールの静電気でセーブデータ（と課金履歴）が飛んだ。","灵猫的静电抹去了你的存档数据。","Статическое электричество куэрла стерло ваши данные сохранения.","La estática del coeurl borró tus datos de guardado.","A estática do coeurl apagou os teus dados de gravação.","Die Statik des Coeurls hat deine Speicherdaten gelöscht.","쿠알의 정전기 때문에 세이브 데이터(와 결제 내역)가 날아갔습니다."
"MSG_C_GACHA_R_LOSS","The rats chewed your credit card. You can't pull anymore!","ラットにクレジットカードを齧られ、もう課金できない！","老鼠咬烂了你的信用卡。你不能再抽了！","Крысы разгрызли вашу кредитную карту. Вы больше не можете крутить гачу!","Las ratas mordisquearon tu tarjeta de crédito. ¡Ya no puedes invocar más!","As ratas roeram o teu cartão de crédito. Já não podes invocar mais!","Die Ratten haben deine Kreditkarte angeknabbert. Du kannst nicht mehr ziehen!","쥐들이 신용카드를 갉아먹어서 더 이상 결제할 수 없습니다!"
"MSG_C_GACHA_S_LOSS","The slime absorbed all your premium currency.","スライムがあなたの課金石をすべて吸収してしまった。","史莱姆吸收了你所有的氪金货币。","Слизень поглотил всю вашу премиальную валюту.","El limo absorbió toda tu moneda premium.","O slime absorveu toda a tua moeda premium.","Der Schleim hat all deine Premium-Währung absorbiert.","슬라임이 당신의 유료 재화를 모두 먹어 치웠습니다."
"MSG_C_GACHA_T_LOSS","The troll doesn't understand microtransactions. He hit you.","トロールには基本無料（アイテム課金あり）の意味がわからず、あなたを殴った。","巨魔不理解微交易机制。他打了你。","Тролль не понимает микротранзакции. Он ударил вас.","El troll no entiende las microtransacciones. Te golpeó.","O troll não entende as microtransações. Bateu-te.","Der Troll versteht keine Mikrotransaktionen. Er hat dich geschlagen.","트롤은 부분 유료화 방식을 이해하지 못하고 당신을 때렸습니다."
"MSG_C_GACHA_U_LOSS","The undead don't care about JPEG girls.","アンデッドは電子の美少女イラストに全く興味を示さなかった。","亡灵根本不在乎纸片人老婆。","Нежити плевать на JPEG-девочек.","A los no muertos no les importan las chicas JPEG.","Os mortos-vivos não se importam com as raparigas JPEG.","Den Untoten sind JPEG-Mädchen egal.","언데드는 전자 미소녀 일러스트에 전혀 관심이 없었습니다."
"MSG_C_GACHA_V_LOSS","The vampire drained your bank account instead of your blood.","吸血鬼はあなたの血ではなく、銀行口座の残高を吸い尽くした。","吸血鬼没有吸你的血，而是吸干了你的银行账户。","Вампир осушил ваш банковский счет вместо крови.","El vampiro vació tu cuenta bancaria en lugar de tu sangre.","O vampiro esvaziou a tua conta bancária em vez do teu sangue.","Der Vampir hat dein Bankkonto statt deines Blutes leergesaugt.","뱀파이어는 피 대신 당신의 은행 잔고를 빨아먹었습니다."
"MSG_C_GACHA_W_LOSS","The wolf ate your device out of hunger. ","狼は空腹のあまり、ガチャ端末ごと食いちぎった。","狼因为饥饿吃掉了你的设备。","Волк съел ваше устройство от голода.","El lobo se comió tu dispositivo por hambre.","O lobo comeu o teu dispositivo por fome.","Der Wolf hat dein Gerät aus Hunger gefressen.","늑대가 배가 고파서 가차 단말기를 통째로 씹어먹었습니다."
"MSG_C_GACHA_X_LOSS","Xalthis altered reality to make SSRs a myth.","ザルシスは現実を改変し、SSRなどという存在を神話に変えた。","札尔西斯改变了现实，使SSR成为了一个神话。","Зальтис изменил реальность, превратив SSR в миф.","Xalthis alteró la realidad para convertir los SSR en un mito.","Xalthis alterou a realidade para tornar os SSR num mito.","Xalthis hat die Realität verändert, um SSRs zu einem Mythos zu machen.","잘티스는 현실을 개조하여 SSR이라는 존재를 신화 속 이야기로 만들었습니다."
"MSG_C_GACHA_Y_LOSS","Your hands froze. You couldn't tap the '10x Pull' button.","両手が凍りつき、「10連ガチャ」ボタンをタップできなかった。","你的双手冻僵了。你无法点击“十连抽”按钮。","Ваши руки замерзли. Вы не смогли нажать кнопку «10-кратного вытягивания».","Tus manos se congelaron. No pudiste pulsar el botón de 'Invocar x10'.","As tuas mãos congelaram. Não pudeste carregar no botão 'Invocar x10'.","Deine Hände sind eingefroren. Du konntest den '10x-Ziehen'-Button nicht drücken.","두 손이 얼어붙어 '10연속 뽑기' 버튼을 누를 수 없었습니다."
"MSG_C_GACHA_Z_LOSS","Zombies only want brains, not digital gambling.","ゾンビが求めているのは脳みそであって、電子のギャンブルではない。","丧尸想要的只有脑子，而不是电子赌博。","Зомби нужны только мозги, а не цифровые азартные игры.","Los zombis solo quieren cerebros, no juegos de azar digitales.","Os zombies só querem cérebros, não jogos de azar digitais.","Zombies wollen nur Gehirne, kein digitales Glücksspiel.","좀비가 원하는 것은 뇌이지, 전자 도박이 아닙니다."
"MSG_C_GAMINGPC_A_WIN","The intense RGB light emitted from an ultra-expensive gaming PC completely burned out the ant's compound eyes.","超高価なゲーミングPCから放たれるRGBの強烈な光が、アリの複眼を完全に焼き切った。","超昂贵的游戏电脑发出的强烈RGB光彻底烧坏了蚂蚁的复眼。","Интенсивный RGB-свет от сверхдорогого игрового ПК полностью выжег сложные глаза муравья.","La intensa luz RGB emitida por un PC gaming ultra caro quemó por completo los ojos compuestos de la hormiga.","A intensa luz RGB emitida por um PC gaming ultra caro queimou completamente os olhos compostos da formiga.","Das intensive RGB-Licht eines extrem teuren Gaming-PCs brannte die Facettenaugen der Ameise komplett aus.","초고가 게이밍 PC에서 뿜어져 나오는 강렬한 RGB 조명이 개미의 겹눈을 완전히 태워버렸습니다."
"MSG_C_GAMINGPC_B_WIN","The high-frequency sound emitted by the PC's heat exhaust fan destroyed the bat's sonar and caused it to go haywire.","PCの排熱ファンから発せられる高周波音がコウモリのソナーを破壊し、狂わせた。","电脑排热风扇发出的高频声音破坏了蝙蝠的声纳，导致其失控。","Высокочастотный звук от вентилятора охлаждения ПК разрушил сонар летучей мыши и заставил ее выйти из строя.","El sonido de alta frecuencia emitido por el ventilador de escape del PC destruyó el sónar del murciélago y lo hizo enloquecer.","O som de alta frequência emitido pela ventoinha de exaustão do PC destruiu o sonar do morcego e fê-lo enlouquecer.","Der hochfrequente Ton des PC-Abluftventilators zerstörte das Sonar der Fledermaus und ließ sie durchdrehen.","PC 배기 팬에서 발생하는 고주파음이 박쥐의 초음파를 파괴하고 오작동하게 만들었습니다."
"MSG_C_GAMINGPC_C_WIN","The coolant from a water-cooled gaming PC was mixed with the deadly poison of the cobra, neutralizing the poison and defeating it.","水冷式ゲーミングPCのクーラント液をコブラの猛毒に混ぜ、猛毒を中和して倒した。","水冷游戏电脑的冷却剂与眼镜蛇的致命毒液混合，中和了毒液并击败了它。","Хладагент из игрового ПК с водяным охлаждением смешался со смертельным ядом кобры, нейтрализовав его и победив змею.","El refrigerante de un PC gaming refrigerado por agua se mezcló con el veneno mortal de la cobra, neutralizándolo y derrotándola.","O líquido de refrigeração de um PC gaming refrigerado por água misturou-se com o veneno mortal da cobra, neutralizando-o e derrotando-a.","Das Kühlmittel eines wassergekühlten Gaming-PCs vermischte sich mit dem tödlichen Gift der Kobra, neutralisierte es und besiegte sie.","수냉식 게이밍 PC의 냉각수가 코브라의 맹독과 섞여 독을 중화시키고 코브라를 물리쳤습니다."
"MSG_C_GAMINGPC_D_WIN","The Dragon's Breath was completely offset by the gaming PC's super powerful cooling system.","ドラゴンのブレスに対して、ゲーミングPCの超強力な冷却システムで完全に相殺した。","龙息被游戏PC超强大的冷却系统完全抵消了。","Дыхание дракона было полностью компенсировано сверхмощной системой охлаждения игрового ПК.","El aliento del dragón fue contrarrestado por el potentísimo sistema de refrigeración del PC gaming.","O sopro do dragão foi contrariado pelo potentíssimo sistema de refrigeração do PC gaming.","Der Drachenodem wurde durch das extrem leistungsstarke Kühlsystem des Gaming-PCs vollständig neutralisiert.","드래곤의 브레스는 게이밍 PC의 강력한 냉각 시스템에 의해 완전히 상쇄되었습니다."
"MSG_C_GAMINGPC_E_WIN","The giant root of the Ent was cut with the sharp edge of a high-end PC's motherboard.","エントの巨大な根っこを、ハイエンドPCのマザーボードの鋭利な角で切り裂いた。","恩特的巨大根部是用高端电脑主板的锋利边缘切割的。","Гигантский корень Энта был перерезан острым краем материнской платы высокопроизводительного ПК.","La raíz gigante del Ent fue cortada con el borde afilado de la placa base de un PC de gama alta.","A raiz gigante do Ent foi cortada com a borda afiada da placa-mãe de um PC de gama alta.","Die riesige Wurzel des Ents wurde mit der scharfen Kante des Motherboards eines High-End-PCs durchtrennt.","엔트의 거대한 뿌리를 하이엔드 PC 메인보드의 날카로운 모서리로 잘라버렸습니다."
"MSG_C_GAMINGPC_F_LOSS","The flies were attracted to the PC's high-speed fans and got shredded, but their sticky remains caused a fatal short circuit on the motherboard.","ハエ共がPCの高速ファンに吸い込まれてシュレッダーにかけられたが、その粘液が基盤に飛び散って致命的なショートを引き起こした。","苍蝇被吸入电脑的高速风扇中被粉碎机粉碎，但其粘液溅到基板上引起了致命的短路。","Мух привлекли высокоскоростные вентиляторы ПК, и они были измельчены, но их липкие останки вызвали фатальное короткое замыкание на материнской плате.","Las moscas se sintieron atraídas por los ventiladores de alta velocidad del PC y fueron trituradas, pero sus restos pegajosos causaron un cortocircuito fatal en la placa base.","As moscas foram atraídas pelas ventoinhas de alta velocidade do PC e foram trituradas, mas os seus restos pegajosos causaram um curto-circuito fatal na placa-mãe.","Die Fliegen wurden von den Hochgeschwindigkeitsventilatoren des PCs angezogen und zerfetzt, aber ihre klebrigen Überreste verursachten einen fatalen Kurzschluss auf dem Motherboard.","파리들이 PC의 고속 팬에 빨려 들어가 갈려 나갔지만, 그 끈적한 사체가 메인보드에 튀어 치명적인 쇼트를 일으켰습니다."
"MSG_C_GAMINGPC_G_WIN","The Goblin was dazzled by the glowing PC parts, and was hit with a powerful blow from the keyboard.","光るPCパーツに目を奪われたゴブリンの背後から、キーボードによる強烈な一撃を見舞った。","哥布林被发光的电脑部件弄得眼花缭乱，并受到键盘的强力打击。","Гоблин был ослеплен светящимися деталями ПК и получил мощный удар клавиатурой.","El goblin se quedó deslumbrado por las piezas brillantes del PC y recibió un potente golpe con el teclado.","O goblin ficou deslumbrado pelas peças brilhantes do PC e recebeu um potente golpe com o teclado.","Der Goblin war von den leuchtenden PC-Teilen geblendet und wurde von einem kräftigen Schlag mit der Tastatur getroffen.","번쩍이는 PC 부품에 정신이 팔린 고블린에게 키보드로 강력한 일격을 날렸습니다."
"MSG_C_GAMINGPC_H_LOSS","The harpy's sonic attack resonated with the PC's liquid cooling system, causing the tubes to burst and flood the room with coolant.","ハーピーの音波攻撃がPCの水冷システムと共鳴し、冷却液のチューブを破裂させて部屋中を水浸しにして自爆した。","哈比的声音攻击与电脑的水冷系统产生共鸣，使冷却液管破裂，让房间里满是水，自爆了。","Звуковая атака гарпии вошла в резонанс с системой жидкостного охлаждения ПК, что привело к разрыву трубок и затоплению комнаты хладагентом.","El ataque sónico de la harpía resonó con el sistema de refrigeración líquida del PC, haciendo que los tubos reventaran e inundaran la habitación con refrigerante.","O ataque sónico da harpia ressoou com o sistema de refrigeração líquida do PC, fazendo com que os tubos rebentassem e inundassem a sala com líquido de refrigeração.","Der Schallangriff der Harpyie resonierte mit der Wasserkühlung des PCs, wodurch die Schläuche platzten und den Raum mit Kühlmittel fluteten.","하피의 음파 공격이 PC의 수냉 시스템과 공명하여 냉각수 튜브를 터뜨렸고, 방 안을 냉각수 바다로 만들며 자폭했습니다."
"MSG_C_GAMINGPC_I_WIN","You used a gaming PC to predict the timing of the imp's instantaneous movement and set a perfect trap at its appearance location.","インプの瞬間移動のタイミングをゲーミングPCで予測し、出現位置に完璧な罠を仕掛けた。","你用游戏电脑来预测小鬼瞬间移动的时间，并在它出现的位置设置了一个完美的陷阱。","Вы использовали игровой ПК, чтобы предсказать время мгновенного перемещения импа и установить идеальную ловушку в месте его появления.","Usaste un PC gaming para predecir el momento del movimiento instantáneo del imp y pusiste una trampa perfecta en su lugar de aparición.","Usaste um PC gaming para prever o momento do movimento instantâneo do imp e puseste uma armadilha perfeita no seu local de aparecimento.","Du hast einen Gaming-PC benutzt, um das Timing der Teleportation des Imps vorherzusagen und eine perfekte Falle an seinem Erscheinungsort aufzustellen.","게이밍 PC를 이용해 임프의 순간이동 타이밍을 예측하고 나타날 위치에 완벽한 함정을 설치했습니다."
"MSG_C_GAMINGPC_J_WIN","Jerry's acid solution melts the graphics board, and you get so angry that you beat it to death with your PC.","ジェリーの酸液でグラフィックボードが溶かされ、怒りに震えるあなたがPCで魔物を殴り殺した。","由于果冻怪的酸液融化了显卡，愤怒的你用电脑将魔物打死了。","Кислотный раствор Джери расплавил видеокарту, и вы так разозлились, что забили его до смерти своим ПК.","El ácido de Jerry fundió la tarjeta gráfica, y te enfadaste tanto que lo mataste a golpes con tu PC.","O ácido do Jerry derreteu a placa gráfica, e ficaste tão zangado que o mataste à pancada com o teu PC.","Jerrys Säurelösung schmilzt die Grafikkarte, und du wirst so wütend, dass du ihn mit deinem PC zu Tode prügelst.","젤리의 산성액 때문에 그래픽카드가 녹아버리자, 분노한 당신은 PC 본체로 괴물을 때려죽였습니다."
"MSG_C_GAMINGPC_K_LOSS","While you were showing off your RGB mouse, the kobolds swarmed and stole your expensive peripheral, leaving you helpless.","あなたが光るマウスを自慢している隙に、コボルドの群れに高価なデバイスを強奪され、何もできないまま袋叩きにされた。","在你炫耀发光鼠标的时候，高价的设备被狗头人群体抢走了，在什么都做不了的情况下被围揍了。","Пока вы хвастались своей RGB-мышью, кобольды набросились и украли вашу дорогую периферию, оставив вас беспомощным.","Mientras presumías de tu ratón RGB, los kobolds se abalanzaron y robaron tu caro periférico, dejándote indefenso.","Enquanto mostravas o teu rato RGB, os kobolds atacaram e roubaram o teu periférico caro, deixando-te indefeso.","Während du mit deiner RGB-Maus angabst, stürmten die Kobolde herbei und stahlen dein teures Peripheriegerät, was dich hilflos zurückließ.","번쩍이는 마우스를 자랑하는 사이에 코볼드 떼가 몰려와 비싼 주변기기를 훔쳐갔고, 당신은 아무것도 못한 채 당했습니다."
"MSG_C_GAMINGPC_L_LOSS","The lizard used the gaming PC's exhaust heat to supercharge its cold-blooded metabolism, and then lunged at you with terrifying speed.","リザードがゲーミングPCの排熱を利用して自らの代謝を極限まで高め、凄まじい速度であなた目掛けて飛びかかってきた。","蜥蜴利用游戏电脑的排热将自己的代谢提高到极限，以惊人的速度向你扑了过来。","Ящерица использовала тепло от игрового ПК, чтобы ускорить свой хладнокровный метаболизм, а затем бросилась на вас с пугающей скоростью.","El lagarto usó el calor de escape del PC gaming para potenciar su metabolismo de sangre fría y luego se lanzó hacia ti con una velocidad aterradora.","O lagarto usou o calor de exaustão do PC gaming para potenciar o seu metabolismo de sangue frio e depois lançou-se sobre ti com uma velocidade aterradora.","Die Echse nutzte die Abwärme des Gaming-PCs, um ihren wechselwarmen Stoffwechsel anzukurbeln, und stürzte sich dann mit furchterregender Geschwindigkeit auf dich.","리자드가 게이밍 PC의 배기열을 이용해 자신의 신진대사를 극한으로 끌어올린 뒤, 엄청난 속도로 당신에게 달려들었습니다."
"MSG_C_GAMINGPC_M_LOSS","The mummy's ancient curse infected the PC's operating system, manifesting as a swarm of digital spectral entities that drained your life.","マミーの古代の呪いがPCのOSに感染し、画面からデジタルな亡霊たちを溢れさせ、あなたの生命力を吸い取った。","木乃伊古老的诅咒感染了电脑操作系统，表现为一大群数字幽灵实体，抽干了你的生命。","Древнее проклятие мумии заразило операционную систему ПК, проявившись в виде роя цифровых призрачных существ, которые высасывали вашу жизнь.","La antigua maldición de la momia infectó el sistema operativo del PC, manifestándose como un enjambre de entidades espectrales digitales que drenaron tu vida.","A antiga maldição da múmia infectou o sistema operativo do PC, manifestando-se como um enxame de entidades espectrais digitais que drenaram a tua vida.","Der uralte Fluch der Mumie infizierte das Betriebssystem des PCs und manifestierte sich als ein Schwarm digitaler Spektralwesen, die dein Leben aussaugten.","미라의 고대 저주가 PC 운영체제에 감염되어 화면에서 디지털 망령들이 쏟아져 나왔고, 당신의 생명력을 빨아들였습니다."
"MSG_C_GAMINGPC_N_LOSS","The naga’s coil crushed both your gaming chair and your ribs before you could even launch your first high-end hardware attack.","ハイエンド機材を投じる前に、ナーガの長い胴体がゲーミングチェアごとあなたの肋骨を粉々に粉砕してしまった。","纳迦的盘绕在你的高端硬件还没来得及攻击之前，就压碎了你的电竞椅和骨。","Кольца наги раздавили и ваше игровое кресло, и ваши ребра еще до того, как вы успели запустить свою первую атаку с помощью высококлассного оборудования.","El abrazo de la naga aplastó tanto tu silla gaming como tus costillas antes de que pudieras lanzar tu primer ataque con hardware de alta gama.","O abraço da naga esmagou tanto a tua cadeira gaming como as tuas costelas antes de poderes lançar o teu primeiro ataque com hardware de alta gama.","Die Windung der Naga zertrümmerte sowohl deinen Gaming-Stuhl als auch deine Rippen, noch bevor du deinen ersten High-End-Hardware-Angriff starten konntest.","하이엔드 장비를 사용하기도 전에 나가의 긴 몸뚱이가 게이밍 의자와 함께 당신의 갈비뼈를 가루로 만들어버렸습니다."
"MSG_C_GAMINGPC_O_LOSS","After receiving a physical attack from an orc's giant axe, your proud gaming PC instantly turned into scrap metal.","オークの巨大な斧による物理攻撃を受け、自慢のゲーミングPCは一瞬で鉄屑へと変わった。","在受到兽人巨斧的物理攻击后，你引以为傲的游戏电脑瞬间变成了废铁。","После физической атаки гигантским топором орка ваш гордый игровой ПК мгновенно превратился в металлолом.","Tras recibir un ataque físico de la hacha gigante de un orco, tu orgulloso PC gaming se convirtió al instante en chatarra.","Após receber um ataque físico do machado gigante de um orco, o teu orgulhoso PC gaming transformou-se instantaneamente em sucata.","Nach dem physischen Angriff mit der Riesenaxt eines Orks verwandelte sich dein stolzer Gaming-PC augenblicklich in Altmetall.","오크의 거대한 도끼 공격을 받은 당신의 자랑스러운 게이밍 PC는 순식간에 고철 덩어리가 되었습니다."
"MSG_C_GAMINGPC_P_LOSS","Pixie magically shorts out the wiring on the motherboard, causing your PC to explode and blow you away.","ピクシーがマザーボードの配線を魔法でショートさせ、PCが爆発してあなたは吹き飛んだ。","Pixie 神奇地使主板上的接线短路，导致你的电脑爆炸并把你炸飞。","Пикси магическим образом замкнула проводку на материнской плате, из-за чего ваш ПК взорвался и отбросил вас.","Pixie cortocircuitó mágicamente el cableado de la placa base, haciendo que tu PC explotara y te lanzara por los aires.","A Pixie causou um curto-circuito mágico na cablagem da placa-mãe, fazendo com que o teu PC explodisse e te projectasse.","Die Pixie verursachte einen magischen Kurzschluss in der Verkabelung des Motherboards, wodurch dein PC explodierte und dich wegfegte.","픽시가 마법으로 메인보드 배선을 단락시켰고, PC가 폭발하면서 당신은 날아가 버렸습니다."
"MSG_C_GAMINGPC_Q_WIN","The gaming PC served as a lightning rod and redirected the coeurl's entire electrical discharge through its super-capacitor bank and back into the beast.","ゲーミングPCの超大容量コンデンサが避雷針として機能し、クアールの雷撃をすべて蓄電してそのまま怪物へと跳ね返した。","游戏电脑充当了避雷针，将科阿尔释放的全部电荷通过超级电容器组回传给了它。","Игровой ПК послужил громоотводом и перенаправил весь электрический разряд куэрла через банк суперконденсаторов обратно в зверя.","El PC gaming sirvió como pararrayos y redirigió toda la descarga eléctrica del coeurl a través de su banco de supercondensadores de vuelta a la bestia.","O PC gaming serviu como para-raios e redireccionou toda a descarga eléctrica do coeurl através do seu banco de supercondensadores de volta para a besta.","Der Gaming-PC diente als Blitzableiter und leitete die gesamte elektrische Entladung des Coeurls über seine Superkondensatoren zurück auf die Bestie.","게이밍 PC의 대용량 콘덴서가 피뢰침 역할을 하여 쿠알의 모든 벼락을 축전한 뒤 그대로 괴물에게 되돌려 보냈습니다."
"MSG_C_GAMINGPC_R_LOSS","A swarm of rats chewed off the power cord of your gaming PC, turning it into just a giant square iron box.","ラットの群れにゲーミングPCの電源コードを噛みちぎられ、ただの巨大な四角い鉄の箱になった。","一群老鼠咬断了你游戏电脑的电源线，把它变成了一个巨大的方形铁盒子。","Стая крыс перегрызла шнур питания вашего игрового ПК, превратив его просто в гигантский квадратный железный ящик.","Un enjambre de ratas mordió el cable de alimentación de tu PC gaming, convirtiéndolo en solo una caja de hierro cuadrada gigante.","Um enxame de ratos roeu o cabo de alimentação do teu PC gaming, transformando-o apenas numa caixa de ferro quadrada gigante.","Ein Rattenschwarm hat das Netzkabel deines Gaming-PCs durchgekaut und ihn in einen riesigen quadratischen Eisenkasten verwandelt.","쥐 떼가 게이밍 PC의 전원 코드를 갉아먹는 바람에, PC는 거대한 사각형 철제 상자로 변해버렸습니다."
"MSG_C_GAMINGPC_S_WIN","A gaming PC was thrown into the slime's body and it glowed with RGB, making it a fantastic lamp.","スライムの体内にゲーミングPCを放り込みRGBを光らせて、幻想的なランプとして楽しんだ。","一台游戏电脑被扔进史莱姆的身体里，它发出 RGB 光，使它成为一盏神奇的灯。","Игровой ПК бросили в тело слизня, и он засветился RGB-подсветкой, превратившись в фантастическую лампу.","Lanzaron un PC gaming al cuerpo del limo y brilló con RGB, convirtiéndolo en una lámpara fantástica.","Atiraram um PC gaming para o corpo do slime e este brilhou com RGB, transformando-o numa lâmpada fantástica.","Ein Gaming-PC wurde in den Körper des Schleims geworfen und leuchtete mit RGB, was ihn zu einer fantastischen Lampe machte.","슬라임의 몸속에 게이밍 PC를 집어넣고 RGB를 켜서 환상적인 램프로 만들었습니다."
"MSG_C_GAMINGPC_T_LOSS","Everything from the monitor to the computer case was smashed by the troll's giant fist.","トロールの巨大な拳に殴られ、モニターからPCケースに至るまですべてが粉砕された。","从显示器到电脑机箱，一切都被巨魔的巨拳砸碎了。","Все, от монитора до корпуса компьютера, было разбито гигантским кулаком тролля.","Todo, desde el monitor hasta la caja del ordenador, fue destrozado por el puño gigante del troll.","Tudo, desde o monitor até à caixa do computador, foi despedaçado pelo punho gigante do troll.","Alles, vom Monitor bis zum PC-Gehäuse, wurde von der Riesenfans des Trolls zerschmettert.","트롤의 거대한 주먹에 맞아 모니터부터 본체 케이스까지 모든 것이 박살 났습니다."
"MSG_C_GAMINGPC_U_LOSS","The ghost mocked the gaming PC, which is a mass of digital signals, and erased the data from your soul.","亡霊はデジタル信号の塊であるゲーミングPCを嘲笑い、あなたの魂のデータを消去した。","鬼魂嘲弄了游戏电脑，它是大量的数字信号，并从你的灵魂中抹去了数据。","Призрак высмеял игровой ПК, представляющий собой массу цифровых сигналов, и стер данные из вашей души.","El fantasma se burló del PC gaming, que es una masa de señales digitales, y borró los datos de tu alma.","O fantasma zombou do PC gaming, que é uma massa de sinais digitais, e apagou os dados da tua alma.","Der Geist verspottete den Gaming-PC, der nur aus digitalen Signalen besteht, und löschte die Daten aus deiner Seele.","망령은 디지털 신호 덩어리인 게이밍 PC를 비웃으며 당신의 영혼 데이터를 지워버렸습니다."
"MSG_C_GAMINGPC_V_WIN","The vampire was momentarily blinded by the PC's 16.8 million color RGB light array and its photo-sensitive skin began to smoke and burn.","PCの放つ1680万色のRGBライティングの奔流に吸血鬼の目は眩み、その光に敏感な皮膚は瞬時に焦げ始めた。","吸血鬼瞬间被电脑的1680万色RGB灯光阵列晃瞎了眼，其光敏皮肤开始冒烟燃烧。","Вампир был на мгновение ослеплен массивом RGB-подсветки ПК с 16,8 миллионами цветов, а его светочувствительная кожа начала дымиться и гореть.","El vampiro quedó momentáneamente cegado por la matriz de luces RGB de 16,8 millones de colores del PC y su piel fotosensible empezó a echar humo y a quemarse.","O vampiro ficou momentaneamente cegado pela matriz de luzes RGB de 16,8 milhões de cores do PC e a sua pele fotossensível começou a deitar fumo e a queimar-se.","Der Vampir war kurzzeitig vom 16,8 Millionen Farben umfassenden RGB-Licht-Array des PCs geblendet, und seine lichtempfindliche Haut begann zu rauchen und zu brennen.","PC가 뿜어내는 1,680만 색의 RGB 라이팅 세례에 흡혈鬼의 눈이 멀었고, 빛에 민감한 피부가 즉시 타들어 가기 시작했습니다."
"MSG_C_GAMINGPC_W_WIN","The wolf of the wilderness was lured by the gaming PC's colorful RGB lights, thinking it was a strange new flower. While it was distracted by the lights, you successfully tamed the beast.","荒野の狼はゲーミングPCの放つ色鮮やかなRGBライトに目を奪われ、それを未知の美しい花だと勘違いした。魔物が光に見惚れている隙に、あなたは鮮やかに野獣を懐柔した。","荒野之狼被游戏电脑发出的色彩缤纷的RGB灯光所吸引，误以为那是某种未知的美丽花朵。趁怪物对灯光着迷之际，你利落地驯服了野兽。","Волк из глуши был заманен красочными RGB-огнями игрового ПК, решив, что это странный новый цветок. Пока он отвлекался на огни, вы успешно приручили зверя.","El lobo de las tierras salvajes fue atraído por las coloridas luces RGB del PC gaming, pensando que era una extraña flor nueva. Mientras estaba distraído por las luces, lograste domar a la bestia.","O lobo das terras selvagens foi atraído pelas luzes RGB coloridas do PC gaming, pensando que era uma estranha flor nova. Enquanto estava distraído pelas luzes, conseguiste domar a besta.","Der Wolf der Wildnis wurde von den bunten RGB-Lichtern des Gaming-PCs angelockt, da er sie für eine seltsame neue Blume hielt. Während er von den Lichtern abgelenkt war, hast du die Bestie erfolgreich gezähmt.","황야의 늑대는 게이밍 PC의 화려한 RGB 조명을 보고 낯선 꽃이라 착각해 홀려버렸습니다. 괴물이 빛에 넋을 잃은 사이, 당신은 멋지게 야수를 길들였습니다."
"MSG_C_GAMINGPC_X_LOSS","The moment Xalthis pressed the 'Delete' key on the keyboard, your very existence was erased.","ザルティスがキーボードの「Delete」キーを押した瞬間、あなたの存在そのものが消去された。","当扎尔提斯按下键盘上的“删除”键的那一刻，你的存在就被抹去了。","В тот момент, когда Зальтис нажал клавишу «Delete» на клавиатуре, само ваше существование было стерто.","En el momento en que Xalthis pulsó la tecla 'Suprimir' del teclado, tu propia existencia fue borrada.","No momento em que o Xalthis premiu a tecla 'Delete' no teclado, a tua própria existência foi apagada.","In dem Moment, als Xalthis die 'Entf'-Taste auf der Tastatur drückte, wurde deine gesamte Existenz ausgelöscht.","잘티스가 키보드의 'Delete' 키를 누른 순간, 당신의 존재 자체가 지워졌습니다."
"MSG_C_GAMINGPC_Y_WIN","The gaming PC's extreme heat output created a localized warm front that melted the yeti's armor of ice. The mountain giant collapsed as its frosty defenses turned into a puddle of warm water.","ゲーミングPCが放つ凄まじい排熱が局所的な暖気を作り出し、イエティの凍てつく氷の鎧を瞬時に溶かした。防御を失った雪山の巨人は、自らの鎧が温かい水たまりへと変わる中で力なく崩れ落ちた。","游戏电脑发出的巨大排热产生了局部暖流，瞬间融化了雪人冻结的冰甲。失去防御的雪山巨人，在自己的铠甲化作一滩暖水之际，无力地瘫倒了。","Экстремальное тепловыделение игрового ПК создало локальный теплый фронт, который растопил ледяную броню йети. Горный гигант рухнул, когда его морозная защита превратилась в лужу теплой воды.","La extrema emisión de calor del PC gaming creó un frente cálido localizado que derritió la armadura de hielo del yeti. El gigante de la montaña se desplomó mientras sus defensas gélidas se convertían en un charco de agua tibia.","A extrema emissão de calor do PC gaming criou uma frente quente localizada que derreteu a armadura de gelo do yeti. O gigante da montanha desmoronou enquanto as suas defesas gélidas se transformavam numa poça de água morna.","Die extreme Wärmeabgabe des Gaming-PCs erzeugte eine lokale Warmfront, die den Eispanzer des Yetis schmolz. Der Bergriese brach zusammen, als seine frostige Verteidigung in einer Pfütze aus warmem Wasser zerschmolz.","게이밍 PC의 엄청난 배기열이 국소적인 온난 전선을 형성하여 예티의 얼음 갑옷을 순식간에 녹였습니다. 방어 수단을 잃은 설산의 거인은 자신의 갑옷이 따뜻한 물웅덩이로 변하는 가운데 힘없이 쓰러졌습니다."
"MSG_C_GAMINGPC_Z_LOSS","A horde of zombies swarms, and although he frantically swings his gaming PC around as a blunt weapon, he is defeated by the sheer numbers.","ゾンビの大群が押し寄せ、ゲーミングPCを鈍器として必死に振り回すも、数の暴力に押し負けた。","一大群僵尸蜂拥而至，尽管他疯狂地挥动游戏电脑作为钝器，但他还是被人数打败了。","Орда зомби нахлынула, и хотя он отчаянно размахивает своим игровым ПК как тупым оружием, его побеждает само их количество.","Una horda de zombis se abalanza y, aunque blande frenéticamente su PC gaming como arma contundente, se ve superado por su número.","Uma horda de zombies ataca e, embora ele branda freneticamente o seu PC gaming como arma contundente, é derrotado pelo número deles.","Eine Horde Zombies stürmt herbei, und obwohl er seinen Gaming-PC verzweifelt wie eine stumpfe Waffe schwingt, wird er von der reinen Überzahl besiegt.","좀비 대떼가 몰려왔고, 게이밍 PC를 둔기 삼아 필사적으로 휘둘렀지만 수적 열세를 극복하지 못하고 당했습니다."
"MSG_C_GATLING_A_WIN","A massive swarm of ants is met with a hail of bullets. The relentless firepower ensures not a single one escapes the onslaught. The nest is completely leveled in seconds.","小さな群れに対して無数の弾丸が降り注ぐ。一匹残らず排除するための容赦ない火力だ。アリの巣は跡形もなく消え去った。","加特林机枪向成群的蚂蚁倾泻出雨点般的子弹。无情的火力确保了没有任何一只蚂蚁能逃脱攻击。蚂蚁穴转瞬间就被夷为平地。","Огромный рой муравьев встречен градом пуль. Неумолимая огневая мощь гарантирует, что ни один не спасется от натиска. Гнездо полностью сравнялось с землей за считанные секунды.","Un enorme enjambre de hormigas es recibido por una lluvia de balas. La potencia de fuego implacable asegura que ni una sola escape al ataque. El nido es completamente arrasado en segundos.","Um enorme enxame de formigas é recebido por uma chuva de balas. O poder de fogo implacável garante que nem uma única escape ao ataque. O ninho é completamente arrasado em segundos.","Ein riesiger Ameisenschwarm wird von einem Kugelhagel empfangen. Die unerbittliche Feuerkraft sorgt dafür, dass keine einzige dem Ansturm entkommt. Das Nest wird in Sekundenschnelle dem Erdboden gleichgemacht.","거대한 개미 떼가 총알 세례를 받습니다. 가차 없는 화력 덕분에 단 한 마리도 공세를 피하지 못합니다. 개미집은 몇 초 만에 완전히 초토화되었습니다."
"MSG_C_GATLING_B_WIN","The ceiling of the cave is swept clean by high-speed fire. In the confined space, the bats have nowhere to hide from the metallic storm. Only tattered wings remain after the smoke clears.","洞窟の天井を埋め尽くす影を高速連射で撃ち落とす。逃げ場のない空間で銃声が鳴り響く。落ちてきたのは蜂の巣にされた翼だった。","高速射击清扫了洞穴的顶部。在狭窄的空间里，蝙蝠们无处躲避金属风暴。硝烟散去后，只剩下了破碎的翅膀。","Потолок пещеры очищен высокоскоростным огнем. В замкнутом пространстве летучим мышам негде спрятаться от металлического шторма. После того как дым рассеивается, остаются только разорванные крылья.","El techo de la cueva queda limpio por el fuego de alta velocidad. En el espacio confinado, los murciélagos no tienen dónde esconderse de la tormenta metálica. Solo quedan alas destrozadas después de que el humo se disipa.","O tecto da caverna é limpo pelo fogo de alta velocidade. No espaço confinado, os morcegos não têm onde se esconder da tempestade metálica. Apenas restam asas esfarrapadas depois de o fumo se dissipar.","Die Höhlendecke wird durch Hochgeschwindigkeitsfeuer blankgefegt. In dem begrenzten Raum haben die Fledermäuse keine Möglichkeit, sich vor dem Metallsturm zu verstecken. Nachdem sich der Rauch verzogen hat, bleiben nur noch zerfledderte Flügel übrig.","동굴 천장이 고속 사격으로 깨끗이 청소되었습니다. 밀폐된 공간에서 박쥐들은 금속 폭풍을 피할 곳이 없습니다. 연기가 걷히자 갈기갈기 찢긴 날개만이 남았습니다."
"MSG_C_GATLING_C_WIN","The cobra rears its head only to be met with an overwhelming stream of lead. There is no time for the serpent to strike back against such a rapid assault. Its venomous threat is neutralized before a single drop is spat.","鎌首をもたげる猛毒の蛇を圧倒的な手数で制圧する。狙いを定める暇すら与えない流弾の嵐だ。毒を吐く前にその体は引き千切られた。","眼镜蛇抬起头，却迎来了压倒性的弹丸洪流。在如此迅速的攻击面前，这条毒蛇根本没有时间反击。在它吐出一滴毒液之前，威胁就已经被排除了。","Кобра поднимает голову только для того, чтобы встретить подавляющий поток свинца. У змеи нет времени на ответный удар против такой стремительной атаки. Ее ядовитая угроза нейтрализована прежде, чем она успела выплюнуть хоть каплю.","La cobra levanta la cabeza solo para ser recibida por un abrumador flujo de plomo. No hay tiempo para que la serpiente contraataque ante un asalto tan rápido. Su amenaza venenosa es neutralizada antes de que escupa una sola gota.","A cobra levanta a cabeça apenas para ser recebida por um fluxo avassalador de chumbo. Não há tempo para a serpente contra-atacar perante um assalto tão rápido. A sua ameaça venenosa é neutralizada antes de cuspir uma única gota.","Die Kobra richtet ihren Kopf auf, nur um von einem überwältigenden Bleistrom empfangen zu werden. Es bleibt keine Zeit für die Schlange, gegen einen so schnellen Angriff zurückzuschlagen. Ihre giftige Bedrohung wird neutralisiert, bevor ein einziger Tropfen gespuckt wird.","코브라가 머리를 치켜들자마자 압도적인 납탄 세례가 쏟아집니다. 이토록 신속한 공격에 뱀이 반격할 시간은 없습니다. 독액을 한 방울도 뱉기 전에 독사의 위협은 사라졌습니다."
"MSG_C_GATLING_D_WIN","Even the legendary dragon cannot withstand the sustained fire of a modern rotary cannon. The hail of iron pierces through scales that were thought to be impenetrable. A proud roar is quickly silenced by the roar of the gun.","伝説の巨躯でさえも、現代兵器の連射速度には抗えない。硬い鱗を貫く鉄の雨が降り注ぐ。誇り高き咆哮は弾丸の音にかき消された。","即使是传说的巨龙也无法抵抗现代转轮机关炮的持续火力。铁雨穿透了被认为坚不可摧的鳞片。高傲的咆吼声很快就被机关炮的轰鸣声淹没了。","Даже легендарный дракон не может выдержать непрерывный огонь современной роторной пушки. Град железа пробивает чешую, которая считалась непроницаемой. Гордый рев быстро заглушается грохотом орудия.","Incluso el legendario dragón no puede soportar el fuego sostenido de un cañón rotativo moderno. La lluvia de hierro atraviesa escamas que se creían impenetrables. Un rugido orgulloso es silenciado rápidamente por el rugido del arma.","Mesmo o lendário dragão não consegue resistir ao fogo contínuo de um canhão rotativo moderno. A chuva de ferro atravessa escamas que se pensavam ser impenetráveis. Um rugido orgulhoso é rapidamente silenciado pelo rugido da arma.","Selbst der legendäre Drache kann dem Dauerfeuer einer modernen Rotationskanone nicht standhalten. Der Eisenhagel durchschlägt Schuppen, die als undurchdringlich galten. Ein stolzes Brüllen wird schnell durch das Dröhnen der Waffe verstummt.","전설적인 드래곤조차 현대적인 회전 기관포의 지속 사격에는 버틸 수 없습니다. 난공불락이라 여겨졌던 비늘을 철탄 세례가 뚫고 지나갑니다. 긍지 높은 포효는 총성에 금세 묻혀버렸습니다."
"MSG_C_GATLING_E_LOSS","Bullets bounce harmlessly off the thick, magical bark of the ancient ent. The massive tree person doesn't even flinch as it prepares to swing its heavy branches. The Gatling gun overheats, proving useless against such a sturdy guardian.","硬い樹皮に弾丸が次々と弾かれていく。巨木は痛痒を感じることなく、ゆっくりと枝を振り下ろした。火力の限界を思い知らされる結果となった。","子弹从古老树精厚实且充满魔力的树皮上弹开。这个巨大的树人甚至没有退缩，准备挥动沉重的树枝。加特林机枪过热了，在如此坚固的守护者面前显得毫无用处。","Пули безвредно отскакивают от толстой магической коры древнего энта. Массивный человек-дерево даже не вздрагивает, готовясь взмахнуть своими тяжелыми ветвями. Пулемет Гатлинга перегревается, оказываясь бесполезным против такого крепкого стража.","Las balas rebotan sin causar daño en la gruesa y mágica corteza del antiguo ent. El enorme hombre-árbol ni siquiera se inmuta mientras se prepara para balancear sus pesadas ramas. La ametralladora Gatling se sobrecalienta, resultando inútil contra un guardián tan robusto.","As balas ressaltam inofensivamente na casca grossa e mágica do antigo ent. O enorme homem-árvore nem sequer vacila enquanto se prepara para balançar os seus ramos pesados. A metralhadora Gatling sobreaquece, revelando-se inútil contra um guardião tão robusto.","Kugeln prallen harmlos an der dicken, magischen Rinde des uralten Ents ab. Der gewaltige Baummensch zuckt nicht einmal mit der Wimper, während er sich darauf vorbereitet, seine schweren Äste zu schwingen. Das Gatling-Gewehr überhitzt und erweist sich gegen einen so robusten Wächter als nutzlos.","고대 엔트의 두껍고 마법적인 껍질에 총알들이 무력하게 튕겨 나갑니다. 거대한 나무 정령은 무거운 가지를 휘두를 준비를 하며 꿈쩍도 하지 않습니다. 개틀링 건은 과열되어 이 견고한 수호자 앞에서 무용지물이 되었습니다."
"MSG_C_GATLING_F_WIN","A bothersome swarm of flies is instantly vaporized by a wall of rapid fire. The high-pitched buzzing is replaced by the rhythmic thumping of the barrels. Nothing remains but a fine mist in the air.","不快なハエの群れが、連射弾の壁によって一瞬で消滅した。耳障りな羽音は、銃身の規則的な回転音にかき消される。後には空気中に漂う微塵しか残らなかった。","烦人的苍蝇群在密集的火力网中瞬间灰飞烟灭。刺耳的嗡嗡声被枪管规律的旋转声所取代。空气中除了细微的粉尘外什么也没剩下。","Назойливый рой мух мгновенно испаряется стеной скорострельного огня. Высокочастотное жужжание сменяется ритмичным стуком стволов. В воздухе не остается ничего, кроме легкого тумана.","Un molesto enjambre de moscas es vaporizado instantáneamente por una pared de fuego rápido. El zumbido agudo es reemplazado por el golpeteo rítmico de los cañones. No queda nada más que una fina niebla en el aire.","Um enxame de moscas incómodo é instantaneamente vaporizado por uma parede de fogo rápido. O zumbido agudo é substituído pelo batimento rítmico dos canos. Não resta nada a não ser uma névoa fina no ar.","Ein lästiger Fliegenschwarm wird augenblicklich durch eine Wand aus Schnellfeuer verdampft. Das hochfrequente Summen wird durch das rhythmische Klopfen der Läufe ersetzt. Nichts bleibt übrig außer einem feinen Nebel in der Luft.","성가신 파리 떼가 연사 사격의 벽에 순식간에 증발해 버렸습니다. 날카로운 윙윙 소리는 총신의 규칙적인 회전음으로 바뀌었습니다. 공중에는 미세한 가루 외에는 아무것도 남지 않았습니다."
"MSG_C_GATLING_G_WIN","The goblin's crude weapons are no match for the spinning barrels of the Gatling gun. A storm of bullets shreds through its meager armor and hide. The panicked creature had no time to realize what was ending its life.","ゴブリンの粗末な武器は、ガトリングの回転する銃身の前では無力だった。弾丸の嵐が、貧弱な鎧と皮膚を容赦なく切り裂く。パニックに陥った怪物は、抗う術もなく倒れ伏した。","哥布林简陋的身躯在加特林机枪旋转的枪管面前毫无还手之力。弹头风暴撕裂了它单薄的盔甲和皮肉。这个惊恐的生物甚至没来得及意识到是什么夺走了它的生命。","Грубое оружие гоблина не идет ни в какое сравнение с вращающимися стволами пулемета Гатлинга. Шторм пуль разрывает его скудную броню и шкуру. У запаниковавшего существа не было времени осознать, что обрывает его жизнь.","Las rudimentarias armas del goblin no son rival para los cañones giratorios de la ametralladora Gatling. Una tormenta de balas desgarra su escasa armadura y piel. La criatura aterrorizada no tuvo tiempo de darse cuenta de qué estaba terminando con su vida.","As armas rudimentares do goblin não são páreo para os canos rotativos da metralhadora Gatling. Uma tempestade de balas rasga a sua parca armadura e pele. A criatura em pânico não teve tempo de perceber o que estava a acabar com a sua vida.","Die primitiven Waffen des Goblins sind den rotierenden Läufen des Gatling-Gewehrs nicht gewachsen. Ein Kugelsturm zerfetzt seine dürftige Rüstung und Haut. Die panische Kreatur hatte keine Zeit zu erkennen, was ihr Leben beendete.","고블린의 조잡한 무기는 개틀링 건의 회전하는 총신 앞에서 무력했습니다. 총알 폭풍이 빈약한 갑옷과 가죽을 사정없이 찢어버렸습니다. 공황에 빠진 괴물은 무엇이 자신의 생명을 앗아가는지 깨달을 시간조차 없었습니다."
"MSG_C_GATLING_H_WIN","The harpy's dive is interrupted by a focused stream of heavy ordnance. Her feathers are scattered like snow in a hurricane of lead and fire. The screech of the avian hunter ends in a silent fall to the earth.","上空から襲いかかるハーピーを、重厚な弾幕が正面から迎え撃った。鉛と炎のハリケーンの中で、羽毛が雪のように舞い散る。空の狩人の叫びは、地面への静かな墜落と共に途絶えた。","哈比鸟人的俯冲被密集的重火力流截断。在铅与火的飓风中，她的羽毛像雪花一样四散飘零。空中的猎食者的尖叫声随着沉重的坠地声而戛然而止。","Пикирование гарпии прервано сфокусированным потоком тяжелых боеприпасов. Ее перья разлетаются как снег в урагане свинца и огня. Визг пернатого охотника заканчивается безмолвным падением на землю.","El picado de la harpía es interrumpido por un flujo enfocado de artillería pesada. Sus plumas se dispersan como nieve en un huracán de plomo y fuego. El chillido de la cazadora alada termina en una caída silenciosa a la tierra.","O mergulho da harpia é interrompido por um fluxo focado de artilharia pesada. As suas penas espalham-se como neve num furacão de chumbo e fogo. O guincho da caçadora alada termina numa queda silenciosa na terra.","Der Sturzflug der Harpyie wird durch einen fokussierten Strom schwerer Munition unterbrochen. Ihre Federn werden wie Schnee in einem Hurrikan aus Blei und Feuer verstreut. Das Kreischen der gefiederten Jägerin endet in einem lautlosen Sturz zur Erde.","하피의 급강하가 집중적인 중화기 사격에 저지당했습니다. 하피의 깃털은 납과 불꽃의 허리케인 속에서 눈처럼 흩날렸습니다. 조류 사냥꾼의 비명은 땅으로의 고요한 추락과 함께 멎었습니다."
"MSG_C_GATLING_I_LOSS","The small, nimble imp dances between the lines of fire with supernatural speed. Its mischievous laughter echoes as it teleports behind the cumbersome machinery. The Gatling gun roars at empty air while the imp prepares a counter-curse.","小柄で素早いインプは、超自然的な速度で銃弾の隙間を踊るように抜けていく。重厚な兵器の背後に回り込み、嘲笑するような声を上げた。空虚に吠え続ける銃口を尻目に、インプは呪いの準備を整えた。","矮小灵敏的小恶魔以超自然的速度在火力线之间穿梭起舞。它恶作剧般的笑声在笨重的机械背后响起。加特林机枪对着空气咆哮，而小恶魔正准备施放反击的诅咒。","Маленький ловкий имп танцует между линиями огня со сверхъестественной скоростью. Его озорной смех разносится эхом, когда он телепортируется за громоздкую технику. Пулемет Гатлинга ревет в пустоту, пока имп готовит ответное проклятие.","El pequeño y ágil imp baila entre las líneas de fuego con velocidad sobrenatural. Su risa maliciosa resuena mientras se teleporta detrás de la pesada maquinaria. La Gatling ruge al aire vacío mientras el imp prepara una contra-maldición.","O pequeno e ágil imp dança entre as linhas de fogo com velocidade sobrenatural. O seu riso malicioso ecoa enquanto se teleporta para trás da pesada maquinaria. A Gatling ruge para o ar vazio enquanto o imp prepara uma contra-maldição.","Der kleine, flinke Imp tanzt mit übernatürlicher Geschwindigkeit zwischen den Feuerlinien. Sein schelmisches Lachen hallt wider, während er sich hinter die sperrige Maschinerie teleportiert. Das Gatling-Gewehr brüllt in die leere Luft, während der Imp einen Gegenfluch vorbereitet.","작고 날랜 임프는 초자연적인 속도로 총탄 사이를 춤추듯 빠져나갑니다. 임프는 육중한 기계 뒤로 순간이동하며 장난기 어린 웃음소리를 냈습니다. 개틀링 건이 허공에 대고 울부짖는 동안 임프는 반격의 저주를 준비했습니다."
"MSG_C_GATLING_J_LOSS","The gelatinous body of the jelly absorbs the kinetic energy of the bullets with ease. Each round passes through the translucent mass, leaving only minor ripples behind. The mechanical weapon proves ineffective against a foe with no solid organs to strike.","ジェリーの粘液状の体は、銃弾の運動エネルギーを軽々と吸収してしまう。透き通った体を通るたびに小さな波紋が広がるだけで、ダメージはない。急所を持たない相手に対して、機械的な掃射は無力だった。","果冻怪粘液般的身体轻松吸收了子弹的动能。每一发子弹穿过透明的躯体，只留下微小的涟漪。面对没有实体器官的敌人，这种机械扫射显得毫无作用。","Желатиновое тело желе с легкостью поглощает кинетическую энергию пуль. Каждый снаряд проходит сквозь полупрозрачную массу, оставляя лишь небольшие круги. Механическое оружие оказывается неэффективным против противника без твердых органов.","El cuerpo gelatinoso de la gelatina absorbe la energía cinética de las balas con facilidad. Cada proyectil atraviesa la masa translúcida, dejando solo pequeñas ondas detrás. El arma mecánica resulta ineficaz contra un enemigo sin órganos sólidos que golpear.","O corpo gelatinoso da geleia absorve a energia cinética das balas com facilidade. Cada projéctil atravessa a massa translúcida, deixando apenas pequenas ondas atrás. A arma mecânica revela-se ineficaz contra um inimigo sem órgãos sólidos para atingir.","Der gallertartige Körper des Gelees absorbiert mit Leichtigkeit die kinetische Energie der Kugeln. Jedes Geschoss geht durch die durchscheinende Masse und hinterlässt nur kleine Wellen. Die mechanische Waffe erweist sich als wirkungslos gegen einen Feind, der keine festen Organe hat, die man treffen könnte.","젤리의 젤라틴질 몸은 총알의 운동 에너지를 손쉽게 흡수합니다. 모든 탄환은 반투명한 질량을 통과하며 작은 파동만을 남깁니다. 타격할 고체 기관이 없는 적에게 이 기계식 무기는 효과가 없었습니다."
"MSG_C_GATLING_K_WIN","The kobold's attempt to ambush is met with a devastating barrage from the Gatling gun. Its small shield is obliterated along with its resolve under the intense fire. The scattered pack of kobolds quickly realizes that courage cannot stop lead.","待ち伏せを試みたコボルトを、ガトリングの圧倒的な掃射が迎撃した. 激しい火力の前に、小さな盾は勇気と共に砕け散る。散り散りになった群れは、鉄の嵐の前には無力であることを悟った。","企图埋伏的狗头人遭到了加特林机枪毁灭性的扫射。在密集的火力下，它的小圆盾和斗志一起灰飞烟灭。四散逃窜的狗头人群很快意识到，勇气无法抵挡铅弹。","Попытка кобольда устроить засаду встречена разрушительным шквалом из пулемета Гатлинга. Его маленький щит уничтожен вместе с его решимостью под интенсивным огнем. Рассеянная стая кобольдов быстро понимает, что храбрость не может остановить свинец.","El intento de emboscada del kobold se topa con una devastadora ráfaga de la Gatling. Su pequeño escudo es aniquilado junto con su resolución bajo el fuego intenso. La manada dispersa de kobolds comprende rápidamente que el valor no puede detener el plomo.","A tentativa de emboscada do kobold depara-se com uma devastadora ráfaga da Gatling. O seu pequeno escudo é aniquilado juntamente com a sua determinação sob o fogo intenso. A alcateia dispersa de kobolds compreende rapidamente que o valor não consegue parar o chumbo.","Der Hinterhaltversuch des Kobolds wird mit einem vernichtenden Sperrfeuer aus dem Gatling-Gewehr beantwortet. Sein kleiner Schild wird zusammen mit seiner Entschlossenheit unter dem intensiven Feuer ausgelöscht. Das versprengte Rudel Kobolde erkennt schnell, dass Mut kein Blei aufhalten kann.","코볼드의 매복 시도는 개틀링 건의 파괴적인 일제사격에 저지되었습니다. 강렬한 화력 앞에 코볼드의 작은 방패는 의지와 함께 박살 났습니다. 흩어진 코볼드 무리는 용기만으로는 총알을 막을 수 없다는 사실을 깨달았습니다."
"MSG_C_GATLING_L_WIN","A lizard's speed is no match for the high-velocity fire of a rotary cannon. The bullets catch the quick reptile as it tries to dart between cover. Its tough skin is no defense against a continuous stream of armor-piercing rounds.","トカゲの素早さは、回転機関砲の高速連射の前では意味を成さなかった。遮蔽物の間を縫い、逃げ回る体に弾丸が容赦なく突き刺さる。自慢の硬い皮も、絶え間ない鉄の雨を防ぐことはできなかった。","蜥蜴的速度在旋转机关炮的高速连射面前毫无意义。当这只敏捷的爬行动物企图穿梭于掩体之间时，子弹击中了它。它坚韧的皮肤无法防御持续不断的穿甲弹洪流。","Скорость ящерицы не идет ни в какое сравнение с высокоскоростным огнем роторной пушки. Пули настигают быстрого рептилию, когда та пытается метаться между укрытиями. Ее жесткая кожа не является защитой от непрерывного потока бронебойных патронов.","La velocidad de un lagarto no es rival para el fuego de alta velocidad de un cañón rotativo. Las balas alcanzan al rápido reptil mientras intenta saltar entre coberturas. Su piel dura no es defensa contra un flujo continuo de munición perforante.","A velocidade de um lagarto não é páreo para o fogo de alta velocidade de um canhão rotativo. As balas atingem o réptil rápido enquanto este tenta saltar entre coberturas. A sua pele dura não é defesa contra um fluxo contínuo de munição perfurante.","Die Geschwindigkeit einer Echse ist dem Hochgeschwindigkeitsfeuer einer Rotationskanone nicht gewachsen. Die Kugeln erwischen das schnelle Reptil, während es versucht, zwischen Deckungen hin- und herzuhuschen. Seine zähe Haut ist kein Schutz gegen einen kontinuierlichen Strom von panzerbrechenden Geschossen.","리자드의 속도는 회전포의 고속 사격에 상대가 되지 않았습니다. 은폐물 사이를 빠르게 움직이려던 파충류의 몸에 총알이 박힙니다. 질긴 가죽도 끊임없이 쏟아지는 철갑탄 앞에서는 방어 수단이 되지 못했습니다."
"MSG_C_GATLING_M_WIN","The ancient mummy is torn to shreds by a storm of modern ammunition. The dry bandages offer no protection and are scattered into a cloud of dust and linen. What took centuries to preserve was destroyed in a matter of seconds.","古代のミイラが、現代兵器の弾丸の嵐によって粉々に引き裂かれた。乾いた包帯は何の保護にもならず、塵となって空中へ舞い上がる。数世紀にわたって保たれてきた体は、わずか数秒で塵に帰した。","古老的木乃伊被现代弹药的风暴撕成了碎片。干枯的绷带提供不了任何保护，化作漫天的尘埃和亚麻碎片。耗费数世纪保存的躯体在短短几秒钟内就被摧毁了。","Древняя мумия разорвана в клочья штормом современных боеприпасов. Сухие бинты не дают никакой защиты и разлетаются облаком пыли и льна. То, на сохранение чего ушли столетия, было уничтожено за считанные секунды.","La antigua momia es destrozada por una tormenta de munición moderna. Las vendas secas no ofrecen protección y se dispersan en una nube de polvo y lino. Lo que tardó siglos en preservarse fue destruido en cuestión de segundos.","A antiga múmia é despedaçada por uma tempestade de munição moderna. As ligaduras secas não oferecem protecção e dispersam-se numa nuvem de pó e linho. O que demorou séculos a preservar foi destruído numa questão de segundos.","Die uralte Mumie wird von einem Sturm moderner Munition in Stücke gerissen. Die trockenen Bandagen bieten keinen Schutz und werden in eine Wolke aus Staub und Leinen zerstreut. Was Jahrhunderte zur Konservierung brauchte, wurde in Sekundenschnelle zerstört.","고대 미이라가 현대 탄약의 폭풍에 갈기갈기 찢겼습니다. 마른 붕대는 아무런 보호도 되지 못한 채 먼지와 천 조각이 되어 흩날렸습니다. 수 세기 동안 보존되어 온 육체는 단 몇 초 만에 파괴되었습니다."
"MSG_C_GATLING_N_LOSS","The naga coils and strikes with a speed that defies the Gatling gun's aim. She snakes through the narrow gaps in the barrage, her eyes glowing with ancient malice. The heavy machinery jams at the critical moment, leaving its operator exposed.","ナーガはガトリングの照準を狂わせるほどの速度で、とぐろを巻き、襲いかかる。弾幕のわずかな隙間を潜り抜ける眼光には、古代の悪意が宿っていた。肝心な場面で機関銃がジャムを起こし、絶体絶命の窮地に陥る。","美杜莎以令加特林机枪难以瞄准的速度盘旋攻击。她蛇行穿过弹幕中的狭窄缝隙，眼中闪烁着古老的恶意。重型机械在关键时刻卡壳了，让操作者完全暴露在危险之中。","Нага сворачивается кольцами и наносит удар со скоростью, не позволяющей прицелиться из пулемета Гатлинга. Она проскальзывает сквозь узкие бреши в заградительном огне, ее глаза светятся древней злобой. Тяжелая техника заклинивает в критический момент, оставляя оператора беззащитным.","La naga se enrosca y ataca con una velocidad que desafía la puntería de la Gatling. Se desliza a través de los estrechos huecos de la ráfaga, con los ojos brillando con malicia ancestral. La pesada maquinaria se encasquilla en el momento crítico, dejando al operador expuesto.","A naga enrosca-se e ataca com uma velocidade que desafia a pontaria da Gatling. Desliza através das estreitas aberturas da ráfaga, com os olhos a brilhar com malícia ancestral. A pesada maquinaria encrava no momento crítico, deixando o operador exposto.","Die Naga windet sich und schlägt mit einer Geschwindigkeit zu, die das Zielen des Gatling-Gewehrs unmöglich macht. Sie schlängelt sich durch die schmalen Lücken im Sperrfeuer, ihre Augen leuchten vor uralter Bosheit. Die schwere Maschinerie klemmt im kritischen Moment und lässt den Bediener schutzlos zurück.","나가는 개틀링 건의 조준을 비웃듯 엄청난 속도로 몸을 틀며 공격합니다. 탄막의 좁은 틈새를 뚫고 다가오는 그녀의 눈에는 고대의 악의가 서려 있습니다. 결정적인 순간에 중화기가 고장 나면서 조작자는 무방비 상태가 되었습니다."
"MSG_C_GATLING_O_LOSS","A massive orc warrior charges through the fire, ignoring the lead tearing into its flesh. Its sheer stamina and battle rage allow it to reach the Gatling gun despite the heavy damage. With a savage roar, it smashes the mechanical weapon into scrap metal.","強力なオークの戦士が、肉体を切り裂く弾丸を無視して突進してきた。傷だらけになっても止まらないその生命力と狂気は、ついに銃口へと肉薄する。野獣のような咆哮と共に、精密な兵器は無残に叩き壊された。","强壮的兽人战士穿过炮火冲了过来，丝毫不顾钻入肉里的弹丸。它惊人的耐力和战斗狂热让它顶着重伤冲到了加特林机枪面前。随着一声狂野的咆哮，它将这件机械武器砸成了废铁。","Массивный воин-орк несется сквозь огонь, игнорируя свинец, разрывающий его плоть. Его чистая выносливость и боевая ярость позволяют ему добраться до пулемета Гатлинга, несмотря на тяжелые повреждения. С диким ревом он разбивает механическое оружие в металлолом.","Un enorme guerrero orco carga a través del fuego, ignorando el plomo que desgarra su carne. Su pura resistencia y rabia de batalla le permiten llegar hasta la Gatling a pesar de los graves daños. Con un rugido salvaje, destroza el arma mecánica convirtiéndola en chatarra.","Um enorme guerreiro orc ataca através do fogo, ignorando o chumbo que lhe rasga a carne. A sua pura resistência e raiva de batalha permitem-lhe chegar até à Gatling apesar dos graves danos. Com um rugido selvagem, destroça a arma mecânica transformando-a em sucata.","Ein gewaltiger Ork-Krieger stürmt durch das Feuer und ignoriert das Blei, das sich in sein Fleisch frisst. Seine schiere Ausdauer und Kampfwut erlauben es ihm, das Gatling-Gewehr trotz schwerer Schäden zu erreichen. Mit einem wilden Brüllen zerschmettert er die mechanische Waffe zu Altmetall.","거대한 오크 전사가 살을 파고드는 총알을 무시하고 불길을 뚫고 돌진합니다. 엄청난 지구력과 전투 광기 덕분에 심각한 부상을 입고도 개틀링 건까지 도달했습니다. 야수 같은 포효와 함께 오크는 정밀 화기를 고철 더미로 만들어버렸습니다."
"MSG_C_GATLING_P_WIN","The pixie's illusions and fairy fire are easily dispelled by a relentless wall of lead. The rapid fire fills the air, leaving no space for the small creature to maneuver. Her magical laughter is replaced by the roar of the gun until all is quiet.","ピクシーの幻影や妖精の火も、容赦ない弾丸の壁の前では無力だった。高速連射が空間を埋め尽くし、小さな妖精が逃げる隙間も残さない。魔法の笑い声は重火器の鳴動にかき消され、辺りは静寂に包まれた。","小精灵的幻影和妖精之火在无情的铅弹墙面前显得苍白无力。高速连射填满了每一寸空间，没给这个小生物留下一丝回旋的余地。她的魔法笑声被机关炮的轰鸣声取代，直到一切归于平静。","Иллюзии пикси и сказочный огонь легко рассеиваются неумолимой стеной свинца. Скорострельный огонь заполняет воздух, не оставляя маленькому существу места для маневра. Ее магический смех сменяется ревом орудия, пока все не затихает.","Las ilusiones y el fuego de hadas de la pixie son disipados fácilmente por una implacable pared de plomo. El fuego rápido llena el aire, sin dejar espacio para que la pequeña criatura maniobre. Su risa mágica es reemplazada por el rugido del arma hasta que todo queda en silencio.","As ilusões e o fogo de fadas da pixie são dissipados facilmente por uma implacável parede de chumbo. O fogo rápido enche o ar, sem deixar espaço para que a pequena criatura manobre. O seu riso mágico é substituído pelo rugido da arma até que tudo fique em silêncio.","Die Illusionen und das Feenfeuer der Pixie werden leicht von einer unerbittlichen Bleiwand zerstreut. Das Schnellfeuer erfüllt die Luft und lässt der kleinen Kreatur keinen Raum zum Manövrieren. Ihr magisches Lachen wird durch das Dröhnen der Waffe ersetzt, bis alles still ist.","픽시의 환영과 요정의 불꽃은 가차 없는 탄환 벽에 쉽게 흩어졌습니다. 고속 연사가 공중을 가득 채워 작은 요정이 움직일 틈조차 주지 않았습니다. 마법 같은 웃음소리는 화기의 굉음에 묻혔고, 이내 정적이 찾아왔습니다."
"MSG_C_GATLING_Q_WIN","The coeurl's lightning-fast reflexes are pushed to their limit by the Gatling gun's discharge. Even with its supernatural agility, it cannot dodge every round in the dense barrage. The sleek hunter becomes the hunted, riddled with holes from the mechanical storm.","クァールの電光石火の反射神経も、ガトリングの連射速度には限界があった。超自然的な敏捷性をもってしても、濃密弾幕をすべて避けることはできない。しなやかな狩人は逆に狩られる側となり、機械的な嵐の中に沈んだ。","夸尔如闪电般的反射神经在加机枪的疯狂扫射下达到了极限。即使拥有超自然的敏捷度，它也无法躲过密集弹幕中的每一发子弹。这位优雅的猎食者反而成了被猎杀的对象，在机械风暴中千疮百孔。","Молниеносные рефлексы куэрла доведены до предела залпом пулемета Гатлинга. Даже с его сверхъестественной ловкостью он не может уклониться от каждого снаряда в плотном заградительном огне. Изящный охотник сам становится добычей, изрешеченный дырами от механического шторма.","Los reflejos fulminantes del coeurl son llevados al límite por la descarga de la Gatling. Incluso con su agilidad sobrenatural, no puede esquivar cada proyectil en la densa ráfaga. El elegante cazador se convierte en la presa, acribillado por la tormenta mecánica.","Os reflexos fulminantes do coeurl são levados ao limite pela descarga da Gatling. Mesmo com a sua agilidade sobrenatural, não consegue esquivar-se de cada projéctil na densa ráfaga. O elegante caçador torna-se a presa, cravejado de buracos pela tempestade mecânica.","Die blitzschnellen Reflexe des Coeurls werden durch das Feuer des Gatling-Gewehrs an ihre Grenzen getrieben. Selbst mit seiner übernatürlichen Agilität kann er nicht jedem Geschoss im dichten Sperrfeuer ausweichen. Der geschmeidige Jäger wird zum Gejagten, durchlöchert vom mechanischen Sturm.","쿠알의 번개 같은 반사 신경도 개틀링 건의 연사 속도 앞에서는 한계가 있었습니다. 초자연적인 민첩성으로도 조밀한 탄막을 모두 피할 수는 없었습니다. 매끄러운 사냥꾼은 기계적인 폭풍 속에 구멍이 숭숭 뚫린 채 사냥감이 되었습니다."
"MSG_C_GATLING_R_LOSS","The giant rat scurries into the shadows and finds a way to move beneath the Gatling gun's field of fire. Its low profile and knowledge of the terrain give it a distinct advantage. It springs from a dark corner, biting into the operator's ankles while the gun fires harmlessly overhead.","巨大なネズミは影に潜み、ガトリングの射程圏外を移動する術を知っていた。低い姿勢と地形の知識が、この小動物に決定的な優位を与える。暗闇から跳びかかり、頭上を掠める銃声を無視して、操作者の足元に食らいついた。","大老鼠窜入阴影中，找到了在加特林机枪火力范围下方移动的方法。它低巧的身形和对地形的了解带给了它明显的优势。它从黑暗的角落跃起，在子弹从头顶徒劳飞过时，咬住了操作者的脚踝。","Гигантская крыса шныряет в тенях и находит способ двигаться под полем огня пулемета Гатлинга. Ее низкий профиль и знание местности дают ей явное преимущество. Она прыгает из темного угла, вгрызаясь в лодыжки оператора, пока пулемет безвредно стреляет над головой.","La rata gigante se escabulle entre las sombras y encuentra una forma de moverse bajo el campo de fuego de la Gatling. Su perfil bajo y conocimiento del terreno le otorgan una clara ventaja. Salta desde un rincón oscuro, mordiendo los tobillos del operador mientras el arma dispara inútilmente por encima.","A ratazana gigante esconde-se nas sombras e encontra uma forma de se mover sob o campo de fogo da Gatling. O seu perfil baixo e conhecimento do terreno conferem-lhe uma vantagem clara. Salta de um canto escuro, mordendo os tornozelos do operador enquanto a arma dispara inutilmente por cima.","Die Riesenratte huscht in den Schatten und findet einen Weg, sich unter dem Feuerbereich des Gatling-Gewehrs zu bewegen. Ihre niedrige Statur und ihre Geländekenntnis verschaffen ihr einen klaren Vorteil. Sie springt aus einer dunklen Ecke und beißt dem Bediener in die Knöchel, während das Gewehr harmlos über ihr hinwegfeuert.","거대 쥐는 그림자 속으로 숨어들어 개틀링 건의 사선 아래로 이동하는 방법을 찾아냈습니다. 낮은 자세와 지형지물 활용 능력 덕분에 유리한 고지를 점했습니다. 쥐는 머리 위로 총알이 지나가는 동안 어두운 구석에서 튀어나와 조작자의 발목을 물어뜯었습니다."
"MSG_C_GATLING_S_LOSS","The slime's fluid form simply ripples and reforms as thousands of bullets pass through it. The Gatling gun's physical damage is completely ineffective against a creature with such a flexible, non-solid body. The weapon runs out of ammunition, leaving the slime to slowly engulf its target.","スライムの流動的な体は、数千の銃丸が通り抜けても波紋を残してすぐに再生する. 柔軟で非実体に近い体を持つ相手に、ガトリングの物理攻撃は意味をなさなかった。弾切れを待つまでもなく、スライムは獲物をじわじわと包み込み始めた。","史莱姆流动的身体在数千发子弹穿过时只是泛起涟漪，随即又重新愈合。对于这种身体极具弹性且非固态的生物，加特林机枪的物理伤害完全无效。武器弹药耗尽，只能任由史莱姆慢慢吞噬目标。","Текучая форма слизня просто идет рябью и восстанавливается, пока тысячи пуль проходят сквозь нее. Физический урон пулемета Гатлинга совершенно неэффективен против существа с таким гибким, не твердым телом. У оружия заканчиваются боеприпасы, и слизень медленно поглощает свою цель.","La forma fluida del limo simplemente ondula y se reforma mientras miles de balas la atraviesan. El daño físico de la Gatling es completamente ineficaz contra una criatura con un cuerpo tan flexible y no sólido. El arma se queda sin munición, dejando que el limo envuelva lentamente a su objetivo.","A forma fluida do slime simplesmente ondula e reforma-se enquanto milhares de balas a atravessam. O dano físico da Gatling é completamente ineficaz contra uma criatura com um corpo tão flexível e não sólido. A arma fica sem munições, deixando que o slime envolva lentamente o seu alvo.","Die flüssige Form des Schleims kräuselt sich einfach und bildet sich neu, während Tausende von Kugeln ihn durchdringen. Der physische Schaden des Gatling-Gewehrs ist völlig wirkungslos gegen eine Kreatur mit einem so flexiblen, nicht-festen Körper. Der Waffe geht die Munition aus, sodass der Schleim sein Ziel langsam verschlingen kann.","슬라임의 유동적인 몸은 수천 발의 총알이 통과해도 파동만 일 뿐 금세 원래대로 돌아옵니다. 유연하고 비고체적인 몸을 가진 적에게 개틀링 건의 물리 공격은 전혀 통하지 않았습니다. 탄약이 떨어지자 슬라임은 천천히 대상을 집어삼키기 시작했습니다."
"MSG_C_GATLING_T_LOSS","The troll's regenerative powers and stone-hard skin enable it to endure even a direct barrage. Its flesh knits back together nearly as fast as the bullets can tear it apart. With a dull grunt, it grabs the red-hot barrels of the gun and twists them like wet noodles.","トロルの驚異的な再生能力と硬質の皮膚は、正面からの掃射さえも耐えきってしまう. 弾丸が肉を切り裂くそばから、傷口はみるみる塞がっていった。鈍い唸りを上げると、熱せられた銃身を掴み、まるで飴細工のように捻り曲げた。","巨魔的再生能力和如岩石般坚硬的皮肤让它能够顶着正面扫射。它的肌肉愈合的速度几乎和子弹撕裂它的速度一样快。它发出一声低沉的哼声，抓住了发红的枪管，像拧面条一样把它们拧弯了。","Регенеративные способности тролля и твердая как камень кожа позволяют ему выдерживать даже прямой обстрел. Его плоть срастается почти так же быстро, как пули разрывают ее. С глухим ворчанием он хватает раскаленные стволы орудия и скручивает их, как мокрую лапшу.","Los poderes regenerativos del trol y su piel dura como la piedra le permiten soportar incluso una ráfaga directa. Su carne se regenera casi tan rápido como las balas pueden desgarrarla. Con un gruñido sordo, agarra los cañones al rojo vivo del arma y los retuerce como fideos mojados.","Os poderes regenerativos do troll e a sua pele dura como pedra permitem-lhe suportar até uma ráfaga directa. A sua carne regenera-se quase tão depressa quanto as balas a conseguem rasgar. Com um grunhido surdo, agarra os canos em brasa da arma e torce-os como se fossem massa fresca.","Die Regenerationskräfte des Trolls und seine steinharte Haut ermöglichen es ihm, selbst ein direktes Sperrfeuer zu ertragen. Sein Fleisch wächst fast so schnell wieder zusammen, wie die Kugeln es zerfetzen können. Mit einem dumpfen Grunzen packt er die glühend heißen Läufe des Gewehrs und verbiegt sie wie nasse Nudeln.","트롤의 재생 능력과 돌처럼 단단한 피부 덕분에 정면 소사도 견뎌낼 수 있었습니다. 총알이 살을 찢는 속도만큼이나 빠르게 상처가 아물었습니다. 둔탁한 신음과 함께 트롤은 달궈진 총신을 잡아 젖은 국수 가닥처럼 휘어버렸습니다."
"MSG_C_GATLING_U_LOSS","The undead warriors advance with an eerie silence, their decayed bodies ignoring the Gatling gun's lethal fire. Since they feel no pain and are already dead, the physical destruction of their flesh does little to stop them. The mechanical clatter of the gun is eventually replaced by the sound of bone scraping against metal.","アンデッドの戦士たちは不気味な静寂と共に進軍し、ガトリングの致命的な砲火など意にも介さない. 苦痛を感じず、既に死んでいる彼らにとって、肉体の損壊は何ら足止めにはならなかった。機関銃の駆動音は、やがて金属を削る骨の音に取って代わられた。","不死族战士们在阴沉的寂静中前进，腐烂的身躯无视了加特林机枪致命的火力。由于它们感受不到痛苦且早已死去，肉体的损坏几乎无法阻止它们。机关炮的机械咔哒声最终被骨头摩擦金属的声音所取代。","Воины-нежить наступают в жуткой тишине, их разложившиеся тела игнорируют смертоносный огонь пулемета Гатлинга. Поскольку они не чувствуют боли и уже мертвы, физическое разрушение их плоти мало что делает для их остановки. Механический лязг орудия со временем сменяется звуком скрежета костей о металл.","Los guerreros no muertos avanzan con un silencio inquietante, sus cuerpos descompuestos ignorando el fuego letal de la Gatling. Como no sienten dolor y ya están muertos, la destrucción física de su carne hace poco por detenerlos. El tableteo mecánico del arma es reemplazado eventualmente por el sonido de huesos raspando contra el metal.","Os guerreiros mortos-vivos avançam com um silêncio inquietante, os seus corpos decompostos ignorando o fogo letal da Gatling. Como não sentem dor e já estão mortos, a destruição física da sua carne pouco faz para os deter. O matraquear mecânico da arma é eventualmente substituído pelo som de ossos a raspar contra o metal.","Die untoten Krieger rücken in unheimlicher Stille vor, ihre verwesten Körper ignorieren das tödliche Feuer des Gatling-Gewehrs. Da sie keinen Schmerz empfinden und bereits tot sind, hält die physische Zerstörung ihres Fleisches sie kaum auf. Das mechanische Rattern des Gewehrs wird schließlich durch das Geräusch von Knochen ersetzt, die auf Metall scharren.","언데드 전사들은 기괴한 정적 속에 진군하며 개틀링 건의 치명적인 화포를 무시합니다. 고통을 느끼지 못하고 이미 죽어 있는 그들에게 육체적 파괴는 아무런 장애가 되지 않았습니다. 기계적인 소음은 어느새 금속을 긁는 뼛조각 소리로 바뀌었습니다."
"MSG_C_GATLING_V_LOSS","The vampire dissolves into a mist of blood and shadows, allowing the bullets to pass harmlessly through his form. He reappears behind the Gatling gun, his eyes gleaming with a thirst that cannot be quenched by lead. The sophisticated weapon is useless against an enemy that can choose when to be solid.","ヴァンパイアは血と影の霧に姿を変え、銃弾をすべて虚空へと受け流した. ガトリングの背後に再び現れた瞳には、鉄では癒やせない渇きが宿っている。実体を持つかどうかを自在に操る敵に対して、この機械兵器はただの鉄屑に過ぎなかった。","吸血鬼化作一团血影迷雾，让子弹毫无建树地穿过他的身躯向. 他在加特林机枪后方现身，眼中闪烁着铅弹无法平息的渴求。面对可以自由选择是否实态化的敌人，这件精密的武器毫无用处。","Вампир растворяется в тумане крови и теней, позволяя пулям безвредно проходить сквозь его облик. Он снова появляется позади пулемета Гатлинга, его глаза сияют жаждой, которую не утолить свинцом. Сложное оружие бесполезно против врага, который может выбирать, когда ему быть материальным.","El vampiro se disuelve en una niebla de sangre y sombras, permitiendo que las balas atraviesen su forma sin daño. Reaparece detrás de la Gatling, con los ojos brillando con una sed que no puede ser saciada por el plomo. El sofisticado arma es inútil contra un enemigo que puede elegir cuándo ser sólido.","O vampiro dissolve-se numa névoa de sangue e sombras, permitindo que as balas atravessem a sua forma sem dano. Reaparece atrás da Gatling, com os olhos a brilhar com uma sede que não pode ser saciada pelo chumbo. A sofisticada arma é inútil contra um inimigo que consegue escolher quando ser sólido.","Der Vampir löst sich in einen Nebel aus Blut und Schatten auf, sodass die Kugeln harmlos durch seine Gestalt hindurchgehen. Er taucht hinter dem Gatling-Gewehr wieder auf, seine Augen leuchten vor einem Durst, der nicht mit Blei gestillt werden kann. Die hochentwickelte Waffe ist nutzlos gegen einen Feind, der wählen kann, wann er fest ist.","뱀파이어는 혈무와 그림자 속으로 흩어져 총알을 무력하게 통과시킵니다. 그는 개틀링 건 뒤에서 다시 나타났고, 그의 눈에는 납탄으로 채울 수 없는 갈증이 서려 있습니다. 실체화 여부를 선택할 수 있는 적에게 이 정교한 무기는 무용지물이었습니다."
"MSG_C_GATLING_W_LOSS","The wolf pack uses coordinated flanking maneuvers to bypass the Gatling gun's fixed line of fire. While one distracts the operator, the others close in from the blind spots with terrifying speed. The roar of the gun is cut short by a series of savage snarls and the snapping of jaws.","オオカミの群れは巧みな連携を見せ、ガトリングの固定された射程を容易く迂回する. 一頭が陽動となる間に、残りは死角から恐るべき速度で距離を詰めた。吼え続けていた銃声は、野獣の唸声と獲物を引き裂く音によって唐突に途絶えた。","狼群利用协调的侧翼包抄绕过了加特林机枪固定的火力线。当其中一只吸引操作者的注意力时，其他狼只从死角以惊人的速度逼近。机关炮的轰鸣声被一连串狂野的低吼和撕咬声打断了。","Волчья стая использует скоординированные фланговые маневры, чтобы обойти фиксированную линию огня пулемета Гатлинга. Пока один отвлекает оператора, остальные приближаются из слепых зон с пугающей скоростью. Рев орудия обрывается серией диких оскалов и клацаньем челюстей.","La manada de lobos usa maniobras de flanqueo coordinadas para evitar la línea de fuego fija de la Gatling. Mientras uno distrae al operador, los otros se acercan desde los puntos ciegos con una velocidad aterradora. El rugido del arma se corta en seco por una serie de gruñidos salvajes y el chasquido de mandíbulas.","A alcateia de lobos usa manobras de flanqueio coordenadas para evitar a linha de fogo fixa da Gatling. Enquanto um distrai o operador, os outros aproximam-se dos pontos cegos com uma velocidade aterradora. O rugido da arma é interrompido subitamente por uma série de rosnados selvagens e o estalar de mandíbulas.","Das Wolfsrudel nutzt koordinierte Flankenmanöver, um die feste Feuerlinie des Gatling-Gewehrs zu umgehen. Während einer den Bediener ablenkt, nähern sich die anderen mit furchterregender Geschwindigkeit aus den toten Winkeln. Das Dröhnen des Gewehrs wird durch eine Reihe wilder Knurrlaute und das Zuschnappen von Kiefern unterbrochen.","늑대 무리는 개틀링 건의 고정된 사선을 피하기 위해 조직적인 우회 전술을 사용합니다. 한 마리가 조작자의 시선을 끄는 사이, 나머지는 사각지대에서 엄청난 속도로 접근합니다. 총성은 야생의 으르렁거림과 턱뼈가 부딪히는 소리에 끊기고 말았습니다."
"MSG_C_GATLING_X_LOSS","Xalthis, an entity of pure energy, reflects the Gatling gun's kinetic projectiles with a shimmering barrier. The bullets are redirected or vaporized before they can reach the target's core. The excessive expenditure of ammunition only serves to illuminate the futility of a purely physical assault.","純粋なエネルギー体であるザルシスは、煌めく障壁でガトリングの物理弾をすべて跳ね返した. 弾丸は核に届く前に霧散するか、あらぬ方向へと弾き飛ばされる。いたずらに弾薬を消費する行為は、物理攻撃の限界を虚しく際立たせるだけだった。","作为纯粹能量体的扎尔希斯利用闪烁的屏障反射了加特林机枪的动能弹头。子弹在到达目标核心之前就被重定向或汽化。过度的弹药消耗只是凸显了纯物理攻击的徒劳无功。","Зальтис, сущность из чистой энергии, отражает кинетические снаряды пулемета Гатлинга мерцающим барьером. Пули перенаправляются или испаряются, прежде чем успевают достичь ядра цели. Чрезмерный расход боеприпасов служит лишь для того, чтобы подчеркнуть тщетность чисто физической атаки.","Xalthis, una entidad de energía pura, refleja los proyectiles cinéticos de la Gatling con una barrera resplandeciente. Las balas son desviadas o vaporizadas antes de que puedan alcanzar el núcleo del objetivo. El gasto excesivo de munición solo sirve para ilustrar la futilidad de un asalto puramente físico.","Xalthis, uma entidade de energia pura, reflecte os projécteis cinéticos da Gatling com uma barreira resplandecente. As balas são desviadas ou vaporizadas antes de conseguirem atingir o núcleo do alvo. O gasto excessivo de munições serve apenas para ilustrar a futilidade de um assalto puramente físico.","Xalthis, ein Wesen aus reiner Energie, reflektiert die kinetischen Projektile des Gatling-Gewehrs mit einer schimmernden Barriere. Die Kugeln werden umgelenkt oder verdampft, bevor sie den Kern des Ziels erreichen können. Der übermäßige Munitionsverbrauch dient nur dazu, die Sinnlosigkeit eines rein physischen Angriffs zu verdeutlichen.","순수 에너지 생명체인 잘티스는 일렁이는 장벽으로 개틀링 건의 물리 탄환을 모두 튕겨냅니다. 총알은 핵에 닿기도 전에 굴절되거나 증발합니다. 무의미한 탄약 소모는 물리 공격의 한계를 뼈저리게 느끼게 할 뿐이었습니다."
"MSG_C_GATLING_Y_LOSS","The yeti's massive strength and the dense blizzards it commands make the Gatling gun nearly impossible to aim. The sub-zero temperatures cause the lubricant to freeze and the barrels to jam at the critical moment. The snow monster emerges from the whiteout, ready to crush the useless iron toy.","イエティの剛力と吹き荒れる吹雪が、ガトリングの精密な照準を完全に狂わせた. 極低温によって潤滑油は凍りつき、肝心な局面で銃身が回転を止めてしまう。白い闇の中から現れた怪物は、役立たずとなった鉄の玩具を握りつぶした。","雪人巨大的力量及其操控的浓密暴风雪使得加特林机枪几乎无法瞄准。零下的低温导致润滑油冻结，枪管在关键时刻卡死。雪怪从漫天风雪中现身，准备捏碎这件无用的钢铁玩具。","Массивная сила йети и плотные метели, которыми он управляет, делают прицеливание из пулемета Гатлинга практически невозможным. Температуры ниже нуля приводят к замерзанию смазки и заклиниванию стволов в критический момент. Снежный монстр появляется из белой пелены, готовый раздавить бесполезную железную игрушку.","La fuerza masiva del yeti y las densas ventiscas que domina hacen que sea casi imposible apuntar con la Gatling. Las temperaturas bajo cero hacen que el lubricante se congele y los cañones se atasquen en el momento crítico. El monstruo de las nieves emerge de la nada blanca, listo para aplastar el inútil juguete de hierro.","A força maciça do yeti e os nevões densos que domina tornam quase impossível apontar a Gatling. As temperaturas abaixo de zero fazem com que o lubrificante congele e os canos encravem no momento crítico. O monstro das neves emerge da brancura total, pronto para esmagar o inútil brinquedo de ferro.","Die gewaltige Kraft des Yetis und die dichten Schneestürme, die er befehligt, machen es fast unmöglich, das Gatling-Gewehr auszurichten. Die Temperaturen unter dem Gefrierpunkt lassen das Schmiermittel gefrieren und die Läufe im kritischen Moment klemmen. Das Schneemonster taucht aus dem Nichts auf, bereit, das nutzlose Eisenspielzeug zu zerquetschen.","예티의 괴력과 휘몰아치는 눈보라는 개틀링 건의 정밀 조준을 불가능하게 만듭니다. 영하의 기온 때문에 윤활유가 얼어붙어 결정적인 순간에 총신이 걸려버립니다. 화이트아웃 속에서 나타난 설산 괴물은 쓸모없게 된 철제 장난감을 으스러뜨렸습니다."
"MSG_C_GATLING_Z_LOSS","The zombie horde continues to shuffle forward, despite missing limbs and large portions of their torsos. Their necrotic brains are driven by a single hunger that knows no fear or pain. Eventually, the Gatling gun runs out of belt-fed rounds, and the slow, relentless tide of undead finally closes in.","ゾンビの群れは手足がもげ、胴体がえぐれてもなお、這うようにして前進を続ける. 腐敗した脳を支配するのは、恐怖も痛みも知らない唯一の飢えだ。ついに弾帯が空になったとき、逃げ場のない死者の波が静かに獲物を飲み込んだ。","僵尸群仍继续蹒跚前行，尽管失去了肢体和大部分躯干。它们坏死的脑海中只剩下一种不知恐惧或痛苦的饥渴。最终加特林机枪的弹链耗尽，那缓慢而无情的亡灵潮终于逼近了。","Орда зомби продолжает ковылять вперед, несмотря на отсутствие конечностей и больших частей туловища. Их некротические мозги движимы единственным голодом, который не знает ни страха, ни боли. В конце концов, у пулемета Гатлинга заканчиваются патроны в ленте, и медленный, неумолимый поток нежити наконец приближается.","La horda de zombis sigue avanzando a rastras, a pesar de que les falten extremidades y gran parte del torso. Sus cerebros necróticos son impulsados por un único hambre que no conoce el miedo ni el dolor. Finalmente, la Gatling se queda sin munición de cinta, y la lenta e implacable marea de no muertos finalmente se cierra sobre ellos.","A horda de zombies continua a avançar, apesar de lhes faltarem membros e grande parte do tronco. Os seus cérebros necróticos são impulsionados por uma única fome que não conhece o medo nem a dor. Finalmente, a Gatling fica sem munições de cinta, e a lenta e implacável maré de mortos-vivos finalmente fecha-se sobre eles.","Die Zombiehorde schlurft weiter vorwärts, obwohl ihnen Gliedmaßen und große Teile ihres Torsos fehlen. Ihre nekrotischen Gehirne werden von einem einzigen Hunger angetrieben, der weder Angst noch Schmerz kennt. Schließlich geht dem Gatling-Gewehr die Gurtmunition aus, und die langsame, unerbittliche Flut der Untoten schließt sich schließlich.","좀비 떼는 팔다리가 떨어져 나가고 몸통이 파여도 기어코 전진을 계속합니다. 부패한 뇌를 지배하는 것은 공포도 고통도 모르는 단 하나의 굶주림뿐입니다. 마침내 탄띠가 비었을 때, 느리지만 끈질긴 시체들의 파도가 먹잇감을 덮쳤습니다."
"MSG_C_GRAVITY_A_WIN","The ant's shell cracked under the sudden gravitational pressure. It was pinned to the ground, unable to move a single leg. The weight of the world proved too much for the small insect.","アリの甲殻が突如とした重圧に悲鳴を上げた。地面に縫い付けられ、一本の脚すら動かせない。小さな虫にとって、世界の重みはあまりに過酷だった。","蚂蚁的甲壳在突如其来的重压下发出了哀鸣。它被钉在地上，连一条腿也动弹不得。对于这只小昆虫来说，世界的重量实在太过沉重。","Панцирь муравья треснул под внезапным гравитационным давлением. Он был прижат к земле, не в силах пошевелить ни одной ногой. Вес мира оказался слишком велик для маленького насекомого.","El caparazón de la hormiga se agrietó bajo la repentina presión gravitatoria. Quedó inmovilizada en el suelo, incapaz de mover una sola pata. El peso del mundo resultó demasiado para el pequeño insecto.","A carapaça da formiga rachou sob a súbita pressão gravitacional. Ficou imobilizada no chão, incapaz de mover uma única pata. O peso do mundo revelou-se demasiado para o pequeno insecto.","Der Panzer der Ameise zerbrach unter dem plötzlichen Gravitationsdruck. Sie war am Boden fixiert und konnte kein einziges Bein mehr bewegen. Das Gewicht der Welt erwies sich als zu viel für das kleine Insekt.","개미의 갑각이 갑작스러운 중압감에 비명을 질렀습니다. 지면에 못 박힌 채 다리 하나조차 움직이지 못합니다. 작은 벌레에게 세상의 무게는 너무나 가혹했습니다."
"MSG_C_GRAVITY_B_WIN","The bat's delicate wings were dragged down by an invisible force. It crashed into the stone floor with a dull, heavy thud. Gravity claimed the master of the air as its own.","コボモリの繊細な翼が不可視の力によって引きずり下ろされた。鈍い衝撃音と共に、魔物は石の床へと叩きつけられた。重力が空の支配者を地に縛り付けた。","蝙蝠纤细的双翼被一股无形的力量强行拽下。伴随着沉闷的撞击声，魔物重重地摔在了石地板上。重力将这片天空的支配者束缚在了大地上。","Нежные крылья летучей мыши были утянуты вниз невидимой силой. Она врезалась в каменный пол с глухим тяжелым стуком. Гравитация забрала хозяина воздуха себе.","Las delicadas alas del murciélago fueron arrastradas hacia abajo por una fuerza invisible. Se estrelló contra el suelo de piedra con un golpe sordo y pesado. La gravedad reclamó al maestro del aire como suyo.","As asas delicadas do morcego foram arrastadas para baixo por uma força invisível. Despenhou-se no chão de pedra com um baque surdo e pesado. A gravidade reclamou o mestre do ar como seu.","Die zarten Flügel der Fledermaus wurden von einer unsichtbaren Kraft nach unten gezogen. Sie prallte mit einem dumpfen, schweren Aufschlag auf den Steinboden. Die Schwerkraft forderte den Herrn der Lüfte für sich ein.","박쥐의 섬세한 날개가 보이지 않는 힘에 의해 아래로 끌어 내려졌습니다. 둔탁한 충격음과 함께 괴물은 돌바닥에 내동댕이쳐졌습니다. 중력이 하늘의 지배자를 땅에 묶어버렸습니다."
"MSG_C_GRAVITY_C_WIN","The cobra's long body was flattened against the earth by intense gravity. Its venomous fangs could only bite the cold, hard floor. The serpent's elegant coil was crushed in an instant.","コブラの長い体躯が、強烈な重力によって地面に押し潰された. 猛毒の牙は冷たい床を噛むことしかできない。優雅な鎌首も、一瞬にして重圧の前に屈した。","眼镜蛇长长的躯体在强烈的重力作用下被压扁在地面上。那对剧毒的獠牙只能咬住冰冷而坚硬的地板。它那优雅的盘踞姿态在瞬间就被重压摧毁了。","Длинное тело кобры было прижато к земле мощной гравитацией. Ее ядовитые клыки могли лишь кусать холодный твердый пол. Элегантные кольца змеи были раздавлены в мгновение ока.","El largo cuerpo de la cobra fue aplastado contra la tierra por una intensa gravedad. Sus colmillos venenosos solo podían morder el suelo frío y duro. El elegante enroscamiento de la serpiente fue destruido en un instante.","O longo corpo da cobra foi esmagado contra a terra por uma intensa gravidade. As suas presas venenosas apenas conseguiam morder o chão frio e duro. O elegante enrolamento da serpente foi destruído num instante.","Der lange Körper der Kobra wurde durch intensive Schwerkraft gegen die Erde gedrückt. Ihre giftigen Fänge konnten nur noch in den kalten, harten Boden beißen. Die elegante Windung der Schlange wurde augenblicklich zermalmt.","코브라의 긴 몸집이 강력한 중력에 의해 지면에 짓눌렸습니다. 맹독 어금니는 차가운 바닥을 깨무는 것밖에는 할 수 없습니다. 우아한 자태도 순식간에 중압 앞에 굴복했습니다."
"MSG_C_GRAVITY_D_WIN","Even the mighty dragon found its massive weight multiplied ten-fold. Its wings collapsed under the internal pressure and it hit the ground with a tremor. The sky-king fell before the power of the earth itself.","強力なドラゴンの巨躯でさえ、自身の重みが十倍になったかのように沈み込んだ. 内部からの重圧に翼は折れ、大地を揺らして墜落した。空の王は、惑星の力の前に膝を突いた。","即使是强大的巨龙，其庞大的身躯也似乎承受了十倍于自身的重量。双翼在内部重压下折断，震撼着大地坠落了。天空之王在行星的力量面前屈膝倒下。","Даже могучий дракон обнаружил, что его огромный вес увеличился в десять раз. Его крылья подкосились под внутренним давлением, и он с содроганием рухнул на землю. Король неба пал перед мощью самой земли.","Incluso el poderoso dragón vio cómo su enorme peso se multiplicaba por diez. Sus alas colapsaron bajo la presión interna y golpeó el suelo con un temblor. El rey del cielo cayó ante el poder de la tierra misma.","Mesmo o poderoso dragão viu o seu enorme peso multiplicar-se por dez. As suas asas colapsaram sob a pressão interna e atingiu o chão com um tremor. O rei do céu caiu perante o poder da própria terra.","Selbst der mächtige Drache sah sich einem zehnfachen Gewicht gegenüber. Seine Flügel brachen unter dem inneren Druck zusammen, und er schlug mit einem Beben auf dem Boden auf. Der Himmelskönig fiel vor der Kraft der Erde selbst.","강력한 드래곤의 거구조차 자신의 무게가 열 배나 늘어난 듯 가라앉았습니다. 내부 압력에 날개가 꺾이고 대지를 뒤흔들며 추락했습니다. 하늘의 왕은 행성의 힘 앞에 무릎을 꿇었습니다."
"MSG_C_GRAVITY_E_WIN","The ancient spirit's wooden trunk groaned and snapped under the weight. Its roots were crushed into the dirt, ending its sentinel duty. The forest became silent as the Ent fell into the earth.","古の精霊の硬い幹が、重圧に耐えかねて轟音と共にへし折れた. 根は深く土に沈み込み、守護者としての役目を終えた。エントが地に還る時、森に静寂が訪れた。","古老之灵坚硬的躯干无法承受重压，伴随着轰鸣声折断了。根部深深陷入土中，结束了它作为守护者的职责。当树精回归大地之时，森林陷入了沉寂。","Деревянный ствол древнего духа застонал и сломался под тяжестью. Его корни были вдавлены в грязь, завершив его службу стража. Лес затих, когда Энт пал в землю.","El tronco de madera del espíritu ancestral gimió y se quebró bajo el peso. Sus raíces fueron aplastadas contra el lodo, terminando con su deber de centinela. El bosque se quedó en silencio mientras el Ent caía en la tierra.","O tronco de madeira do espírito ancestral gemeu e partiu-se sob o peso. As suas raízes foram esmagadas contra a lama, terminando o seu dever de sentinela. A floresta ficou em silêncio enquanto o Ent caía na terra.","Der hölzerne Stamm des uralten Geistes stöhnte und zerbrach unter dem Gewicht. Seine Wurzeln wurden in den Dreck gedrückt, was seinen Wächterdienst beendete. Der Wald wurde still, als der Ent in die Erde sank.","고대 정령의 단단한 줄기가 중압을 이기지 못하고 굉음과 함께 부러졌습니다. 뿌리는 흙 속에 깊이 박혀 수호자로서의 임무를 마쳤습니다. 엔트가 대지로 돌아가자 숲에는 정적이 찾아왔습니다."
"MSG_C_GRAVITY_F_WIN","The annoying fly was swatted out of the air by a localized gravity field. It fell like a lead pellet, ending its buzzing forever. The tiny pest was crushed by a force it couldn't understand.","目障りなハエが、局所的な重力場によって空から叩き落とされた. 鉛の粒のように落下し、その不快な羽音は永遠に絶たれた。小さな害虫は、理解不能な力に圧し潰された。","那只碍眼的苍蝇被局部重力场从空中击落。它像铅弹一样坠下，那令人不快的嗡鸣声永远消失了。这只微小的害虫被一种它无法理解的力量压扁了。","Назойливая муха была сбита из воздуха локальным гравитационным полем. Она упала как свинцовая дробинка, навсегда прекратив свое жужжание. Крошечный вредитель был раздавлен силой, которую он не мог понять.","La molesta mosca fue derribada del aire por un campo de gravedad localizado. Cayó como un perdigón de plomo, terminando con su zumbido para siempre. La diminuta plaga fue aplastada por una fuerza que no podía comprender.","A mosca irritante foi derrubada do ar por um campo de gravidade localizado. Caiu como um chumbo, terminando com o seu zumbido para sempre. A pequena praga foi esmagada por uma força que não conseguia compreender.","Die lästige Fliege wurde von einem lokalisierten Gravitationsfeld aus der Luft geschlagen. Sie fiel wie ein Bleipellet herab, was ihr Summen für immer beendete. Der winzige Schädling wurde von einer Kraft zerquetscht, die er nicht verstehen konnte.","눈엣가시 같던 파리가 국소 중력장에 의해 공중에서 격추되었습니다. 납덩이처럼 떨어진 파리의 불쾌한 날갯짓 소리는 영원히 멎었습니다. 작은 해충은 이해할 수 없는 힘에 의해 짓눌렸습니다."
"MSG_C_GRAVITY_G_WIN","The goblin's cowardly knees buckled as gravity doubled in an instant. It tried to crawl away, but the dirt claimed its miserable form. The weight of its crimes seemed to manifest literally.","ゴブリンの卑屈な膝が、一瞬で倍増した重力によってへし折れた. 這いつくばって逃げようとするが、地面が奴の惨めな姿を捉えて離さない。犯した罪の重さが具現化したかのようだった。","哥布林卑下的膝盖在瞬间倍增的重力作用下折断了。它试图爬行逃跑，但地面死死地抓住了它那悲惨的身影。这仿佛是它所犯下的罪孽之重具现化了一般。","Трусливые колени гоблина подогнулись, когда гравитация мгновенно удвоилась. Он пытался уползти, но грязь поглотила его жалкое тело. Тяжесть его преступлений, казалось, проявилась буквально.","Las cobardes rodillas del goblin cedieron cuando la gravedad se duplicó en un instante. Intentó escapar gateando, pero la tierra reclamó su miserable forma. El peso de sus crímenes pareció manifestarse literalmente.","As cobardes dobras do goblin cederam quando a gravidade duplicou num instante. Tentou fugir a gatinhar, mas a terra reclamou a sua forma miserável. O peso dos seus crimes pareceu manifestar-se literalmente.","Die feigen Knie des Goblins knickten ein, als sich die Schwerkraft augenblicklich verdoppelte. Er versuchte wegzukriechen, aber der Dreck forderte seine erbärmliche Gestalt. Das Gewicht seiner Verbrechen schien sich buchstäblich zu manifestieren.","비굴한 고블린의 무릎이 순식간에 두 배로 늘어난 중력에 꺾였습니다. 기어서 도망치려 했지만 대지는 비참한 그를 놓아주지 않았습니다. 그가 지은 죄의 무게가 글자 그대로 구현된 듯했습니다."
"MSG_C_GRAVITY_H_WIN","Extreme gravity turned the harpy's light frame into a heavy burden. She shrieked as her hollow bones began to crack under the strain. The master of the heights was silenced by the gravity's pull.","極限の重力が、ハーピーの軽い身体を重い重荷へと変えた. 負荷に耐えかねて中空の骨が軋み、彼女は絶叫と共に地に堕ちた。高空の支配者は、引力の前に沈黙した。","极限重力将哈皮轻盈的身体变成了沉重的负担。由于无法承受负荷，她那中空的骨头咔哒作响，在一声绝叫中坠落在地。高空的支配者在引力面前陷入了沉默。","Экстремальная гравитация превратила легкое тело гарпии в тяжелую ношу. Она вскрикнула, когда ее полые кости начали трещать под напряжением. Хозяйка высот замолчала под действием гравитации.","La gravedad extrema convirtió la estructura ligera de la harpía en una pesada carga. Chilló cuando sus huesos huecos empezaron a crujir bajo la presión. La maestra de las alturas fue silenciada por la atracción de la gravedad.","A gravidade extrema transformou a estrutura leve da harpia numa carga pesada. Guinchou quando os seus ossos ocos começaram a estalar sob a pressão. A mestra das alturas foi silenciada pela atracção da gravidade.","Extreme Schwerkraft verwandelte das leichte Skelett der Harpyie in eine schwere Last. Sie kreischte, als ihre hohlen Knochen unter der Belastung zu brechen begannen. Die Herrin der Höhen wurde durch die Schwerkraft zum Schweigen gebracht.","극한의 중력이 하피의 가벼운 몸을 천근만근 무겁게 만들었습니다. 부하를 견디지 못하고 속이 빈 뼈가 비명을 질렀고, 하피는 절규와 함께 추락했습니다. 고공의 지배자는 인력 앞에 침묵했습니다."
"MSG_C_GRAVITY_I_LOSS","The imp used the gravitational distortion to sling itself forward with impossible speed. Your attempt to pin it down only gave it the momentum it needed to strike.","インプは重力の歪みを逆手に取り、空間を滑るように移動した. 重圧がかかるほどに彼のスピードは増し、あなたは自身の力に押しきられる形となった。","小恶魔利用重力扭曲，以不可思议的速度将自己弹射而出。你试图压制它的尝试反而给了它攻击所需的动量。","Имп использовал гравитационное искажение, чтобы метнуться вперед с невозможной скоростью. Ваша попытка прижать его только дала ему импульс, необходимый для удара.","El imp usó la distorsión gravitatoria para lanzarse hacia adelante con una velocidad imposible. Tu intento de inmovilizarlo solo le dio el impulso necesario para atacar.","O imp usou a distorção gravitacional para se lançar para a frente com uma velocidade impossível. A tua tentativa de o imobilizar apenas lhe deu o impulso necessário para atacar.","Der Imp nutzte die Gravitationsverzerrung, um sich mit unmöglicher Geschwindigkeit vorwärts zu katapultieren. Dein Versuch, ihn festzunageln, gab ihm nur den Schwung, den er für seinen Schlag brauchte.","임프는 중력의 왜곡을 역이용해 공간을 미끄러지듯 이동했습니다. 중압이 가해질수록 임프의 속도는 빨라졌고, 당신은 자신의 힘에 눌리는 형국이 되었습니다."
"MSG_C_GRAVITY_J_LOSS","The jelly's body condensed under the pressure, becoming a dense, lethal projectile. It used the floor-shattering weight to bounce back with devastating force.","ジェリーの体は重力を受けるほどに凝縮され、凄まじい密度の弾丸と化した. 地面を砕くほどの重圧をバネにして、怪物はあなたへと襲いかかってきた。","果冻怪的身体在重压下凝聚，变成了致密的致命炮弹。它利用震碎地面的重力作为弹簧，以毁灭性的力量反弹回来。","Тело желе уплотнилось под давлением, превратившись в плотный смертоносный снаряд. Оно использовало вес, сокрушающий пол, чтобы отскочить с разрушительной силой.","El cuerpo de la gelatina se condensó bajo la presión, convirtiéndose en un proyectil denso y letal. Usó el peso que destrozaba el suelo para rebotar con una fuerza devastadora.","O corpo da geleia condensou-se sob a pressão, tornando-se um projéctil denso e letal. Usou o peso que destroçava o chão para ressaltar com uma força devastadora.","Der Körper des Gelees verdichtete sich unter dem Druck und wurde zu einem dichten, tödlichen Projektil. Er nutzte das bodenerschütternde Gewicht, um mit verheerender Kraft zurückzuschnellen.","젤리의 몸은 중력을 받을수록 응축되어 엄청난 밀도의 탄환이 되었습니다. 지면을 부술 듯한 중압을 반동 삼아 괴물은 파괴적인 힘으로 당신에게 달려들었습니다."
"MSG_C_GRAVITY_K_WIN","The kobold let out a high-pitched yelp as it was crushed into the dirt. Its frantic scratching did nothing against the invisible weight. The canine warrior was defeated by the earth's pull.","コボルドは甲高い悲鳴を上げながら、土の中に押し込められた. 必死の抵抗も不可視の重みの前には無意味だった。犬面の戦士は、大地の引力に完敗した。","狗头人发出一声尖厉的悲鸣，随后被压入土中。即使拼命挣扎，在无形的重压面前也毫无意义。这名犬面战士在大地的引力面前一败涂地。","Кобольд издал пронзительный визг, когда его вдавило в грязь. Его неистовые попытки копать ничем не помогли против невидимого веса. Собачий воин был побежден притяжением земли.","El kobold lanzó un aullido agudo mientras era aplastado contra el lodo. Sus arañazos frenéticos no sirvieron de nada contra el peso invisible. El guerrero canino fue derrotado por la atracción de la tierra.","O kobold soltou um ganido agudo enquanto era esmagado contra a lama. Os seus arranhões frenéticos de nada serviram contra o peso invisível. O guerreiro canino foi derrotado pela atracção da terra.","Der Kobold stieß ein schrilles Jaulen aus, als er in den Dreck gedrückt wurde. Sein verzweifeltes Scharren half nichts gegen das unsichtbare Gewicht. Der hundeartige Krieger wurde von der Anziehungskraft der Erde besiegt.","코볼드는 날카로운 비명을 지르며 흙 속에 박혔습니다. 필사적인 저항도 보이지 않는 무게 앞에서는 무용지물이었습니다. 견면 전사는 대지의 인력 앞에 완패했습니다."
"MSG_C_GRAVITY_L_WIN","The desert lizard's low profile didn't save it from the gravitational surge. Its scales cracked as the pressure drove it into the hot sand. The predator became a flat, lifeless carving.","砂漠の捕食者であるリザードも、重力の奔流からは逃れられなかった. 圧力が身体を熱い砂に埋め込み、その鱗は無惨に砕けた。冷血な獣は、命なき平坦な彫刻へと成り果てた。","即使是沙漠中的掠食者蜥蜴，也没能逃过重力的奔流。重压将它的身体埋入热沙之中，鳞片惨遭破碎。这只冷血的野兽化为了毫无生气的扁平雕刻。","Низкий профиль пустынной ящерицы не спас ее от гравитационного всплеска. Ее чешуя треснула, когда давление вдавило ее в горячий песок. Хищник превратился в плоскую безжизненную фигуру.","El bajo perfil del lagarto del desierto no lo salvó de la oleada gravitatoria. Sus escamas se agrietaron mientras la presión lo hundía en la arena caliente. El depredador se convirtió en un tallado plano y sin vida.","O baixo perfil do lagarto do deserto não o salvou da vaga gravitacional. As suas escamas racharam enquanto a pressão o afundava na areia quente. O predador tornou-se numa escultura plana e sem vida.","Die flache Statur der Wüstenechse rettete sie nicht vor dem Gravitationsstoß. Ihre Schuppen knackten, als der Druck sie in den heißen Sand trieb. Das Raubtier wurde zu einer flachen, leblosen Schnitzerei.","사막의 포식자 리자드도 중력의 분류를 피할 수 없었습니다. 압력이 몸을 뜨거운 모래에 박아버렸고 비늘은 무참히 부서졌습니다. 냉혈한 짐승은 생명 없는 평평한 조각상으로 전락했습니다."
"MSG_C_GRAVITY_M_WIN","The mummy's dry bones turned to dust as the gravity increased. Its ancient bandages offered no protection against the physical pressure. The eternity of its curse ended under the heavy weight.","重力が増すにつれ、マミーの乾いた骨は塵へと還っていった. 古の包帯も、物理的な重圧の前には何の守りにもならなかった。数千年の呪縛は、重苦しい終焉を迎えた。","随着重力增加，木乃伊枯干的骨头化为了尘土。古老的绷带在物理重压面前起不到任何保护作用。几千年的束缚迎来了沉重的终结。","Сухие кости мумии превратились в пыль по мере усиления гравитации. Ее древние бинты не обеспечили никакой защиты от физического давления. Вечность ее проклятия закончилась под тяжелым весом.","Los huesos secos de la momia se convirtieron en polvo a medida que aumentaba la gravedad. Sus antiguas vendas no ofrecieron protección contra la presión física. La eternidad de su maldición terminó bajo el gran peso.","Os ossos secos da múmia transformaram-se em pó à medida que a gravidade aumentava. As suas antigas ligaduras não ofereceram protecção contra a pressão física. A eternidade da sua maldição terminou sob o grande peso.","Die trockenen Knochen der Mumie wurden zu Staub, als die Schwerkraft zunahm. Ihre uralten Bandagen boten keinen Schutz gegen den physischen Druck. Die Ewigkeit ihres Fluchs endete unter dem schweren Gewicht.","중력이 늘어남에 따라 미라의 마른 뼈는 먼지로 변했습니다. 고대의 붕대도 물리적인 중압 앞에서는 아무런 도움이 되지 않았습니다. 수천 년의 저주는 무거운 최후를 맞이했습니다."
"MSG_C_GRAVITY_N_LOSS","The naga's magical scales vibrated to the frequency of the gravity, allowing her to surf the waves of pressure. She glided toward you while you were trapped by your own spell.","ナーガは重力の波を自身の鱗で受け流し、螺旋を描くように接近した. 彼女の優雅な動きに重力すらも味方し、あなたは自重で身動きが取れなくなった。","纳迦充满魔力的鳞片感知着重力的频率并随之振动，使其能在那股压力波中冲浪。当你被自己的咒语困住时，她正游向你。","Магическая чешуя наги вибрировала в такт частоте гравитации, позволяя ей скользить по волнам давления. Она направилась к вам, пока вы были в ловушке собственного заклинания.","Las escamas mágicas de la naga vibraron a la frecuencia de la gravedad, permitiéndole surfear las olas de presión. Se deslizó hacia ti mientras estabas atrapado por tu propio hechizo.","As escamas mágicas da naga vibraram na frequência da gravidade, permitindo-lhe surfar as ondas de pressão. Deslizou em direcção a ti enquanto estavas preso pelo teu próprio feitiço.","Die magischen Schuppen der Naga vibrierten auf der Frequenz der Schwerkraft, was es ihr ermöglichte, auf den Druckwellen zu surfen. Sie glitt auf dich zu, während du in deinem eigenen Zauber gefangen warst.","나가는 중력의 파동을 비늘로 흘려보내며 나선형으로 접근했습니다. 그녀의 우아한 움직임에 중력조차 아군이 되었고, 당신은 자신의 무게 때문에 움직일 수 없게 되었습니다."
"MSG_C_GRAVITY_O_LOSS","The orc roared at the sky, its muscles bulging until they defied the literal laws of physics. It stepped through the heavy air as if it were a light summer breeze.","オークは自らの筋肉を裂くほどの重圧を咆哮で跳ね返し、強引に斧を振り上げた. 惑星の引力さえも、彼の野性的な闘争心を止めることはできなかった。","兽人仰天长啸，浑身肌肉虬结，甚至无视了物理定律。它在那沉重的空气中迈步，仿佛那只是夏日的一缕轻风。","Орк взревел в небо, его мускулы вздулись до такой степени, что стали противоречить буквально законам физики. Он прошел сквозь тяжелый воздух так, словно это был легкий летний ветерок.","El orco rugió al cielo, con sus músculos hinchándose hasta desafiar las leyes literales de la física. Caminó a través del aire pesado como si fuera una ligera brisa de verano.","O orco rugiu para o céu, com os seus músculos a incharem até desafiarem as leis literais da física. Caminhou através do ar pesado como se fosse uma leve brisa de Verão.","Der Ork brüllte zum Himmel, seine Muskeln schwollen an, bis sie den buchstäblichen Gesetzen der Physik trotzten. Er schritt durch die schwere Luft, als wäre sie eine leichte Sommerbrise.","오크는 근육이 터져나갈 듯한 중압을 포효로 튕겨내고 강제로 도끼를 휘둘렀습니다. 행성의 인력조차 그의 야성적인 투쟁심을 멈출 수는 없었습니다."
"MSG_C_GRAVITY_P_WIN","The pixie's magical lights winked out as the air itself grew heavy. She fell from the sky like a stone, ending her tricks forever. The light of the forest was snuffed out by the gravity.","空気が重苦しく澱み、ピクシーの魔法の光が一つ、また一つと消えた. 彼女は石のように空から墜ち、悪戯の時間は永遠に終わった。森の灯火は、重力によってかき消された。","空气变得沉重压抑，小仙女的魔法之光一个接一个地熄灭了。她像石头一样从空坠落，恶作剧的时间永远结束了。森林的灯火被重力抹杀了。","Магические огни пикси погасли, когда сам воздух стал тяжелым. Она упала с неба как камень, навсегда прекратив свои проделки. Свет леса был погашен гравитацией.","Las luces mágicas de la pixie se apagaron cuando el aire mismo se volvió pesado. Cayó del cielo como una piedra, terminando con sus trucos para siempre. La luz del bosque fue sofocada por la gravedad.","As luzes mágicas da pixie apagaram-se quando o próprio ar se tornou pesado. Caiu do céu como uma pedra, terminando com os seus truques para sempre. A luz da floresta foi sufocada pela gravidade.","Die magischen Lichter der Pixie erloschen, als die Luft selbst schwer wurde. Sie fiel wie ein Stein vom Himmel und beendete ihre Tricks für immer. Das Licht des Waldes wurde durch die Schwerkraft ausgelöscht.","공기가 무겁게 내려앉자 픽시의 마법 불빛이 하나둘 꺼졌습니다. 픽시는 돌처럼 추락했고, 장난은 영원히 끝났습니다. 숲의 등불은 중력에 의해 꺼지고 말았습니다."
"MSG_C_GRAVITY_Q_LOSS","The coeurl adjusted its internal electromagnetic field to negate the gravity's pull. It moved with such grace that the crushing weight seemed to not exist at all.","クアールは自らの電磁場を微調整し、重力の影響を完全に無効化した. その身のこなしはあまりに優雅で、周囲の重圧など最初から存在しなかったかのようだった。","夸尔调整了其内部电磁场以抵消重力的吸引。它移动得如此优雅，以至于那股压顶重力仿佛根本不存在。","Куэрл настроил свое внутреннее электромагнитное поле, чтобы свести на нет притяжение гравитации. Он двигался с такой грацией, что сокрушительный вес, казалось, вообще не существовал.","El coeurl ajustó su campo electromagnético interno para anular la atracción de la gravedad. Se movía con tal gracia que el peso aplastante parecía no existir en absoluto.","O coeurl ajustou o seu campo electromagnético interno para anular a atracção da gravidade. Movia-se com tal graça que o peso esmagador parecia não existir de todo.","Der Coeurl passte sein internes elektromagnetisches Feld an, um die Anziehungskraft der Schwerkraft aufzuheben. Er bewegte sich mit solcher Anmut, dass das erdrückende Gewicht überhaupt nicht zu existieren schien.","쿠알은 전자기장을 미세 조정해 중력의 영향을 완전히 무효화했습니다. 그 움직임이 너무나 우아해서 주변의 중압 따위는 애초에 존재하지 않았던 것처럼 보였습니다."
"MSG_C_GRAVITY_R_LOSS","The rats were so numerous that the gravity could only affect the top layer. The survivors scurried over their fallen kin, using the carpet of bodies to close the distance.","ネズミの群れがあまりに多すぎて、重力は表面の数匹にしか効果がなかった. 生き残った数万の個体は仲間の骸を足場にし、熱狂的な波となってあなたを飲み込んだ。","鼠群数量过于庞大，重力只能影响到最上层。幸存者们在倒下的同类身上窜行，利用尸体铺就的地毯拉近了距离。","Крыс было так много, что гравитация могла подействовать только на верхний слой. Выжившие сновали по своим павшим сородичам, используя ковер из тел, чтобы сократить расстояние.","Las ratas eran tan numerosas que la gravedad solo podía afectar a la capa superior. Las supervivientes corretearon sobre sus parientes caídos, usando la alfombra de cuerpos para acortar la distancia.","As ratas eram tão numerosas que a gravidade apenas conseguia afectar a camada superior. As sobreviventes correram sobre os seus parentes caídos, usando o tapete de corpos para encurtar a distância.","Die Ratten waren so zahlreich, dass die Schwerkraft nur die oberste Schicht beeinflussen konnte. Die Überlebenden huschten über ihre gefallenen Artgenossen und nutzten den Teppich aus Körpern, um die Distanz zu verringern.","쥐 떼가 너무 많아서 중력은 표면의 몇 마리에만 효과가 있었습니다. 살아남은 수만 마리는 동료의 사체를 발판 삼아 열광적인 파도가 되어 당신을 덮쳤습니다."
"MSG_C_GRAVITY_S_LOSS","The slime simply flowed into the cracks in the floor created by the intense gravity. It emerged from beneath your feet, bypassing the pressure field entirely.","スライムは強烈な重力が作り出した床の亀裂へと、音もなく流れ込んだ. 地中を通って重力場を完全に回避し、背後からあなたの足元へと這い上がってきた。","史莱姆顺着由剧烈重力造成的地面裂缝流走。它从你的脚下钻出，完全绕过了压力场。","Слизь просто затекла в трещины в полу, созданные мощной гравитацией. Она появилась из-под ваших ног, полностью миновав поле давления.","El limo simplemente fluyó por las grietas del suelo creadas por la intensa gravedad. Surgió de debajo de tus pies, esquivando completamente el campo de presión.","O slime simplesmente fluiu pelas fendas no chão criadas pela intensa gravidade. Surgiu debaixo dos teus pés, contornando completamente o campo de pressão.","Der Schleim floss einfach in die Bodenrisse, die durch die intensive Schwerkraft entstanden waren. Er tauchte unter deinen Füßen wieder auf und umging das Druckfeld vollständig.","슬라임은 강력한 중력이 만들어낸 지면의 균열 속으로 소리 없이 흘러들어 갔습니다. 땅속을 통해 중력장을 완전히 회피하고, 당신의 발밑에서 다시 기어 올라왔습니다."
"MSG_C_GRAVITY_T_LOSS","The troll's regenerative powers fought the crushing force in real-time. For every bone that cracked, two more grew back stronger, allowing the beast to trudge through the pressure.","トロールの再生能力が、押し潰そうとする重力とリアルタイムでしのぎを削った. 骨が砕けるたび、より頑強な組織がそれを上回り、怪物は重圧を突き抜けて歩を進めた。","巨魔的再生能力实时对抗着那股粉碎性力量。每断一根骨头就会长出两根更硬的，使这头畜生得以在重压下蹒跚前行。","Регенеративные силы тролля боролись с сокрушительной силой в реальном времени. На каждую треснувшую кость вырастали две новые, более прочные, что позволяло зверю пробираться сквозь давление.","Los poderes regenerativos del trol lucharon contra la fuerza aplastante en tiempo real. Por cada hueso que se fracturaba, dos más crecían más fuertes, permitiendo a la bestia avanzar con dificultad a través de la presión.","Os poderes regenerativos do troll lutaram contra a força esmagadora em tempo real. Por cada osso que se fracturava, dois mais cresciam mais fortes, permitindo à besta avançar com dificuldade através da pressão.","Die Regenerationskräfte des Trolls bekämpften die erdrückende Kraft in Echtzeit. Für jeden Knochen, der knackte, wuchsen zwei stärkere nach, was es der Bestie ermöglichte, sich durch den Druck zu schleppen.","트롤의 재생 능력이 짓누르는 중력과 실시간으로 승부를 겨뤘습니다. 뼈가 부러질 때마다 더 강력한 조직이 재생되었고, 괴물은 중압을 뚫고 발걸음을 옮겼습니다."
"MSG_C_GRAVITY_U_LOSS","As a creature of pure spirit, the undead felt no weight at all. They drifted through the distorted air, mocking your attempt to apply physical laws to a soul.","純粋な霊体であるアンデッドにとって、重みなど無関係だった. 彼らは歪んだ空気の中を滑るように漂い、魂に物理法則を当てはめようとするあなたの無知を嘲笑った。","作为纯粹的灵体，亡灵根本感受不到重量。它们在扭曲的空气中漂浮，嘲笑着你试图对灵魂施加物理定律的行为。","Будучи существом из чистого духа, нежить вообще не чувствовала веса. Они плыли сквозь искаженный воздух, высмеивая вашу попытку применить физические законы к душе.","Como criatura de puro espíritu, el no muerto no sentía peso alguno. Flotaban a través del aire distorsionado, burlándose de tu intento de aplicar leyes físicas a un alma.","Como criatura de puro espírito, o morto-vivo não sentia peso algum. Flutuavam através do ar distorcido, troçando da tua tentativa de aplicar leis físicas a uma alma.","Als Wesen aus reinem Geist spürten die Untoten überhaupt kein Gewicht. Sie trieben durch die verzerrte Luft und spotteten über deinen Versuch, physikalische Gesetze auf eine Seele anzuwenden.","순수한 영체인 언데드에게 무게 따위는 무의미했습니다. 그들은 왜곡된 공기 속을 미끄러지듯 떠다니며, 영혼에 물리 법칙을 적용하려는 당신의 무지를 비웃었습니다."
"MSG_C_GRAVITY_V_LOSS","The vampire used his dark magic to warp the space around him, creating a pocket of normal gravity. He stepped out of the darkness, untouched by your planetary might.","ヴァンパイアは闇の魔力で周囲の空間を歪め、正常な重力の結界を作り上げた. 惑星の力を物ともせず、夜の貴族は暗闇の中から悠然と姿を現した。","吸血鬼利用其暗黑魔法扭曲了周围的空间，制造了一个重力正常的区域。他踩出阴影，毫发无伤地顶住了你的行星伟力。","Вампир использовал свою темную магию, чтобы исказить пространство вокруг себя, создав карман нормальной гравитации. Он вышел из тьмы, не затронутый вашим планетарным могуществом.","El vampiro usó su magia oscura para deformar el espacio a su alrededor, creando una burbuja de gravedad normal. Salió de la oscuridad, sin ser afectado por tu poder planetario.","O vampiro usou a sua magia negra para deformar o espaço à sua volta, criando uma bolsa de gravidade normal. Saiu da escuridão, sem ser afectado pelo teu poder planetário.","Der Vampir nutzte seine dunkle Magie, um den Raum um sich herum zu krümmen und eine Tasche mit normaler Schwerkraft zu erschaffen. Er trat aus der Dunkelheit hervor, unberührt von deiner planetaren Macht.","뱀파이어는 어둠의 마력으로 주변 공간을 왜곡해 정상 중력 결계를 만들었습니다. 행성의 힘을 아랑곳하지 않고 밤의 귀족은 어둠 속에서 유유히 모습을 드러냈습니다."
"MSG_C_GRAVITY_W_LOSS","The wolves split up, ensuring that the localized gravity could never catch the whole pack. They circled you, waiting for the strain of the spell to exhaust your stamina.","オオカミの群れは分散し、局所的な重力が群れ全体を捉えることを許さなかった. 彼らは交代であなたを牽制し、呪文の維持に体力が尽きるのを冷静に待っていた。","狼群分散开来，确保局部重力永远无法捕捉到整支族群。它们包围着你，等待着维持咒语导致的疲劳耗尽你的体力。","Волки разделились, гарантируя, что локализованная гравитация никогда не поймает всю стаю. Они кружили вокруг вас, выжидая, пока напряжение заклинания истощит вашу выносливость.","Los lobos se dividieron, asegurando que la gravedad localizada nunca pudiera atrapar a toda la manada. Te rodearon, esperando a que la tensión del hechizo agotara tu resistencia.","Os lobos dividiram-se, garantindo que a gravidade localizada nunca conseguisse apanhar toda a alcateia. Rodearam-te, esperando que a tensão do feitiço esgotasse a tua resistência.","Die Wölfe teilten sich auf, um sicherzustellen, dass die lokalisierte Schwerkraft niemals das ganze Rudel erfassen konnte. Sie umkreisten dich und warteten darauf, dass die Anstrengung des Zaubers deine Ausdauer erschöpfte.","늑대 무리는 분산되어 국소 중력이 무리 전체를 덮치지 못하게 했습니다. 그들은 교대로 당신을 견제하며 주문 유지에 체력이 다하기를 냉정하게 기다렸습니다."
"MSG_C_GRAVITY_X_LOSS","Xalthis's alien physiology was adapted to the high-pressure environments of deep space. It thrived under the weight, moving with newfound strength as it lunged forward.","ザルシスの異質な生理構造は、深宇宙の高圧環境に適応していた. 彼はむしろ重圧の下で活力を増し、かつてない力強さであなたへと躍りかかってきた。","扎尔希斯那外星生理构造适应了深空的高压环境。它在重压下反而生龙活虎，带着新获得的力量向前猛扑。","Инопланетная физиология Зальтиса была адаптирована к условиям высокого давления глубокого космоса. Он процветал под тяжестью, двигаясь с вновь обретенной силой, когда бросился вперед.","La fisiología alienígena de Xalthis estaba adaptada a los entornos de alta presión del espacio profundo. Prosperó bajo el peso, moviéndose con una fuerza renovada mientras se lanzaba hacia adelante.","A fisiologia alienígena de Xalthis estava adaptada aos ambientes de alta pressão do espaço profundo. Prosperou sob o peso, movendo-se com uma força renovada enquanto se lançava para a frente.","Xalthis' außerirdische Physiologie war an die Hochdruckumgebungen des tiefen Weltraums angepasst. Er blühte unter dem Gewicht auf und bewegte sich mit neu gewonnener Kraft, als er nach vorne schnellte.","잘티스의 이질적인 생리 구조는 심우주의 고압 환경에 적응되어 있었습니다. 그는 오히려 중압 하에서 활력을 얻어 전례 없는 힘으로 당신에게 달려들었습니다."
"MSG_C_GRAVITY_Y_LOSS","The ice giant used the gravity to compact the snow beneath its feet, creating a solid platform of ice. It lunged across the frozen terrain, its momentum unstoppable.","氷の巨人は重力を利用して足元の雪を圧縮し、一瞬で強固な氷の足場を作り上げた. 凍てついた大地を蹴り、その突進はもはや誰にも止めることはできない。","冰巨人利用重力压缩了脚下的雪，制造了一个坚实的冰平台。它在冰封的地面上猛冲，势不可挡。","Ледяной гигант использовал гравитацию, чтобы уплотнить снег под ногами, создав прочную ледяную платформу. Он рванулся по замерзшей местности, его инерция была неудержимой.","El gigante de hielo usó la gravedad para compactar la nieve bajo sus pies, creando una plataforma sólida de hielo. Se lanzó a través del terreno congelado, con un impulso imparable.","O gigante do gelo usou a gravidade para compactar a neve sob os seus pés, criando uma plataforma sólida de gelo. Lançou-se através do terreno congelado, com um impulso imparável.","Der Eisriese nutzte die Schwerkraft, um den Schnee unter seinen Füßen zu verdichten und so eine feste Eisplattform zu schaffen. Er stürmte über das gefrorene Gelände, sein Schwung war unaufhaltsam.","얼음 거인은 중력을 이용해 발밑의 눈을 압축했고, 순식간에 견고한 얼음 발판을 만들었습니다. 얼어붙은 대지를 박차고 나가는 그 돌진은 이제 아무도 막을 수 없습니다."
"MSG_C_GRAVITY_Z_LOSS","The zombies crawled toward you even as their spines snapped under the weight. The lack of pain and preservation meant they would never stop, no matter how flat they became.","ゾンビたちは重圧で背骨が折れようとも、あなたに向かって這い続けた. 痛みを知らず、生への執着もない死者は、どれほど押し潰されようとも停止することはない。","僵尸即使脊椎在重压下折断，依然向你爬来。由于缺乏痛觉且无需自保，这意味着无论它们被压得有多扁，都永远不会停止。","Зомби ползли к вам, даже когда их позвоночники ломались под тяжестью. Отсутствие боли и инстинкта самосохранения означало, что они никогда не остановятся, какими бы плоскими они ни стали.","Los zombis se arrastraron hacia ti incluso cuando sus espinas dorsales se quebraron bajo el peso. La falta de dolor y de instinto de preservación significaba que nunca se detendrían, sin importar cuán planos quedaran.","Os zombies rastejaram em tua direcção mesmo quando as suas espinhas se partiram sob o peso. A falta de dor e de instinto de preservação significava que nunca parariam, não importa quão planos ficassem.","Die Zombies krochen auf dich zu, selbst als ihre Wirbelsäulen unter dem Gewicht brachen. Das Fehlen von Schmerz und Selbsterhaltungstrieb bedeutete, dass sie niemals aufhören würden, egal wie flach sie wurden.","좀비들은 중압에 척추가 부러지더라도 당신을 향해 계속 기어 왔습니다. 통증을 느끼지 못하고 생존 본능도 없는 시체들은 아무리 납작하게 눌려도 멈추지 않습니다."
"MSG_C_GUILLOTINE_A_WIN","The ant was caught in the path of the falling blade, severed cleanly in a single flash of steel. It was a swift, efficient end for the tiny worker. Your dark executioner claimed its smallest prize with a silver glint.","落下する刃の軌道上にアリは捕らえられ、鋼の一閃と共に真っ二つに切り裂かれた。小さな働き手にとって、それはあまりに迅速で効率的な最期だった。闇の処刑人は、銀色の煌めきと共に最小の獲物を仕留めたのだ。","蚂蚁被落下的刀刃击中，在钢铁的一闪之下被干脆利落地截断。对于这个微小的工人来说，这是一个迅速、高效的终结。你的黑暗处刑者伴随着银光夺取了它最小的战利品。","Муравей попал под падающее лезвие, чисто разрубленный единственной вспышкой стали. Это был быстрый и эффективный конец для крошечного труженика. Ваш темный палач забрал свою самую маленькую добычу с серебристым блеском.","La hormiga fue atrapada en la trayectoria de la cuchilla descendente, cortada limpiamente en un solo destello de acero. Fue un final rápido y eficiente para la pequeña obrera. Tu oscuro ejecutor reclamó su premio más pequeño con un brillo plateado.","A formiga foi colhida no caminho da lâmina cadente, cortada de forma limpa num único clarão de aço. Foi um fim rápido e eficiente para a pequena operária. O seu carrasco sombrio reclamou o seu prémio mais pequeno com um brilho prateado.","Die Ameise wurde von der fallenden Klinge erfasst und mit einem einzigen Stahlblitz sauber durchtrennt. Es war ein schnelles, effizientes Ende für die winzige Arbeiterin. Dein dunkler Henker forderte seine kleinste Beute mit einem silbernen Glitzern ein.","개미는 떨어지는 칼날의 궤도에 걸려 강철의 일섬과 함께 깔끔하게 두 동강 났습니다. 작은 일꾼에게 그것은 너무나 신속하고 효율적인 최후였습니다. 어둠의 처형인은 은빛 섬광과 함께 가장 작은 전리품을 챙겼습니다."
"MSG_C_GUILLOTINE_B_WIN","The bat's neck was positioned perfectly under the descending blade as it dove for your throat. It was stilled mid-shriek as the cold metal met its fragile body. The creature of the night met its end in a swift, sharp cut.","喉元を狙って降下したコウモリだったが、その首筋は完璧に刃の真下へと誘導されていた。悲鳴を上げる暇もなく、冷たい金属が脆弱な肉体を両断する。夜の住人は、迅速で鋭い一撃と共にその生涯を終えた。","当蝙蝠俯冲向你的喉咙时，它的脖子正好位于下落的刀刃之下。随着冰冷的金属接触到它脆弱的身体，它在尖叫中停了下来。这个黑夜生物在迅速、锋利的一砍中迎来了终结。","Шея летучей мыши оказалась точно под опускающимся лезвием, когда она бросилась к вашему горлу. Она замерла на полукрике, когда холодный металл коснулся ее хрупкого тела. Ночное существо встретило свой конец быстрым и резким ударом.","El cuello del murciélago se posicionó perfectamente bajo la cuchilla descendente mientras se lanzaba hacia tu garganta. Se detuvo en medio de un chillido cuando el metal frío encontró su frágil cuerpo. La criatura de la noche encontró su final en un corte rápido y afilado.","O pescoço do morcego posicionou-se perfeitamente sob a lâmina descendente enquanto ele mergulhava em direção à sua garganta. Estacou a meio de um guincho quando o metal frio encontrou o seu corpo frágil. A criatura da noite encontrou o seu fim num corte rápido e afiado.","Der Hals der Fledermaus befand sich perfekt unter der herabfallenden Klinge, als sie auf deine Kehle zustürzte. Mitten im Schrei wurde sie still, als das kalte Metall auf ihren zerbrechlichen Körper traf. Die Kreatur der Nacht fand ihr Ende durch einen schnellen, scharfen Schnitt.","당신의 목을 노리고 하강하던 박쥐의 목덜미가 정확히 칼날 아래에 놓였습니다. 비명을 지를 새도 없이 차가운 금속이 취약한 육체를 양단했습니다. 밤의 거주자는 신속하고 날카로운 일격과 함께 생을 마감했습니다."
"MSG_C_GUILLOTINE_C_WIN","The cobra's lunging strike was interrupted by the high-speed descent of the guillotine blade. Its long head was severed from its body with clinical precision, ending the toxic threat in an instant. The serpent's eyes glazed over in silver.","コブラの必死の突進は、高速で落下するギロチンの刃によって無残に断ち切られた。精密な一撃が長い頭部を胴体から切り離し、毒の脅威は一瞬で霧散する。毒蛇の瞳は、銀色の輝きの中で永遠に濁った。","眼镜蛇的猛冲被断头台刀片的飞速落下所打断。它长长的头部被以冷静的精确度从身体上切断，瞬间结束了剧毒威胁。蛇的眼睛蒙上了一层银光。","Выпад кобры был прерван высокоскоростным падением лезвия гильотины. Ее длинная голова была отделена от тела с хирургической точностью, мгновенно положив конец ядовитой угрозе. Глаза змеи затянулись серебром.","El ataque de la cobra fue interrumpido por el descenso a alta velocidad de la cuchilla de la guillotina. Su larga cabeza fue separada de su cuerpo con precisión clínica, terminando con la amenaza tóxica en un instante. Los ojos de la serpiente se empañaron en plata.","O ataque da cobra foi interrompido pela descida a alta velocidade da lâmina da guilhotina. A sua cabeça comprida foi separada do corpo com precisão clínica, terminando com a ameaça tóxica num instante. Os olhos da serpente ficaram baços em prateado.","Der vorstoßende Angriff der Kobra wurde durch das rasante Herabfallen der Guillotinenklinge unterbrochen. Ihr langer Kopf wurde mit klinischer Präzision vom Körper getrennt, was der giftigen Bedrohung in einem Augenblick ein Ende setzte. Die Augen der Schlange überzogen sich mit einem silbernen Glanz.","코브라의 필사적인 돌진은 고속으로 낙하하는 단두대의 칼날에 의해 무참히 끊겼습니다. 정밀한 일격이 긴 머리를 몸통에서 분리했고, 독의 위협은 순식간에 사라졌습니다. 독사의 눈동자는 은빛 광채 속에서 영원히 흐려졌습니다."
"MSG_C_GUILLOTINE_D_WIN","Even the dragon's armored neck couldn't resist the supernatural sharpness of the guillotine. It roared in surprise as the blade bit deep, ending the reign of the high-flying monarch forever. The dragon's head fell with the weight of a mountain.","ドラゴンの装甲に覆われた首でさえ、ギロチンの超常的な鋭さの前には無防備だった。刃が深く食い込み、気高き君主の支配は永遠に閉ざされる。巨龍の首は、山の如き重厚な音を立てて大地に転がった。","即使是巨龙装甲般的脖子也无法抵抗断头台超自然的锋利度。当刀刃深深刻入时，它惊恐地咆哮起来，永远结束了这位高飞君主的统治。龙的头伴随着山的重量落下了。","Даже бронированная шея дракона не смогла противостоять сверхъестественной остроте гильотины. Он удивленно взревел, когда лезвие глубоко вонзилось, навсегда положив конец правлению высоко летящего монарха. Голова дракона упала с тяжестью горы.","Incluso el cuello acorazado del dragón no pudo resistir la nitidez sobrenatural de la guillotina. Rugió de sorpresa cuando la cuchilla mordió profundamente, terminando el reinado del monarca de alto vuelo para siempre. La cabeza del dragón cayó con el peso de una montaña.","Nem mesmo o pescoço blindado do dragão conseguiu resistir à afiação sobrenatural da guilhotina. Rugiu de surpresa quando a lâmina mordeu fundo, terminando para sempre com o reinado do monarca voador. A cabeça do dragão caiu com o peso de uma montanha.","Selbst der gepanzerte Hals des Drachen konnte der übernatürlichen Schärfe der Guillotine nicht widerstehen. Er brüllte überrascht auf, als die Klinge tief einschnitt und die Herrschaft des hochfliegenden Monarchen für immer beendete. Der Kopf des Drachen fiel mit dem Gewicht eines Berges.","드래곤의 장갑에 덮인 목조차 단두대의 초자연적인 날카로움 앞에서는 무방비였습니다. 칼날이 깊숙이 박히자 고귀한 군주의 통치는 영원히 끝났습니다. 거룡의 머리는 산과 같은 중후한 소리를 내며 대지에 굴러떨어졌습니다."
"MSG_C_GUILLOTINE_E_WIN","The Ent's ancient bark was severed with a loud wooden crack as the heavy blade fell. It was a clean, final cut that the forest spirit could not regenerate from. The guardian of the woods was finally brought to its knees by the cold steel.","重量級の刃が放たれると、大きな木のはぜる音と共にエントの古の樹皮は切り裂かれた。それは、森の精霊でさえも再生できぬ完璧で最期の一撃だった。守護者は、冷たい鋼の前にその身を屈し、息絶えた。","随着沉重的刀刃落下，树精古老的树皮伴随着一声响亮的木头裂声被斩断。这是一个干净、最终的切割，森林之灵无法从中再生。森林守护者最终在冷钢面前屈服了。","Древняя кора Энта была разрублена с громким деревянным треском, когда упало тяжелое лезвие. Это был чистый, окончательный разрез, от которого дух леса не смог оправиться. Хранитель леса был окончательно поставлен на колени холодной сталью.","La antigua corteza del Ent fue cortada con un fuerte crujido de madera mientras caía la pesada cuchilla. Fue un corte limpio y final del que el espíritu del bosque no pudo regenerarse. El guardián de los bosques finalmente fue puesto de rodillas por el acero frío.","A casca antiga do Ent foi cortada com um forte estalo de madeira à medida que a lâmina pesada caía. Foi um corte limpo e final do qual o espírito da floresta não se conseguiu regenerar. O guardião dos bosques foi finalmente ajoelhado pelo aço frio.","Die uralte Rinde des Ents wurde mit einem lauten hölzernen Krachen durchtrennt, als die schwere Klinge fiel. Es war ein sauberer, endgültiger Schnitt, von dem sich der Waldgeist nicht regenerieren konnte. Der Wächter des Waldes wurde schließlich durch den kalten Stahl in die Knie gezwungen.","중량급 칼날이 떨어지자 거대한 나무가 갈라지는 소리와 함께 엔트의 고대 껍질이 잘려 나갔습니다. 그것은 숲의 정령조차 재생할 수 없는 완벽하고 마지막인 일격이었습니다. 수호자는 차가운 강철 앞에 무릎을 꿇고 숨을 거두었습니다."
"MSG_C_GUILLOTINE_F_WIN","The fly was caught in mid-air by the falling blade, too fast even for its erratic turns. It was split in two with a soundless finality, its annoying buzzing ending in a flash of silver. The pest was definitively removed.","気まぐれに飛び回るハエを、落下する刃がその軌道の中央で見事に捉えた。物音一つ立てず、魔物は二つに断ち切られ、目障りな羽音は銀色の閃光と共に消える。害虫は、決定的な最期を迎えたのだ。","苍蝇在半空中被落下的刀刃击中，即使是它飘忽不定的转弯也太满了。由于无声的最后通牒，它被劈成两半，它那烦人的嗡鸣声在银光的闪烁中结束。这个害虫被彻底清除了。","Муха была поймана в воздухе падающим лезвием, слишком быстрым даже для ее беспорядочных поворотов. Она была разделена надвое с беззвучной решительностью, ее раздражающее жужжание прекратилось во вспышке серебра. Вредитель был окончательно удален.","La mosca fue atrapada en el aire por la cuchilla descendente, demasiado rápida incluso para sus giros erráticos. Fue dividida en dos con una finalidad silenciosa, su molesto zumbido terminó en un destello de plata. La plaga fue eliminada definitivamente.","A mosca foi apanhada no ar pela lâmina cadente, rápida demais até para as suas curvas erráticas. Foi dividida em duas com uma finalidade silenciosa, o seu zumbido irritante terminando num clarão prateado. A praga foi definitivamente removida.","Die Fliege wurde mitten in der Luft von der fallenden Klinge erfasst, die selbst für ihre unvorhersehbaren Wendungen zu schnell war. Mit lautloser Endgültigkeit wurde sie entzweigeschnitten, ihr lästiges Summen endete in einem silbernen Blitz. Der Schädling wurde endgültig beseitigt.","변덕스럽게 날아다니는 파리를 떨어지는 칼날이 궤도 한복판에서 멋지게 포착했습니다. 아무런 소리도 내지 못한 채 괴물은 두 동강 났고, 거슬리는 날갯소리는 은빛 섬광과 함께 사라졌습니다. 해충은 결정적인 최후를 맞이했습니다."
"MSG_C_GUILLOTINE_G_WIN","The goblin's crimes caught up to it as the heavy iron triangle descended with a terrifying whistle. It didn't even have time to shriek before its cowardly head was freed from its shoulders. The thief finally lost everything.","恐怖を誘う風切り音と共に重厚な鉄の三角刃が降り注ぎ、ゴブリンの罪深き生涯は終わりを告げた。悲鳴を上げる間もなく、その卑怯な頭部は肩から切り離される。泥棒は、ついにその全てを失ったのである。","随着沉重的三角形铁刃带着可怕的哨音落下，哥布林的罪行追上了它。在它卑鄙的脑袋离开肩膀之前，它甚至没有时间尖叫。这个小偷终于失去了一切。","Преступления гоблина настигли его, когда тяжелый железный треугольник опустился с ужасающим свистом. У него даже не было времени закричать, прежде чем его трусливая голова была отделена от плеч. Вор окончательно потерял всё.","Los crímenes del goblin lo alcanzaron cuando el pesado triángulo de hierro descendió con un silbido aterrador. Ni siquiera tuvo tiempo de chillar antes de que su cobarde cabeza fuera liberada de sus hombros. El ladrón finalmente lo perdió todo.","Os crimes do goblin alcançaram-no quando o pesado triângulo de ferro desceu com um assobio aterrador. Nem sequer teve tempo de ganir antes de a sua cabeça cobarde ser libertada dos ombros. O ladrão finalmente perdeu tudo.","Die Verbrechen des Goblins holten ihn ein, als das schwere eiserne Dreieck mit einem schrecklichen Pfeifen herabkam. Er hatte nicht einmal Zeit zu schreien, bevor sein feiger Kopf von seinen Schultern getrennt wurde. Der Dieb verlor schließlich alles.","공포를 부르는 풍찰음과 함께 묵직한 철제 삼각날이 쏟아지며 고블린의 죄 깊은 생애는 막을 내렸습니다. 비명을 지를 새도 없이 비겁한 머리가 어깨에서 분리되었습니다. 도둑은 마침내 모든 것을 잃었습니다."
"MSG_C_GUILLOTINE_H_LOSS","The harpy's keen eyes predicted the blade's path, allowing her to spiral safely out of the way. She shrieked a mocking melody as she danced through the air, completely untouched by your heavy executioner. The sky queen laughed at gravity.","ハーピーの鋭い瞳は刃の軌道を予見し、彼女を安全な螺旋の彼方へと導いた。空中を優雅に舞いながら、彼女は重厚な処刑人を嘲笑うかのような旋律を奏でる。空の女王は、重力の仕掛けなど鼻で笑い飛ばしたのだ。","哈皮敏锐的眼睛预判了刀刃的路径，让她能够安全地盘旋避开。当她在空中起舞时，她发出了嘲讽的旋律，完全没有被你那沉重的处刑者碰到。天空女王嘲笑引力。","Острые глаза гарпии предсказали путь лезвия, позволив ей безопасно уклониться по спирали. Она вскрикнула насмешливую мелодию, танцуя в воздухе, совершенно не затронутая вашим тяжелым палачом. Королева неба смеялась над гравитацией.","Los agudos ojos de la harpía predijeron la trayectoria de la cuchilla, permitiéndole girar en espiral fuera del camino de forma segura. Chilló una melodía burlona mientras bailaba en el aire, completamente intacta por tu pesado ejecutor. La reina del cielo se rió de la gravedad.","Os olhos aguçados da harpia previram o caminho da lâmina, permitindo-lhe espiralar em segurança para fora do caminho. Soltou um guincho de melodia zombeteira enquanto dançava pelo ar, completamente intocada pelo seu carrasco pesado. A rainha do céu riu-se da gravidade.","Die scharfen Augen der Harpyie sahen den Pfad der Klinge voraus, sodass sie spiralförmig sicher aus dem Weg gehen konnte. Sie schrie eine spöttische Melodie, während sie durch die Luft tanzte, völlig unberührt von deinem schweren Henker. Die Himmelskönigin lachte über die Schwerkraft.","하피의 날카로운 눈은 칼날의 궤도를 예견했고, 그녀를 안전한 나선 너머로 인도했습니다. 허공을 우아하게 춤추며 그녀는 묵직한 처형인을 비웃는 듯한 선율을 노래합니다. 하늘의 여왕은 중력의 장치 따위는 콧방귀를 뀌며 비웃었습니다."
"MSG_C_GUILLOTINE_I_WIN","The imp's mocking face was stilled as the blade passed through its spectral neck with cold finality. It tried to vanish, but the sharp reality of the steel was faster than its dying breath. The prankster met a dark, hushed end in the cell.","冷徹な決断力と共に放たれた刃が、インプの霊的な首を音もなく通り抜けた。消失を試みるも、鋼がもたらす鋭利な現実は絶命の瞬間よりも早く訪れる。悪戯っ子は、静まり返った牢獄の中で闇に飲まれた。","当刀刃伴随着冰冷的最后通牒穿过小恶魔幽灵般的脖子时，它嘲讽的面孔停止了。它试图消失，但钢铁锋利的现实比它垂死的呼吸还要快。这个骗子在牢房里迎来了黑暗、沈寂的终结。","Насмешливое лицо импа замерло, когда лезвие прошло сквозь его призрачную шею с холодной решительностью. Он пытался исчезнуть, но острая реальность стали оказалась быстрее его предсмертного вздоха. Проказник встретил темный, безмолвный конец в камере.","El rostro burlón del imp se detuvo cuando la cuchilla pasó a través de su cuello espectral con una finalidad fría. Intentó desvanecerse, pero la aguda realidad del acero fue más rápida que su aliento moribundo. El bromista encontró un final oscuro y silencioso en la celda.","O rosto zombeteiro do imp estacou quando a lâmina passou pelo seu pescoço espectral com uma finalidade fria. Tentou desaparecer, mas a realidade afiada do aço foi mais rápida que o seu fôlego agonizante. O brincalhão encontrou um fim sombrio e silencioso na cela.","Das spöttische Gesicht des Imps erstarrte, als die Klinge mit kalter Endgültigkeit durch seinen spektralen Hals glitt. Er versuchte zu verschwinden, aber die scharfe Realität des Stahls war schneller als sein sterbender Atem. Der Schalk fand in der Zelle ein dunkles, verstummtes Ende.","냉철한 결단력과 함께 뿜어진 칼날이 임프의 영적인 목을 소리 없이 관통했습니다. 사라지려 애썼지만 강철이 가져온 예리한 현실은 절명의 순간보다 빠르게 찾아왔습니다. 장난꾸러기는 고요해진 감옥 안에서 어둠에 삼켜졌습니다."
"MSG_C_GUILLOTINE_J_WIN","The jelly's liquid center was split in two by the descending blade, preventing it from reforming. Its core essence spilled onto the floor, its life force ending in a silent, colorful shimmer. The monster was finally divided.","下降する刃がジェリーの流動的な中心部を真っ二つに裂き、その再構成を完全に封じた。本質的な生命力が床へと溢れ出し、魔物の命は静かな極光と共に途絶える。怪物は、ついにその存在を分断されたのだ。","果冻怪的液体中心被落下的刀刃劈成两半，阻止了它重新组合。它的核心本质溅落到地板上，它的生命力在无声、五彩斑斓的光芒中终结。这个怪物终于被分割了。","Жидкий центр желе был разделен надвое опускающимся лезвием, что предотвратило его воссоединение. Его основная сущность вылилась на пол, а жизненная сила угасла в безмолвном, красочном мерцании. Монстр был наконец разделен.","El centro líquido de la gelatina fue dividido en dos por la cuchilla descendente, evitando que se reformara. Su esencia central se derramó en el suelo, su fuerza vital terminando en un silencioso y colorido resplandor. El monstruo finalmente fue dividido.","O centro líquido da geleia foi dividido em dois pela lâmina descendente, impedindo-a de se reformar. A sua essência central espalhou-se pelo chão, a sua força vital terminando num brilho silencioso e colorido. O monstro foi finalmente dividido.","Das flüssige Zentrum des Gelees wurde durch die herabfallende Klinge entzweigeteilt, was verhinderte, dass es sich neu formte. Seine Kernessenz ergoss sich auf den Boden, seine Lebenskraft endete in einem lautlosen, farbenfrohen Schimmer. Das Monster wurde schließlich geteilt.","하강하는 칼날이 젤리의 유동적인 중심부를 두 동강 내어 재결합을 완전히 봉쇄했습니다. 본질적인 생명력이 바닥으로 흘러나왔고, 괴물의 목숨은 고요한 극채색의 빛과 함께 끊겼습니다. 괴물은 마침내 존재가 분단되었습니다."
"MSG_C_GUILLOTINE_K_WIN","The kobold warrior's crude shield was split in half along with its defender as the guillotine struck. It was a swift, overwhelming display of power that the tribal guardian could not resist. The canine hero fell in a single, sharp stroke.","ギロチンの一撃は、コボルドの戦士が誇る粗末な盾ごと守護者を両断した。部族の番人の抵抗を許さぬ、迅速かつ圧倒的な力の差. 犬の英雄は、ただ一度の鋭い一振りによってその命を散らした。","当断头台击中时，狗头人战士那粗糙的盾牌及其守护者被劈成了两半。这是一个部族守护者无法抵抗的迅速、压倒性的力量展示。这名犬类英雄在一次利索的斩击下倒地。","Грубый щит воина-кобольда был расколот пополам вместе с его защитником при ударе гильотины. Это была быстрая, сокрушительная демонстрация силы, которой племенной страж не смог противостоять. Собачий герой пал от одного резкого удара.","El tosco escudo del guerrero kobold fue dividido a la mitad junto con su defensor cuando la guillotina golpeó. Fue una demostración de poder rápida y abrumadora que el guardián tribal no pudo resistir. El héroe canino cayó en un solo golpe afilado.","O escudo rudimentar do guerreiro kobold foi dividido ao meio juntamente com o seu defensor quando a guilhotina atingiu. Foi uma demonstração de poder rápida e esmagadora à qual o guardião tribal não conseguiu resistir. O herói canino caiu num único e afiado golpe.","Der primitive Schild des Koboldkriegers wurde zusammen mit seinem Verteidiger entzweigeschlagen, als die Guillotine zuschlug. Es war eine schnelle, überwältigende Machtdemonstration, der der Stammeswächter nicht widerstehen konnte. Der hündische Held fiel mit einem einzigen, scharfen Schlag.","단두대의 일격은 코볼드 전사가 자랑하던 조잡한 방패와 함께 수호자를 양단했습니다. 부족 파수꾼의 저항을 허용하지 않는 신속하고 압도적인 힘의 차이. 견인(犬人)의 영웅은 단 한 번의 날카로운 휘두름에 목숨을 잃었습니다."
"MSG_C_GUILLOTINE_L_LOSS","The lizard pulled its tail back at the last second, letting the blade hit only the empty desert floor. It used the recoil of its sudden movement to dart into the shadows, safe and angry. The cold predator was too agile for your machine.","リザードは間一髪で長い尾を引き戻し、刃はただ無機質な砂漠の床を叩いただけに終わった。その反射的な跳躍を利用して魔物は影へと消え、怒りに任せて威嚇する。冷血な捕食者は、あなたの機械にはあまりに機敏すぎた。","蜥蜴在最后一秒收回了尾巴，让刀刃只击中了空空的沙漠地板。它利用突然动作的后坐力窜入阴影，既安全又愤怒。对于你的机器来说，这个冷血掠食者太敏捷了。","Ящерица отдернула хвост в последнюю секунду, позволив лезвию ударить только по пустому полу пустыни. Она использовала отдачу своего внезапного движения, чтобы броситься в тени, в безопасности и ярости. Хладнокровный хищник был слишком проворным для вашей машины.","El lagarto retiró su cola en el último segundo, dejando que la cuchilla golpeara solo el suelo desierto vacío. Usó el retroceso de su movimiento repentino para lanzarse a las sombras, a salvo y enojado. El depredador frío era demasiado ágil para tu máquina.","O lagarto puxou a cauda no último segundo, deixando a lâmina atingir apenas o chão vazio do deserto. Usou o recuo do seu movimento repentino para se lançar nas sombras, seguro e zangado. O predador frio era demasiado ágil para a sua máquina.","Die Echse zog ihren Schwanz im letzten Moment zurück, sodass die Klinge nur den leeren Wüstenboden traf. Sie nutzte den Rückstoß ihrer plötzlichen Bewegung, um in die Schatten zu flüchten, sicher und zornig. Das kaltblütige Raubtier war zu agil für deine Maschine.","리자드는 간발의 차로 긴 꼬리를 거두어들였고, 칼날은 그저 무기질적인 사막 바닥을 쳤을 뿐이었습니다. 그 반동적인 도약을 이용해 괴물은 그림자 속으로 사라지며 분노 섞인 위협을 가합니다. 냉혈한 포식자는 당신의 기계가 감당하기엔 너무나 민첩했습니다."
"MSG_C_GUILLOTINE_M_LOSS","The mummy's neck was severed, but the head continued to chant ancient curses as it rolled across the floor. It seemed to ignore the separation of flesh and bone, its magic holding its spirit firm. The past cannot be ended by a simple cut.","首を切り落とされたマミーだったが、床を転がる頭部は依然として古の呪詛を紡ぎ続けた。肉体と骨の分離など、魔物の魔法の前には無に等しい。過去の残滓は、単純な切断だけで終わるようなものではなかった。","木乃伊的脖子被切断了，但当脑袋在地板上滚动时，它还在继续吟诵古老的诅咒。它似乎无视了肉与骨的分离，它的魔法紧紧束缚着它的灵魂。过去无法通过简单的一砍就结束。","Шея мумии была перерублена, но голова продолжала петь древние проклятия, катясь по полу. Она, казалось, игнорировала разделение плоти и костей, ее магия крепко удерживала дух. Прошлое не может быть закончено простым разрезом.","El cuello de la momia fue cortado, pero la cabeza continuó cantando maldiciones antiguas mientras rodaba por el suelo. Parecía ignorar la separación de carne y hueso, su magia mantenía su espíritu firme. El pasado no puede terminarse con un simple corte.","O pescoço da múmia foi cortado, mas a cabeça continuou a entoar maldições antigas enquanto rolava pelo chão. Parecia ignorar a separação de carne e osso, a sua magia mantendo o seu espírito firme. O passado não pode terminar com um simples corte.","Der Hals der Mumie wurde durchtrennt, aber der Kopf sang weiter uralte Flüche, während er über den Boden rollte. Er schien die Trennung von Fleisch und Knochen zu ignorieren, da seine Magie seinen Geist festhielt. Die Vergangenheit kann nicht durch einen einfachen Schnitt beendet werden.","목이 잘린 미라였지만, 바닥을 구르는 머리는 여전히 고대의 저주를 읊조렸습니다. 육체와 뼈의 분리 따위는 괴물의 마법 앞에서 무의미했습니다. 과거의 잔재는 단순한 절단만으로 끝날 수 있는 것이 아니었습니다."
"MSG_C_GUILLOTINE_N_LOSS","The naga spun her body into a fluid spiral, causing the blade to catch only air in its descent. She hissed a counter-spell that chilled the very air you breathed, her graceful survival absolute. The wise spirit was not a target for the steel.","ナーガは自らの身体を流動的な螺旋状に捻り、落下する刃を易々と回避した。周囲の空気を凍てつかせるような反撃の呪文を唱え、彼女はその優雅なさで生を謳歌する。賢き精霊を、鋼の刃で捕らえることは叶わなかった。","纳迦将她的身体旋转成流体螺旋状，导致刀刃在下落时只捕捉到了空气。她发出了一声让空气结冰的反击咒语，她那优雅的生存是绝对的。聪慧之灵并不是钢铁的目标。","Нага закрутила свое тело в текучую спираль, из-за чего лезвие при падении поймало только воздух. Она прошипела контрзаклинание, которое охладило сам воздух, которым вы дышали, ее изящное выживание было абсолютным. Мудрый дух не был мишенью для стали.","La naga giró su cuerpo en una espiral fluida, haciendo que la cuchilla solo atrapara aire en su descenso. Silbó un contrahechizo que enfrió el aire que respirabas, su supervivencia elegante absoluta. El espíritu sabio no era un objetivo para el acero.","A naga girou o seu corpo numa espiral fluida, fazendo com que a lâmina apanhasse apenas ar na sua descida. Sibilou um contra-feitiço que gelou o próprio ar que respiravas, a sua sobrevivência graciosa absoluta. O espírito sábio não era um alvo para o aço.","Die Naga drehte ihren Körper in eine fließende Spirale, sodass die Klinge beim Herabfallen nur Luft erwischte. Sie zischte einen Gegenzauber, der die Luft, die du atmetest, gefrieren ließ; ihr anmutiges Überleben war absolut. Der weise Geist war kein Ziel für den Stahl.","나가는 자신의 몸을 유동적인 나선형으로 비틀어 떨어지는 칼날을 가뿐히 회피했습니다. 주위의 공기를 얼려버릴 듯한 반격의 주문을 외우며 그녀는 우아하게 삶을 노래합니다. 현명한 정령을 강철 칼날로 잡을 수는 없었습니다."
"MSG_C_GUILLOTINE_O_LOSS","The orc's path was not meant to end here. He roared his defiance at your machine, his raw strength breaking the heavy executioner. The warrior's path was not meant to end here.","オークは巨大な斧を振り上げ、落下する刃を力任せに粉砕した。鋼の破片が部屋中に飛び散る中、魔物は傲慢に咆哮を上げる。戦士の怪力は、重厚な処刑人そのものを破壊したのだ。彼の旅路は、ここで終わるはずもなかった。","兽人用其巨大的斧头击碎了落下的刀刃，让钢铁碎片在房间里飞舞。它对着你的机器发出挑战般的吼声，它原始的力量击碎了沉重的处刑者。战士的道路不该在这里终结。","Орк разбил падающее лезвие своим массивным топором, разбросав куски стали по комнате. Он взревел в знак неповиновения вашей машине, его первобытная сила сломала тяжелого палача. Путь воина не должен был закончиться здесь.","El orco aplastó la cuchilla descendente con su enorme hacha, enviando trozos de acero volando por la habitación. Rugió su desafío a tu máquina, su fuerza bruta rompiendo al pesado ejecutor. El camino del guerrero no estaba destinado a terminar aquí.","O orc esmagou a lâmina cadente com o seu machado maciço, enviando pedaços de aço a voar pela sala. Rugiu o seu desafio à sua máquina, a sua força bruta quebrando o carrasco pesado. O caminho do guerreiro não estava destinado a terminar aqui.","Der Ork zerschmetterte die fallende Klinge mit seiner massiven Axt und ließ Stahlstücke durch den Raum fliegen. Er brüllte seine Verachtung gegenüber deiner Maschine heraus, wobei seine rohe Kraft den schweren Henker zerstörte. Der Weg des Kriegers sollte hier nicht enden.","오크는 거대한 도끼를 휘둘러 떨어지는 칼날을 힘껏 분쇄했습니다. 강철 파편이 방 안에 흩날리는 가운데 괴물은 오만하게 포효합니다. 전사의 괴력은 중후한 처형인 그 자체를 파괴했습니다. 그의 여정은 여기서 끝날 것이 아니었습니다."
"MSG_C_GUILLOTINE_P_LOSS","The pixie was so light that the wind generated by the falling blade pushed her safely out of the way. She giggled at the clumsy violence, her magical wings beating in a frantic, joyous rhythm. The forest spirit was safe from the metal.","ピクシーはあまりに軽く、落下する刃が生み出す風圧によって安全な場所へと押し流された。無骨な暴力に嘲笑を浮かべ、彼女は狂おしくも歓喜に満ちたリズムで羽ばたき続ける。森の精霊に、金属の刃は届かなかった。","小仙女太轻了，以至于落下的刀刃产生的风力把她推到了安全的地方。她嘲笑着这笨拙的暴力，她的魔法翅膀以一种疯狂而欢快のリズム扑动。森林之灵在金属面前是安全的。","Пикси была настолько легкой, что ветер, создаваемый падающим лезвием, безопасно оттолкнул ее в сторону. Она хихикала над неуклюжим насилием, ее магические крылья бились в безумном, радостном ритме. Дух леса был в безопасности от металла.","La pixie era tan ligera que el viento generado por la cuchilla descendente la empujó a salvo fuera del camino. Se rió de la violencia torpe, sus alas mágicas latiendo en un ritmo frenético y alegre. El espíritu del bosque estaba a salvo del metal.","A pixie era tão leve que o vento gerado pela lâmina cadente empurrou-a em segurança para fora do caminho. Riu-se da violência desajeitada, as suas asas mágicas batendo num ritmo frenético e alegre. O espírito da floresta estava a salvo do metal.","Die Pixie war so leicht, dass der von der fallenden Klinge erzeugte Wind sie sicher aus dem Weg drückte. Sie kicherte über die plumpe Gewalt, während ihre magischen Flügel in einem hektischen, freudigen Rhythmus schlugen. Der Waldgeist war vor dem Metall sicher.","픽시는 너무나 가벼워서 떨어지는 칼날이 일으킨 풍압에 의해 안전한 곳으로 밀려났습니다. 투박한 폭력에 비웃음을 지으며 그녀는 미친 듯하면서도 환희에 찬 리듬으로 계속 날갯짓을 합니다. 숲의 정령에게 금속 칼날은 닿지 않았습니다."
"MSG_C_GUILLOTINE_Q_WIN","The coeurl's speed served it poorly as it jumped directly into the path of the falling guillotine. Its noble head was severed in a single, silent flash, ending its predatory reign forever. The high-speed beast met a sharp, finalized end.","その速さが仇となり、クアールは落下するギロチンの真下へと自ら飛び込んでしまった。気高き頭部が一閃の下に切り落とされ、略奪の王権は永遠に閉ざされる。高速の獣は、迅速で決定的な最期を受け入れたのだ。","夸尔的速度反而害了它，因为它直接跳进了落下的断头台轨道。它高贵的头颅在单一、沈默的闪现中被斩断，永远结束了它的捕食统治。高速野兽迎来了锐利且最终的结局。","Скорость куэрла сослужила ему плохую службу, когда он прыгнул прямо на путь падающей гильотины. Его благородная голова была отрублена в одну безмолвную вспышку, навсегда положив конец его хищному правлению. Высокоскоростной зверь встретил резкий, окончательный конец.","La velocidad del coeurl le sirvió de poco ya que saltó directamente a la trayectoria de la guillotina descendente. Su noble cabeza fue cortada en un solo destello silencioso, terminando con su reinado depredador para siempre. La bestia de alta velocidad encontró un final afilado y finalizado.","A velocidade do coeurl serviu-lhe de pouco, pois saltou diretamente para o caminho da guilhotina cadente. A sua cabeça nobre foi cortada num único e silencioso clarão, terminando para sempre com o seu reinado predatório. A besta de alta velocidade encontrou um fim afiado e finalizado.","Die Geschwindigkeit des Coeurls kam ihm schlecht zugute, als er direkt in den Pfad der fallenden Guillotine sprang. Sein edler Kopf wurde in einem einzigen, lautlosen Blitz abgetrennt, was seine raubtierhafte Herrschaft für immer beendete. Die Hochgeschwindigkeitsbestie fand ein scharfes, endgültiges Ende.","그 속도가 독이 되어 쿠알은 떨어지는 단두대의 바로 아래로 스스로 뛰어들고 말았습니다. 고귀한 머리가 일섬 아래 잘려 나갔고, 약탈의 왕권은 영원히 닫혔습니다. 고속의 짐승은 신속하고 결정적인 최후를 받아들였습니다."
"MSG_C_GUILLOTINE_R_LOSS","The rat swarm was too vast for an executioner's blade meant for a single neck to be effective. The guillotine killed a few rats in a spray of fur, but the rest were already biting your ankles. Numbers outranked the finality of the blade.","単一の首を狙う処刑人の刃では、あまりに広大なラットの群れには何の脅威にもならなかった。数匹を切り裂いたものの、残りの群れは既にあなたの足首に食らいついている。数という暴力は、刃がもたらす終局を凌駕した。","对于那些针对单人脖子的处刑刀片来说，鼠群实在太庞大了，无法生效。断头台在皮毛飞溅中杀死了几只老鼠，但剩下的老鼠已经咬到了你的脚踝。数量胜过了刀刃的终结。","Стая крыс была слишком огромной, чтобы лезвие палача, предназначенное для одной шеи, было эффективным. Гильотина убила несколько крыс в брызгах меха, но остальные уже кусали ваши лодыжки. Количество превзошло решительность лезвия.","El enjambre de ratas era demasiado vasto para que la cuchilla de un ejecutor destinada a un solo cuello fuera efectiva. La guillotina mató a unas pocas ratas en una lluvia de pelo, pero el resto ya te estaba mordiendo los tobillos. Los números superaron la finalidad de la cuchilla.","O enxame de ratos era demasiado vasto para que a lâmina de um carrasco destinada a um único pescoço fosse eficaz. A guilhotina matou alguns ratos numa chuva de pêlo, mas o resto já estava a morder os teus tornozelos. Os números superaram a finalidade da lâmina.","Der Rattenschwarm war zu gewaltig, als dass die Henkersklinge, die für einen einzelnen Hals gedacht war, effektiv sein konnte. Die Guillotine tötete ein paar Ratten in einem Spritzer aus Fell, aber der Rest biss bereits in deine Knöchel. Die Menge übertraf die Endgültigkeit der Klinge.","단일 목을 노리는 처형인의 칼날로는 너무나 광대한 쥐 떼에게 아무런 위협이 되지 않았습니다. 몇 마리를 베어 넘겼지만 나머지 무리는 이미 당신의 발목을 물어뜯고 있습니다. 수라는 폭력은 칼날이 가져오는 종국을 능가했습니다."
"MSG_C_GUILLOTINE_S_WIN","The slime's nucleus was split perfectly in two, causing its entire body mass to lose cohesion. It turned into a thin, colorless fluid that seeped into the cracks of the dungeon floor. The monster was finally and cleanly divided.","スライムの核が完璧に二分され、その全身の質量は瞬時に結合力を失い崩壊した。無色の薄い液体となって石畳の隙間へと消え、跡には何も残らない。怪物は、ついにその存在を完全に分断されたのである。","史莱姆的核心被完美地劈成两半，导致它的整个身体由于失去内聚力而崩溃，变成了一种无色液体，渗入了地牢地板的裂缝中。怪物终于被干脆利落地分割了。","Ядро слайма было идеально разделено надвое, в результате чего вся масса его тела потеряла связность. Оно превратилось в тонкую бесцветную жидкость, которая просочилась в щели пола подземелья. Монстр был окончательно и чисто разделен.","El núcleo del limo fue dividido perfectamente en dos, haciendo que toda su masa corporal perdiera cohesión. Se convirtió en un fluido delgado e incoloro que se filtró por las grietas del suelo de la mazmorra. El monstruo finalmente fue dividido limpiamente.","O núcleo do slime foi dividido perfeitamente em dois, fazendo com que toda a sua massa corporal perdesse a coesão. Transformou-se num fluido fino e incolor que se infiltrou pelas fendas do chão da masmorra. O monstro foi finalmente dividido de forma limpa.","Der Kern des Schleims wurde perfekt entzweigeteilt, wodurch seine gesamte Körpermasse den Zusammenhalt verlor. Er verwandelte sich in eine dünne, farblose Flüssigkeit, die in die Ritzen des Kerkerbodens sickerte. Das Monster wurde schließlich sauber geteilt.","슬라임의 핵이 완벽하게 이분되어 전신의 질량은 순식간에 결합력을 잃고 붕괴했습니다. 무색의 얇은 액체가 되어 석조 바닥의 틈새로 사라졌고 흔적조차 남지 않았습니다. 괴물은 마침내 존재가 완전히 분단되었습니다."
"MSG_C_GUILLOTINE_T_WIN","The troll's legendary toughness failed to stop the falling silver of the guillotine from finding its neck. It made one last, heavy sound before its massive head rolled across the floor. The giant king was brought low by the sharp arc of death.","伝説的な強靭さをもってしても、ギロチンが放つ銀色の軌跡から首を守ることは叶わなかった。最期の重々しい声を漏らし、巨躯の頭部が床を転がる. 巨人の王は、死が描く鋭い弧の前にその膝を屈した。","巨魔传奇般的韧性未能阻止断头台下落的银色刀刃找到它的脖子。在它巨大的脑袋在地板上滚动之前，它发出了最后一声沉重的声音。巨人之王被死神的锋利弧线击落。","Легендарная стойкость тролля не смогла помешать падающему серебру гильотины найти его шею. Он издал последний тяжелый звук, прежде чем его массивная голова покатилась по полу. Король гигантов был повержен резкой дугой смерти.","La legendaria dureza del troll no pudo evitar que el plata descendente de la guillotina encontrara su cuello. Emitió un último sonido pesado antes de que su enorme cabeza rodara por el suelo. El rey gigante fue abatido por el afilado arco de la muerte.","A dureza lendária do troll não conseguiu impedir que o prateado cadente da guilhotina encontrasse o seu pescoço. Soltou um último e pesado som antes de a sua cabeça maciça rolar pelo chão. O rei gigante foi derrubado pelo arco afiado da morte.","Die legendäre Zähigkeit des Trolls konnte nicht verhindern, dass das herabfallende Silber der Guillotine seinen Hals fand. Er gab einen letzten, schweren Laut von sich, bevor sein massiver Kopf über den Boden rollte. Der Riesenkönig wurde durch den scharfen Bogen des Todes zur Strecke gebracht.","전설적인 강인함으로도 단두대가 그리는 은빛 궤적에서 목을 지킬 수는 없었습니다. 마지막으로 무거운 소리를 내뱉고 거구의 머리가 바닥을 구릅니다. 거인의 왕은 죽음이 그리는 날카로운 호 앞에 무릎을 꿇었습니다."
"MSG_C_GUILLOTINE_U_LOSS","The undead felt the blade pass through their necks but simply reattached their heads with a cold laugh. Their spectral bodies ignored the division of flesh, their magic holding their spirit firm. The dead cannot be executed again.","アンデッドは首を切り落とされたが、冷笑を浮かべながら平然と頭部を繋ぎ直した。霊的な肉体は物理的な分断など意に介さず、魔法がその本質を繋ぎ止める。既に死した者を、再び処刑することなど不可能なのだ。","亡灵感到刀刃划过它们的脖子，但只是冷笑着重新接上了它们的脑袋。它们幽灵般的身体无视了肉体的分割，它们的魔法束缚着它们的灵魂。死者无法再次被处决。","Нежить почувствовала, как лезвие прошло сквозь их шеи, но просто прикрепила свои головы обратно с холодным смехом. Их призрачные тела игнорировали разделение плоти, их магия крепко удерживала дух. Мертвых нельзя казнить снова.","Los no muertos sintieron la cuchilla pasar a través de sus cuellos, pero simplemente volvieron a unir sus cabezas con una risa fría. Sus cuerpos espectrales ignoraron la división de la carne, su magia mantenía su espíritu firme. Los muertos no pueden ser ejecutados de nuevo.","Os mortos-vivos sentiram a lâmina passar pelos seus pescoços, mas simplesmente voltaram a prender as suas cabeças com um riso frio. Os seus corpos espectrais ignoraram a divisão da carne, a sua magia mantendo o seu espírito firme. Os mortos não podem ser executados novamente.","Die Untoten spürten, wie die Klinge durch ihre Hälse glitt, aber sie setzten ihre Köpfe einfach mit einem kalten Lachen wieder auf. Ihre spektralen Körper ignorierten die Teilung des Fleisches, da ihre Magie ihren Geist festhielt. Die Toten können nicht erneut hingerichtet werden.","언데드는 목이 잘렸지만 냉소를 지으며 태연하게 머리를 다시 붙였습니다. 영적인 육체는 물리적인 분단 따위는 아랑곳하지 않고 마법이 그 본질을 붙들어 맵니다. 이미 죽은 자를 다시 처형하는 것은 불가능합니다."
"MSG_C_GUILLOTINE_V_WIN","The vampire's ancient blood ran cold as the blessed silver of the blade severed his connection to this world. He shimmered into mist as his noble head hit the floor, finally finding the rest of the grave. The master of the night fell.","祝福された銀の刃がヴァンパイアの首を断ち、彼とこの世を繋ぐ数千年の楔は失われた。高貴な頭部が床に落ちると同時にその姿は霧へと霧散し、ようやく墓所の安らぎを得る。夜の王は、ついにその舞台を後にした。","当刀刃受过祝福的银刃切断了他与这个世界的联系时，吸血鬼古老的血液变冷了。当他高贵的头颅撞击地板时，他化作迷雾，最终找到了坟墓的安息。黑夜之主陨落了。","Древняя кровь вампира застыла, когда благословенное серебро лезвия разорвало его связь с этим миром. Он превратился в туман, когда его благородная голова коснулась пола, наконец обретя покой могилы. Мастер ночи пал.","La sangre antigua del vampiro se enfrió cuando el plata bendito de la cuchilla cortó su conexión con este mundo. Se desvaneció en la niebla cuando su noble cabeza golpeó el suelo, encontrando finalmente el descanso de la tumba. El maestro de la noche cayó.","O sangue antigo do vampiro gelou quando o prateado abençoado da lâmina cortou a sua ligação com este mundo. Shimmered em névoa enquanto a sua cabeça nobre atingia o chão, encontrando finalmente o descanso da sepultura. O mestre da noite caiu.","Das uralte Blut des Vampirs gefroren, als das gesegnete Silber der Klinge seine Verbindung zu dieser Welt durchschnitt. Er löste sich in Nebel auf, als sein edler Kopf den Boden berührte, und fand schließlich die Ruhe des Grabes. Der Herr der Nacht fiel.","축복받은 은색 칼날이 뱀파이어의 목을 끊었고, 그와 이 세상을 잇던 수천 년의 쐐기는 사라졌습니다. 고귀한 머리가 바닥에 떨어짐과 동시에 그 모습은 안개로 흩어졌고, 드디어 묘지의 안식을 얻었습니다. 밤의 왕은 마침내 무대를 떠났습니다."
"MSG_C_GUILLOTINE_W_LOSS","The wolf leader dodged the heavy falling blade through pure, primal instinct and attacked the mechanism. The rest of the pack surged forward while the guillotine was still stuck in the floor. The hunters were too smart for the trap.","純粋な野生の直感で落下する重厚な刃をかわし、ウルフのリーダーは即座にその機構を破壊した。ギロチンが床に突き刺さっている隙に、群れは一斉に突撃を開始する。狩人たちにとって、この罠はあまりに単純すぎたのだ。","狼群首领凭借纯粹而原始的本能躲过了重重落下的刀刃，并攻击了那个机制。由于断头台仍插在地板里，剩下的狼群蜂拥而上。猎人们对这种陷阱来说太聪明了。","Вожак волков уклонился от тяжелого падающего лезвия благодаря чистому первобытному инстинкту и атаковал механизм. Остальная стая бросилась вперед, пока гильотина все еще была вонзена в пол. Охотники были слишком умны для этой ловушки.","El líder de los lobos esquivó la pesada cuchilla descendente mediante el puro instinto primario y atacó el mecanismo. El resto de la manada cargó hacia adelante mientras la guillotina aún estaba clavada en el suelo. Los cazadores eran demasiado inteligentes para la trampa.","O líder dos lobos desviou-se da lâmina pesada através do instinto puro e primário e atacou o mecanismo. O resto da alcateia avançou enquanto a guilhotina ainda estava presa no chão. Os caçadores eram espertos demais para a armadilha.","Der Wolfsanführer wich der schweren fallenden Klinge durch reinen, urtümlichen Instinkt aus und griff den Mechanismus an. Der Rest des Rudels stürmte vorwärts, während die Guillotine noch im Boden feststeckte. Die Jäger waren zu schlau für die Falle.","순수한 야생의 직관으로 떨어지는 묵직한 칼날을 피하고 울프의 리더는 즉시 그 기구를 파괴했습니다. 단두대가 바닥에 박혀 있는 틈을 타 무리는 일제히 돌격을 시작합니다. 사냥꾼들에게 이 함정은 너무나 단순했습니다."
"MSG_C_GUILLOTINE_X_WIN","Xalthis's many protective eyes couldn't track the high-speed descent of the heavy guillotine blade. It shrieked as its central head was severed from its chaotic legs, ending its ancient horror. The multiple terror was silenced by a single cut.","ザルティスの無数の保護眼をもってしても、ギロチンの刃が放つ高速の死の軌道を捉えることはできなかった。中心の頭部が混沌とした脚から切り離され、古の恐怖は最期の叫びを上げる。単一の一撃が、多足の怪物を沈黙させた。","扎尔提斯众多的保护眼无法追踪重型断头台刀片的飞速落下。当它中心头部从它混乱的多腿中被切断，结束了它古老的恐怖，它发出了尖叫。多重恐怖被一砍而沈。","Многочисленные защитные глаза Зальтиса не смогли отследить высокоскоростное падение тяжелого лезвия гильотины. Он закричал, когда его центральная голова была отделена от хаотичных ног, положив конец древнему ужасу. Множественный ужас был заставлен замолчать одним ударом.","Los muchos ojos protectores de Xalthis no pudieron rastrear el descenso a alta velocidad de la pesada cuchilla de la guillotina. Chilló cuando su cabeza central fue separada de sus piernas caóticas, terminando su horror antiguo. El terror múltiple fue silenciado por un solo corte.","Os muitos olhos protectores de Xalthis não conseguiram acompanhar a descida a alta velocidade da lâmina pesada da guilhotina. Guinchou quando a sua cabeça central foi separada das suas pernas caóticas, terminando o seu horror antigo. O terror múltiplo foi silenciado por um único corte.","Die vielen schützenden Augen von Xalthis konnten das rasante Herabfallen der schweren Guillotinenklinge nicht verfolgen. Er schrie auf, als sein zentraler Kopf von seinen chaotischen Beinen getrennt wurde, was seinem uralten Grauen ein Ende setzte. Der mehrfache Terror wurde durch einen einzigen Schnitt zum Schweigen gebracht.","잘티스의 무수한 보호안으로도 단두대 칼날이 그리는 고속의 죽음의 궤도를 포착할 수는 없었습니다. 중심 머리가 혼돈스러운 다리에서 분리되며 고대의 공포는 마지막 비명을 지릅니다. 단 한 번의 일격이 다족의 괴물을 침묵시켰습니다."
"MSG_C_GUILLOTINE_Y_LOSS","The yeti used his sheer massive strength to catch the falling blade between his thick, furred palms. He roared in triumph as the heavy steel shattered under his raw physical power. The mountain king ruled over the executioner today.","イエティはその圧倒的な怪力で、落下する刃を厚い毛皮に覆われた掌の間に挟み込んで止めてみせた。自らの力で鋼を粉砕し、勝利の咆哮を上げる。今日、処刑人を支配したのは嶺の王その人であった。","雪人利用它那纯粹巨大的力量，在厚实多毛的双掌之间抓住了落下的刀刃。当沉重的钢铁在它原始的身体力量下碎裂时，它发出了胜利的咆哮。雪山之王今天统治了处刑者。","Йети использовал свою чистую огромную силу, чтобы поймать падающее лезвие между своими толстыми покрытыми мехом ладонями. Он торжествующе взревел, когда тяжелая сталь разлетелась под его первобытной физической мощью. Король гор сегодня властвовал над палачом.","El yeti usó su pura fuerza masiva para atrapar la cuchilla descendente entre sus palmas gruesas y peludas. Rugió triunfante cuando el acero pesado se hizo añicos bajo su fuerza física bruta. El rey de la montaña gobernó sobre el ejecutor hoy.","O yeti usou a sua força maciça para apanhar a lâmina cadente entre as suas palmas grossas e peludas. Rugiu em triunfo quando o aço pesado se despedaçou sob o seu poder físico bruto. O rei da montanha governou sobre o carrasco hoje.","Der Yeti nutzte seine schiere gewaltige Kraft, um die fallende Klinge zwischen seinen dicken, behaarten Handflächen aufzufangen. Er brüllte triumphierend auf, als der schwere Stahl unter seiner rohen körperlichen Gewalt zerbrach. Der Bergkönig herrschte heute über den Henker.","예티는 그 압도적인 괴력으로 떨어지는 칼날을 두꺼운 털로 덮인 손바닥 사이에 끼워 멈춰 세웠습니다. 스스로의 힘으로 강철을 분쇄하며 승리의 포효를 내지릅니다. 오늘 처형인을 지배한 것은 산맥의 왕 바로 그였습니다."
"MSG_C_GUILLOTINE_Z_LOSS","The zombie's head continued to snap its teeth even after it was severed by the falling guillotine. It showed no concern for its missing body, its dead hunger driving its severed form to continue the hunt. Death is no obstacle for the dead.","ギロチンによって首を跳ねられた後も、ゾンビの頭部は執拗に歯を鳴らし続けていた。肉体の大部分を失ったことなど意に介さず、死者の飢えは残された部分だけで獲物を求め続ける。死者にとって、死は障害にすらならなかった。","僵尸即使在被落下的断头台斩首后，它的脑袋仍在继续咬牙。它完全不在意丢失的身躯，死后的饥饿驱动着它被切断的形式继续狩猎。对于死者来说，死亡并不是障碍。","Голова зомби продолжала лязгать зубами даже после того, как она была отделена падающей гильотиной. Она не проявляла никакого беспокойства по поводу своего отсутствующего тела, ее мертвый голод заставлял ее отрубленную форму продолжать охоту. Смерть не помеха для мертвых.","La cabeza del zombi continuó chasqueando los dientes incluso después de ser cortada por la guillotina descendente. No mostró preocupación por su cuerpo ausente, su hambre muerta impulsaba su forma cortada a continuar la caza. La muerte no es un obstáculo para los muertos.","A cabeça do zombie continuou a bater os dentes mesmo depois de ter sido cortada pela guilhotina cadente. Não demonstrou qualquer preocupação com o seu corpo ausente, a sua fome morta impulsionando a sua forma cortada a continuar a caça. A morte não é obstáculo para os mortos.","Der Kopf des Zombies schnappte auch nach der Abtrennung durch die fallende Guillotine weiter mit den Zähnen. Er zeigte keine Sorge um seinen fehlenden Körper; sein toter Hunger trieb seine abgetrennte Form dazu an, die Jagd fortzusetzen. Der Tod ist kein Hindernis für die Toten.","단두대에 의해 목이 잘린 후에도 좀비의 머리는 집요하게 이빨을 부딪쳤습니다. 육체의 대부분을 잃은 것 따위는 아랑곳하지 않고 죽은 자의 굶주림은 남겨진 부분만으로 먹잇감을 계속 쫓습니다. 죽은 자에게 죽음은 장애가 되지 않았습니다."
"MSG_C_GROOMING_A_WIN","The ant was gently brushed, removing the dust of a thousand wars from its tiny exoskeleton. It stood tall, its true purpose revealed under the care of the golden brush. The tiny pioneer found a new dignity in the light.","アリは優しくブラッシングされ、その外骨格から千の戦いの塵が取り除かれた。ゴールデンブラシのケアの下で真の目的を見出し、小さな先駆者は胸を張って立つ。光の中で、魔物は新たな尊厳を見出したのである。","蚂蚁由于受到了轻轻的刷动，它微小的外骨格上千次战争留下的灰尘被清除了。在金刷子（Golden Brush）的照料下，它挺胸昂首，揭示了其真实目的。这个微小的先驱者在光芒中找到了新的尊严。","Муравья нежно почистили щеткой, удалив пыль тысячи войн с его крошечного экзоскелета. Он расправил плечи, его истинное предназначение раскрылось под заботой золотой щетки. Крошечный первопроходец обрел новое достоинство в свете.","La hormiga fue cepillada suavemente, eliminando el polvo de mil guerras de su diminuto exoesqueleto. Se mantuvo erguida, su verdadero propósito revelado bajo el cuidado del cepillo dorado. La diminuta pionera encontró una nueva dignidad en la luz.","A formiga foi suavemente escovada, removendo o pó de mil guerras do seu minúsculo exoesqueleto. Ergueu-se, o seu verdadeiro propósito revelado sob o cuidado da escova dourada. A minúscula pioneira encontrou uma nova dignidade na luz.","Die Ameise wurde sanft gebürstet, wobei der Staub aus tausend Kriegen von ihrem winzigen Exoskelett entfernt wurde. Sie richtete sich auf, und unter der Pflege der goldenen Bürste offenbarte sich ihr wahrer Zweck. Der winzige Pionier fand in dem Licht eine neue Würde.","개미는 부드럽게 브러싱 되어 그 외골격에서 수천 번의 전쟁의 먼지가 제거되었습니다. 골든 브러시의 케어 아래 진정한 목적을 찾아내고 작은 선구자는 가슴을 펴고 섭니다. 빛 속에서 괴물은 새로운 존엄을 발견했습니다."
"MSG_C_GROOMING_B_WIN","The bat's tangled fur was meticulously straightened, revealing the sleek hunter underneath. It chattered in appreciation as the knots of old nights were untied. The night flyer was groomed back into the sky.","絡まり合っていたコウモリの毛皮は細部まで整えられ、その下に隠れていた洗練された狩人の姿を現した。古い夜の結び目が解かれるのを感謝するように鳴き声を上げ、魔物は空へと戻っていく。夜の飛行者は、手入れされて再び空を舞ったのだ。","蝙蝠纠结的毛皮被精心理顺，露出了下面圆滑的猎手。随着陈旧时光的结被解开，它领情地吱吱叫着。深夜飞行者被整理好重新飞向天空。","Спутанный мех летучей мыши был тщательно расправлен, открыв под собой гладкого охотника. Она довольно защебетала, когда узлы старых ночей были развязаны. Ночной летун был приведен в порядок и возвращен в небо.","El pelaje enredado del murciélago fue alisado meticulosamente, revelando al elegante cazador que había debajo. Chilló en agradecimiento mientras se deshacían los nudos de las viejas noches. El volador nocturno fue acicalado de vuelta al cielo.","O pêlo emaranhado do morcego foi meticulosamente endireitado, revelando o caçador elegante por baixo. Chilreou em sinal de apreço à medida que os nós das noites antigas eram desatados. O voador nocturno foi escovado de volta para o céu.","Das verfilzte Fell der Fledermaus wurde akribisch geglättet und offenbarte den geschmeidigen Jäger darunter. Sie schnatterte anerkennend, als die Knoten alter Nächte gelöst wurden. Der Nachtflieger wurde gepflegt zurück in den Himmel entlassen.","엉켜 있던 박쥐의 모피는 세밀하게 다듬어져 그 아래 숨겨져 있던 세련된 사냥꾼의 모습을 드러냈습니다. 오래된 밤의 매듭이 풀리는 것을 감사하듯 울음소리를 내며 괴물은 하늘로 돌아갑니다. 밤의 비행자는 손질을 받고 다시 하늘을 날았습니다."
"MSG_C_GROOMING_C_WIN","The cobra's dry scales were polished until they gleamed like wet emeralds. Its predatory gaze softened as it felt the gentle rhythm of the brush against its cold blood. The serpent was defeated by the power of care.","コブラの乾いた鱗は、濡れたエメラルドのように輝くまで磨き上げられた。冷たい血液に触れるブラシの優しいリズムに、捕食者の鋭い視線も和らいでいく。蛇は、真心の力の前に慈しみを持って敗北したのである。","眼镜蛇干燥的鳞片被擦得像湿润的祖母绿一样闪闪发光。随着感受到刷子在它冰冷的血液上轻轻摆动的节奏，它的掠食目光变得柔和。蛇被关怀的力量击败了。","Сухая чешуя кобры была отполирована до блеска, как мокрые изумруды. Ее хищный взгляд смягчился, когда она почувствовала нежный ритм щетки на своей холодной крови. Змея была побеждена силой заботы.","Las escamas secas de la cobra fueron pulidas hasta que brillaron como esmeraldas húmedas. Su mirada depredadora se suavizó al sentir el ritmo suave del cepillo contra su sangre fría. La serpiente fue derrotada por el poder del cuidado.","As escamas secas da cobra foram polidas até brilharem como esmeraldas húmidas. O seu olhar predatório suavizou-se ao sentir o ritmo suave da escova contra o seu sangue frio. A serpente foi derrotada pelo poder do cuidado.","Die trockenen Schuppen der Kobra wurden poliert, bis sie wie nasse Smaragde glänzten. Ihr Raubtierblick wurde weicher, als sie den sanften Rhythmus der Bürste auf ihrem kalten Blut spürte. Die Schlange wurde durch die Kraft der Pflege besiegt.","코브라의 마른 비늘은 젖은 에메랄드처럼 빛날 때까지 닦여졌습니다. 차가운 혈액에 닿는 브러시의 부드러운 리듬에 포식자의 날카로운 시선도 누그러집니다. 뱀은 진심 어린 힘 앞에 자애롭게 패배했습니다."
"MSG_C_GROOMING_D_WIN","The dragon felt the ancient debris between its scales removed by a golden comb of legendary grace. It roared a peaceful final note as its internal fire was replaced by a warm, caring glow. The king of flames died of total care.","ドラゴンの鱗の間に詰まっていた古の破片が、伝説的な優雅さを纏う金色の櫛によって取り除かれた。内なる炎が暖かく穏やかな輝きへと置き換わり、魔物は安らかな最期の咆哮を上げる。炎の王は、完全な慈しみの前にその一生を終えた。","巨龙感受到鳞片间古老的碎屑被一根带有传奇优雅感的金梳子清除了。随着体内的火焰被一种温暖、关怀的光芒所取代，它发出了最后一声平和的咆哮。火焰之王死于彻底的关怀。","Дракон почувствовал, как древний мусор между его чешуйками удаляется золотым гребнем легендарного изящества. Он издал мирный прощальный рык, когда его внутренний огонь сменился теплым, заботливым сиянием. Король пламени умер от абсолютной заботы.","El dragón sintió cómo los antiguos restos entre sus escamas eran eliminados por un peine de oro de gracia legendaria. Rugió una nota final pacífica mientras su fuego interno era reemplazado por un brillo cálido y afectuoso. El rey de las llamas murió por el cuidado total.","O dragão sentiu os detritos antigos entre as suas escamas removidos por um pente dourado de graça lendária. Rugiu uma nota final pacífica à medida que o seu fogo interno era substituído por um brilho quente e cuidadoso. O rei das chamas morreu de cuidado total.","Der Drache spürte, wie die uralten Rückstände zwischen seinen Schuppen durch einen goldenen Kamm von legendärer Anmut entfernt wurden. Er stieß ein friedliches letztes Brüllen aus, als sein inneres Feuer durch ein warmes, fürsorgliches Leuchten ersetzt wurde. Der König der Flammen starb an totaler Pflege.","드래곤의 비늘 사이에 끼어 있던 고대의 파편들이 전설적인 우아함을 두른 금빛 빗에 의해 제거되었습니다. 내면의 불꽃이 따뜻하고 평온한 광채로 바뀌며 괴물은 평화로운 마지막 포효를 내뱉습니다. 화염의 왕은 완전한 자애 앞에 생을 마감했습니다."
"MSG_C_GROOMING_E_LOSS","The ancient Ent's moss and bark were far too vast and wild for a single set of grooming tools to manage. It merely stood still as the golden combs snapped against its prehistoric skin, its massive roots continuing to drink from the damp dungeon floor. Life's messy growth was unyielding to the care.","エントの苔生した巨体はあまりに広大で野性的であり、単なる手入れ道具一式で扱いきれるものではなかった。先史時代の皮膚に当てられた金の櫛が音を立てて折れる中、魔物はただ静止し、その巨大な根でダンジョンの湿った地面から水分を吸い上げ続ける。生命の泥臭い成長は、小綺麗な慈しみを拒絶したのである。","古树精的苔藓和树皮对于一套整饰工具来说太浩瀚、太狂野了。由于金梳子在它史前的皮肤上折断，它只是静静地站着，它巨大的根继续从潮湿的地牢地板吸水。生命凌乱的生长对关怀不屈不挠。","Мох и кора древнего Энта были слишком обширны и дики, чтобы с ними мог справиться один набор инструментов для ухода. Он просто стоял неподвижно, когда золотые гребни ломались о его доисторическую кожу, а его массивные корни продолжали пить из сырого пола подземелья. Хаотичный рост жизни был неуступчив к заботе.","El musgo y la corteza del antiguo Ent eran demasiado vastos y salvajes para que un solo juego de herramientas de acicalamiento pudiera manejarlos. Simplemente se quedó quieto mientras los peines de oro se rompían contra su piel prehistórica, sus enormes raíces continuaban bebiendo del suelo húmedo de la mazmorra. El crecimiento desordenado de la vida fue inflexible ante el cuidado.","O musgo e a casca do antigo Ent eram demasiado vastos e selvagens para que um único conjunto de ferramentas de tratamento conseguisse gerir. Limitou-se a ficar parado enquanto os pentes dourados se partiam contra a sua pele pré-histórica, as suas raízes maciças continuando a beber do chão húmido da masmorra. O crescimento desarrumado da vida era inflexível ao cuidado.","Das Moos und die Rinde des uralten Ents waren viel zu gewaltig und wild, als dass ein einziges Set von Pflegewerkzeugen damit fertig geworden wäre. Er stand einfach still, während die goldenen Kämme an seiner prähistorischen Haut zerbrachen und seine massiven Wurzeln weiterhin vom feuchten Kerkerboden tranken. Das unordentliche Wachstum des Lebens war der Pflege gegenüber unnachgiebig.","엔트의 이끼 낀 거구는 너무나 광대하고 야성적이어서 단순한 손질 도구 세트로는 감당할 수 없었습니다. 선사 시대의 피부에 닿은 금빗이 소리를 내며 부러지는 가운데 괴물은 그저 정지해 있고, 거대한 뿌리로 던전의 습한 지면에서 수분을 계속 빨아들입니다. 생명의 투박한 성장은 깔끔한 자애를 거부했습니다."
"MSG_C_GROOMING_F_WIN","The fly hit a wall of pure energy that acted like a million tiny combs. Its fast reflexes were no match for a threat that attacked with the speed of care. The tiny pest was sanitized by the grooming pulse.","ハエは、百万もの微細な櫛のように機能する純粋なエネルギーの壁に衝突した。慈しみの速度で襲いかかる脅威に対し、自慢の反射神経は何の意味も持たない。小さな害虫は、手入れのパルスによって消去されたのである。","苍蝇撞上一道表现得像成千上万把微型梳子一样的纯净能量墙。对于以关怀的速度发起攻击的威胁，它敏捷的反射神经毫无用处。这位微小的害虫在整饰脉冲中被消毒了。","Муха ударилась о стену чистой энергии, которая действовала как миллион крошечных гребешков. Ее быстрые рефлексы не могли сравниться с угрозой, нападающей со скоростью заботы. Крошечный вредитель был дезинфицирован импульсом ухода.","La mosca golpeó una pared de energía pura que actuaba como un millón de diminutos peines. Sus rápidos reflejos no fueron rival para una amenaza que atacaba con la velocidad del cuidado. La diminuta plaga fue desinfectada por el pulso de acicalamiento.","A mosca atingiu uma parede de energia pura que agia como um milhão de pentes minúsculos. Os seus reflexos rápidos não foram páreo para uma ameaça que atacava com a velocidade do cuidado. A pequena praga foi higienizada pelo pulso de escovagem.","Die Fliege prallte gegen eine Wand aus reiner Energie, die wie Millionen winziger Kämme wirkte. Ihre schnellen Reflexe waren keine Konkurrenz für eine Bedrohung, die mit der Geschwindigkeit der Pflege angriff. Der winzige Schädling wurde durch den Pflegeimpuls desinfiziert.","파리는 수백만 개의 미세한 빗처럼 작동하는 순수한 에너지 벽에 충돌했습니다. 자애의 속도로 습격해 오는 위협에 대해 자랑하던 반사 신경은 아무런 의미도 없습니다. 작은 해충은 손질 펄스에 의해 소멸되었습니다."
"MSG_C_GROOMING_G_WIN","The goblin reached for the golden brush, its greed leading to a heart-stopping shock of dignity. It shrieked as its own shadows were replaced by a clean, pure light. The thief met a grooming karma.","金色のブラシに手を伸ばしたゴブリンの強欲さは、尊厳の一撃という報いを受けた。自らの影が清らかで純粋な光に置き換わり、魔物は驚きの絶叫を上げる。泥棒は、手入れという因果応報を受けたのである。","哥布林伸手去抓金刷子（Golden Brush），它的贪婪导致了一场令其心跳停跳尊严冲击。随着它自己的阴影被一束洁净、纯粹的光芒所取代，它发出了尖叫。这名窃贼遭遇了整饰业报。","Гоблин потянулся за золотой щеткой, его жадность привела к шоку достоинства, от которого остановилось сердце. Он закричал, когда его собственные тени сменились чистым, ясным светом. Вор встретил карму ухода.","El goblin alcanzó el cepillo dorado, su codicia lo llevó a un choque de dignidad que le detuvo el corazón. Chilló cuando sus propias sombras fueron reemplazadas por una luz limpia y pura. El ladrón encontró un karma de acicalamiento.","O goblin estendeu a mão para a escova dourada, a sua ganância levando a um choque de dignidade que lhe parou o coração. Guinchou quando as suas próprias sombras foram substituídas por uma luz limpa e pura. O ladrão encontrou um carma de escovagem.","Der Goblin griff nach der goldenen Bürste, wobei seine Gier zu einem herzzerreißenden Schock der Würde führte. Er schrie auf, als seine eigenen Schatten durch ein sauberes, reines Licht ersetzt wurden. Der Dieb traf auf ein pflegerisches Karma.","금빛 브러시에 손을 뻗은 고블린의 탐욕은 존엄의 일격이라는 응보를 받았습니다. 자신의 그림자가 맑고 순수한 빛으로 바뀌자 괴물은 놀라 비명을 지릅니다. 도둑은 손질이라는 인과응보를 받은 것입니다."
"MSG_C_GROOMING_H_LOSS","The harpy used the golden brush to groom her own wings to a lethal shine. She shrieked in triumph as she dove from the rafters, her perfectly smoothed feathers allowing her to reach incredible speeds.","ハーピーは黄金のブラシを奪い取ると、自らの羽を致命的なまでに鋭く磨き上げた。彼女は屋根裏から勝利の金切り声を上げて急降下し、完璧に整えられた羽はかつてない速度であなたを射抜いた。","哈皮夺走了金刷子，将其双翼磨练到了致命的锋利程度。她从横梁上发出胜利的尖叫并俯冲而下，完美打理过的羽毛以史无前例的速度射穿了你。","Гарпия использовала золотую щетку, чтобы придать своим крыльям смертоносный блеск. Она торжествующе закричала, пикируя со стропил, ее идеально разглаженные перья позволили ей достичь невероятной скорости.","La harpía usó el cepillo dorado para acicalar sus propias alas hasta obtener un brillo letal. Chilló triunfante mientras se lanzaba desde las vigas, sus plumas perfectamente alisadas le permitieron alcanzar velocidades increíbles.","A harpia usou a escova dourada para escovar as suas próprias asas até um brilho letal. Guinchou em triunfo enquanto mergulhava das vigas, as suas penas perfeitamente alisadas permitindo-lhe atingir velocidades incríveis.","Die Harpyie benutzte die goldene Bürste, um ihre eigenen Flügel zu einem tödlichen Glanz zu pflegen. Sie schrie triumphierend auf, als sie von den Dachsparren herabstürzte, wobei ihre perfekt geglätteten Federn es ihr ermöglichten, unglaubliche Geschwindigkeiten zu erreichen.","하피는 황금 브러시를 빼앗아 자신의 날개를 치명적일 정도로 날카롭게 갈고 닦았습니다. 그녀는 천장에서 승리의 비명을 지르며 급강하했고, 완벽하게 정돈된 날개는 전례 없는 속도로 당신을 꿰뚫었습니다."
"MSG_C_GROOMING_I_LOSS","The imp cackled as the grooming tools tried to clean its fur, turning the tools into a chaotic mess of tangled, sticky silk. It redirected the care back at the player, laughing as the clinical precision failed and left them covered in harmless but annoying glitter. The trickster mastered the brush.","インプは自らの毛皮を整えようとした道具を、ベタベタと絡まり合う絹の残骸へと変えて嘲笑った。尻尾を一振りして慈しみのエネルギーをプレイヤーへと跳ね返し、冷徹な精度が失敗して相手が輝く粉塵まみれになるのを愉快そうに眺める。悪戯っ子は、ブラシの主となったのである。","当整饰工具试图清理它的皮毛时，小恶魔咯咯地笑了起来，将工具变成了一团纠结、粘稠的丝绸。它将关怀（Care）重新导向玩家，对临床精确度的失败大声嘲笑，让玩家全身覆盖着无害但恼人的闪粉。骗子掌控了刷子。","Имп хихикал, пока инструменты для ухода пытались очистить его мех, превращая инструменты в хаотичное месиво из спутанного липкого шелка. Он перенаправил заботу обратно на игрока, смеясь над тем, как клиническая точность подвела и оставила его покрытым безвредными, но раздражающими блестками. Трюкач завладел щеткой.","El imp soltó una carcajada mientras las herramientas de acicalamiento intentaban limpiar su pelaje, convirtiendo las herramientas en un caos de seda enredada y pegajosa. Redirigió el cuidado hacia el jugador, riendo mientras la precisión clínica fallaba y los dejaba cubiertos de purpurina inofensiva pero molesta. El bromista dominó el cepillo.","O imp deu uma gargalhada enquanto as ferramentas de tratamento tentavam limpar o seu pêlo, transformando as ferramentas numa confusão caótica de seda emaranhada e pegajosa. Redireccionou o cuidado de volta para o jogador, rindo-se enquanto a precisão clínica falhava e os deixava cobertos de brilho inofensivo mas irritante. O brincalhão dominou a escova.","Der Imp kicherte, als die Pflegewerkzeuge versuchten, sein Fell zu reinigen, und verwandelte die Werkzeuge in ein chaotisches Durcheinander aus verfilzter, klebriger Seide. Er lenkte die Pflege auf den Spieler zurück und lachte, als die klinische Präzision versagte und diesen mit harmlosem, aber lästigem Glitzer bedeckt zurückließ. Der Schalk beherrschte die Bürste.","임프는 자신의 모피를 다듬으려던 도구를 끈적하게 엉킨 실크의 잔해로 바꾸며 비웃었습니다. 꼬리를 한 번 휘둘러 자애의 에너지를 플레이어에게 되돌려 보내고, 정밀한 손길이 실패하여 상대가 빛나는 먼지 투성이가 되는 것을 유쾌하게 바라봅니다. 장난꾸러기는 브러시의 주인이 되었습니다."
"MSG_C_GROOMING_J_LOSS","The jelly's mindless, liquid mass simply flowed around the grooming tools, the brushes and combs passing through its transparent body without effect. It ignored the care entirely, absorbing the golden items into its acidic mass until they were nothing but faint glints in the ooze. The slime won the war.","ジェリーの無機質な流動体は手入れ道具の周りを易々と流れ、ブラシや櫛はその透明な肉体を虚しく通り抜けるに過ぎなかった。魔物は慈しみを完全に無視し、黄金の道具を自らの酸性の質量の中へと飲み込み、それはやがて泥濘の中の淡い煌めきへと変わる。泥濘は、戦いに勝利した。","果冻怪无脑的液体物质直接流过了整饰工具，刷子和梳子穿过它透明的身体而没有产生任何效果。它完全忽视了关怀，将金色物品吸入其酸性质量中，直到它们在软泥中变成微弱闪光。软泥赢得了这场战争。","Безмозглая жидкая масса желе просто обтекала инструменты для ухода, щетки и гребни проходили сквозь его прозрачное тело без какого-либо эффекта. Оно полностью игнорировало заботу, поглощая золотые предметы в свою кислотную массу, пока они не превратились в слабые отблески в слизи. Слайм выиграл войну.","La masa líquida y sin mente de la gelatina simplemente fluyó alrededor de las herramientas de acicalamiento, los cepillos y peines pasaron a través de su cuerpo transparente sin efecto. Ignoró el cuidado por completo, absorbiendo los objetos dorados en su masa ácida hasta que no fueron más que tenues destellos en el lodo. El limo ganó la guerra.","A massa líquida e irracional da geleia fluiu simplesmente à volta das ferramentas de tratamento, as escovas e os pentes passando pelo seu corpo transparente sem efeito. Ignorou completamente o cuidado, absorvendo os itens dourados na sua massa ácida até que não passassem de brilhos ténues na lama. O slime venceu a guerra.","Die geistlose, flüssige Masse des Gelees floss einfach um die Pflegewerkzeuge herum, wobei die Bürsten und Kämme ohne Wirkung durch seinen transparenten Körper glitten. Er ignorierte die Pflege völlig und absorbierte die goldenen Gegenstände in seine saure Masse, bis sie nur noch ein schwaches Glitzern im Schleim waren. Der Schleim gewann den Krieg.","젤리의 무기질적인 유동체는 손질 도구 주위를 가뿐히 흘렀고, 브러시나 빗은 그 투명한 육체를 허무하게 통과할 뿐이었습니다. 괴물은 자애를 완전히 무시하고 황금 도구를 자신의 산성 질량 속으로 집어삼켰으며, 그것은 이내 진흙 속의 희미한 반짝임으로 변합니다. 진흙 괴물은 전쟁에서 승리했습니다."
"MSG_C_GROOMING_K_WIN","The kobold warrior found its iron spear clinking against a brush that blocked every strike. It barked in terror as its fighting spirit was reflected as a mockery of the tribal hero it claimed to be. The tribal hero meeting a grooming end.","コボルドの戦士が放つあらゆる攻撃は、全てを拒む黄金のブラシに阻まれた。自らが誇っていた闘争本能が、部族の英雄という虚像を嘲笑う鏡像として映し出され、魔物は恐怖の声を上げる。部族の英雄は、手入れの最期を迎えたのである。","狗头人战士发现它那根铁矛正在击打一把挡住了每一次攻击的刷子，发出了丁当声。由于它的斗志被反射成对他号称是部落英雄的一种嘲弄，它惊恐地吠叫。部族英雄迎来了一个整饰般的终結。","Воин-кобольд обнаружил, что его железное копье лязгает о щетку, которая блокировала каждый удар. Он в ужасе залаял, когда его боевой дух отразился как насмешка над племенным героем, которым он себя называл. Племенной герой встретил конец в уходе.","El guerrero kobold encontró su lanza de hierro chocando contra un cepillo que bloqueaba cada golpe. Ladró aterrorizado al ver su espíritu de lucha reflejado como una burla del héroe tribal que afirmaba ser. El héroe tribal encontró un final de acicalamiento.","O guerreiro kobold viu a sua lança de ferro chocar contra uma escova que bloqueava todos os golpes. Latiu de terror quando o seu espírito de luta foi reflectido como uma zombaria do herói tribal que afirmava ser. O herói tribal encontrou um fim escovado.","Der Koboldkrieger sah seinen eisernen Speer gegen eine Bürste klirren, die jeden Schlag abblockte. Er bellte vor Schreck auf, als sein Kampfgeist als Spott auf den Stammeshelden reflektiert wurde, der er zu sein behauptete. Der Stammesheld fand ein pflegerisches Ende.","코볼드 전사가 내뿜는 모든 공격은 모든 것을 거부하는 황금 브러시에 가로막혔습니다. 스스로 자랑하던 투쟁 본능이 부족의 영웅이라는 허상을 비웃는 거울상으로 비쳐 괴물은 공포의 목소리를 냅니다. 부족의 영웅은 손질 끝에 최후를 맞이했습니다."
"MSG_C_GROOMING_L_WIN","The lizard's environment became a high-voltage hall of mirrors that pinned it to the floor. It hissed in surprise before its heart finally stilled, unable to process the existence of such raw grooming. The predator was removed by the care.","ダンジョンは高電圧の鏡の回廊と化し、リザードをその床に縫い付けた。剥き出しの「手入れ」の存在を理屈で処理できず、魔物は驚きの声を上げ、その鼓動は停止する。捕食者は、慈しみの中に排除されたのである。","蜥蜴周围的环境变成了一个高压镜厅，将其钉在地劳地板上。在心脏最终停歇前，它惊讶地发出了嘶嘶声，无法处理这种。原始整饰（Raw Grooming）的存在。掠食者由于关怀而被移除。","Окружение ящерицы превратилось в высоковольтный зеркальный зал, который прижал ее к полу. Она удивленно прошипела, прежде чем ее сердце окончательно остановилось, не в силах осознать существование такого грубого ухода. Хищник был удален заботой.","El entorno del lagarto se convirtió en un salón de espejos de alto voltaje que lo inmovilizó contra el suelo. Siseó de sorpresa antes de que su corazón finalmente se detuviera, incapaz de procesar la existencia de un acicalamiento tan crudo. El depredador fue eliminado por el cuidado.","O ambiente do lagarto tornou-se um salão de espelhos de alta voltagem que o imobilizou contra o chão. Sibilou de surpresa antes de o seu coração finalmente parar, incapaz de processar a existência de tal escovagem bruta. O predador foi removido pelo cuidado.","Die Umgebung der Echse wurde zu einem Hochspannungs-Spiegelkabinett, das sie am Boden festhielt. Sie zischte überrascht auf, bevor ihr Herz schließlich stillstand, unfähig, die Existenz einer so rohen Pflege zu verarbeiten. Das Raubtier wurde durch die Pflege beseitigt.","던전은 고전압 거울의 회랑으로 변해 리자드를 바닥에 못 박았습니다. 노골적인 '손질'의 존재를 이성적으로 처리하지 못하고 괴물은 놀라 소리를 지르며 심장이 멈춥니다. 포식자는 자애 속에 제거되었습니다."
"MSG_C_GROOMING_M_LOSS","The mummy's ancient, dry bandages were built from history itself, perfectly shielding the necrotic spirit from the grooming pulse. It walked through the care with slow, deliberate steps, its dried hands reaching for the tools to crush their modern grace into dust. The past was beyond the reach of the brush.","マミーの古く乾燥した包帯は歴史そのもので形作られており、壊死した魂を手入れのパルスから完璧に守り抜いた。魔物はゆっくりと慈しみの中を歩み寄り、乾燥した手で道具を掴んで、その近代的な優雅さを塵へと粉砕する。過去は、ブラシが届く場所にはなかったのだ。","木乃伊古老干燥的绷带是由历史本身构建的，完美地保护坏死灵魂免受整饰脉冲的伤害。它以缓慢、审慎的步法穿过关怀，它那干枯的手伸向工具，将其现代的优雅粉碎成尘。过去是刷子无法企及的。","Древние сухие бинты мумии были созданы из самой истории, идеально защищая некротический дух от импульса ухода. Она шла сквозь заботу медленными, размеренными шагами, ее высохшие руки тянулись к инструментам, чтобы превратить их современное изящество в пыль. Прошлое было недосягаемо для щетки.","Las vendas secas y antiguas de la momia estaban construidas con la historia misma, protegiendo perfectamente el espíritu necrótico del pulso de acicalamiento. Caminó a través del cuidado con pasos lentos y deliberados, sus manos secas buscando las herramientas para aplastar su gracia moderna en polvo. El pasado estaba más allá del alcance del cepillo.","As ligaduras secas e antigas da múmia foram construídas a partir da própria história, protegendo perfeitamente o espírito necrótico do pulso de escovagem. Caminhou através do cuidado com passos lentos e deliberados, as suas mãos secas alcançando as ferramentas para esmagar a sua graça moderna em pó. O passado estava além do alcance da escova.","Die uralten, trockenen Bandagen der Mumie bestanden aus der Geschichte selbst und schirmten den nekrotischen Geist perfekt vor dem Pflegeimpuls ab. Er schritt mit langsamen, bedächtigen Schritten durch die Pflege, während seine vertrockneten Hände nach den Werkzeugen griffen, um deren moderne Anmut in Staub zu zerquetschen. Die Vergangenheit war für die Bürste unerreichbar.","미라의 오래되고 건조한 붕대는 역사 그 자체로 형성되어 있어, 괴사한 영혼을 손질 펄스로부터 완벽하게 지켜냈습니다. 괴물은 천천히 자애 속을 걸어와 건조한 손으로 도구를 잡고 그 현대적인 우아함을 먼지로 분쇄합니다. 과거는 브러시가 닿을 수 있는 곳에 없었습니다."
"MSG_C_GROOMING_N_LOSS","The naga's water magic was as deep as the sea, and she easily bypassed the shallow care of the grooming tools. She twisted her undulating form into a defensive veil, turning the player's own trickery into a beautiful but useless distraction. The wise spirit outwitted the comb.","ナーガの水魔法は海のように深く、手入れ道具の浅い干渉など容易く通り抜けた。彼女はうねるような体躯で防御の帳を作り上げ、プレイヤーの小細工を美しくも無用な気晴らしへと変えてしまう。賢き精霊は、黄金の櫛の知恵を上回ったのだ。","纳迦的水魔法像大海一样深邃，她轻而易举地绕过了整饰工具浅薄的关怀。她将自己起伏的身体扭成了一道防御面纱，将玩家自己的诡计变成了一种美丽但无用的消遣。智慧之灵智取了梳子。","Магия воды наги была глубока, как море, и она легко миновала поверхностную заботу инструментов для ухода. Она закрутила свое волнистое тело в защитную вуаль, превратив хитрость игрока в красивое, но бесполезное отвлечение. Мудрый дух перехитрил гребень.","La magia de agua de la naga era tan profunda como el mar, y superó fácilmente el cuidado superficial de las herramientas de acicalamiento. Retorció su forma ondulante en un velo defensivo, convirtiendo el propio truco del jugador en una distracción hermosa pero inútil. El espíritu sabio fue más astuto que el peine.","A magia de água da naga era tão profunda como o mar, e ela ultrapassou facilmente o cuidado superficial das ferramentas de tratamento. Torceu a sua forma ondulante num véu defensivo, transformando o próprio truque do jogador numa distracção bela mas inútil. O espírito sábio foi mais astuto que o pente.","Die Wassermagie der Naga war so tief wie das Meer, und sie umging mühelos die oberflächliche Pflege der Pflegewerkzeuge. Sie wand ihren wellenförmigen Körper zu einem Verteidigungsschleier und verwandelte die List des Spielers in eine wunderschöne, aber nutzlose Ablenkung. Der weise Geist überlistete den Kamm.","나가의 물 마법은 바다처럼 깊어 손질 도구의 얕은 간섭 따위는 가뿐히 통과했습니다. 그녀는 꿈틀대는 몸으로 방어의 장막을 만들어 플레이어의 잔재주를 아름답지만 무용한 기분 전환으로 바꿔버립니다. 현명한 정령은 황금 빗의 지혜를 능가했습니다."
"MSG_C_GROOMING_O_LOSS","The orc's primal fury was so intense it shattered the golden brush before the first strike could be groomed. He smashed through the care with unchecked violence, his heavy axe unbothered by the scent of lavender or the softness of the silk. Brute force was too messy for the brush.","オークの野蛮な怒りはあまりに激しく、最初の手入れが始まる前に黄金のブラシを粉砕した。魔物は慈しみの包囲を問答無用の暴力で突き進み、ラベンダーの香りも絹の柔らかさも気に留めず重斧を振るう。蛮勇の力は、ブラシで整えるにはあまりに荒々しすぎた。","兽人原始的愤怒如此强烈，以至于它在第一次打击被整饰前就砸碎了金刷子。他以无节制的暴力冲破了关怀，他沉重的长斧不受薰衣草香气或丝绸柔软度的困扰。对于刷子来说，蛮力太凌乱了。","Первобытная ярость орка была настолько интенсивной, что он разбил золотую щетку еще до того, как можно было начать уход. Он прорвался сквозь заботу с безудержной жестокостью, его тяжелый топор не беспокоил запах лаванды или мягкость шелка. Грубая сила была слишком грязной для щетки.","La furia primaria del orco era tan intensa que destrozó el cepillo dorado antes de que el primer golpe pudiera ser acicalado. Atravesó el cuidado con una violencia desenfrenada, su pesada hacha sin inmutarse por el aroma de lavanda o la suavidad de la seda. La fuerza bruta era demasiado desordenada para el cepillo.","A fúria primitiva do orc era tão intensa que despedaçou a escova dourada antes que o primeiro golpe pudesse ser escovado. Atravessou o cuidado com uma violência desenfreada, o seu machado pesado indiferente ao aroma da lavanda ou à suavidade da seda. A força bruta era demasiado desarrumada para a escova.","Die urtümliche Wut des Orks war so intensiv, dass er die goldene Bürste zertrümmerte, bevor der erste Schlag gepflegt werden konnte. Er brach mit ungebremster Gewalt durch die Pflege, wobei seine schwere Axt weder vom Lavendelduft noch von der Weichheit der Seide beirrt wurde. Rohe Gewalt war zu unordentlich für die Bürste.","오크의 야만적인 분노는 너무나 격렬하여 첫 손질이 시작되기도 전에 황금 브러시를 박살 냈습니다. 괴물은 자애의 포위를 문답무용의 폭력으로 돌파하며, 라벤더 향기도 실크의 부드러움도 아랑곳하지 않고 무거운 도끼를 휘두릅니다. 만용의 힘은 브러시로 다듬기엔 너무나 거칠었습니다."
"MSG_C_GROOMING_P_WIN","The pixie found herself caught in the bristles of the golden brush, her wings tangled and her magical flight disrupted. She shrieked in frustration as the grooming tools became a flowery cage from which there was no escape. The forest trickster was grounded by the care.","ピクシーは黄金のブラシの毛の中に捉えられ、その羽は絡まり、魔法の飛行は乱された。手入れ道具が脱出不可能な花柄の檻へと変わったことに、彼女は苛立たしげな悲鳴を上げる。森の悪戯っ子は、慈しみの中にその翼を奪われたのである。","小仙女发现自己被困在金刷子的刷毛中，她的翅膀缠在一起，魔法飞行也被打乱了。由于整饰工具变成了一个无法逃脱的花卉笼子，她挫败地尖叫着。森林骗子被关怀落地了。","Пикси оказалась пойманной в щетинках золотой щетки, ее крылья запутались, а магический полет был нарушен. Она закричала от разочарования, когда инструменты для ухода превратились в цветочную клетку, из которой не было выхода. Лесной трюкач был приземлен заботой.","La pixie se vio atrapada en las cerdas del cepillo dorado, sus alas se enredaron y su vuelo mágico se interrumpió. Chilló de frustración cuando las herramientas de acicalamiento se convirtieron en una jaula floral de la que no había escape. La bromista del bosque fue derribada por el cuidado.","A pixie viu-se presa nas cerdas da escova dourada, as suas asas emaranhadas e o seu voo mágico perturbado. Guinchou em frustração quando as ferramentas de tratamento se tornaram numa gaiola florida da qual não havia fuga. A trapaceira da floresta foi imobilizada pelo cuidado.","Die Pixie fand sich in den Borsten der goldenen Bürste gefangen, ihre Flügel verhedderten sich und ihr magischer Flug wurde gestört. Sie schrie frustriert auf, als die Pflegewerkzeuge zu einem blumigen Käfig wurden, aus dem es kein Entkommen gab. Die Waldtrickserin wurde durch die Pflege zu Boden gezwungen.","픽시는 황금 브러시의 모(毛) 속에 사로잡혔고 그 날개는 엉켰으며 마법 비행은 흐트러졌습니다. 손질 도구가 탈출 불가능한 꽃무늬 감옥으로 변한 것에 그녀는 초조한 비명을 지릅니다. 숲의 장난꾸러기는 자애 속에 그 날개를 빼앗겼습니다."
"MSG_C_GROOMING_Q_LOSS","The coeurl's legendary speed allowed it to circle the grooming tools and strike from a blind spot above. It became a blur of lethal white fur, tearing through the care before the player could even adjust their grip. The high-speed hunter was the master of the brush.","クアールの伝説的な速度は手入れ道具を容易く回り込み、頭上の死角からの攻撃を可能にした。魔物は致命的な白光の残像と化し、プレイヤーが構え直す隙も与えずに慈しみの包囲を引き裂く。高速の狩人は、ブラシの真の支配者となったのである。","夸尔传奇般的速度使其能够绕过整饰工具并从上方的盲点发起攻击。它变成了一道致命白毛的模糊影像，在玩家调整握姿前就撕碎了关怀。高速猎手是刷子之主。","Легендарная скорость куэрла позволила ему обойти инструменты для ухода и нанести удар из слепой зоны сверху. Он превратился в пятно смертоносного белого меха, прорываясь сквозь заботу еще до того, как игрок успел поудобнее перехватить рукоятку. Скоростной охотник стал хозяином щетки.","La velocidad legendaria del coeurl le permitió rodear las herramientas de acicalamiento y atacar desde un punto ciego arriba. Se convirtió en un borrón de pelaje blanco letal, rompiendo el cuidado antes de que el jugador pudiera siquiera ajustar su agarre. El cazador de alta velocidad era el maestro del cepillo.","A velocidade lendária do coeurl permitiu-lhe circular as ferramentas de tratamento e atacar a partir de um ponto cego superior. Tornou-se num borrão de pêlo branco letal, rasgando o cuidado antes mesmo de o jogador conseguir ajustar a sua mão. O caçador de alta velocidade era o mestre da escova.","Die legendäre Geschwindigkeit des Coeurls erlaubte es ihm, die Pflegewerkzeuge zu umkreisen und aus einem toten Winkel von oben zuzuschlagen. Er wurde zu einem verschwommenen Bild tödlichen weißen Fells und riss die Pflege in Stücke, noch bevor der Spieler seinen Griff anpassen konnte. Der Hochgeschwindigkeitsjäger war der Herr der Bürste.","쿠알의 전설적인 속도는 손질 도구를 가뿐히 돌아 들어가 머리 위 사각지대에서의 공격을 가능하게 했습니다. 괴물은 치명적인 백광의 잔상으로 변해 플레이어가 자세를 가다듬을 틈도 주지 않고 자애의 포위를 찢어발깁니다. 고속의 사냥꾼은 브러시의 진정한 지배자가 되었습니다."
"MSG_C_GROOMING_R_LOSS","The rats were so many and moved so fast that the grooming tools couldn't keep up with the collective chaos. They swarmed over the floor like a gray wave, ignoring the scent of purity as they gnawed on the structural supports of the trap. The tide of teeth was too real for the care.","ラットの数はあまりに多く、動きも素早かったため、手入れ道具はその集団的な混沌を捉えきれなかった。魔物たちは灰色な波となって床を埋め尽くし、清浄な香りを無視して罠の構造体を齧り砕く. 牙の奔流は、小綺麗な慈しみに収まるほど脆弱ではなかった。","老鼠是如此之多，移动得如此之快，以至于整饰工具跟不上这种集体的混乱。它们像一波灰色的波浪一样涌过地板，无视纯净的香气，啃咬着装置的结构支撑。于关怀而言，牙齿的潮水太真实了。","Крыс было так много, и они двигались так быстро, что инструменты для ухода не могли поспеть за коллективным хаосом. Они наводнили пол, как серая волна, игнорируя запах чистоты и грызя структурные опоры ловушки. Прилив зубов был слишком реальным для заботы.","Había tantas ratas y se movían tan rápido que las herramientas de acicalamiento no podían seguir el ritmo del caos colectivo. Se extendieron por el suelo como una ola gris, ignorando el aroma de pureza mientras roían los soportes estructurales de la trampa. La marea de dientes era demasiado real para el cuidado.","Havia tantos ratos e moviam-se tão depressa que as ferramentas de tratamento não conseguiam acompanhar o caos colectivo. Enxamearam o chão como uma onda cinzenta, ignorando o aroma da pureza enquanto roíam os suportes estruturais da armadilha. A maré de dentes era demasiado real para o cuidado.","Die Ratten waren so zahlreich und bewegten sich so schnell, dass die Pflegewerkzeuge mit dem kollektiven Chaos nicht mithalten konnten. Sie wimmelten wie eine graue Welle über den Boden, ignorierten den Duft der Reinheit und nagten an den strukturellen Stützen der Falle. Die Flut aus Zähnen war zu real für die Pflege.","쥐의 수는 너무 많고 움직임도 빨랐기에 손질 도구는 그 집단적인 혼돈을 다 포착할 수 없었습니다. 괴물들은 회색 파도가 되어 바닥을 가득 메웠고, 청정인 향기를 무시하며 함정의 구조물을 갉아 부숩니다. 이빨의 분출은 깔끔한 자애 속에 담기기엔 너무나 강력했습니다."
"MSG_C_GROOMING_S_LOSS","The slime's gelatinous mass simply coated the grooming tools, turning their clinical precision into a useless, muddy mess. It ignored the visual trickery entirely, absorbing the golden handle and the silk into its growing, acidic core. The silent threat was immune to the care.","スライムのゼラチン状の質量は単に手入れ道具を覆い尽くし、その冷徹な精度を無用な濁ったヘドロへと変えてしまった。魔物は視覚的な罠を完全に無視し、黄金の柄も絹もろとも自らの酸性の質量の中へと吸収する。沈黙の脅威は、慈しみとは無縁だった。","史莱姆的胶状质量直接覆盖了整饰工具，将它们的临床精确度变成了一团无用、浑浊的烂摊子。它完全忽视了视觉诡计，将金手柄和丝绸吸入其不断增长的酸性核心。沈默的威胁免受关怀的影响。","Желатиновая масса слайма просто покрыла инструменты для ухода, превратив их клиническую точность в бесполезное грязное месиво. Она полностью игнорировала визуальную хитрость, поглощая золотую ручку и шелк в свое растущее кислотное ядро. Молчаливая угроза была невосприимчива к заботе.","La masa gelatinosa del limo simplemente recubrió las herramientas de acicalamiento, convirtiendo su precisión clínica en un desastre lodoso e inútil. Ignoró por completo el truco visual, absorbiendo el mango dorado y la seda en su núcleo ácido en crecimiento. La amenaza silenciosa era inmune al cuidado.","A massa gelatinosa do slime cobriu simplesmente as ferramentas de tratamento, transformando a sua precisão clínica numa confusão lamacenta e inútil. Ignorou completamente o truque visual, absorvendo o cabo dourado e a seda no seu núcleo ácido em crescimento. A ameaça silenciosa era imune ao cuidado.","Die gallertartige Masse des Schleims überzog einfach die Pflegewerkzeuge und verwandelte deren klinische Präzision in ein nutzloses, schlammiges Durcheinander. Er ignorierte die optische Täuschung völlig und absorbierte den goldenen Griff sowie die Seide in seinen wachsenden, säurehaltigen Kern. Die stille Bedrohung war immun gegen die Pflege.","슬라임의 젤라틴상 질량은 단순히 손질 도구를 뒤덮어 그 냉철한 정밀도를 무용한 탁한 헤도로로 바꿔버렸습니다. 괴물은 시각적인 함정을 완전히 무시하고 황금 자루와 실크를 모두 자신의 산성 질량 속으로 흡수합니다. 침묵의 위협은 자애와는 거리가 멀었습니다."
"MSG_C_GROOMING_T_LOSS","The troll's thick, calloused hide was as tough as the brush itself, and its regenerative power mocked the very concept of permanent grooming. It walked through the care with zero regard for the lavender scent, smashing the tools into dust. The physical giant was too large for the comb.","トロールの厚く硬い皮はブラシそのものと同じくらい頑丈で、その再生能力は「永続的な手入れ」という概念をあざ笑った。魔物はラベンダーの香りなど目もくれずに慈しみの中を突き進み、道具を粉々に粉砕する。肉体的な巨人は、櫛に収まる存在ではなかった。","巨魔厚实的老茧就像刷子本身一样坚韧，它的再生能力嘲笑了永久整饰的概念。它在完全不顾及薰衣草香气的情况下走过了关怀，将工具粉碎成尘。物理巨人对于梳子来说太大了。","Толстая, мозолистая шкура тролля была такой же жесткой, как и сама щетка, а его регенеративная способность высмеивала саму концепцию постоянного ухода. Он прошел сквозь заботу, не обращая никакого внимания на запах лаванды, разбив инструменты в пыль. Физический гигант был слишком велик для гребня.","La piel gruesa y callosa del troll era tan resistente como el propio cepillo, y su poder regenerativo se burlaba del concepto mismo de un acicalamiento permanente. Caminó a través del cuidado sin considerar en absoluto el aroma de lavanda, rompiendo las herramientas hasta convertirlas en polvo. El gigante físico era demasiado grande para el peine.","A pele grossa e calosa do troll era tão resistente como a própria escova, e o seu poder regenerativo gozava com o próprio conceito de escovagem permanente. Caminhou através do cuidado com zero consideração pelo aroma de lavanda, esmagando as ferramentas em pó. O gigante físico era demasiado grande para o pente.","Die dicke, schwielige Haut des Trolls war so zäh wie die Bürste selbst, und seine Regenerationsfähigkeit spottete dem Konzept einer dauerhaften Pflege. Er schritt durch die Pflege ohne jede Rücksicht auf den Lavendelduft und schlug die Werkzeuge zu Staub. Der physische Riese war zu groß für den Kamm.","트롤의 두껍고 딱딱한 가죽은 브러시 그 자체만큼이나 튼튼했고, 그 재생 능력은 '영속적인 손질'이라는 개념을 비웃었습니다. 괴물은 라벤더 향기 따위 안중에도 없이 자애 속을 돌진하여 도구를 산산조각 냅니다. 육체적인 거인은 빗에 담길 존재가 아니었습니다."
"MSG_C_GROOMING_U_WIN","The undead stood still as the brush covered their cold grey forms, cleaning them of their ancient decay. For a moment, they looked like statues of pure white marble under a shower of floral petals. The wandering souls were washed in scent.","アンデッドは立ち尽くし、ブラシがその冷たい灰色の肉体を覆って古の腐敗をも浄化した。花びらのシャワーの下で、彼らは一瞬だけ純白の大理石像のように見えた。彷徨う魂は、芳香に包まれて大地へと還されたのである。","亡灵静立着，由于刷子的覆盖了它们冷灰色的形态，清洗了它们古老的腐烂。在那漫天花瓣的淋浴下，有一瞬间它们看起来像是纯白的大理石雕像。徘徊的灵魂被洗刷在芬芳中。","Нежить замерла, когда щетка покрыла их холодные серые формы, очищая их от древнего тления. На мгновение они стали похожи на статуи из чистого белого мрамора под дождем из цветочных лепестков. Блуждающие души были омыты ароматом.","Los no muertos se quedaron quietos mientras el cepillo cubría sus formas grises y frías, limpiándolas de su antigua decadencia. Por un momento, parecieron estatuas de mármol blanco puro bajo una lluvia de pétalos florales. Las almas errantes fueron lavadas en perfume.","Os mortos-vivos ficaram parados enquanto a escova cobria as suas formas cinzentas e frias, limpando-os da sua antiga decadência. Por um momento, pareceram estátuas de mármore branco puro sob uma chuva de pétalas florais. As almas errantes foram lavadas em perfume.","Die Untoten standen still, als die Bürste ihre kalten grauen Gestalten bedeckte und sie von ihrer uralten Verwesung reinigte. Für einen Moment sahen sie wie Statuen aus reinem weißem Marmor unter einem Regen aus Blütenblättern aus. Die wandernden Seelen wurden in Duft gewaschen.","언데드는 멈춰 섰고 브러시가 그 차가운 회색 육체를 덮어 고대의 부패마저 정화했습니다. 꽃잎의 샤워 아래서 그들은 한순간만 순백의 대리석상처럼 보였습니다. 방황하는 영혼은 향기에 싸여 대지로 돌아갔습니다."
"MSG_C_GROOMING_V_LOSS","The vampire's aristocratic speed made him a shadow that the grooming tools could never hope to catch. He appeared from the shadows behind the player, his cold touch draining their life before the brush could even be tilted in his direction. The prince of the night ignored the care.","ヴァンパイアの高貴な速度は、手入れ道具が決して捉えきれぬ「影」そのものだった。プレイヤーの背後に不意に現れると、冷徹な一触れで命を奪う。ブラシが彼に向けられる暇さえなかった。夜の王子は、用意された慈しみなど相手にしなかったのである。","吸血鬼贵族般的速度使其成为整饰工具永不企及的影子。他从玩家身后出现，在刷子还没来得及向他倾斜前，他冰冷的触摸就耗尽了他们的生命。深夜王子忽视了关怀。","Аристократическая скорость вампира сделала его тенью, которую инструменты для ухода никогда не надеялись поймать. Он появился из тени позади игрока, его холодное прикосновение высасывало жизнь еще до того, как щетку успели направить в его сторону. Принц ночи игнорировал заботу.","La velocidad aristocrática del vampiro lo convirtió en una sombra que las herramientas de acicalamiento nunca podrían esperar atrapar. Apareció de entre las sombras detrás del jugador, su toque frío drenando su vida antes de que el cepillo pudiera siquiera inclinarse en su dirección. El príncipe de la noche ignoró el cuidado.","A velocidade aristocrática do vampiro tornou-o numa sombra que as ferramentas de tratamento nunca poderiam esperar apanhar. Apareceu de entre as sombras atrás do jogador, o seu toque frio drenando a sua vida antes que a escova pudesse sequer ser inclinada na sua direcção. O príncipe da noite ignorou o cuidado.","Die aristokratische Geschwindigkeit des Vampirs machte ihn zu einem Schatten, den die Pflegewerkzeuge niemals erfassen konnten. Er tauchte aus den Schatten hinter dem Spieler auf, wobei seine kalte Berührung dessen Leben aussaugte, noch bevor die Bürste überhaupt in seine Richtung gelenkt werden konnte. Der Prinz der Nacht ignorierte die Pflege.","뱀파이어의 고귀한 속도는 손질 도구가 결코 포착할 수 없는 '그림자' 그 자체였습니다. 플레이어의 등 뒤에서 갑자기 나타나 냉철한 손길로 생명을 앗아갑니다. 브러시가 그를 향할 겨를조차 없었습니다. 밤의 왕자는 준비된 자애 따위는 상대하지 않았습니다."
"MSG_C_GROOMING_W_LOSS","The wolf pack's coordination was so perfect they leapt through the gaps in the grooming pulse, circling the player with predatory cunning. They took turns striking at the exposed flanks, their group instinct defeating the single source of care. The forest took the protection.","ウルフの群れの連携は完璧で、彼らは手入れのパルスの隙間を縫うように跳躍し、捕食者の狡猾さでプレイヤーを包囲した。交互に露出した脇腹を突き、群れの生存本能が単一の慈しみの源を制圧する。森は、その保護を奪い去ったのである。","狼群的协作是如此完美，它们在整饰脉冲的缝隙中跃过，以掠食者的狡诈包围了玩家。它们轮流攻击暴露的侧翼，它们的群体本能击败了单一的关怀来源。森林夺走了这种保护。","Координация волчьей стаи была настолько совершенной, что они прыгали в промежутки импульса ухода, окружая игрока с хищной хитростью. Они по очереди наносили удары по обнаженным флангам, их групповой инстинкт победил одиночный источник заботы. Лес забрал защиту.","La coordinación de la manada de lobos era tan perfecta que saltaban a través de los huecos en el pulso de acicalamiento, rodeando al jugador con astucia depredadora. Se turnaban para atacar los flancos expuestos, su instinto de grupo derrotando a la fuente única de cuidado. El bosque se llevó la protección.","A coordenação da alcateia de lobos era tão perfeita que saltavam através das brechas no pulso de escovagem, rodeando o jogador com astúcia predatória. Revezavam-se a atacar os flancos expostos, o seu instinto de grupo derrotando a única fonte de cuidado. A floresta levou a protecção.","Die Koordination des Wolfsrudels war so perfekt, dass sie durch die Lücken im Pflegeimpuls sprangen und den Spieler mit raubtierhafter List umkreisten. Sie griffen abwechselnd die entblößten Flanken an, wobei ihr Gruppeninstinkt die einzelne Quelle der Pflege besiegte. Der Wald holte sich den Schutz.","울프 무리의 연계는 완벽했고, 그들은 손질 펄스의 틈새를 꿰뚫듯 도약하며 포식자의 교활함으로 플레이어를 포위했습니다. 교대로 노출된 옆구리를 찔러 무리의 생존 본능이 단일한 자애의 원천을 제압합니다. 숲은 그 보호를 빼앗아 갔습니다."
"MSG_C_GROOMING_X_LOSS","Xalthis's multiple limbs struck from a dozen different angles at once, rendering the single grooming brush's care useless. It shredded the silk with clinical precision, its many eyes watching as the player's defense collapsed into a pile of torn fabric. The nightmare out-multiplied the care.","ザルティスの無数の肢は、一度に十数箇所もの角度から襲いかかり、単一の手入れブラシによる慈しみを無意味なものとした。冷徹な精度で絹地を引き裂き、防御が破れた布の山と化すのを無数の瞳で見つめる。悪夢は、手入れの数を上回ったのである。","扎尔提斯多重的肢体同时从十几个不同的角度发起攻击，使得单一整饰刷的关怀（Care）变得毫无用处。它以临床般的精确度撕碎了丝绸，它的许多只眼睛注视着玩家的防御坍塌成一堆撕破的织物。这场噩梦在数量上压倒了关怀。","Многочисленные конечности Зальтиса наносили удары сразу с дюжины разных углов, делая заботу единственной щетки бесполезной. Он разрывал шелк с клинической точностью, его многочисленные глаза наблюдали, как защита игрока рассыпается в кучу разорванной ткани. Кошмар превзошел заботу числом.","Las múltiples extremidades de Xalthis atacaron desde una docena de ángulos diferentes a la vez, haciendo que el cuidado del único cepillo de acicalamiento fuera inútil. Trituró la seda con precisión clínica, sus muchos ojos observando cómo la defensa del jugador colapsaba en un montón de tela rasgada. La pesadilla superó en número al cuidado.","Os múltiplos membros de Xalthis atacaram de uma dúzia de ângulos diferentes ao mesmo tempo, tornando inútil o cuidado da escova de tratamento única. Destroçou a seda com precisão clínica, os seus muitos olhos observando enquanto a defesa do jogador colapsava numa pilha de tecido rasgado. O pesadelo multiplicou-se mais do que o cuidado.","Die zahlreichen Gliedmaßen von Xalthis schlugen gleichzeitig aus einem Dutzend verschiedener Winkel zu, was die Pflege der einzelnen Bürste nutzlos machte. Er zerfetzte die Seide mit klinischer Präzision, während seine vielen Augen beobachteten, wie die Verteidigung des Spielers in einem Haufen zerrissenen Stoffes zusammenbrach. Der Albtraum übertraf die Pflege an Zahl.","잘티스의 무수한 팔다리는 한꺼번에 십여 군데의 각도에서 습격해 왔고, 단일 손질 브러시에 의한 자애를 무의미하게 만들었습니다. 냉철한 정밀도로 실크를 찢어발기며 방어가 뚫린 천 더미로 변하는 것을 무수한 눈으로 지켜봅니다. 악몽은 손질의 횟수를 압도했습니다."
"MSG_C_GROOMING_Y_LOSS","The yeti's blizzard was so cold it froze the grooming tools solid, the golden handles turning into brittle ice that shattered at a single touch. He stood amidst the crystalline ruins, his mountain-king strength unhindered by the frozen scraps. The winter won the battle against the care.","イエティの放つ吹雪はあまりに冷たく、手入れ道具を芯まで凍りつかせ、黄金の柄は触れるだけで砕け散る脆い氷へと変えた。魔物は結晶の残骸の中に立ち尽くし、山嶺の王たる力は、凍りついた破片などに揺らぐものではなかった。冬が、慈しみとの戦いに勝利したのだ。","雪人的暴风雪是如此寒冷，它将整饰工具冻成了固体，金手柄变成了易碎的冰，一碰就碎。它站在结晶遗迹中，它山地之王的力量不受冰冻碎片的影响。严冬赢得了这场针对关怀的战斗。","Метель йети была настолько холодной, что инструменты для ухода замерзли насквозь, золотые ручки превратились в хрупкий лед, который разлетался от одного прикосновения. Он стоял среди кристаллических руин, его сила горного короля не знала преград со стороны замерзших обломков. Зима выиграла битву против заботы.","La ventisca del yeti era tan fría que congeló las herramientas de acicalamiento, los mangos dorados se convirtieron en hielo quebradizo que se hacía añicos con un solo toque. Se mantuvo entre las ruinas cristalinas, su fuerza de rey de la montaña sin trabas por los restos congelados. El invierno ganó la batalla contra el cuidado.","A nevasca do yeti era tão fria que congelou as ferramentas de tratamento, os cabos dourados transformando-se em gelo quebradiço que se despedaçava com um único toque. Manteve-se entre as ruínas cristalinas, a sua força de rei da montanha sem entraves pelos restos congelados. O Inverno venceu a batalha contra o cuidado.","Der Schneesturm des Yetis war so kalt, dass er die Pflegewerkzeuge festfror; die goldenen Griffe verwandelten sich in sprödes Eis, das bei der kleinsten Berührung zerbrach. Er stand inmitten der kristallinen Ruinen, wobei seine Stärke als Bergkönig von den gefrorenen Überresten ungehindert blieb. Der Winter gewann den Kampf gegen die Pflege.","예티가 뿜어내는 눈보라는 너무나 차가워 손질 도구를 심까지 얼려버렸고, 황금 자루는 닿기만 해도 부서지는 취약한 얼음으로 변했습니다. 괴물은 결정의 잔해 속에 우뚝 서 있고, 산맥의 왕다운 힘은 얼어붙은 파편 따위에 흔들리지 않았습니다. 겨울이 자애와의 싸움에서 승리했습니다."
"MSG_C_GROOMING_Z_LOSS","The zombie's dead flesh had no nervous system left to groom, and its necrotic energy actually dampened the grooming pulse. It plodded forward through the scent of lavender, its cold grey hands reaching for the player to silence their defense through sheer entropy. The dead won the night.","ゾンビの死した肉体には手入れを受けるべき神経系が残っておらず、その壊死エネルギーは逆に慈しみのパルスを減退させた。魔物はラベンダーの香りの中を平然と歩み寄り、冷たい灰色の手でプレイヤーを掴んで、その防御をエントロピーの中に沈黙させる。死者が、夜を制したのである。","僵尸死去的肌肉已经没有神经系统供整饰了，它的坏死能量实际上削弱了整饰脉冲。它在薰衣草的芬芳中蹒跚而行，它冰冷的灰色大手伸向玩家，通过纯粹的熵平息了他们的防御。死者赢得了黑夜。","У мертвой плоти зомби не осталось нервной системы для ухода, и ее некротическая энергия на самом деле приглушала импульс ухода. Он тяжело шел вперед сквозь запах лаванды, его холодные серые руки тянулись к игроку, чтобы заставить замолчать его оборону чистой энтропией. Мертвые выиграли ночь.","La carne muerta del zombi no tenía sistema nervioso para acicalar, y su energía necrótica en realidad atenuó el pulso de acicalamiento. Avanzó con pesadez a través del aroma de lavanda, sus manos grises y frías buscando al jugador para silenciar su defensa mediante la pura entropía. Los muertos ganaron la noche.","A carne morta do zombie já não tinha sistema nervoso para tratar, e a sua energia necrótica na verdade atenuou o pulso de escovagem. Caminhou através do aroma da lavanda, as suas mãos cinzentas e frias alcançando o jogador para silenciar a sua defesa através da pura entropia. Os mortos venceram a noite.","Das tote Fleisch des Zombies hatte kein Nervensystem mehr, das gepflegt werden konnte, und seine nekrotische Energie dämpfte tatsächlich den Pflegeimpuls. Er stapfte durch den Lavendelduft vorwärts, während seine kalten grauen Hände nach dem Spieler griffen, um dessen Verteidigung durch pure Entropie zum Schweigen zu bringen. Die Toten gewannen die Nacht.","좀비의 죽은 육체에는 손질을 받을 신경계가 남아 있지 않았고, 그 괴사 에너지는 오히려 자애의 펄스를 감퇴시켰습니다. 괴물은 라벤더 향기 속을 태연히 걸어와 차가운 회색 손으로 플레이어를 붙잡고, 그 방어를 엔트로피 속에 침묵시킵니다. 죽은 자가 밤을 제패했습니다."
