"keys","en","ja","zh","ru","es","pt","de","ko"
"MSG_C_ESCAPE_A_WIN","You escaped elegantly as the ant pack lost coordination. The insects were left confused.","アリの群れが連携を乱した隙に、あなたは鮮やかにその場を脱出した。残された虫たちは、獲物を見失い当惑している。","趁蚁群协作混乱之际，你利落地脱离了现场。被留下的昆虫们因失去目标而感到困惑。","Вы элегантно сбежали, когда муравьиная стая потеряла координацию. Насекомые остались в замешательстве.","Escapaste con elegancia cuando el grupo de hormigas perdió la coordinación. Los insectos quedaron confundidos.","Você escapou elegantemente enquanto o enxame de formigas perdia a coordenação. Os insetos ficaram confusos.","Du bist elegant entkommen, als das Ameisenvolk die Koordination verlor. Die Insekten blieben verwirrt zurück.","개미 떼가 협동력을 잃은 틈을 타 당신은 우아하게 탈출했습니다. 남겨진 곤충들은 당황하고 있습니다."
"MSG_C_ESCAPE_B_LOSS","The bat's sonar predicted your escape and blocked the path. Its eyes mocked your panic.","コウモリの超音波があなたの逃走経路を先読みし、退路を断った。闇に光る瞳が, あなたの焦りを嘲笑う。","蝙蝠的超音波预判了你的逃跑路线，断绝了退路。黑暗中发光的瞳孔嘲笑着你的焦躁。","Сонар летучей мыши предсказал ваш побег и преградил путь. Ее глаза насмехались над вашей паникой.","El sonar del murciélago predijo tu huida y bloqueó el camino. Sus ojos se burlaban de tu pánico.","O sonar do morcego previu sua fuga e bloqueou o caminho. Seus olhos zombavam do seu pânico.","Das Sonar der Fledermaus sagte deine Flucht voraus und versperrte den Weg. Ihre Augen spotteten über deine Panik.","박쥐의 초음파가 당신의 도주 경로를 예측하여 퇴로를 차단했습니다. 어둠 속에서 빛나는 눈동자가 당신의 초조함을 비웃습니다."
"MSG_C_ESCAPE_C_WIN","You vanished like smoke during the cobra's strike. It bit the air and hissed in frustration.","毒蛇の攻撃する一瞬の隙を突き、あなたは煙のように姿を消した。コブラは空虚な空間を噛み、苛立ちを露わにした。","抓住毒蛇攻击的瞬间空隙，你如烟雾般消失了。眼镜蛇咬在了虚空中，流露出焦躁。","Вы исчезли как дым во время удара кобры. Она укусила воздух и разочарованно зашипела.","Desapareciste como el humo durante el ataque de la cobra. Mordió el aire y siseó con frustración.","Você desapareceu como fumaça durante o ataque da cobra. Ela mordeu o ar e sibilou em frustração.","Du bist wie Rauch während des Angriffs der Kobra verschwunden. Sie biss ins Leere und zischte frustriert.","독사가 공격하는 찰나의 빈틈을 타 당신은 연기처럼 사라졌습니다. 코브라는 허공을 깨물며 짜증을 드러냈습니다."
"MSG_C_ESCAPE_D_WIN","You escaped the dragon's breath with miraculous speed. Even the legend was shocked by your flight.","巨竜の放つ灼熱のブレスから、奇跡的な速度で脱出した。伝説の魔物さえも、あなたの執念の逃走には驚きを隠せなかった。","以奇迹般的速度逃离了巨龙喷出的灼热吐息。连传说的魔物也对你那执着的逃亡感到吃惊。","Вы спаслись от дыхания дракона с чудесной скоростью. Даже легенда была потрясена вашим бегством.","Escapaste del aliento del dragón con una velocidad milagrosa. Incluso la leyenda se sorprendió por tu huida.","Você escapou do sopro do dragão com uma velocidade milagrosa. Até a lenda ficou chocada com a sua fuga.","Du bist dem Atem des Drachen mit wunderbarer Geschwindigkeit entkommen. Selbst die Legende war schockiert über deine Flucht.","거대룡이 뿜는 작열하는 브레스에서 기적적인 속도로 탈출했습니다. 전설의 마물조차 당신의 집요한 도주에는 놀라움을 감추지 못했습니다."
"MSG_C_ESCAPE_E_WIN","You vanished into the woods before the tree spirit could react. It only heard the wind.","木の精霊が根を伸ばすより速く、あなたは森の奥深くへと消えた。古き生命は、ただ静かに風の音を聞くだけだった。","在树精延伸树根之前，你就已经消失在了森林深处。古老的生命只能静静地聆听风声。","Вы исчезли в лесу прежде, чем лесной дух успел среагировать. Он слышал только ветер.","Te desvaneciste en el bosque antes de que el espíritu del árbol pudiera reaccionar. Solo escuchó el viento.","Você desapareceu na floresta antes que o espírito da árvore pudesse reagir. Ele só ouviu o vento.","Du bist im Wald verschwunden, bevor der Baumgeist reagieren konnte. Er hörte nur den Wind.","나무 정령이 뿌리를 뻗기보다 빠르게 당신은 숲속 깊은 곳으로 사라졌습니다. 오래된 생명은 그저 조용히 바람 소리만을 들을 뿐이었습니다."
"MSG_C_ESCAPE_F_WIN","You slipped past the fly's gaze and successfully retreated. The tiny target noticed nothing.","鬱陶しいハエの警戒を鮮やかに潜り抜け、あなたは撤退に成功した。小さな標的は、獲物が消えたことにも気づいていない。","漂亮地躲过了讨厌苍蝇的警戒，你成功撤退。微小的目标甚至没有察觉到猎物消失了。","Вы ускользнули от взгляда мухи и успешно отступили. Крошечная цель ничего не заметила.","Te escapaste de la mirada de la mosca y te retiraste con éxito. El pequeño objetivo no notó nada.","Você passou despercebido pelo olhar da mosca e recuou com sucesso. O pequeno alvo não notou nada.","Du bist am Blick der Fliege vorbeigeschlüpft und erfolgreich geflohen. Das winzige Ziel hat nichts bemerkt.","성가신 파리의 경계를 선명하게 뚫고 퇴각에 성공했습니다. 작은 표적은 먹잇감이 사라진 것조차 눈치채지 못했습니다."
"MSG_C_ESCAPE_G_LOSS","The goblin's trap caught your leg preventing escape. With vile laughs the monsters closed in.","ゴブリンの仕掛けた罠があなたの足を捕らえ、逃走を許さなかった。卑屈な笑い声と共に、魔物たちが距離を詰める。","哥布林设置的陷阱抓住了你的脚，不让你逃走。伴随着卑下的笑声，魔物们拉近了距离。","Ловушка гоблина поймала вашу ногу, не давая сбежать. С мерзким смехом монстры приблизились.","La trampa del goblin atrapó tu pier impidiendo la huida. Con risas viles, los monstruos se acercaron.","A armadilha do goblin pegou sua perna impedindo a fuga. Com risadas vis, os monstros se aproximaram.","Die Falle des Goblins hat dein Bein erwischt und die Flucht verhindert. Mit hämischem Lachen kamen die Monster näher.","고블린이 설치한 함정이 당신의 발을 붙잡아 도주를 허용하지 않았습니다. 비열한 웃음소리와 함께 마물들이 거리를 좁혀옵니다."
"MSG_C_ESCAPE_H_WIN","You escaped into the harpy's blind spot. By the time she checked the ground you were gone.","旋回するハーピーの死角へ飛び込み、あなたは戦線を離脱した。空の女王が地上を確認したときには、すでにあなたの姿はなかった。","冲入盘旋中哈皮的死角，你脱离了战线。当天之女王确认地面时，已经不见了你的踪影。","Вы ускользнули в слепую зону гарпии. К тому времени, как она проверила землю, вас уже не было.","Escapaste al punto ciego de la arpía. Para cuando ella revisó el suelo, ya te habías ido.","Você escapou para o ponto cego da harpia. Quando ela verificou o chão, você já tinha ido embora.","Du bist in den toten Winkel der Harpie entkommen. Als sie den Boden überprüfte, warst du bereits weg.","선회하는 하피의 사각지대로 뛰어들어 전선을 이탈했습니다. 하늘의 여왕이 지면을 확인했을 때는 이미 당신의 모습은 없었습니다."
"MSG_C_ESCAPE_I_WIN","Using the imp's magic against it you escaped in the mist. It hissed in frustration.","インプの悪魔的な幻術を逆手に取り、あなたは霧に紛れて脱出した。奴は自分の魔法が破られたことに, 不満げな声を上げている。","反过来利用小仙女恶魔般的幻术，你混入雾气中逃脱了。它因魔法被破而发出了不满的叫声。","Используя магию беса против него самого, вы сбежали в тумане. Он разочарованно зашипел.","Usando la magia del imp en su contra, escapaste entre la niebla. Siseó con frustración.","Usando a magia do imp contra ele, você escapou no nevoeiro. Ele sibilou em frustração.","Indem du die Magie des Imps gegen ihn einsetztest, entkamst du im Nebel. Er zischte frustriert.","임프의 악마적인 환술을 역이용해 당신은 안개에 섞여 탈출했습니다. 녀석은 자신의 마법이 깨진 것에 불만 섞인 목소리를 높이고 있습니다."
"MSG_C_ESCAPE_J_WIN","You jumped clear just before the jelly surrounded you. The monster wobbled in empty space.","ジェリーの粘つく包囲網が完成する直前に、あなたは鮮やかな跳躍で脱出した。怪物は形を崩しながら、ただ虚空を揺らしている。","在果冻怪粘稠的包围网完成前，你利落的一跃而起成功逃脱。怪物崩解了形状，在虚空中摇晃。","Вы перепрыгнули через желе как раз перед тем, как оно окружило вас. Монстр зашатался в пустом пространстве.","Saltaste justo antes de que la gelatina te rodeara. El monstruo se tambaleó en el espacio vacío.","Você pulou logo antes da geleia te cercar. O monstro balançou no espaço vazio.","Du bist gesprungen, kurz bevor das Gelee dich umzingelte. Das Monster wackelte im leeren Raum.","젤리의 끈적한 포위망이 완성되기 직전에 당신은 선명한 도약으로 탈출했습니다. 괴물은 형태를 무너뜨리며 그저 허공을 흔들고 있습니다."
"MSG_C_ESCAPE_K_WIN","You broke the kobold line with split-second judgment. You were gone before they could regroup.","コボルドの包囲網を、一瞬の判断で突破した。彼らが互いに指示を出し合う間に, あなたの姿は地平線の彼方へ消えた。","凭瞬间的判断突破了狗头人的包围网。趁它们互相下达指示之际，你的身影已消失在地平线。","Вы прорвали строй кобольдов благодаря мгновенному решению. Вы исчезли прежде, чем они успели перегруппироваться.","Rompiste la línea de los kobolds con un juicio de una fracción de segundo. Te habías ido antes de que pudieran reagruparse.","Você quebrou a linha dos kobolds com um julgamento de fração de segundo. Você já tinha ido embora antes que eles pudessem se reagrupar.","Du hast die Linie der Kobolde mit einer Sekundenentscheidung durchbrochen. Du warst weg, bevor sie sich neu formieren konnten.","코볼트의 포위망을 찰나의 판단으로 돌파했습니다. 그들이 서로 지시를 주고받는 사이에 당신의 모습은 지평선 너머로 사라졌습니다."
"MSG_C_ESCAPE_L_WIN","You used a decoy to trick the lizard and escaped. The predator bit the lure while you fled.","リザードの鋭い感覚を欺くため、あなたは囮を使い撤退した。冷酷な捕食者が囮に食いつく間に、自由を手に入れた。","为了欺骗蜥蜴敏锐的感官，你使用诱饵撤退。趁冷酷的掠食者咬住诱饵之际，你重获自由。","Вы использовали приманку, чтобы обмануть ящерицу, и сбежали. Хищник укусил приманку, пока вы бежали.","Usaste un señuelo para engañar al lagarto y escapaste. El depredador mordió el señuelo mientras huías.","Você usou uma isca para enganar o lagarto e escapou. O predador mordeu a isca enquanto você fugia.","Du hast einen Köder benutzt, um die Echse auszutricksen, und bist entkommen. Das Raubtier biss in den Köder, während du flohst.","리저드의 날카로운 감각을 속이기 위해 당신은 미끼를 사용해 퇴각했습니다. 냉혹한 포식자가 미끼를 무는 사이 당신은 자유를 얻었습니다."
"MSG_C_ESCAPE_M_LOSS","The mummy's cursed chains tied your legs blocking flight. The undead drew near slowly.","マミーの放つ呪いの鎖があなたの脚を縛り、逃走を拒んだ。不死の怪物がゆっくりと、しかし確実に距離を詰める。","木乃伊发出的诅咒锁链绑住了你的脚，拒绝你逃走。不死的怪物缓慢但确实地拉近了距离。","Проклятые цепи мумии связали ваши ноги, не давая бежать. Нежить медленно приближалась.","Las cadenas malditas de la momia ataron tus piernas bloqueando la huida. El no-muerto se acercó lentamente.","As correntes amaldiçoadas da múmia amarraram suas pernas bloqueando a fuga. O morto-vivo se aproximou lentamente.","Die verfluchten Ketten der Mumie fesselten deine Beine und verhinderten die Flucht. Der Untote kam langsam näher.","미라가 뿜는 저주의 사슬이 당신의 다리를 묶어 도주를 막았습니다. 불사의 괴물이 천천히, 하지만 확실하게 거리를 좁혀옵니다."
"MSG_C_ESCAPE_N_LOSS","The naga's flexible body blocked your exit perfectly. Her tail sought your neck relentlessly.","ナーガのしなやかな胴体があなたの退路を完璧に塞いだ。美しき人面蛇の尾が、あなたの首元を執拗に狙う。","纳迦弯曲的胴体完美封锁了你的退路。美丽人面蛇的尾巴正执拗地瞄准你的咽喉。","Гибкое тело наги идеально преградило вам выход. Ее хвост неустанно искал вашу шею.","El cuerpo flexible de la naga bloqueó tu salida perfectamente. Su cola buscaba tu cuello sin descanso.","O corpo flexível da naga bloqueou sua saída perfeitamente. Sua cauda buscava seu pescoço implacavelmente.","Der flexible Körper der Naga versperrte deinen Ausgang perfekt. Ihr Schwanz suchte unerbittlich deinen Hals.","나가 유연한 몸체가 당신의 퇴로를 완벽하게 차단했습니다. 아름다운 인면뱀의 꼬리가 당신의 목덜미를 집요하게 노립니다."
"MSG_C_ESCAPE_O_WIN","Leaving the orc's roar behind you fled at full speed. Dodging its charge you felt the wind.","オークの咆哮を背に、あなたは一目散にその場を離脱した。力任せの突撃を華麗にかわし、あなたは自由の風を感じた。","背对着兽人的咆哮，你头也不回地脱离了现场。华丽地避开蛮力突击，你感受到了自由之风。","Оставив рев орка позади, вы бежали на полной скорости. Уклоняясь от его натиска, вы чувствовали ветер.","Dejando atrás el rugido del orco, huiste a toda velocidad. Esquivando su carga, sentiste el viento.","Deixando o rugido do orc para trás, você fugiu a toda velocidade. Esquivando-se de sua investida, você sentiu o vento.","Den Schrei des Orks hinter dir lassend, flohst du mit voller Geschwindigkeit. Beim Ausweichen seines Angriffs spürtest du den Wind.","오크의 포효를 뒤로하고 당신은 쏜살같이 그곳을 이탈했습니다. 힘에만 의존한 돌격을 화려하게 피하며 당신은 자유의 바람을 느꼈습니다."
"MSG_C_ESCAPE_P_WIN","Using patterns of light to hide your true form you fled. The pixie noticed too late.","ピクシーの幻惑の光を逆に利用し、あなたは本物の姿を隠して逃走した。光の精霊が気づいたとき、あなたはすでに安全な場所へ。","反过来利用小仙女迷幻的光芒掩护真身并逃跑。当光之精灵察觉时，你已身处安全地带。","Используя узоры света, чтобы скрыть свой истинный облик, вы сбежали. Пикси заметила это слишком поздно.","Usando patrones de luz para ocultar tu verdadera forma, huiste. La pixie se dio cuenta demasiado tarde.","Usando padrões de luz para esconder sua verdadeira forma, você fugiu. A pixie notou tarde demais.","Du hast Lichtmuster benutzt, um deine wahre Gestalt zu verbergen, und bist geflohen. Die Pixie merkte es zu spät.","픽시의 현혹의 빛을 역이용해 당신은 본래의 모습을 숨기고 도주했습니다. 빛의 정령이 알아차렸을 때 당신은 이미 안전한 곳에 있었습니다."
"MSG_C_ESCAPE_Q_LOSS","The coeurl's field disrupted your balance making flight impossible. You met with lightning.","クアールの電磁場があなたの平衡感覚を奪い、逃走を困難にした。失敗の報酬は、強烈な電撃の洗礼だった。","夸尔的电磁场夺走了你的平衡感，令逃跑变得困难。失败的回报是强烈的电击洗礼。","Поле куарла нарушило ваше равновесие, сделав бегство невозможным. Вы встретились с молнией.","El campo del coeurl alteró tu equilibrio haciendo imposible la huida. Te encontraste con el rayo.","O campo do coeurl perturbou seu equilíbrio tornando a fuga impossível. Você se encontrou com o relâmpago.","Das Feld des Coeurls störte dein Gleichgewicht und machte die Flucht unmöglich. Du wurdest vom Blitz getroffen.","쿠알의 전자기장이 당신의 평형감각을 빼앗아 도주를 어렵게 만들었습니다. 실패의 대가는 강렬한 전격의 세례였습니다."
"MSG_C_ESCAPE_R_LOSS","Countless rats filled your escape route leaving no exit. You despaired at nature's rule.","数に勝るラットの群れがあなたの退路を埋め尽くし、逃げ場を失わせた。弱肉強食の摂理を前に、あなたは絶望を知る。","数量占优的老鼠群填满了你的退路，让你无处可逃。在弱肉强食的摄理面前，你感到了绝望。","Бесчисленные крысы заполнили ваш путь отступления, не оставив выхода. Вы отчаялись перед законом природы.","Innumerables ratas llenaron tu ruta de escape sin dejar salida. Desesperaste ante la ley de la naturaleza.","Incontáveis ratos encheram sua rota de fuga sem deixar saída. Você se desesperou com a regra da natureza.","Unzählige Ratten füllten deinen Fluchtweg und ließen keinen Ausgang. Du verzweifeltest an der Regel der Natur.","수적으로 우세한 쥐 떼가 당신의 퇴로를 가득 메워 도망칠 곳을 잃게 했습니다. 약육강식의 섭리 앞에서 당신은 절망을 알게 됩니다."
"MSG_C_ESCAPE_S_LOSS","Slime mucus covered the ground slowing your steps. Swallowed by the dark you faced death.","スライムの粘液が地面を覆い、あなたの足取りを重くさせた。粘つく闇に飲まれたあなたは、逃れることのできない死を悟る。","史莱姆的粘液覆盖了地面，令你举步维艰。被粘稠黑暗吞没的你，领悟到了无法逃避之死。","Слизь покрыла землю, замедляя ваши шаги. Проглоченный тьмой, вы встретили смерть.","La mucosidad del limo cubrió el suelo ralentizando tus pasos. Tragado por la oscuridad, te enfrentaste a la muerte.","O muco do slime cobriu o chão retardando seus passos. Engolido pela escuridão, você enfrentou a morte.","Schleim bedeckte den Boden und verlangsamte deine Schritte. Von der Dunkelheit verschlungen, blicktest du dem Tod ins Auge.","슬라임의 점액이 지면을 뒤덮어 당신의 발걸음을 무겁게 만들었습니다. 끈적이는 어둠에 삼켜진 당신은 피할 수 없는 죽음을 예감합니다."
"MSG_C_ESCAPE_T_LOSS","The troll's massive body stood as a wall blocking you. Before this despair your heart broke.","トロールの巨体が壁となって立ちはだかり、あなたの脱出を阻んだ。絶望の光景を前に, あなたの心は折れた。","巨魔的巨体化作高墙拦住了你的去路。面对这绝望的光景，你的心志崩溃了。","Массивное тело тролля стояло стеной, преграждая вам путь. Перед этим отчаянием ваше сердце разбилось.","El cuerpo masivo del troll se erigió como un muro bloqueándote. Ante esta desesperación, tu corazón se rompió.","O corpo massivo do troll ergueu-se como uma parede bloqueando você. Diante desse desespero, seu coração se partiu.","Der massive Körper des Trolls stand wie eine Mauer vor dir. Angesichts dieser Verzweiflung brach dein Herz.","트롤의 거대한 몸집이 벽이 되어 가로막으며 당신의 탈출을 저지했습니다. 절망적인 광경 앞에서 당신의 마음은 꺾이고 말았습니다."
"MSG_C_ESCAPE_U_LOSS","Without physical forms the undead followed you like shadows. Death's cold chill froze you.","アンデッドには実体がないため、影のようにあなたを追跡し続ける。冷たい死の気配が、あなたの心臓を凍りつかせた。","由于不死族没有实态，它们如影随形般地追迹着你。冰冷的死亡气息令你的心脏感到冻。","Не имея физических форм, нежить следовала за вами как тени. Ледяной холод смерти сковал вас.","Sin formas físicas, los no-muertos te seguían como sombras. El gélido escalofrío de la muerte te congeló.","Sem formas físicas, os mortos-vivos seguiam você como sombras. O calafrio gelado da morte congelou você.","Ohne körperliche Form folgten dir die Untoten wie Schatten. Der kalte Schauer des Todes ließ dich gefrieren.","언데드는 실체가 없기에 그림자처럼 당신을 계속 추적합니다. 차가운 죽음의 기운이 당신의 심장을 얼어붙게 만들었습니다."
"MSG_C_ESCAPE_V_LOSS","The vampire moved through the dark to block your path. A white breath announced your end.","ヴァンパイアは闇に紛れて先回りし、あなたの行く手を遮った。白い吐息が、死の訪れを告げる旋律となる。","吸血鬼隐于黑暗并预先绕到了前方，拦住了去路。白色的吐息化作了预告死亡降临的旋律。","Вампир двигался сквозь тьму, чтобы преградить вам путь. Белое дыхание возвестило о вашем конце.","El vampiro se movió a través de la oscuridad para bloquear tu camino. Un aliento blanco anunció tu final.","O vampiro moveu-se através da escuridão para bloquear seu caminho. Um sopro branco anunciou seu fim.","Der Vampir bewegte sich durch die Dunkelheit, um deinen Weg zu versperren. Ein weißer Hauch verkündete dein Ende.","뱀파이어는 어둠 속에 숨어 앞질러가 당신의 길을 가로막았습니다. 하얀 입김이 죽음의 방문을 알리는 선율이 됩니다."
"MSG_C_ESCAPE_W_LOSS","The wolf pack blocked your exit with perfect teamwork. The leader's howl announced your end.","ウルフの群れが完璧な連携であなたの退路を断った。リーダーの遠吠えが、あなたの最期を告げる旋律となる。","狼群以完美的协作断绝了你的退路。首领的远嚎成了预告你终焉的旋律。","Волчья стая преградила вам выход благодаря идеальной командной работе. Вой вожака возвестил о вашем конце.","La manada de lobos bloqueó tu salida con un trabajo en equipo perfecto. El aullido del líder anunció tu final.","A alcatéia de lobos bloqueou sua saída com um trabalho em equipe perfeito. O uivo do líder anunciou seu fim.","Das Wolfsrudel versperrte deinen Ausgang mit perfektem Teamwork. Das Heulen des Anführers verkündete dein Ende.","울프 무리가 완벽한 연계로 당신의 퇴로를 차단했습니다. 리더의 울음소리가 당신의 마지막을 알리는 선율이 됩니다."
"MSG_C_ESCAPE_X_LOSS","Xalthis predicted your path and refused to let you go. Its tenacity filled you with despair.","ザルティスの不気味な多足があなたの逃走経路を先読みし、接近を許さない。魔物の執念が、あなたの精神を絶望で満たした。","扎尔提斯诡异的多肢预判了你的逃跑路线，不让你离开。魔物的执念令你的精神充满了绝望。","Ксалтис предсказал ваш путь и отказался отпускать вас. Его упорство наполнило вас отчаянием.","Xalthis predijo tu camino y se negó a dejarte ir. Su tenacidad te llenó de desesperación.","Xalthis previu seu caminho e se recusou a deixá-lo ir. Sua tenacidade encheu você de desespero.","Xalthis sagte deinen Weg voraus und weigerte sich, dich gehen zu lassen. Seine Beharrlichkeit erfüllte dich mit Verzweiflung.","잘티스의 기분 나쁜 다리가 당신의 도주 경로를 미리 읽고 접근을 허용하지 않습니다. 마물의 집념이 당신의 정신을 절망으로 채웠습니다."
"MSG_C_ESCAPE_Y_LOSS","The yeti's blizzard froze your feet to the ground. The weapon slipped from your unfeeling hand.","イエティの吹雪のような冷気が、あなたの足を地面に凍りつかせた。感覚のなくなった手から、獲物が滑り落ちる。","雪人如暴风雪般的冷气将你的脚冻在了地面上。从失去知觉的手中，猎物滑落了。","Метель йети приморозила ваши ноги к земле. Оружие выскользнуло из вашей онемевшей руки.","La ventisca del yeti congeló tus pies al suelo. El arma se resbaló de tu mano entumecida.","A ventania do yeti congelou seus pés no chão. A arma escorregou de sua mão sem sensibilidade.","Der Schneesturm des Yeti fror deine Füße am Boden fest. Die Waffe entglitt deiner gefühllosen Hand.","예티의 눈보라가 당신의 발을 땅에 얼려버렸습니다. 감각이 없는 손에서 무기가 미끄러졌습니다."
"MSG_C_ENERGYDRINK_A_LOSS","The ants thrived on the caffeine, coordinating with lightning speed to swarm and overwhelm you in seconds.","エナドリで異常に活性化したアリたちは、雷のような速度で連携しながらあなたを包囲し、一瞬のうちに飲み込んだ。","通过能量饮料异常活跃的蚂蚁们，以闪电般的速度协作将你包围，瞬间将你吞没。","Муравьи процветали на кофеине, координируясь с молниеносной скоростью, чтобы окружить и сокрушить вас за секунды.","Las hormigas prosperaron con la cafeína, coordinándose con una velocidad vertiginosa para rodearte y abrumarte en segundos.","As formigas prosperaram com a cafeína, coordenando-se com uma velocidade relâmpago para cercar e dominar você em segundos.","Die Ameisen gediehen durch das Koffein und koordinierten sich mit blitzartiger Geschwindigkeit, um dich in Sekundenschnelle zu umschwärmen und zu überwältigen.","에너지 드링크로 이상 활성화된 개미들은 번개 같은 속도로 연계하며 당신을 포위하고 순식간에 집어삼켰습니다."
"MSG_C_ENERGYDRINK_B_LOSS","Boosted by caffeine, the bat navigated the dark corridors with superhuman aggression and precision.","カフェインによって極限まで興奮したコウモリは、暗闇の廊下をかつてない凶暴さと正確さで縦横無尽に飛び回り、あなたを追い詰めた。","由于咖啡因的作用而极度兴奋的蝙蝠，在黑暗的走廊中以史无前例的凶残和精确四处乱飞，将你逼入绝境。","Подстегиваемая кофеином, летучая мышь перемещалась по темным коридорам с нечеловеческой агрессией и точностью.","Impulsado por la cafeína, el murciélago navegó por los oscuros pasillos con una agresión y precisión sobrehumanas.","Impulsionado pela cafeína, o morcego navegou pelos corredores escuros com agressividade e precisão sobre-humanas.","Angetrieben durch Koffein navigierte die Fledermaus mit übermenschlicher Aggression und Präzision durch die dunklen Korridore.","카페인에 의해 극한까지 흥분한 박쥐는 어두운 복도를 유례없는 흉포함과 정확성으로 종횡무진 누비며 당신을 몰아넣었습니다."
"MSG_C_ENERGYDRINK_C_WIN","When you gave a cobra some energy drink, it reacted chemically with its own poison and foamed at the mouth.","コブラにエナドリを飲ませたら、自らの猛毒と化学反応を起こして口から泡を吹いた。","当你给眼镜蛇喝能量饮料时，它与自身的毒药发生化学反应并在嘴里起泡沫。","Когда вы дали кобре энергетический напиток, он вступил в химическую реакцию с ее собственным ядом, и у нее пошла пена изо рта.","Cuando le diste a una cobra una bebida energética, esta reaccionó químicamente con su propio veneno y le salió espuma por la boca.","Quando você deu uma bebida energética a uma cobra, ela reagiu quimicamente com seu próprio veneno e ela espumou pela boca.","Als du einer Kobra einen Energydrink gabst, reagierte dieser chemisch mit ihrem eigenen Gift und sie schäumte aus dem Mund.","코브라에게 에너지 드링크를 먹였더니 자신의 맹독과 화학 반응을 일으켜 입에서 거품을 뿜었습니다."
"MSG_C_ENERGYDRINK_D_WIN","The energy drink caused the dragon's internal fire to exceed its limits, incinerating its own throat and silencing its roar forever.","エナドリによってドラゴンの体内火力が限界を突破し、自らの喉を焼き尽くして咆哮を永遠に封じた。","由于能量饮料的作用，巨龙体内的火力突破了极限，烧毁了自己的喉咙，令其咆哮永远沈默了。","Энергетический напиток заставил внутренний огонь дракона превысить пределы, испепелив его собственное горло и навсегда заставив замолчать его рев.","La bebida energética hizo que el fuego interno del dragón excediera sus límites, incinerando su propia garganta y silenciando su rugido para siempre.","A bebida energética fez com que o fogo interno do dragão excedesse seus limites, incinerando sua própria garganta e silenciando seu rugido para sempre.","Der Energydrink führte dazu, dass das innere Feuer des Drachen seine Grenzen überschritt, seine eigene Kehle verbrannte und sein Brüllen für immer verstummte.","에너지 드링크로 인해 드래곤의 체내 화력이 한계를 돌파하여 자신의 목구멍을 태워버리고 포효를 영원히 봉인했습니다."
"MSG_C_ENERGYDRINK_E_WIN","When you fed the Ents as fertilizer, they grew so much that their trunks broke under their own weight.","エナドリを肥料としてエントに与えたら、成長しすぎて自重で幹がへし折れた。","当你给恩特们喂肥料时，它们长得如此之大，以至于它们的树干在自身重量的作用下折断了。","Когда вы подкормили Энтов удобрением, они выросли так сильно, что их стволы сломались под собственным весом.","Cuando alimentaste a los Ents como fertilizante, crecieron tanto que sus troncos se rompieron bajo su propio peso.","Quando você alimentou os Ents como fertilizante, eles cresceram tanto que seus troncos quebraram sob seu próprio peso.","Als du die Ents mit Dünger füttertest, wuchsen sie so stark, dass ihre Stämme unter ihrem eigenen Gewicht brachen.","에너트에게 에너지 드링크를 비료로 주었더니 너무 많이 자라나 버려 자신의 무게를 이기지 못하고 줄기가 부러졌습니다."
"MSG_C_ENERGYDRINK_F_LOSS","The sweet scent attracted a dense cloud of flies that blinded you, leading you to stumble into a deadly trap.","エナドリの甘い匂いに誘われてハエの厚い雲が発生し、視界を奪われたあなたはそのまま奈落の底へと足を踏み外した。","被能量饮料的甜味吸引，产生了厚厚的苍蝇云，夺走视线的你就这样踏空落入了深渊。","Сладкий запах привлек густое облако мух, которое ослепило вас, заставив угодить в смертельную ловушку.","El aroma dulce atrajo una densa nube de moscas que te cegó, llevándote a tropezar en una trampa mortal.","O aroma doce atraiu uma nuvem densa de moscas que o cegou, levando-o a tropeçar em uma armadilha mortal.","Der süße Duft lockte eine dichte Fliegenwolke an, die dich blendete und dazu führte, dass du in eine tödliche Falle stolpertest.","에너지 드링크의 달콤한 냄새에 이끌려 파리 떼가 구름처럼 발생했고, 시야를 빼앗긴 당신은 그대로 나락으로 발을 헛디뎠습니다."
"MSG_C_ENERGYDRINK_G_WIN","A goblin stole Enadori and drank it, and in his excitement, his friends started fighting each other and destroyed themselves.","ゴブリンがエナドリを盗み飲みし、興奮して仲間同士で殴り合いを始めて自滅した。","一个妖精偷了 Enadori 并喝了它，在他的兴奋中，他的朋友们开始互相争斗并毁灭了自己。","Гоблин украл Энадори и выпил его, и в возбуждении его друзья начали драться друг с другом и уничтожили себя.","Un goblin robó Enadori y lo bebió, y en su emoción, sus amigos comenzaron a pelear entre ellos y se destruyeron a sí mismos.","Um goblin roubou Enadori e bebeu, e em sua excitação, seus amigos começaram a lutar entre si e se destruíram.","Ein Goblin stahl den Energydrink und trank ihn, und in seiner Aufregung fingen seine Freunde an, gegeneinander zu kämpfen und vernichteten sich selbst.","고블린이 에너지 드링크를 훔쳐 마시고는 흥분해서 동료들끼리 서로 싸우기 시작하다 자멸했습니다."
"MSG_C_ENERGYDRINK_H_WIN","When you forced the harpy to drink Enadori, its flight speed became uncontrollable and it crashed into a wall.","ハーピーに無理やりエナドリを飲ませたら、飛ぶ速度が制御不能になり壁に激突した。","当你强迫鹰身女妖喝下Enadori时，它的飞行速度变得无法控制，撞到了墙上。","Когда вы заставили гарпию выпить Энадори, ее скорость полета стала неуправляемой, и она врезалась в стену.","Cuando obligaste a la arpía a beber Enadori, su velocidad de vuelo se volvió incontrolable y se estrelló contra una pared.","Quando você forçou a harpia a beber Enadori, sua velocidade de voo tornou-se incontrolável e ela bateu em uma parede.","Als du die Harpie zwangst, den Energydrink zu trinken, wurde ihre Fluggeschwindigkeit unkontrollierbar und sie prallte gegen eine Wand.","하피에게 억지로 에너지 드링크를 먹였더니 비행 속도를 제어하지 못하고 벽에 충돌했습니다."
"MSG_C_ENERGYDRINK_I_LOSS","The imp drank Enadori, awoke, and stole all your belongings with blinding speed.","インプがエナドリを飲んで覚醒し、目にもとまらぬ速度であなたの所持品をすべて奪った。","小恶魔喝了 Enadori，醒了，并以令人眼花缭乱的速度偷走了你的所有物品。","Бес выпил Энадори, проснулся и украл все ваши вещи с ослепительной скоростью.","El imp bebió Enadori, se despertó y robó todas tus pertenencias con una velocidad cegadora.","O imp bebeu Enadori, acordou e roubou todos os seus pertences com uma velocidade impressionante.","Der Imp trank den Energydrink, erwachte und stahl all dein Hab und Gut mit blendender Geschwindigkeit.","임프가 에너지 드링크를 마시고 각성하여 눈 깜짝할 사이에 당신의 소지품을 모두 훔쳐갔습니다."
"MSG_C_ENERGYDRINK_J_WIN","When you poured Enadori into the jelly, it bubbled and exploded due to an abnormal chemical reaction.","ジェリーにエナドリを注いだら異常な化学反応でブクブクと泡立ち、大爆発した。","当你将 Enadori 倒入果冻中时，由于异常的化学反应，果冻冒泡并爆炸。","Когда вы налили Энадори в желе, оно запузырилось и взорвалось из-за аномальной химической реакции.","Cuando vertiste Enadori en la gelatina, burbujeó y explotó debido a una reacción química anormal.","Quando você derramou Enadori na geleia, ela borbulhou e explodiu devido a uma reação química anormal.","Als du den Energydrink in das Gelee gossest, sprudelte es und explodierte aufgrund einer abnormalen chemischen Reaktion.","젤리에 에너지 드링크를 부었더니 이상 화학 반응으로 부글부글 거품이 일더니 대폭발했습니다."
"MSG_C_ENERGYDRINK_K_LOSS","The kobolds thrived on the caffeine, their tribal teamwork becoming a blur of high-speed violence. You were overwhelmed by the hyper-active pack before you could speak.","コボルドの群れはカフェインによって異常に活性化し、部族の連携は目にも止まらぬ暴力の嵐となった。あなたは言葉を発する間もなく、興奮状態の群れに飲み込まれた。","狗头人因咖啡因变得异常活跃，部族协作化作瞬息万变的暴力风暴。在你开口之前，就被极度兴奋的群落吞没了。","Кобольды процветали на кофеине, их племенная командная работа превратилась в размытое пятно скоростного насилия. Вас сокрушила гиперактивная стая прежде, чем вы успели что-то сказать.","Los kobolds prosperaron con la cafeína, su trabajo en equipo tribal se convirtió en un torbellino de violencia de alta velocidad. Fuiste abrumado por la manada hiperactiva antes de que pudieras hablar.","Os kobolds prosperaram com a cafeína, seu trabalho em equipe tribal tornando-se um borrão de violência em alta velocidade. Você foi dominado pelo bando hiperativo antes que pudesse falar.","Die Kobolde gediehen durch das Koffein, ihre Stammes-Teamarbeit wurde zu einem Strudel aus Hochgeschwindigkeitsgewalt. Du wurdest von dem hyperaktiven Rudel überwältigt, bevor du ein Wort sagen konntest.","코볼트 무리는 카페인에 의해 이상 활성화되었고, 부족의 연계는 눈 뜨고 볼 수 없는 폭력의 폭풍이 되었습니다. 당신은 말 한마디 내뱉기도 전에 흥분 상태의 무리에 삼켜졌습니다."
"MSG_C_ENERGYDRINK_L_WIN","The lizard drank Enadori and went berserk, smashing the surrounding rocks and collapsing after going on a rampage.","リザードがエナドリを飲んで狂暴化し、周囲の岩を砕いて暴れ回った末に倒れた。","蜥蜴喝了埃纳多利后变得狂暴起来，狂暴后撞碎了周围的岩石，倒地不起。","Ящерица выпила Энадори и впала в неистовство, круша окружающие скалы и рухнув после буйства.","El lagarto bebió Enadori y se volvió loco, destrozando las rocas circundantes y colapsando después de un alboroto.","O lagarto bebeu Enadori e ficou furioso, quebrando as rochas ao redor e desmaiando após o surto.","Die Echse trank den Energydrink und wurde rasend, zertrümmerte die umliegenden Felsen und brach nach einem Amoklauf zusammen.","리저드가 에너지 드링크를 마시고 광포해져 주변의 바위를 부수며 날뛰다 쓰러졌습니다."
"MSG_C_ENERGYDRINK_M_WIN","When you soaked the mummy's dried body with Enadori, the ancient bandages expanded rapidly and its whole body burst open.","マミーの干からびた体にエナドリを染み込ませたら、古びた包帯が急激に膨張して全身が弾け飛んだ。","当你用能量饮料浸泡木乃伊干燥的身体时，古老的绷带迅速膨胀，它的整个身体都炸开了。","Когда вы пропитали высохшее тело мумии Энадори, древние бинты быстро расширились, и все ее тело лопнуло.","Cuando empapaste el cuerpo seco de la momia con Enadori, los vendajes antiguos se expandieron rápidamente y todo su cuerpo estalló.","Quando você embebeu o corpo seco da múmia com Enadori, as bandagens antigas expandiram-se rapidamente e todo o seu corpo explodiu.","Als du den getrockneten Körper der Mumie mit dem Energydrink tränktest, dehnten sich die alten Bandagen schnell aus und ihr ganzer Körper platzte auf.","미라의 말라붙은 몸에 에너지 드링크를 스며들게 했더니 낡은 붕대가 급격히 팽창하며 온몸이 터져버렸습니다."
"MSG_C_ENERGYDRINK_N_WIN","When the Naga drank Enadori, its blood flow accelerated so much that it became entangled in its own giant body and passed out.","ナーガにエナドリを与えたところ血流が加速しすぎて、自らの巨体に巻き付かれて気絶した。","当纳迦喝下能量饮料时，其血液流动加速过快，以至于它被自己巨大的身体缠绕并昏了过去。","Когда Нага выпила Энадори, ее кровоток ускорился настолько, что она запуталась в своем собственном гигантском теле и потеряла сознание.","Cuando la Naga bebió Enadori, su flujo sanguíneo se aceleró tanto que se enredó en su propio cuerpo gigante y se desmayó.","Quando a Naga bebeu Enadori, seu fluxo sanguíneo acelerou tanto que ela se enredou em seu próprio corpo gigante e desmaiou.","Als die Naga den Energydrink trank, beschleunigte sich ihr Blutfluss so sehr, dass sie sich in ihrem eigenen riesigen Körper verhedderte und ohnmächtig wurde.","나가에게 에너지 드링크를 주었더니 혈류가 너무 빨라져 자신의 거대한 몸에 휘감겨 기절했습니다."
"MSG_C_ENERGYDRINK_O_WIN","The orc gulped down the energy drink but its heart couldn't handle the extreme chemical stimulation and stopped instantly. The monster fell like a mountain.","オークがエナドリをガブ飲みした結果、心臓が過剰な化学刺激に耐えきれず停止した。怪物は山の如く崩れ落ちた。","兽人吞下了能量饮料，但他的心脏无法承受极端的化学刺激，瞬间停止了跳动。巨人像山一样倒下了。","Орк залпом выпил энергетический напиток, но его сердце не выдержало экстремальной химической стимуляции и мгновенно остановилось. Монстр упал как гора.","El orco se tragó la bebida energética, pero su corazón no pudo soportar la estimulación química extrema y se detuvo instantáneamente. El monstruo cayó como una montaña.","O orc engoliu a bebida energética, mas seu coração não aguentou a estimulação química extrema e parou instantaneamente. O monstro caiu como uma montanha.","Der Ork verschlang den Energydrink, aber sein Herz konnte die extreme chemische Stimulation nicht verkraften und blieb sofort stehen. Das Monster fiel wie ein Berg um.","오크가 에너지 드링크를 벌컥벌컥 마신 결과, 심장이 과도한 화학적 자극을 견디지 못하고 정지했습니다. 괴물은 산처럼 무너져 내렸습니다."
"MSG_C_ENERGYDRINK_P_LOSS","Pixie mixed the ingredients of Enadri with magic powder, turned it into a powerful sleeping pill, and gave it to you to drink.","ピクシーがエナドリの成分を魔法の粉と混ぜ、強力な睡眠薬に変えてあなたに飲ませた。","皮克西将艾那德里的成分与魔法粉混合，变成了强效安眠药，给你喝了。","Пикси смешала ингредиенты Энадри с магическим порошком, превратила его в мощное снотворное и дала вам выпить.","La Pixie mezcló los ingredientes de Enadri con polvo mágico, lo convirtió en una poderosa pastilla para dormir y te lo dio a beber.","A Pixie misturou os ingredientes de Enadri com pó mágico, transformou-o em um poderoso sonífero e deu para você beber.","Die Pixie mischte die Zutaten des Energydrinks mit Zauberpulver, verwandelte ihn in ein starkes Schlafmittel und gab ihn dir zu trinken.","픽시가 에너지 드링크의 성분을 마법의 가루와 섞어 강력한 수면제로 바꾸어 당신에게 먹였습니다."
"MSG_C_ENERGYDRINK_Q_WIN","Coeurl drank Enadori and became extremely charged, turning the surrounding area into a sea of ​​lightning and disappearing.","クアールがエナドリを飲んで極限まで帯電し、周囲一帯を雷の海に変えて消滅した。","科阿尔喝下埃纳多利后，变得极度充能，将周围区域变成了一片雷海，然后消失了。","Куарл выпил Энадори и стал чрезвычайно заряженным, превратив окрестности в море молний и исчезнув.","Coeurl bebió Enadori y se cargó extremadamente, convirtiendo el área circundante en un mar de relámpagos y desapareciendo.","O Coeurl bebeu Enadori e ficou extremamente carregado, transformando a área ao redor em um mar de relâmpagos e desaparecendo.","Der Coeurl trank den Energydrink und wurde extrem aufgeladen, verwandelte die Umgebung in ein Meer aus Blitzen und verschwand.","쿠알이 에너지 드링크를 마시고 극한까지 대전되어 주변 일대를 번개의 바다로 만들고는 소멸했습니다."
"MSG_C_ENERGYDRINK_R_WIN","The rats multiplied so fast after drinking the liquid that the swarm panicked and began devouring one another until only bones remained.","エナドリを飲んだラットたちが異常な速度で増殖し、制御不能に陥った群れはパニックから共食いを始め、最後には骨の山だけが残った。","喝下液体的老鼠繁殖速度极快，导致鼠群陷入恐慌并开始互相吞噬，最后只剩下白骨。","Крысы размножались так быстро после того, как выпили жидкость, что стая впала в панику и начала пожирать друг друга, пока не остались только кости.","Las ratas se multiplicaron tan rápido después de beber el líquido que la manada entró en pánico y comenzó a devorarse unos a otros hasta que solo quedaron huesos.","Os ratos multiplicaram-se tão rápido depois de beber o líquido que o enxame entrou em pânico e começou a devorar uns aos outros até que restassem apenas ossos.","Die Ratten vermehrten sich nach dem Trinken der Flüssigkeit so schnell, dass das Rudel in Panik geriet und anfing, sich gegenseitig aufzufressen, bis nur noch Knochen übrig waren.","에너지 드링크를 마신 쥐들이 이상한 속도로 증식했고, 제어 불능에 빠진 무리는 패닉 상태에서 서로를 잡아먹기 시작해 마지막에는 뼈무덤만이 남았습니다."
"MSG_C_ENERGYDRINK_S_LOSS","The energy drink caused the slime to expand into a toxic, hyper-active gelatin. It surged forward with incredible speed, its surface crackling with artificial energy that burned your skin.","エナドリの成分がスライムを毒性を帯びた超活性ゼリーへと変貌させた。怪物は驚異的な速度で増殖・突進し、人工的なエネルギーを帯びた表面は触れるだけであなたの肌を焼いた。","能量饮料成分令史莱姆变异成了带有毒性的超活性果冻。怪物以惊人的速度增殖并冲锋，带有回流能量的表面仅凭接触就烧伤了你的皮肤。","Энергетический напиток заставил слизь расшириться в токсичный, гиперактивный желатин. Она рванулась вперед с невероятной скоростью, ее поверхность трещала от искусственной энергии, которая обжигала вашу кожу.","La bebida energética hizo que el limo se expandiera en una gelatina tóxica e hiperactiva. Surgió hacia adelante con una velocidad increíble, su superficie chisporroteaba con energía artificial que quemaba tu piel.","A bebida energética fez com que o slime se expandisse em uma gelatina tóxica e hiperativa. Ele avançou com uma velocidade incrível, sua superfície crepitando com energia artificial que queimava sua pele.","Der Energydrink führte dazu, dass der Schleim zu einer giftigen, hyperaktiven Gelatine expandierte. Er schoss mit unglaublicher Geschwindigkeit nach vorne, seine Oberfläche knisterte vor künstlicher Energie, die deine Haut verbrannte.","에너지 드링크의 성분이 슬라임을 독성을 띤 초활성 젤리로 변모시켰습니다. 괴물은 경이로운 속도로 증식·돌진했고, 인공적인 에너지를 띤 표면은 닿는 것만으로도 당신의 피부를 태웠습니다."
"MSG_C_ENERGYDRINK_T_LOSS","Enadori added to the troll's superhuman strength and smashed you and the ground into pieces with a hammer.","トロールの怪力にエナドリが加わり、あなたごと地面をハンマーで粉々に叩き割った。","埃纳多里（Enadori）增强了巨魔的超人力量，用锤子将你和地面砸成了碎片。","Энадори добавил троллю сверхчеловеческой силы, и он разбил вас и землю вдребезги молотом.","Enadori se sumó a la fuerza sobrehumana del troll y te destrozó a ti y al suelo en pedazos con un martillo.","Enadori somou-se à força sobre-humana do troll e esmagou você e o chão em pedaços com um martelo.","Der Energydrink verstärkte die übermenschliche Kraft des Trolls und er zerschmetterte dich und den Boden mit einem Hammer in Stücke.","트롤의 괴력에 에너지 드링크가 더해져 당신과 지면을 해머로 산산조각 냈습니다."
"MSG_C_ENERGYDRINK_U_LOSS","Enadori had no effect on the ghost, and he looked down at your useless actions with a cold gaze.","亡霊にエナドリは一切効果がなく、あなたの無駄な行動を冷たい眼差しで見下ろした。","埃纳多对鬼魂没有任何作用，他用冰冷的目光俯视着你无用的举动。","Энадори не подействовал на призрака, и он посмотрел на ваши бесполезные действия холодным взглядом.","Enadori no tuvo efecto en el fantasma, y él miró tus acciones inútiles con una mirada fría.","Enadori não teve efeito no fantasma, e ele olhou para suas ações inúteis com um olhar frio.","Der Energydrink hatte keine Wirkung auf den Geist, und er blickte mit kaltem Blick auf deine nutzlosen Taten herab.","망령에게 에너지 드링크는 전혀 효과가 없었고, 그는 당신의 헛수고를 차가운 눈빛으로 내려다보았습니다."
"MSG_C_ENERGYDRINK_V_LOSS","You tried to feed Enadori's blood to a vampire, but the artificial taste enraged him and he bit your neck.","吸血鬼にエナドリの血を与えようとしたが、人工的な味に激怒してあなたの首筋に噛みついた。","你试图将 Enadori 的血液喂给吸血鬼，但人工味道激怒了他，他咬住了你的脖子。","Вы пытались накормить вампира кровью Энадори, но искусственный вкус привел его в ярость, и он укусил вас за шею.","Intentaste alimentar a un vampiro con la sangre de Enadori, pero el sabor artificial lo enfureció y te mordió el cuello.","Você tentou alimentar um vampiro com o sangue de Enadori, mas o sabor artificial o enfureceu e ele mordeu seu pescoço.","Du hast versucht, einem Vampir das Blut des Energydrinks zu geben, aber der künstliche Geschmack erzürnte ihn und er biss dir in den Nacken.","흡혈귀에게 에너지 드링크 성분이 섞인 혈액을 먹이려 했으나, 인공적인 맛에 분노한 그가 당신의 목덜미를 물었습니다."
"MSG_C_ENERGYDRINK_W_WIN","The hyper-excited wolves fell into a primal rage and turned on each other and the pack was scattered and broken within minutes.","極限まで興奮した狼たちは理性を失って互いの喉笛を噛み切り、群れは数分で四散・崩壊した。","过度兴奋的狼群陷入了原始的愤怒并开始互相攻击，狼群在几分钟内就四散溃败。","Гипервозбужденные волки впали в первобытную ярость и набросились друг на друга, и стая разбежалась и распалась в течение нескольких минут.","Los lobos hiperexcitados cayeron en una rabia primaria y se atacaron entre sí y la manada se dispersó y se rompió en cuestión de minutos.","Os lobos hiperexcitados caíram em uma fúria primitiva e atacaram uns aos outros e a alcatéia foi dispersa e quebrada em poucos minutos.","Die übererregten Wölfe verfielen in eine ursprüngliche Wut und wandten sich gegeneinander, und das Rudel wurde innerhalb von Minuten zerstreut und zerschlagen.","극한까지 흥분한 늑대들은 이성을 잃고 서로의 목을 물어뜯었고, 무리는 몇 분 만에 뿔뿔이 흩어져 붕괴했습니다."
"MSG_C_ENERGYDRINK_X_LOSS","Zarsis has broken the physics of beverages, and the can of Enadori has grown to a gigantic size and crushed you.","ザルシスが飲料の物理法則を破壊し、エナドリの缶が巨大化してあなたを押し潰した。","扎尔西斯（Zarsis）打破了饮料的物理原理，而埃纳多利（Enadori）罐头已经长到了巨大的尺寸，压垮了你。","Зарсис нарушил физику напитков, и банка Энадори выросла до гигантских размеров и раздавила вас.","Zarsis ha roto la física de las bebidas, y la lata de Enadori ha crecido a un tamaño gigantesco y te ha aplastado.","Zarsis quebrou a física das bebidas, e a lata de Enadori cresceu para um tamanho gigantesco e esmagou você.","Zarsis hat die Physik der Getränke außer Kraft gesetzt, und die Dose des Energydrinks ist zu gigantischer Größe gewachsen und hat dich zerquetscht.","잘시스가 음료의 물리 법칙을 파괴하여 에너지 드링크 캔이 거대화되어 당신을 깔아뭉개버렸습니다."
"MSG_C_ENERGYDRINK_Y_LOSS","The Yeti's frigid breath instantly froze the can of Enadori, making it too cold to drink.","イエティの極寒の息吹でエナドリの缶が瞬時に凍りつき、冷たすぎて飲むことができなかった。","雪人冰冷的呼吸立即将Enadori罐头冰冻起来，使其变得太冷而无法饮用。","Холодное дыхание Йети мгновенно заморозило банку Энадори, сделав ее слишком холодной, чтобы пить.","El aliento gélido del Yeti congeló instantáneamente la lata de Enadori, haciéndola demasiado fría para beber.","O hálito gélido do Yeti congelou instantaneamente a lata de Enadori, tornando-a fria demais para beber.","Der eiskalte Atem des Yeti fror die Dose des Energydrinks sofort ein, sodass sie zu kalt zum Trinken war.","예티의 극한의 입김으로 에너지 드링크 캔이 순식간에 얼어붙어, 너무 차가워서 마실 수 없었습니다."
"MSG_C_ENERGYDRINK_Z_LOSS","Even if you feed the zombie Enadori, the carrion won't move and will just approach you with blank eyes.","ゾンビにエナドリを飲ませても腐肉は動かず、ただ虚ろな目であなたに近寄ってきた。","即使你给僵尸 Enadori 喂食，腐肉也不会移动，只会用空洞的眼睛接近你。","Даже если вы скормите зомби Энадори, падаль не сдвинется с места и просто приблизится к вам с пустыми глазами.","Incluso si alimentas al zombi con Enadori, la carroña no se moverá y simplemente se te acercará con ojos vacíos.","Mesmo que você alimente o zumbi com Enadori, a carniça não se moverá e apenas se aproximará de você com olhos vazios.","Selbst wenn du den Zombie mit dem Energydrink fütterst, wird sich das Aas nicht bewegen und sich dir nur mit leeren Augen nähern.","좀비에게 에너지 드링크를 먹여도 부패한 몸은 움직이지 않았고, 그저 공허한 눈으로 당신에게 다가왔습니다."
"MSG_C_ELECTRICGUITAR_A_WIN","Grasping the neck of the electric guitar with both hands, he perfectly crushed the soil along with the swarm of ants crawling on the ground.","エレキギターのネックを両手で握り締め、地上を這うアリの群れごと土を完璧に粉砕した。","双手握住电吉他的琴颈，将泥土连同地上爬行的蚂蚁完美地碾碎。","Крепко сжимая гриф электрогитары обеими руками, он идеально раздавил почву вместе с роем муравьев, ползающих по земле.","Agarrando el mástil de la guitarra eléctrica con ambas manos, aplastó perfectamente el suelo junto con el enjambre de hormigas que se arrastraban por la tierra.","Segurando o braço da guitarra elétrica com as duas mãos, ele esmagou perfeitamente o solo junto com o enxame de formigas rastejando no chão.","Mit beiden Händen den Hals der E-Gitarre fest umschließend, zerquetschte er den Boden mitsamt dem Ameisenschwarm, der am Boden kroch, perfekt.","일렉트릭 기타의 넥을 양손으로 움켜쥐고 지면을 기어다니는 개미 떼와 함께 흙을 완벽하게 박살 냈습니다."
"MSG_C_ELECTRICGUITAR_B_LOSS","Your guitar noise was completely cancelled out by the bat's ultrasonic waves, and it bit you while you were confused.","コウモリの超音波にギターの音が完全に打ち消され、戸惑っている隙に首筋を噛みちぎられた。","你的吉他噪音被蝙蝠的超声波完全抵消了，它趁你困惑时咬断了你的脖子。","Шум вашей гитары был полностью подавлен ультразвуковыми волнами летучей мыши, и она укусила вас, пока вы были в замешательстве.","El ruido de tu guitarra fue completamente cancelado por las ondas ultrasónicas del murciélago, y te mordió mientras estabas confundido.","O ruído da sua guitarra foi completamente cancelado pelas ondas ultrassônicas do morcego, e ele o mordeu enquanto você estava confuso.","Dein Gitarrenlärm wurde von den Ultraschallwellen der Fledermaus komplett ausgelöscht, und sie biss dich, während du verwirrt warst.","박쥐의 초음파에 기타 소리가 완전히 상쇄되었고, 당황하는 사이에 목덜미를 물어 뜯겼습니다."
"MSG_C_ELECTRICGUITAR_C_WIN","Before the cobra could spit out its venom, the shockwave caused by the guitar's distortion sound completely knocked it out.","コブラが毒を吐く前に、ギターのディストーションサウンドによる衝撃波で完全に気絶させた。","眼镜蛇还没来得及吐出毒液，吉他扭曲声音带来的冲击波就将它彻底击倒了。","Прежде чем кобра успела выплюнуть яд, ударная волна, вызванная звуком искажения гитары, полностью вывела ее из строя.","Antes de que la cobra pudiera escupir su veneno, la onda de choque causada por el sonido de distorsión de la guitarra la dejó completamente fuera de combate.","Antes que a cobra pudesse cuspir seu veneno, a onda de choque causada pelo som de distorção da guitarra a nocauteou completamente.","Bevor die Kobra ihr Gift ausspeien konnte, schlug sie die durch den Verzerrerklang der Gitarre verursachte Schockwelle komplett k.o.","코브라가 독을 내뿜기 전에 기타의 디스토션 사운드에 의한 충격파로 완전히 기절시켰습니다."
"MSG_C_ELECTRICGUITAR_D_WIN","You slammed your electric guitar into the gap between the dragon's thick scales, played a lightning solo, and roasted it.","ドラゴンの分厚い鱗の隙間にエレキギターを叩き込み、そのまま雷属性のソロを弾いて焼いた。","你把电吉他猛地敲进龙厚鳞片的缝隙中，弹奏出闪电般的独奏，将它烤熟。","Вы вонзили электрогитару в щель между толстой чешуей дракона, исполнили молниеносное соло и поджарили его.","Golpeaste con tu guitarra eléctrica el hueco entre las gruesas escamas del dragón, tocaste un solo de relámpagos y lo rostizaste.","Você bateu sua guitarra elétrica na lacuna entre as grossas escamas do dragão, tocou um solo de relâmpago e o assou.","Du hast deine E-Gitarre in die Lücke zwischen den dicken Schuppen des Drachen gerammt, ein Blitz-Solo gespielt und ihn geröstet.","드래곤의 두꺼운 비늘 틈새에 일렉트릭 기타를 때려 박고, 그대로 번개 속성의 솔로 연주를 하여 구워버렸습니다."
"MSG_C_ELECTRICGUITAR_E_WIN","You hit the gigantic trunk of the Ent with all your might with the body of your guitar, causing it to crack like dry wood.","エントの巨大な幹をギターのボディで渾身の力でぶん殴り、乾いた木材のようにへし折れた。","你用吉他的琴身用尽全力敲击了恩特巨大的树干，使它像干木头一样裂开。","Вы со всей силы ударили по гигантскому стволу Энта корпусом гитары, заставив его треснуть, как сухое дерево.","Golpeaste el gigantesco tronco del Ent con todas tus fuerzas con el cuerpo de tu guitarra, haciendo que se rompiera como madera seca.","Você atingiu o tronco gigantesco do Ent com toda a sua força com o corpo da sua guitarra, fazendo-o rachar como madeira seca.","Du hast den gigantischen Stamm des Ents mit aller Kraft mit dem Korpus deiner Gitarre geschlagen, sodass er wie trockenes Holz zerbrach.","엔트의 거대한 줄기를 기타 바디로 온 힘을 다해 후려쳐서 마른 나무처럼 부러뜨렸습니다."
"MSG_C_ELECTRICGUITAR_F_LOSS","The loud guitar sound surprisingly attracted a massive swarm of flies, which completely covered you and drained your blood.","ギターの爆音に大量のハエが集まってしまい、全身を覆い尽くされて血を吸い尽くされた。","嘈杂的吉他声出人意料地吸引了一大群苍蝇，它们将你完全遮盖并吸干了你的血。","Громкий звук гитары неожиданно привлек огромный рой мух, который полностью покрыл вас и высосал вашу кровь.","El fuerte sonido de la guitarra atrajo sorprendentemente a un enorme enjambre de moscas, que te cubrieron por completo y te drenaron la sangre.","O som alto da guitarra surpreendentemente atraiu um enorme enxame de moscas, que o cobriu completamente e drenou seu sangue.","Der laute Gitarrenklang lockte überraschenderweise einen riesigen Fliegenschwarm an, der dich komplett bedeckte und dein Blut aussaugte.","기타의 폭음에 수많은 파리가 몰려들었고, 온몸을 뒤덮여 피를 전부 빨리고 말았습니다."
"MSG_C_ELECTRICGUITAR_G_WIN","He threw his guitar a long way from behind the fleeing goblin, hitting it directly on the back of the head and stopping it from moving.","逃げるゴブリンの背後からギターを大遠投し、見事に後頭部へ直撃させて動きを止めた。","他从逃跑的妖精身后远远地扔出了吉他，直接击中了它的后脑勺，阻止了它的移动。","Он швырнул гитару издалека вслед убегающему гоблину, попав ему прямо в затылок и остановив его движение.","Lanzó su guitarra desde lejos por detrás del goblin que huía, golpeándolo directamente en la nuca y deteniendo su movimiento.","Ele jogou sua guitarra de longe por trás do goblin em fuga, atingindo-o diretamente na nuca e impedindo-o de se mover.","Er warf seine Gitarre von weitem hinter dem fliehenden Goblin her, traf ihn direkt am Hinterkopf und stoppte seine Bewegung.","도망치는 고블린의 등 뒤에서 기타를 멀리 던져 뒤통수에 정확히 명중시켰고 녀석의 움직임을 멈췄습니다."
"MSG_C_ELECTRICGUITAR_H_WIN","The blast of the guitar far surpassed the harpy's singing voice, making her unable to use her delicate vocal chords again.","ハーピーの歌声をはるかに凌駕するギターの爆音で、彼女の繊細な声帯を二度と使えなくした。","吉他的爆发声远远超过了哈皮的歌声，令她无法再使用自己细腻的声带。","Грохот гитары намного превзошел певческий голос гарпии, лишив ее возможности снова использовать свои нежные голосовые связки.","El estruendo de la guitarra superó con creces la voz de la arpía, dejándola incapaz de volver a usar sus delicadas cuerdas vocales.","O estrondo da guitarra superou em muito a voz da harpia, tornando-a incapaz de usar suas delicadas cordas vocais novamente.","Das Dröhnen der Gitarre übertraf bei weitem die Singstimme der Harpie, sodass sie ihre zarten Stimmbänder nie wieder benutzen konnte.","하피의 노랫소리를 훨씬 능가하는 기타의 폭음으로 그녀의 섬세한 성대를 다시는 쓸 수 없게 만들었습니다."
"MSG_C_ELECTRICGUITAR_I_LOSS","The imp easily teleported behind you, ignoring the loud guitar noise, and stealthily stabbed you in the back.","インプはギターの爆音を完全に無視して背後へ瞬間移動し、気付かれずに短剣で背中を刺した。","小恶魔完全无视震耳欲聋的吉他噪音，瞬间传送到你身后，并在你不知不觉中刺伤了你的背部。","Бес легко телепортировался вам за спину, игнорируя громкий шум гитары, и скрытно ударил вас в спину.","El imp se teletransportó fácilmente detrás de ti, ignorando el fuerte ruido de la guitarra, y te apuñaló sigilosamente por la espalda.","O imp teletransportou-se facilmente para trás de você, ignorando o ruído alto da guitarra, e o esfaqueou furtivamente nas costas.","Der Imp teleportierte sich einfach hinter dich, ignorierte den lauten Gitarrenlärm und stach dir heimlich in den Rücken.","임프는 기타의 폭음을 완전히 무시하고 등 뒤로 순간 이동하여 기척도 없이 단검으로 등을 찔렀습니다."
"MSG_C_ELECTRICGUITAR_J_WIN","The overwhelming heavy metal riffs vibrated through Jerry's slime, causing his molecular bonds to fail and shatter him into pieces.","凄まじい重低音のメタルリフがジェリーのスライム体を激しく振動させ、分子結合をバラバラに破壊して粉砕した。","压倒性的重金属连奏通过杰瑞的粘液产生振动，导致其分子结合失效并将其粉碎成碎片。","Подавляющие риффы тяжелого металла вибрировали сквозь слизь Джерри, вызывая разрыв его молекулярных связей и разбивая его на куски.","Los abrumadores riffs de heavy metal vibraron a través del limo de Jerry, haciendo que sus enlaces moleculares fallaran y lo destrozaran en pedazos.","Os riffs esmagadores de heavy metal vibraram através do slime do Jerry, fazendo com que suas ligações moleculares falhassem e o despedaçassem.","Die überwältigenden Heavy-Metal-Riffs vibrierten durch Jerrys Schleim, was dazu führte, dass seine Molekularverbindungen versagten und ihn in Stücke rissen.","엄청난 중저음의 메탈 리프가 젤리의 슬라임 몸체를 격렬하게 진동시켰고, 분자 결합을 갈가리 파괴하여 가루로 만들었습니다."
"MSG_C_ELECTRICGUITAR_K_LOSS","The kobold swiftly cut the guitar's cable with his dagger, and thrust his spear through your chest while you panicked.","コボルドの短剣で素早くギターのケーブルを切断され、うろたえた隙に槍で胸を貫かれた。","狗头人迅速用匕首切断了吉他的电缆，趁你惊慌之时用长矛刺穿了你的胸膛。","Кобольд быстро перерезал кабель гитары кинжалом и вонзил копье вам в грудь, пока вы паниковали.","El kobold cortó rápidamente el cable de la guitarra con su daga y te clavó la lanza en el pecho mientras entrabas en pánico.","O kobold cortou rapidamente o cabo da guitarra com sua adaga e enterrou sua lança em seu peito enquanto você entrava em pânico.","Der Kobold schnitt mit seinem Dolch schnell das Gitarrenkabel durch und stieß seinen Speer durch deine Brust, während du in Panik gerietest.","코볼트의 단검에 기타 케이블이 순식간에 잘렸고, 당황한 틈을 타 창에 가슴이 꿰뚫렸습니다."
"MSG_C_ELECTRICGUITAR_L_WIN","He showered the lizard's cold-blooded skin with the hottest guitar solo, raising its body temperature to its limit and defeating it.","リザードの冷血な皮膚に最高潮の熱いギターソロを浴びせ、限界まで体温を上昇させて倒した。","他用最火热的吉他独奏沐浴在蜥蜴冷血的皮肤上，将它的体温提升到极限并击败它。","Он окатил хладнокровную кожу ящерицы самым жарким гитарным соло, подняв температуру ее тела до предела и победив ее.","Roció la piel de sangre fría del lagarto con el solo de guitarra más ardiente, elevando su temperatura corporal al límite y derrotándolo.","Ele banhou a pele de sangue frio do lagarto com o solo de guitarra mais quente, elevando sua temperatura corporal ao limite e derrotando-o.","Er überschüttete die kaltblütige Haut der Echse mit dem heißesten Gitarrensolo, erhöhte ihre Körpertemperatur bis zum Limit und besiegte sie.","리저드의 냉혈한 피부에 최고조로 뜨거운 기타 솔로를 퍼부어 체온을 한계까지 높여 쓰러뜨렸습니다."
"MSG_C_ELECTRICGUITAR_M_WIN","You offset Mummy's ancient curse with the latest effects on your guitar, and just screwed the arm into the gap in the bandage. ","マミーの古代の呪いをギターの最新エフェクトで相殺し、そのまま包帯の隙間にアームをねじ込んだ。","你用吉他上的最新效果抵消了妈妈古老的诅咒，然后将手臂拧入绷带的缝隙中。","Вы нейтрализовали древнее проклятие Мумии с помощью новейших эффектов на вашей гитаре и просто вкрутили рычаг в щель в бинтах.","Compensaste la antigua maldición de la Momia con los últimos efectos de tu guitarra, y simplemente atornillaste el brazo en el hueco del vendaje.","Você compensou a maldição antiga da Múmia com os efeitos mais recentes em sua guitarra e simplesmente parafusou o braço na lacuna da bandagem.","Du hast den alten Fluch der Mumie mit den neuesten Effekten auf deiner Gitarre ausgeglichen und den Tremolo-Hebel einfach in die Lücke der Bandage geschraubt.","미라의 고대 저주를 기타의 최신 이펙트로 상쇄하고, 그대로 붕대 틈새에 암을 밀어 넣었습니다."
"MSG_C_ELECTRICGUITAR_N_LOSS","The string of the guitar that was struck by Naga's torso broke and hit you in the face, fatally injuring you.","ナーガの胴体に弾かれたギターの弦が切れ、それがあなたの顔面に直撃して致命傷を負った。","被娜迦躯干击中的吉他弦断了，击中了你的脸，使你受了致命伤。","Струна гитары, по которой ударило туловище Наги, лопнула и ударила вас по лицу, смертельно ранив.","La cuerda de la guitarra que fue golpeada por el torso de la Naga se rompió y te golpeó en la cara, hiriéndote fatalmente.","A corda da guitarra que foi atingida pelo torso da Naga quebrou e atingiu você no rosto, ferindo-o fatalmente.","Die Gitarrensaite, die von Nagas Torso getroffen wurde, riss und traf dich im Gesicht, was dich tödlich verletzte.","나가에게 튕겨 나간 기타 줄이 끊어지며 당신의 얼굴을 직격했고 치명상을 입었습니다."
"MSG_C_ELECTRICGUITAR_O_WIN","You modified the guitar to release an ultra-low frequency sonic boom that caused the orc's own massive axe to resonate and shatter. The back-blast ended the fight instantly.","ギターを超低周波発生装置に改造し、オークの巨大な斧を共振させて粉砕した。その爆風により、怪物は戦意を喪失し霧散した。","你改装了吉他使其发射超低频音爆，导致兽人巨大的斧头发生共振并粉碎。反冲力立即结束了战斗。","Вы модифицировали гитару так, чтобы она выпускала ультранизкочастотный звуковой удар, который заставил массивный топор орка резонировать и разлететься вдребезги. Ответная взрывная волна мгновенно завершила бой.","Modificaste la guitarra para liberar un estallido sónico de frecuencia ultrabaja que hizo que el enorme hacha del orco resonara y se hiciera añicos. La onda expansiva terminó la pelea al instante.","Você modificou a guitarra para liberar um estrondo sônico de frequência ultra baixa que fez com que o machado enorme do orc ressoasse e se estilhaçasse. A explosão resultante encerrou a luta instantaneamente.","Du hast die Gitarre so modifiziert, dass sie einen extrem niederfrequenten Überschallknall freisetzte, der die massive Axt des Orks zum Resonieren und Zersplittern brachte. Die Rückstoßwelle beendete den Kampf sofort.","기타를 초저주파 발생 장치로 개조하여 오크의 거대한 도끼를 공진시켜 박살 냈습니다. 그 폭풍으로 괴물은 전의를 상실하고 흩어졌습니다."
"MSG_C_ELECTRICGUITAR_P_WIN","Pixie's illusion magic made her guitar look like a giant snake, and she smashed it in a panic.","ピクシーの幻覚魔法により、自分のギターが巨大な蛇に見えてしまい、パニックで叩き割った。","皮克西的幻象魔法让她的吉他看起来像一条巨蛇，她惊慌措地把它砸碎了。","Иллюзорная магия Пикси заставила ее гитару выглядеть как гигантская змея, и она в панике разбила ее.","La magia de ilusión de la Pixie hizo que su guitarra pareciera una serpiente gigante, y ella la destrozó en un ataque de pánico.","A magia de ilusão da Pixie fez sua guitarra parecer uma cobra gigante, e ela a quebrou em pânico.","Die Illusionsmagie der Pixie ließ ihre Gitarre wie eine Riesenschlange aussehen, und sie zertrümmerte sie in Panik.","픽시의 환각 마법으로 인해 자신의 기타가 거대한 뱀으로 보였고, 당황해서 기타를 두들겨 부수고 말았습니다."
"MSG_C_ELECTRICGUITAR_Q_WIN","He amplified Coeurl's electric shock with his guitar pickup, and sent a tremendous back-flow lightning strike into his opponent's face.","クアールの電撃をギターのピックアップで増幅し、凄まじい逆流雷撃を相手の顔面に叩き込んだ。","他用吉他拾音器放大了科阿尔的电击，并向对手的脸上发出了巨大的回流闪电。","Он усилил удар током Куарла с помощью гитарного звукоснимателя и направил мощный обратный разряд молнии прямо в лицо противнику.","Amplificó la descarga eléctrica de Coeurl con la pastilla de su guitarra y envió un tremendo rayo de retorno al rostro de su oponente.","Ele amplificou o choque elétrico de Coeurl com o captador de sua guitarra e enviou um tremendo raio de retorno no rosto de seu oponente.","Er verstärkte Coeurls elektrischen Schlag mit seinem Gitarren-Tonabnehmer und schleuderte einen gewaltigen Rückfluss-Blitzschlag in das Gesicht seines Gegners.","쿠알의 전격을 기타 픽업으로 증폭시켜 엄청난 역류 전격을 상대의 얼굴에 꽂아 넣었습니다."
"MSG_C_ELECTRICGUITAR_R_LOSS","He tries to blast the sound of his guitar at a group of rats, but ends up having the speaker wires chewed off.","ラットの群れにギターの爆音を浴びせようとしたが、スピーカーの配線を噛みちぎられて終了した。","他试图用吉他向一群老鼠发出声音，但最终扬声器的电线被咬断了。","Он пытается обрушить звук своей гитары на группу крыс, но в итоге ему перегрызают провода динамиков.","Intenta lanzar el sonido de su guitarra a un grupo de ratas, pero termina con los cables de los altavoces mordidos.","Ele tenta lançar o som de sua guitarra em um grupo de ratos, mas acaba tendo os fios dos alto-falantes roídos.","Er versucht, den Klang seiner Gitarre auf eine Gruppe von Ratten loszulassen, endet aber damit, dass die Lautsprecherkabel durchgebissen werden.","쥐 떼에게 기타 폭음을 퍼부으려 했지만 스피커 배선이 잘리며 허무하게 끝났습니다."
"MSG_C_ELECTRICGUITAR_S_LOSS","When you slammed the guitar into the slime's body, it was swallowed up, and the final performance echoed inside the slime.","スライムの体にギターを叩きつけたらそのまま飲み込まれ、最期の演奏が粘液の中で響いた。","当你把吉他猛击到史莱姆的身体里时，它就被吞没了，最后的演奏在史莱姆内部回响。","Когда вы вонзили гитару в тело слизи, она была поглощена, и финальное выступление эхом отозвалось внутри слизи.","Cuando golpeaste con la guitarra el cuerpo del limo, esta fue tragada, y la interpretación final resonó dentro del limo.","Quando você bateu a guitarra no corpo do slime, ela foi engolida, e a performance final ecoou dentro do slime.","Als du die Gitarre in den Körper des Schleims rammtest, wurde sie verschlungen, und das letzte Konzert hallte im Inneren des Schleims wider.","슬라임의 몸체에 기타를 내리쳤더니 그대로 먹혀버렸고, 마지막 연주가 점액 속에서 울려 퍼졌습니다."
"MSG_C_ELECTRICGUITAR_T_WIN","The high-voltage riff from your guitar sent a massive electrical current into the troll's wet skin, successfully paralyzing it.","ギターから放たれた高電圧のリフが、トロールの湿った皮膚を通じて全身を駆け巡り、完全に麻痺させることに成功した。","吉他发出的高压连麦声，通过巨魔潮湿的皮肤传遍全身，成功使其完全麻痹。","Высоковольтный рифф вашей гитары направил мощный электрический ток в влажную кожу тролля, успешно парализовав его.","El riff de alto voltaje de tu guitarra envió una corriente eléctrica masiva a la piel húmeda del troll, paralizándolo con éxito.","O riff de alta voltagem da sua guitarra enviou uma corrente elétrica massiva na pele úmida do troll, paralisando-o com sucesso.","Das Hochspannungs-Riff deiner Gitarre leitete einen gewaltigen elektrischen Strom in die feuchte Haut des Trolls und paralysierte ihn erfolgreich.","기타에서 뿜어져 나온 고전압 리프가 트롤의 젖은 피부를 타고 전신으로 퍼져나가며 완벽하게 마비시키는 데 성공했습니다."
"MSG_C_ELECTRICGUITAR_U_LOSS","Since ghosts have no substance and cannot make physical sounds, all sonic attacks from electric guitars are ignored.","亡霊は実体を持たず物理的な音が響かないため、エレキギターの音波攻撃は全て無視された。","由于鬼魂没有实体，无法发出物理声音，因此所有来自电吉他的声音攻击都会被忽略。","Поскольку призраки не имеют плоти и не могут издавать физических звуков, все звуковые атаки электрогитар игнорируются.","Dado que los fantasmas no tienen sustancia y no pueden emitir sonidos físicos, todos los ataques sónicos de las guitarras eléctricas son ignorados.","Como os fantasmas não têm substância e não podem emitir sons físicos, todos os ataques sônicos das guitarras elétricas são ignorados.","Da Geister keine Substanz haben und keine physischen Geräusche erzeugen können, werden alle Schallangriffe von E-Gitarren ignoriert.","망령은 실체가 없어 물리적인 소리가 울리지 않기에 일렉트릭 기타의 음파 공격은 전부 무시되었습니다."
"MSG_C_ELECTRICGUITAR_V_LOSS","There was no time to hold the guitar in front of the vampire's overwhelming speed, and its sharp fangs dug deep into the nape of your neck.","吸血鬼の圧倒的なスピードの前にギターを構える暇もなく、首筋に鋭い牙が深々と食い込んだ。","在吸血鬼压倒性的速度面前，你根本来不及握住吉他，它锋利的獠牙深深地扎进了你的颈背。","У вас не было времени даже поднять гитару перед лицом подавляющей скорости вампира, и его острые клыки глубоко вонзились вам в затылок.","No hubo tiempo para sostener la guitarra frente a la velocidad abrumadora del vampiro, y sus afilados colmillos se clavaron profundamente en tu nuca.","Não houve tempo para segurar a guitarra diante da velocidade avassaladora do vampiro, e suas presas afiadas cravaram-se profundamente na sua nuca.","Es blieb keine Zeit, die Gitarre angesichts der überwältigenden Geschwindigkeit des Vampirs zu heben, und seine scharfen Fänge gruben sich tief in deinen Nacken.","흡혈귀의 압도적인 스피드 앞에 기타를 잡을 틈도 없이 목덜미에 날카로운 송곳니가 깊숙이 박혔습니다."
"MSG_C_ELECTRICGUITAR_W_LOSS","You tried to make a session with the wolf's howl and the guitar, but it was recognized as normal prey and bit your throat.","狼の遠吠えとギターでセッションしようとしたが、普通に獲物として認識されて喉元を噛まれた。","你试图用狼的嚎叫和吉他来进行演奏，但它被认为是正常的猎物并咬住了你的喉咙。","Вы пытались устроить сессию с волчьим воем и гитарой, но вас сочли за обычную добычу и перекусили вам горло.","Intentaste hacer una sesión con el aullido del lobo y la guitarra, pero fuiste reconocido como una presa normal y te mordió la garganta.","Você tentou fazer uma sessão com o uivo do lobo e a guitarra, mas foi reconhecido como uma presa comum e ele mordeu sua garganta.","Du hast versucht, eine Session mit dem Heulen des Wolfes und der Gitarre zu machen, aber du wurdest als normale Beute erkannt und er biss dir in die Kehle.","늑대의 하울링에 맞춰 기타 연주를 하려 했지만, 그저 먹잇감으로 인식되어 목을 물리고 말았습니다."
"MSG_C_ELECTRICGUITAR_X_LOSS","When Zarsis snapped his fingers, all the strings of the electric guitar disappeared along with the space, leaving you as a helpless bystander.","ザルシスが指を鳴らすとエレキギターの弦が全て空間ごと消滅し、お前は無力な傍観者となった。","当扎尔西斯打响指时，电吉他的所有琴弦都随着空间消失了，只剩下你一个无助的旁观者。","Когда Зарсис щелкнул пальцами, все струны электрогитары исчезли вместе с пространством, оставив вас в роли беспомощного зрителя.","Cuando Zarsis chasqueó los dedos, todas las cuerdas de la guitarra eléctrica desaparecieron junto con el espacio, dejándote como un espectador indefenso.","Quando Zarsis estalou os dedos, todas as cordas da guitarra elétrica desapareceram junto com o espaço, deixando você como um espectador indefeso.","Als Zarsis mit den Fingern schnippte, verschwanden alle Saiten der E-Gitarre mitsamt dem Raum und ließen dich als hilflosen Zuschauer zurück.","잘시스가 손가락을 튕기자 일렉트릭 기타의 모든 줄이 공간과 함께 사라졌고, 당신은 무기력한 방관자가 되었습니다."
"MSG_C_ELECTRICGUITAR_Y_LOSS","The Yeti's blizzard instantly froze the guitar's fingerboard, and the skin on his fingers peeled off the moment he slid it.","イエティの吹雪でギターの指板が一瞬で凍りつき、スライドした瞬間に指の皮がすべて剥がれた。","雪人的暴风雪瞬间冻结了吉他的指板，手指上的皮肤在他滑动的瞬间就剥落了。","Метель Йети мгновенно заморозила гриф гитары, и кожа на пальцах облезла в тот момент, когда он провел по нему.","La ventisca del Yeti congeló instantáneamente el diapasón de la guitarra, y la piel de sus dedos se desprendió en el momento en que lo deslizó.","A nevasca do Yeti congelou instantaneamente a escala da guitarra, e a pele de seus dedos descascou no momento em que ele a deslizou.","Der Schneesturm des Yeti fror das Griffbrett der Gitarre sofort ein, und die Haut an seinen Fingern schälte sich in dem Moment ab, als er darüber glitt.","예티의 눈보라에 기타 지판이 순식간에 얼어붙었고, 슬라이드 하는 순간 손가락 피부가 전부 벗겨졌습니다."
"MSG_C_ELECTRICGUITAR_Z_LOSS","He swings his guitar as a blunt weapon at a horde of zombies, but it breaks in the blink of an eye and he is defeated.","ゾンビの大群に向かってギターを鈍器として振り回すが、あっという間に壊れてしまい押し負けた。","他挥动吉他作为钝器攻击一群僵尸，但眨眼间吉他就坏了，他被打败了。","Он размахивает своей гитарой как тупым оружием против орды зомби, но она ломается в мгновение ока, и он терпит поражение.","Golpea con su guitarra como arma contundente a una horda de zombis, pero se rompe en un abrir y cerrar de ojos y es derrotado.","Ele balança sua guitarra como uma arma contundente em uma horda de zumbis, mas ela quebra em um piscar de olhos e ele é derrotado.","Er schwingt seine Gitarre als Schlagwaffe gegen eine Horde von Zombies, aber sie zerbricht im Handumdrehen und er wird besiegt.","좀비 군단을 향해 기타를 둔기처럼 휘둘렀지만 눈 깜짝할 사이에 부서져 버려 밀려나고 말았습니다."
"MSG_C_EARTHQUAKE_A_WIN","A localized tremor shook the earth, crushing the ant tunnels instantly. The entire colony was buried under the weight of their own home. Soil and silence were all that remained.","局地的な震動が大地を揺らし、アリの巣を瞬時に圧壊させた。コロニー全体が自らの住処の重みで埋没した。そこには土と、静寂だけが残った。","局部的震动摇动了大地，瞬间压垮了蚁巢。整个蚁群被埋在自己住所的重压之下。那里只剩下了泥土与静寂。","Локальный подземный толчок сотряс землю, мгновенно раздавив муравьиные туннели. Вся колония была погребена под тяжестью собственного дома. Остались только почва и тишина.","Un temblor localizado sacudió la tierra, aplastando los túneles de hormigas al instante. Toda la colonia quedó enterrada bajo el peso de su propio hogar. Solo quedaron tierra y silencio.","Um tremor localizado sacudiu a terra, esmagando os túneis de formigas instantaneamente. Toda a colônia foi enterrada sob o peso de sua própria casa. Solo e silêncio foram tudo o que restou.","Ein lokales Beben erschütterte die Erde und zerquetschte augenblicklich die Ameisentunnel. Die gesamte Kolonie wurde unter dem Gewicht ihres eigenen Zuhauses begraben. Nur Erde und Stille blieben zurück.","국지적인 진동이 대지를 흔들어 개미굴을 순식간에 압착했습니다. 군집 전체가 자신들의 집 무게에 눌려 매몰되었습니다. 그곳엔 흙과 정적만이 남았습니다."
"MSG_C_EARTHQUAKE_B_WIN","The earthquake caused massive stalactites to fall from the cave ceiling. The bat was pinned to the floor by the descending stone, unable to fly. The earth had reclaimed its lost child.","地震によって洞窟の天井から巨大な鍾乳石が落下した。降り注ぐ岩石に押し潰され、コウモリは飛ぶ自由を奪われた。大地が、迷い子の命を回収した瞬間だった。","地震导致洞窟天花板坠下了巨大的钟乳石。被散落的岩石压碎，蝙蝠失去了飞行的自由。这是大地回收迷途之子的瞬间。","Землетрясение привело к падению массивных сталактитов с потолка пещеры. Летучая мышь была прижата к полу падающим камнем, не в силах летать. Земля вернула себе свое потерянное дитя.","El terremoto provocó la caída de estalactitas masivas desde el techo de la cueva. El murciélago quedó atrapado contra el suelo por la piedra que descendía, incapaz de volar. La tierra había reclamado a su hijo perdido.","O terremoto causou a queda de estalactites maciças do teto da caverna. O morcego foi preso ao chão pela pedra que descia, incapaz de voar. A terra havia reclamado seu filho perdido.","Das Erdbeben ließ riesige Stalaktiten von der Höhlendecke fallen. Die Fledermaus wurde vom herabstürzenden Gestein am Boden festgenagelt und konnte nicht mehr fliegen. Die Erde hatte ihr verlorenes Kind zurückgefordert.","지진으로 인해 동굴 천장에서 거대한 종유석이 떨어졌습니다. 쏟아지는 암석에 깔려 박쥐는 비행의 자유를 빼앗겼습니다. 대지가 미아의 생명을 회수한 순간이었습니다."
"MSG_C_EARTHQUAKE_C_WIN","The very ground the cobra slithered on buckled and cracked. Trapped in a fissure, the serpent was crushed by the grinding tectonic plates. The poisoner met a heavy, rocky end.","コブラが這う地面そのものが歪み、大きな亀裂が走った。割れ目に落ちた蛇は、軋む地殻プレートに押し潰された。毒を操る者は、岩石による重い最期を迎えた。","眼镜蛇滑行的地面自身发生了扭曲，产生了大裂缝。掉入缝隙的长蛇被摩擦的地壳板块压碎。操纵毒液者迎来了岩石带来的沉重末路。","Сама земля, по которой скользила кобра, вспучилась и треснула. Оказавшись в ловушке в расщелине, змея была раздавлена скрежещущими тектоническими плитами. Отравитель встретил тяжелый каменный конец.","El mismo suelo por el que se deslizaba la cobra se dobló y se agrietó. Atrapada en una fisura, la serpiente fue aplastada por las placas tectónicas que crujían. El envenenador tuvo un final pesado y rocoso.","O próprio chão por onde a cobra rastejava dobrou e rachou. Presa em uma fissura, a serpente foi esmagada pelas placas tectônicas que rangiam. O envenenador teve um fim pesado e rochoso.","Der Boden, auf dem die Kobra glitt, verbog sich und riss. In einer Spalte gefangen, wurde die Schlange von den mahlenden tektonischen Platten zerquetscht. Der Vergifter fand ein schweres, felsiges Ende.","코브라가 기어가던 지면 자체가 뒤틀리며 커다란 균열이 생겼습니다. 틈새에 빠진 뱀은 삐걱이는 지각판에 깔려 으스러졌습니다. 독을 다루는 자는 암석에 의한 무거운 최후를 맞이했습니다."
"MSG_C_EARTHQUAKE_D_WIN","Even the mighty dragon lost its footing as the mountains themselves trembled. A massive landslide buried the legend in a tomb of granite. The king of the sky was defeated by the fury of the earth.","山々が震える中、さしもの巨竜も足元を救われた。大規模な土砂崩れが、伝説を花崗岩の墓に埋め尽くした。空の王は、大地の怒りの前に敗れ去ったのだ。","哪怕是强悍的巨龙，也因群山的震颤而站立不稳。大规模的山体滑坡将传说埋进了花岗岩墓穴。天空之王在大地的愤怒面前败下阵来。","Даже могучий дракон потерял опору под ногами, когда задрожали сами горы. Массивный оползень погреб легенду в гранитной гробнице. Король неба был побежден яростью земли.","Incluso el poderoso dragón perdió el equilibrio mientras las montañas mismas temblaban. Un deslizamiento de tierra masivo enterró a la leyenda en una tumba de granito. El rey del cielo fue derrotado por la furia de la tierra.","Até o poderoso dragão perdeu o equilíbrio enquanto as próprias montanhas tremiam. Um deslizamento de terra maciço enterrou a lenda em uma tumba de granito. O rei do céu foi derrotado pela fúria da terra.","Selbst der mächtige Drache verlor den Halt, als die Berge selbst bebten. Ein gewaltiger Erdrutsch begrub die Legende in einem Grab aus Granit. Der König des Himmels wurde vom Zorn der Erde besiegt.","그 강력한 거대룡조차 산들이 떨리는 가운데 발을 헛디뎠습니다. 대규모 산사태가 전설을 화강암 무덤에 파묻었습니다. 하늘의 왕은 대지의 분노 앞에 패배했습니다."
"MSG_C_EARTHQUAKE_E_WIN","The earthquake tore the tree spirit's ancient roots from the deep soil. Unable to sustain its form, the giant toppled over with a thunderous crash. The forest giant returned to the earth it once guarded.","地震がエントの古の根を深い土壌から引き剥がした。形を保てなくなった巨人は、雷鳴のような音と共に倒れた。森の守護者は、かつて守り続けた大地へと還った。","地震将树精古老的根部从深层土壤中连根拔起。无法维持形态的巨人伴随着如雷鸣般的响声倒下。森林守护者回归了曾经守护着的土地。","Землетрясение вырвало древние корни лесного духа из глубокой почвы. Не в силах сохранить свою форму, великан повалился с громоподобным грохотом. Лесной великан вернулся в землю, которую он когда-то охранял.","El terremoto arrancó las raíces ancestrales del espíritu del árbol del suelo profundo. Incapaz de sostener su forma, el gigante se derrumbó con un estrépito atronador. El gigante del bosque regresó a la tierra que una vez guardó.","O terremoto arrancou as raízes ancestrais do espírito da árvore do solo profundo. Incapaz de sustentar sua forma, o gigante caiu com um estrondo estrondoso. O gigante da floresta retornou à terra que um dia guardou.","Das Erdbeben riss die alten Wurzeln des Baumgeistes aus dem tiefen Boden. Unfähig, seine Form zu halten, stürzte der Riese mit einem donnernden Krachen um. Der Waldriese kehrte zu der Erde zurück, die er einst bewachte.","지진이 엔트의 고대 뿌리를 깊은 토양에서 뽑아냈습니다. 형태를 유지할 수 없게 된 거인은 천둥 같은 소리와 함께 쓰러졌습니다. 숲의 수호자는 한때 지켜왔던 대지로 돌아갔습니다."
"MSG_C_EARTHQUAKE_F_LOSS","The fly remained safely in the air, completely unaffected by the shaking ground. It watched from above as you struggled to maintain your balance. The earth's greatest power meant nothing to the small wings.","ハエは空中に留まり、揺れ動く地面の影響を全く受けなかった。バランスを崩すあなたを、奴は上空から冷ややかに見つめていた。大地の強大な力も、小さな羽には届かなかったのだ。","苍蝇停留在空中，完全没受到摇晃地面的影响。它从上空冷眼看着失去平衡的你。大地的强大力量对此微小的双翼也无能为力。","Муха оставалась в безопасности в воздухе, совершенно не затронутая дрожанием земли. Она наблюдала сверху, как вы изо всех сил пытаетесь сохранить равновесие. Величайшая сила земли ничего не значила для маленьких крыльев.","La mosca permaneció a salvo en el aire, completamente inafectada por el suelo tembloroso. Observaba desde arriba mientras luchabas por mantener el equilibrio. El mayor poder de la tierra no significaba nada para las pequeñas alas.","A mosca permaneceu segura no ar, completamente inafetada pelo chão trêmulo. Ela observou de cima enquanto você lutava para manter o equilíbrio. O maior poder da terra não significava nada para as pequenas asas.","Die Fliege blieb sicher in der Luft, völlig unbeeindruckt vom bebenden Boden. Sie sah von oben zu, wie du kämpftest, um dein Gleichgewicht zu halten. Die größte Kraft der Erde bedeutete den kleinen Flügeln nichts.","파리는 공중에 머물며 흔들리는 지면의 영향을 전혀 받지 않았습니다. 균형을 잃고 비틀거리는 당신을 녀석은 상공에서 냉소적으로 지켜보았습니다. 대지의 강대한 힘도 작은 날개에는 닿지 않았습니다."
"MSG_C_EARTHQUAKE_G_WIN","The goblin's crude fort collapsed as the foundations were torn apart by the quake. Panic ensued as the cowardly creatures were swallowed by the opening earth. Their vile hideout was erased in seconds.","地震によって基礎が引き裂かれ、ゴブリンの粗末な砦は崩壊した。開いた大地に吸い込まれ、卑屈な者たちはパニックに陥った。邪悪な隠れ家は、数秒で地上から消し去られた。","由于地震撕裂了根基，哥布林粗糙的堡垒崩塌了。被裂开的大地吞噬，卑微的人们陷入了恐慌。邪恶的hideout在数秒内便从地面消失了。","Грубая крепость гоблинов рухнула, так как фундамент был разорван землетрясением. Последовала паника, когда трусливые существа были проглочены разверзшейся землей. Их мерзкое логово было стерто за считанные секунды.","El tosco fuerte del goblin colapsó cuando los cimientos fueron destrozados por el terremoto. Se desató el pánico mientras las cobardes criaturas eran tragadas por la tierra que se abría. Su vil escondite fue borrado en segundos.","O forte rude do goblin desmoronou quando os alicerces foram despedaçados pelo terremoto. O pânico instalou-se enquanto as criaturas covardes eram engolidas pela terra que se abria. Seu esconderijo vil foi apagado em segundos.","Die primitive Festung des Goblins stürzte ein, als das Fundament durch das Beben zerrissen wurde. Panik brach aus, als die feigen Kreaturen von der aufreißenden Erde verschluckt wurden. Ihr abscheuliches Versteck wurde in Sekundenschnelle ausgelöscht.","지진으로 인해 기초가 찢겨 나가며 고블린의 조잡한 요새가 붕괴되었습니다. 갈라진 대지에 빨려 들어가며 비열한 녀석들은 패닉에 빠졌습니다. 사악한 은신처는 단 몇 초 만에 지상에서 사라졌습니다."
"MSG_C_EARTHQUAKE_H_WIN","The intense vibration created a shockwave that disrupted the harpy's flight path. She was slammed into the canyon walls as the terrain reshaped itself. The sky was no refuge from a literal world-shaking power.","強烈な振動が波及し、ハーピーの飛行経路を乱す衝撃波となった。地形が変貌する中、彼女は峡谷の壁へと叩きつけられた。世界を揺るがす力の前では、空も逃げ場にはならなかった。","强烈的震动波及开来，化作扰乱哈皮飞行路径的冲击波。随着地形的改变，她被狠狠摔在了峡谷墙壁上。在震撼世界的力量面前，天空也无法成为避难所。","Интенсивная вибрация создала ударную волну, которая нарушила траекторию полета гарпии. Ее швырнуло о стены каньона, когда ландшафт изменил форму. Небо не было убежищем от силы, буквально сотрясающей мир.","La intensa vibración creó una onda de choque que alteró la trayectoria de vuelo de la arpía. Fue golpeada contra las paredes del cañón mientras el terreno se remodelaba. El cielo no era refugio ante un poder que literalmente sacudía el mundo.","A vibração intensa criou uma onda de choque que perturbou a trajetória de voo da harpia. Ela foi batida contra as paredes do cânion enquanto o terreno se remodelava. O céu não era refúgio contra um poder que literalmente sacudia o mundo.","Die intensive Vibration erzeugte eine Schockwelle, die die Flugbahn der Harpie störte. Sie wurde gegen die Canyonwände geschleudert, während sich das Gelände neu formte. Der Himmel bot keine Zuflucht vor einer wortwörtlich welterschütternden Kraft.","강렬한 진동이 파급되어 하피의 비행 경로를 어지럽히는 충격파가 되었습니다. 지형이 변하는 가운데 그녀는 협곡 벽에 부딪혔습니다. 세계를 뒤흔드는 힘 앞에서는 하늘도 도망칠 곳이 되지 못했습니다."
"MSG_C_EARTHQUAKE_I_WIN","The imp's concentration was broken by the violent tremors, dispelling its magic. It fell to the ground and was promptly flattened by a falling boulder. The demon's pranks ended under the crushing weight of reality.","激しい揺れによってインプの集中が途切れ、魔法が霧散した。地上に落ちた奴を、落下してきた巨岩が容赦なく押し潰した。悪魔の悪戯は、現実の重みの前に終わりを告げた。","剧烈的摇晃打断了小仙女的专注，使其魔法烟消云散。坠落在地的它被砸下的巨岩无情压碎。恶魔的恶作剧在现实的重压面前宣告终结。","Концентрация беса была нарушена сильными толчками, что развеяло его магию. Он упал на землю и был тут же раздавлен упавшим валуном. Проделки демона закончились под сокрушительной тяжестью реальности.","La concentración del imp se rompió por los violentos temblores, disipando su magia. Cayó al suelo y fue aplastado rápidamente por una roca que caía. Las travesuras del demonio terminaron bajo el peso abrumador de la realidad.","A concentração do imp foi quebrada pelos tremores violentos, dissipando sua magia. Ele caiu no chão e foi prontamente esmagado por uma rocha que caía. As travessuras do demônio terminaram sob o peso esmagador da realidade.","Die Konzentration des Imps wurde durch die heftigen Erschütterungen gebrochen, wodurch seine Magie verflog. Er fiel zu Boden und wurde prompt von einem herabstürzenden Felsbrocken zerquetscht. Die Streiche des Dämons endeten unter dem erdrückenden Gewicht der Realität.","격렬한 흔들림에 임프의 집중이 끊기며 마법이 안개처럼 사라졌습니다. 지면으로 떨어진 녀석을 낙하하는 거대 암석이 가차 없이 짓눌렀습니다. 악마의 장난은 현실의 무게 앞에 종지부를 찍었습니다."
"MSG_C_EARTHQUAKE_J_WIN","The earthquake caused the jelly's fluid body to resonate violently until it burst. The monster was scattered as a harmless mist across the shifting earth. Physical resonance proved lethal to the shapeless foe.","地震がジェリーの流動的な肉体に共鳴を引き起こし、破裂させた。怪物は形を保てず、動き続ける大地に霧となって散った。物理的な共鳴が、不定形の敵に致命傷を与えたのだ。","地震让果冻怪流动的肉体产生共鸣，最终导致破裂。怪物无法维持形态，在持续动荡的大地化作雾气消散。物理共鸣对不定形的敌人造成了致命伤。","Землетрясение заставило текучее тело желе сильно резонировать, пока оно не лопнуло. Монстр рассеялся безвредным туманом по сдвигающейся земле. Физический резонанс оказался смертельным для бесформенного врага.","El terremoto hizo que el cuerpo fluido de la gelatina resonara violentamente hasta estallar. El monstruo se dispersó como una niebla inofensiva a través de la tierra cambiante. La resonancia física resultó letal para el enemigo sin forma.","O terremoto fez com que o corpo fluido da geleia ressoasse violentamente até estourar. O monstro dispersou-se como uma névoa inofensiva através da terra em movimento. A ressonância física provou ser letal para o inimigo sem forma.","Das Erdbeben ließ den flüssigen Körper des Gelees heftig resonieren, bis er platzte. Das Monster wurde als harmloser Nebel über die bebende Erde verstreut. Physikalische Resonanz erwies sich als tödlich für den gestaltlosen Feind.","지진이 젤리의 유동적인 육체에 공명을 일으켜 파열시켰습니다. 괴물은 형태를 유지하지 못하고 요동치는 대지에 안개가 되어 흩어졌습니다. 물리적인 공명이 부정형의 적에게 치명상을 입혔습니다."
"MSG_C_EARTHQUAKE_K_LOSS","The nimble kobold pack used their low center of gravity to ride out the quake. They surrounded you while you were still stumbling from the tremors. Their wild instincts and short stature were their salvation.","身軽なコボルドたちは、低い重心を活かして地震をやり過ごした。あなたが足元を奪われている間に、奴らに包囲されてしまった。野生の直感と小さな体躯が、彼らににとっての救いとなったのだ。","轻灵的狗头人们利用低重心度过了地震。趁你立足未稳之际，已被它们包围。野性的直觉与矮小的体格成为了它们的救赎。","Проворная стая кобольдов использовала свой низкий центр тяжести, чтобы переждать землетрясение. Они окружили вас, пока вы все еще спотыкались от толчков. Их дикие инстинкты и низкий рост стали их спасением.","La ágil manada de kobolds usó su bajo centro de gravedad para aguantar el terremoto. Te rodearon mientras aún tropezabas por los temblores. Sus instintos salvajes y su baja estatura fueron su salvación.","O ágil bando de kobolds usou seu baixo centro de gravidade para resistir ao terremoto. Eles cercaram você enquanto você ainda tropeçava nos tremores. Seus instintos selvagens e baixa estatura foram sua salvação.","Das flinke Koboldrudel nutzte seinen niedrigen Schwerpunkt, um das Beben auszusitzen. Sie umzingelten dich, während du noch von den Erschütterungen taumeltest. Ihre wilden Instinkte und ihre geringe Körpergröße waren ihre Rettung.","몸놀림이 가벼운 코볼트들은 낮은 무게중심을 이용해 지진을 견뎌냈습니다. 당신이 발을 헛디디는 사이 녀석들에게 포위당했습니다. 야생의 직감과 작은 체구가 그들에게 구원이 되었습니다."
"MSG_C_EARTHQUAKE_L_LOSS","The lizard dug deep into the sand, using the earth itself as insulation from the shaking. It emerged from below once the tremors ceased, catching you off guard. The underground predator was at home in the chaos.","リザードは深く砂に潜り、大地そのものを緩衝材にして揺れを凌いだ。震動が収まった瞬間に地中から現れ、あなたの不意を突く。地底の捕食者にとって、混沌こそが日常だったのだ。","蜥蜴深深钻入沙中，以大地本身为缓冲度过了摇晃。震动停止的瞬间它从地底现身，打你个措手不及。对于地底掠食者来说，混沌即是日常。","Ящерица зарылась глубоко в песок, используя саму землю как изоляцию от тряски. Она появилась снизу, как только толчки прекратились, застав вас врасплох. Подземный хищник чувствовал себя в хаосе как дома.","El lagarto cavó profundamente en la arena, usando la tierra misma como aislamiento del temblor. Emergió desde abajo una vez que cesaron los temblores, atrapándote desprevenido. El depredador subterráneo se sentía como en casa en el caos.","O lagarto cavou fundo na areia, usando a própria terra como isolamento do tremor. Ele emergiu de baixo assim que os tremores pararam, pegando você desprevenido. O predador subterrâneo estava em casa no caos.","Die Echse grub sich tief in den Sand ein und nutzte die Erde selbst als Isolierung gegen das Beben. Sie tauchte von unten auf, sobald die Erschütterungen aufhörten, und überraschte dich. Das unterirdische Raubtier fühlte sich im Chaos wie zu Hause.","리저드는 모래 속 깊이 파고들어 대지 자체를 완충재 삼아 흔들림을 견뎠습니다. 진동이 멈춘 순간 지중에서 나타나 당신의 허점을 찔렀습니다. 지하의 포식자에게 혼돈은 일상이었습니다."
"MSG_C_EARTHQUAKE_M_WIN","The earthquake opened a bottomless fissure directly beneath the mummy. The ancient undead was swallowed back into the depths from which it never should have risen. The sand returned to the sand, buried by the mountain.","地震がマミーの真下に底知れぬ亀裂を作り出した。古の死者は、二度と戻れぬ深淵へと吸い込まれていった。砂は砂へと還り、山の重みによって永遠に葬られたのだ。","地震在木乃伊正下方制造了深不可测的裂缝。古老的死者被吸入了再也无法返回的深渊。尘归尘，在山的重压下被永远埋葬。","Землетрясение открыло бездонную расщелину прямо под мумией. Древний мертвец был поглощен обратно в пучину, из которой ему никогда не следовало подниматься. Песок вернулся к песку, погребенный горой.","El terremoto abrió una fisura sin fondo directamente debajo de la momia. El antiguo no-muerto fue tragado de nuevo a las profundidades de las que nunca debería haber surgido. La arena volvió a la arena, enterrada por la montaña.","O terremoto abriu uma fissura sem fundo diretamente abaixo da múmia. O antigo morto-vivo foi engolido de volta às profundezas das quais nunca deveria ter surgido. A areia voltou à areia, enterrada pela montanha.","Das Erdbeben öffnete eine bodenlose Spalte direkt unter der Mumie. Der alte Untote wurde zurück in die Tiefe verschlungen, aus der er niemals hätte aufsteigen sollen. Sand wurde zu Sand, begraben vom Berg.","지진이 미라의 바로 아래에 끝을 알 수 없는 균열을 만들었습니다. 고대의 망자는 다시는 돌아올 수 없는 심연 속으로 빨려 들어갔습니다. 모래는 모래로 돌아가 산의 무게에 의해 영원히 매몰되었습니다."
"MSG_C_EARTHQUAKE_N_WIN","The naga was crushed as the temple walls collapsed during the powerful quake. Her elegant scales were buried under tons of ancient stone and dust. The earth's shifting geometry was more complex than her wisdom.","激しい地震で神殿の壁が崩れ落ち、ナーガは下敷きとなった。優雅な鱗も、数トンの古石と塵の中に埋もれていった。大地の幾何学的な変容は、彼女の知恵さえも上回っていた。","剧烈的地震导致神殿墙壁崩塌，纳迦被压在了下面。优美的鳞片也被数吨古石与尘埃所掩埋。大地几何学般的变异甚至超越了她的智慧。","Нага была раздавлена, когда стены храма рухнули во время мощного землетрясения. Ее элегантная чешуя была погребена под тоннами древнего камня и пыли. Изменяющаяся геометрия земли оказалась сложнее ее мудрости.","La naga fue aplastada cuando las paredes del templo colapsaron durante el poderoso terremoto. Sus elegantes escamas quedaron enterradas bajo toneladas de piedra antigua y polvo. La geometría cambiante de la tierra era más compleja que su sabiduría.","A naga foi esmagada quando as paredes do templo desmoronaram durante o poderoso terremoto. Suas escamas elegantes foram enterradas sob toneladas de pedra antiga e poeira. A geometria mutável da terra era mais complexa que sua sabedoria.","Die Naga wurde zerquetscht, als die Tempelmauern während des gewaltigen Bebens einstürzten. Ihre eleganten Schuppen wurden unter Tonnen von altem Stein und Staub begraben. Die sich verändernde Geometrie der Erde war komplexer als ihre Weisheit.","격렬한 지진으로 신전 벽이 무너져 내리며 나가는 그 밑에 깔렸습니다. 우아한 비늘도 수 톤의 고석과 먼지 속에 파묻혔습니다. 대지의 기하학적인 변용은 그녀의 지혜조차 넘어섰습니다."
"MSG_C_EARTHQUAKE_O_LOSS","The orc's massive legs were like pillars that stood firm against the trembling earth. It roared with laughter and swung its axe as you fell to your knees. Brute strength sometimes defies the elements themselves.","オークの強靭な脚は柱の如く、揺れ動く大地を真っ向から受け止めた。跪くあなたを奴は笑い飛ばし、巨大な斧を振り上げた。暴力的なまでの剛力は、時に天災さえもねじ伏せるのだ。","兽人强韧的双腿犹如支柱，正面对抗着动荡的大地。它嘲笑着下跪的你，举起了巨斧。暴力般的刚力有时甚至能扭曲天灾。","Массивные ноги орка были подобны столпам, которые твердо стояли на дрожащей земле. Он разразился смехом и замахнулся топором, когда вы упали на колени. Грубая сила иногда бросает вызов самим стихиям.","Las enormes piernas del orco eran como pilares que se mantuvieron firmes contra la tierra temblorosa. Rugió de risa y balanceó su hacha mientras caías de rodillas. La fuerza bruta a veces desafía a los elementos mismos.","As pernas maciças do orc eram como pilares que se mantiveram firmes contra a terra trêmula. Ele rugiu de rir e balançou seu machado enquanto você caía de joelhos. A força bruta às vezes desafia os próprios elementos.","Die massiven Beine des Orks waren wie Säulen, die der bebenden Erde standhielten. Er brüllte vor Lachen und schwang seine Axt, während du auf die Knie fielst. Rohe Gewalt trotzt manchmal sogar den Elementen selbst.","오크의 강인한 다리는 기둥처럼 흔들리는 대지를 정면으로 받아냈습니다. 무릎을 꿇은 당신을 녀석은 비웃으며 거대한 도끼를 휘둘렀습니다. 폭력적일 정도의 괴력은 때로 천재지변조차 굴복시킵니다."
"MSG_C_EARTHQUAKE_P_LOSS","The pixie flew high above the chaos, sprinkling shimmering dust on the crumbling world. She mocked your inability to control the very ground you stood upon. To the spirit of light, the earth was just a distant toy.","ピクシーは混沌の遥か上空を舞い、崩れゆく世界に輝く鱗粉を撒いた。足元の地面さえ制御できないあなたの無力さを、彼女は笑った。光の精霊にとって、大地など遠くの玩具に過ぎなかった。","小仙女在混沌的高空盘旋，向崩坏的世界撒下闪耀鳞粉。她嘲笑你连脚下的地面都无法控制的无力。对于光之精灵来说，大地不过是遥远的玩具。","Пикси летела высоко над хаосом, посыпая мерцающей пылью рушащийся мир. Она насмехалась над вашей неспособностью контролировать саму землю, на которой вы стоите. Для духа света земля была всего лишь далекой игрушкой.","La pixie voló muy por encima del caos, esparciendo polvo brillante sobre el mundo que se derrumbaba. Se burló de tu incapacidad para controlar el suelo mismo sobre el que estabas parado. Para el espíritu de la luz, la tierra era solo un juguete lejano.","A pixie voou alto acima do caos, espalhando poeira cintilante sobre o mundo que desmoronava. Ela zombou de sua incapacidade de controlar o próprio chão em que você estava. Para o espírito da luz, a terra era apenas um brinquedo distante.","Die Pixie flog hoch über dem Chaos und streute schimmernden Staub auf die zerfallende Welt. Sie spottete über deine Unfähigkeit, den Boden zu kontrollieren, auf dem du standest. Für den Lichtgeist war die Erde nur ein fernes Spielzeug.","픽시는 혼돈의 훨씬 상공을 날며 무너져가는 세계에 빛나는 인분을 뿌렸습니다. 발밑의 지면조차 제어하지 못하는 당신의 무력함을 그녀는 비웃었습니다. 빛의 정령에게 대지란 그저 먼 곳의 장난감에 불과했습니다."
"MSG_C_EARTHQUAKE_Q_LOSS","The coeurl used its sensitive whiskers to sense the tectonic shifts and jumped to safety. It watched from a stable cliff as the valley below collapsed. The predator's instincts were faster than the shifting plates.","クアールは敏感な髭で地殻変動を察知し、安全な場所へと跳躍した。崩落する谷底を、奴は安定した崖の上から静かに見下ろした。捕食者の直感は、地殻プレートの動きよりも速かった。","夸尔用敏感的胡须察觉到了地壳变动，并跳向了安全地带。它在稳定的悬崖上俯视着崩塌的谷底。掠食者的直觉比地壳板块的移动还要快。","Куарл использовал свои чувствительные усы, чтобы почувствовать тектонические сдвиги, и прыгнул в безопасное место. Он наблюдал со стабильной скалы, как рушится долина внизу. Инстинкты хищника были быстрее, чем движение плит.","El coeurl usó sus sensibles bigotes para sentir los cambios tectónicos y saltó a un lugar seguro. Observaba desde un acantilado estable mientras el valle de abajo colapsaba. Los instintos del depredador eran más rápidos que las placas cambiantes.","O coeurl usou seus bigodes sensíveis para sentir as mudanças tectônicas e saltou para a segurança. Ele observou de um penhasco estável enquanto o vale abaixo desmoronava. Os instintos do predador eram mais rápidos que as placas em movimento.","Der Coeurl nutzte seine empfindlichen Barthaare, um die tektonischen Verschiebungen zu spüren, und sprang in Sicherheit. Er sah von einer stabilen Klippe aus zu, wie das Tal unter ihm zusammenbrach. Die Instinkte des Raubtiers waren schneller als die sich verschiebenden Platten.","쿠알은 민감한 수염으로 지각 변동을 감지하고 안전한 곳으로 도약했습니다. 붕괴하는 골짜기 밑바닥을 녀석은 안정된 절벽 위에서 조용히 내려다보았습니다. 포식자의 직감은 지각판의 움직임보다 빨랐습니다."
"MSG_C_EARTHQUAKE_R_WIN","The tremors collapsed all the rat tunnels, crushing thousands in an instant. The survivors fled in fear, abandoning their territory to the shifting earth. The swarm was neutralized by the superior weight of soil.","震動がネズミの通り道を全て破壊し、瞬時に無数の個体を圧殺した。生き残った者たちは恐怖に駆られ、大地に縄張りを明け渡した。群れの脅威は、土砂の圧倒的な重量によって無力化された。","震动摧毁了老鼠所有的通道，瞬间压死了无数个体。幸存者们在恐惧驱使下被迫让出了领地。鼠群的威胁被土石压倒性的重量化解了。","Толчки разрушили все крысиные туннели, мгновенно раздавив тысячи особей. Выжившие в страхе бежали, оставив свою территорию сдвигающейся земле. Стая была нейтрализована превосходящим весом почвы.","Los temblores colapsaron todos los túneles de ratas, aplastando a miles en un instante. Los sobrevivientes huyeron aterrorizados, abandonando su territorio a la tierra cambiante. El enjambre fue neutralizado por el peso superior del suelo.","Os tremores destruíram todos os túneis de ratos, esmagando milhares em um instante. Os sobreviventes fugiram com medo, abandonando seu território para a terra em movimento. O enxame foi neutralizado pelo peso superior do solo.","Die Erschütterungen ließen alle Rattentunnel einstürzen und zerquetschten Tausende in einem Augenblick. Die Überlebenden flohen in Angst und überließen ihr Territorium der bebenden Erde. Der Schwarm wurde durch das überlegene Gewicht der Erde neutralisiert.","진동이 쥐의 통로를 전부 파괴하여 순식간에 무수한 개체를 압사시켰습니다. 살아남은 자들은 공포에 질려 대지에 세력권을 내주고 도망쳤습니다. 무리의 위협은 토사의 압도적인 무게에 의해 무력화되었습니다."
"MSG_C_EARTHQUAKE_S_WIN","The earthquake caused the cavern walls to cave in on the slime. The monster was dispersed and dried out as it was mixed with the debris of the mountain. The liquid predator was absorbed back into the dry earth.","地震が洞窟の壁を崩し、スライムの上に降り注がせた。怪物は瓦礫と混ざり合い、水分を奪われて霧散した。流動的な捕食者は、乾いた大地へと吸収され、その生涯を閉じた。","地震震塌了洞窟墙壁，落在了史莱姆身上。怪物与瓦砾混在一起，水分被夺去后烟消云散。流动的掠食者被吸收进干旱的大地，就此终结。","Землетрясение привело к обрушению стен пещеры на слизь. Монстр рассеялся и высох, смешавшись с обломками горы. Жидкий хищник впитался обратно в сухую землю.","El terremoto hizo que las paredes de la caverna se derrumbaran sobre el limo. El monstruo se dispersó y se secó al mezclarse con los escombros de la montaña. El depredador líquido fue absorbido de nuevo por la tierra seca.","O terremoto causou o desabamento das paredes da caverna sobre o slime. O monstro dispersou-se e secou ao misturar-se com os escombros da montanha. O predador líquido foi absorvido de volta pela terra seca.","Das Erdbeben ließ die Höhlenwände über dem Schleim einstürzen. Das Monster wurde zerstreut und vertrocknete, als es mit dem Schutt des Berges vermischt wurde. Das flüssige Raubtier wurde zurück in die trockene Erde absorbiert.","지진이 동굴 벽을 무너뜨려 슬라임 위로 쏟아지게 했습니다. 괴물은 잔해와 섞이며 수분을 빼앗겨 흩어졌습니다. 유동적인 포식자는 메마른 대지로 흡수되어 그 생애를 마감했습니다."
"MSG_C_EARTHQUAKE_T_LOSS","The troll's legendary balance and massive weight allowed it to ignore the earthquake. It grabbed a nearby boulder to use as a club and charged through the dust. The disaster had only provided the beast with a weapon.","トロールの伝説的な平衡感覚と巨躯は、地震の揺れを歯牙にもかけなかった。奴は崩れた岩を棍棒代わりに掴み、塵の中を突進してきた。天災は、獣に新たな武器を与えたに過ぎなかったのだ。","巨魔传说中的平衡感与巨躯完全无视了地震的摇晃。它抓起崩落的岩石充当木棒，在尘土中冲锋过来。天灾只不过是给这头野兽提供了新的武器。","Легендарное равновесие и огромный вес тролля позволили ему игнорировать землетрясение. Он схватил ближайший валун, чтобы использовать его как дубину, и рванул сквозь пыль. Бедствие лишь обеспечило зверя оружием.","El legendario equilibrio y el enorme peso del troll le permitieron ignorar el terremoto. Agarró una roca cercana para usarla como mazo y cargó a través del polvo. El desastre solo le había proporcionado un arma a la bestia.","O equilíbrio lendário e o peso maciço do troll permitiram que ele ignorasse o terremoto. Ele agarrou uma rocha próxima para usar como clava e avançou pela poeira. O desastre apenas forneceu uma arma à fera.","Das legendäre Gleichgewicht und das massive Gewicht des Trolls ließen ihn das Erdbeben ignorieren. Er schnappte sich einen nahegelegenen Felsbrocken als Keule und stürmte durch den Staub. Die Katastrophe hatte der Bestie nur eine Waffe geliefert.","트롤의 전설적인 평형감각과 거구는 지진의 흔들림을 아랑곳하지 않았습니다. 녀석은 무너진 바위를 곤봉 대신 움켜잡고 먼지 속을 돌진해 왔습니다. 천재지변은 야수에게 새로운 무기를 제공했을 뿐이었습니다."
"MSG_C_EARTHQUAKE_U_LOSS","As a creature of spirit, the undead simply drifted through the shifting ground. The physical destruction of the terrain meant nothing to those already without a body. Death's cold chill remained steady despite the tremors.","霊的な存在であるアンデッドは、激変する地面をただ漂うだけだった。肉体を持たぬ者にとって、地形の物理的な破壊など意味をなさない。激しい揺れの中でも、死の冷気だけは変わらずそこにあった。","作为灵性存在的不死族只是在剧变的地面上漂浮。对于没有肉体者来说，地形的物理破坏毫无意义。即使在剧烈的摇晃中，那股死亡的冷气也依然如故。","Как духовное существо, нежить просто дрейфовала по сдвигающейся земле. Физическое разрушение местности ничего не значило для тех, кто и так не имел тела. Ледяной холод смерти оставался неизменным, несмотря на толчки.","Como criatura espiritual, el no-muerto simplemente flotaba a través del suelo cambiante. La destrucción física del terreno no significaba nada para aquellos que ya no tenían cuerpo. El frío gélido de la muerte se mantuvo estable a pesar de los temblores.","Como uma criatura espiritual, o morto-vivo simplesmente flutuava através do chão em movimento. A destruição física do terreno não significava nada para aqueles que já não tinham corpo. O calafrio gelado da morte permaneceu estável, apesar dos tremores.","Als geistige Wesen trieben die Untoten einfach durch den bebenden Boden. Die physische Zerstörung des Geländes bedeutete denen nichts, die bereits keinen Körper mehr hatten. Der kalte Schauer des Todes blieb trotz der Erschütterungen beständig.","영적인 존재인 언데드는 격변하는 지면을 그저 떠돌 뿐이었습니다. 육체가 없는 자에게 지형의 물리적 파괴는 아무런 의미가 없습니다. 격렬한 흔들림 속에서도 죽음의 냉기만은 변함없이 그곳에 있었습니다."
"MSG_C_EARTHQUAKE_V_WIN","The vampire was buried in his own tomb as the ancient castle collapsed. The sunlight filtering through the cracks completed what the falling bricks began. The dark noble was returned to dust by his own shattered legacy.","古城の崩壊と共に、ヴァンパイアは自らの棺桶に埋められた。崩れた壁の隙間から差す日光が、奴の最期を決定づけた。闇の貴族は、砕け散った自らの遺産と共に塵へと還ったのだ。","随着古城的崩塌，吸血鬼被埋在了自己的棺材里。从崩坍墙壁缝隙中射入的阳光决定了他的死期。黑暗贵族与他粉碎的遗产一同归于尘土。","Вампир был погребен в собственной гробнице, когда древний замок рухнул. Солнечный свет, проникающий сквозь щели, завершил то, что начали падающие кирпичи. Темный дворянин обратился в прах вместе со своим разрушенным наследием.","El vampiro fue enterrado en su propia tumba cuando el antiguo castillo colapsó. La luz del sol que se filtraba por las grietas completó lo que los ladrillos al caer comenzaron. El noble oscuro fue devuelto al polvo por su propio legado destrozado.","O vampiro foi enterrado em seu próprio túmulo quando o antigo castelo desmoronou. A luz do sol filtrando-se pelas frestas completou o que os tijolos caindo começaram. O nobre das trevas foi devolvido ao pó por seu próprio legado despedaçado.","Der Vampir wurde in seinem eigenen Grab begraben, als die alte Burg einstürzte. Das Sonnenlicht, das durch die Ritzen drang, vollendete, was die fallenden Ziegel begannen. Der dunkle Adlige wurde durch sein eigenes zertrümmertes Vermächtnis zu Staub.","고성의 붕괴와 함께 뱀파이어는 자신의 관 속에 매몰되었습니다. 무너진 벽 틈새로 비치는 햇빛이 녀석의 최후를 결정지었습니다. 어둠의 귀족은 부서진 자신의 유산과 함께 먼지로 돌아갔습니다."
"MSG_C_EARTHQUAKE_W_LOSS","The wolves sensed the quake through the ground and retreated to open fields. They circled you while you struggled with the uneven terrain. Nature's children knew exactly where to stand when the world shook.","ウルフは地響きで地震を予知し、開けた平原へと速やかに避難した。足元の狂った地形で苦戦するあなたを、奴らは嘲笑うように包囲した。世界の震えに対し、自然の子らは立ち位置を知っていた。","狼群通过地鸣预知了地震，并迅速撤离到了开阔的平原。它们嘲笑着在错乱地形中苦战的你并完成了包围。面对世界的震颤，自然之子们知道该站在哪里。","Волки почувствовали землетрясение через землю и отступили на открытые поля. Они окружили вас, пока вы боролись с неровной местностью. Дети природы точно знали, где стоять, когда мир содрогнулся.","Los lobos sintieron el terremoto a través del suelo y se retiraron a campos abiertos. Te rodearon mientras luchabas con el terreno irregular. Los hijos de la naturaleza sabían exactamente dónde pararse cuando el mundo temblaba.","Os lobos sentiram o terremoto através do chão e recuaram para campos abertos. Eles cercaram você enquanto você lutava com o terreno irregular. Os filhos da natureza sabiam exatamente onde ficar quando o mundo tremia.","Die Wölfe spürten das Beben durch den Boden und zogen sich auf offene Felder zurück. Sie umkreisten dich, während du mit dem unebenen Gelände kämpftest. Die Kinder der Natur wussten genau, wo sie stehen mussten, wenn die Welt bebte.","울프는 땅울림으로 지진을 예지하고 탁 트인 평원으로 신속하게 피난했습니다. 발밑의 뒤틀린 지형으로 고전하는 당신을 녀석들은 비웃듯이 포위했습니다. 세계의 진동에 대해 자연의 아이들은 서 있을 곳을 알고 있었습니다."
"MSG_C_EARTHQUAKE_X_LOSS","Xalthis clung to the walls with its many legs, defying the gravity of the quake. It watched you from the ceiling as the floor beneath you opened into an abyss. The monster enjoyed the chaotic geometry of your demise.","ザルティスは無数の脚で壁にしがみつき、地震の揺れをものともしなかった。床が深淵へと裂ける中、奴は天井からあなたの最期を眺めていた。魔物は、あなたが混沌に飲み込まれる様を楽しんでいたのだ。","扎尔提斯用无数条腿死死抓住墙壁，完全不在意地震。在地面裂向深渊之际，它从天花板注视着你的终焉。魔物正享受着你被混沌吞噬的样子。","Ксалтис вцепился в стены своими многочисленными ногами, бросая вызов гравитации землетрясения. Оно наблюдало за вами с потолка, когда пол под вами разверзся в бездну. Монстр наслаждался хаотичной геометрией вашей гибели.","Xalthis se aferró a las paredes con sus muchas patas, desafiando la gravedad del sismo. Te observaba desde el techo mientras el suelo bajo tus pies se abría en un abismo. El monstruo disfrutaba de la geometría caótica de tu desaparición.","Xalthis agarrou-se às paredes com suas muitas pernas, desafiando a gravidade do terremoto. Ele observou você do teto enquanto o chão sob você se abria em um abismo. O monstro desfrutava da geometria caótica do seu fim.","Xalthis klammerte sich mit seinen vielen Beinen an die Wände und trotzte der Schwerkraft des Bebens. Es beobachtete dich von der Decke aus, während sich der Boden unter dir in einen Abgrund öffnete. Das Monster genoss die chaotische Geometrie deines Untergangs.","잘티스는 무수한 다리로 벽에 매달려 지진의 흔들림을 아랑곳하지 않았습니다. 바닥이 심연으로 갈라지는 가운데 녀석은 천장에서 당신의 최후를 지켜보고 있었습니다. 마물은 당신이 혼돈에 삼켜지는 모습을 즐기고 있었습니다."
"MSG_C_EARTHQUAKE_Y_LOSS","The yeti used the earthquake to trigger a massive avalanche that buried everything. You vanished under tons of white death while the ice giant stood firm. The mountain's fury was a tool the yeti knew how to wield.","イエティは地震を利用して大規模な雪崩を引き起こし、全てを埋め尽くした。氷の巨人が平然と佇む中、あなたは数トンの白い死の下へ消えた。山の怒りは、奴にとって使い慣れた道具だったのだ。","雪人利用地震引发了大规模雪崩，掩埋了一切。在冰巨人泰然伫立之际，你消失在了数吨的白色死亡之下。山的愤怒对他而言不过是得心应手的工具。","Йети использовал землетрясение, чтобы вызвать мощную лавину, которая погребла все под собой. Вы исчезли под тоннами белой смерти, пока ледяной великан стоял непоколебимо. Ярость горы была инструментом, которым йети умел пользоваться.","El yeti usó el terremoto para desencadenar una avalancha masiva que enterró todo. Desapareciste bajo toneladas de muerte blanca mientras el gigante de hielo se mantenía firme. La furia de la montaña era una herramienta que el yeti sabía cómo manejar.","O yeti usou o terremoto para desencadear uma avalanche maciça que enterrou tudo. Você desapareceu sob toneladas de morte branca enquanto o gigante de gelo permanecia firme. A fúria da montanha era uma ferramenta que o yeti sabia como manejar.","Der Yeti nutzte das Erdbeben, um eine gewaltige Lawine auszulösen, die alles begrub. Du verschwandest unter Tonnen von weißem Tod, während der Eisriese standhaft blieb. Der Zorn des Berges war ein Werkzeug, das der Yeti zu führen wusste.","예티는 지진을 이용해 대규모 눈보라를 일으켜 모든 것을 파묻었습니다. 얼음 거인이 태연히 서 있는 동안 당신은 수 톤의 하얀 죽음 밑으로 사라졌습니다. 산의 분노는 녀석에게 있어 익숙한 도구였습니다."
"MSG_C_EARTHQUAKE_Z_LOSS","The unfeeling zombie kept crawling even as its rotting limbs were crushed by rocks. Pain meant nothing to the dead, and the tremors didn't slow its hunger. The unliving tide continued to close in despite the broken earth.","ゾンビは岩に肉体を砕かれようとも、痛みを感じず這い寄ってきた。死者にとって地震など無関係であり、その飢えが止まることはない。崩れた大地を越えて、生気なき波があなたを追い詰める。","僵尸即使身体被岩石砸碎，也会毫无痛觉地爬行过来。对于死者来说地震毫无关系，其饥渴永远不会停止。越过崩坏的大地，死气沉沉的浪潮正将你逼入绝境。","Бесчувственный зомби продолжал ползти, даже когда его гниющие конечности были раздавлены камнями. Боль ничего не значила для мертвеца, и толчки не умерили его голод. Неживая волна продолжала приближаться, несмотря на разрушенную землю.","El zombi insensible siguió gateando incluso cuando sus extremidades podridas fueron aplastadas por las rocas. El dolor no significaba nada para los muertos, y los temblores no frenaron su hambre. La marea de no-muertos continuó acercándose a pesar de la tierra rota.","O zumbi insensível continuou rastejando mesmo quando seus membros apodrecidos foram esmagados por rochas. A dor não significava nada para os mortos, e os tremores não diminuíram sua fome. A maré de mortos-vivos continuou a se aproximar apesar da terra quebrada.","Der gefühllose Zombie kroch weiter, selbst als seine verrottenden Gliedmaßen von Steinen zerquetscht wurden. Schmerz bedeutete dem Toten nichts, und die Erschütterungen bremsten seinen Hunger nicht. Die untote Flut kam trotz der aufgebrochenen Erde weiter näher.","무감각한 좀비는 바위에 육체가 으스러지면서도 고통을 느끼지 못한 채 기어왔습니다. 망자에게 지진 따위는 상관없으며 그 굶주림은 멈추지 않습니다. 무너진 대지를 넘어 생기 없는 파도가 당신을 몰아넣습니다."
"MSG_C_EXORCISM_A_LOSS","The ant was too biological and physical for your spiritual banishment to have any effect. Your holy chants were ignored by the tiny, unthinking insect as it scurried past for a snack. The power of faith failed against the simplest life.","アリの生命活動はあまりに生物的かつ物理的で、あなたの霊的な追放術は何の影響も及ぼさなかった。思考を持たぬ小さな虫は神聖な詠唱を無視し、餌を求めて通り過ぎていく。信仰の力は、最も単純な生命の前には無力だった。","蚂蚁过于生物化和物理化，以至于你的精神驱逐没有任何效果。当你为了零食而匆忙走过时，神圣的吟诵被这只微小的、无意识的昆虫忽视了。信仰的力量在最简单的生命面前失败了。","Муравей был слишком биологическим и физическим, чтобы ваше духовное изгнание возымело какой-либо эффект. Ваши святые песнопения были проигнорированы крошечным недумающим насекомым, пробегавшим мимо за перекусом. Сила веры подвела перед простейшей жизнью.","La hormiga era demasiado biológica y física para que tu destierro espiritual tuviera algún efecto. Tus cánticos sagrados fueron ignorados por el diminuto e irracional insecto mientras pasaba corriendo en busca de un refrigerio. El poder de la fe falló ante la vida más simple.","A formiga era biológica e física demais para que seu banimento espiritual tivesse qualquer efeito. Seus cânticos sagrados foram ignorados pelo minúsculo inseto irracional enquanto ele passava correndo para um lanche. O poder da fé falhou contra a vida mais simples.","Die Ameise war zu biologisch und physisch, als dass deine spirituelle Verbannung irgendeine Wirkung hätte haben können. Deine heiligen Gesänge wurden von dem winzigen, instinktgesteuerten Insekt ignoriert, als es auf der Suche nach einem Snack vorbeihuschte. Die Kraft des Glaubens versagte gegenüber dem einfachsten Leben.","개미의 생명 활동은 너무나 생물학적이고 물리적이어서 당신의 영적인 추방술은 아무런 영향을 미치지 못했습니다. 생각 없는 작은 벌레는 신성한 영창을 무시하고 먹이를 찾아 지나갈 뿐이었습니다. 신앙의 힘은 가장 단순한 생명체 앞에서 무력했습니다."
"MSG_C_EXORCISM_B_WIN","The bat's nocturnal soul was burned by the pure light of your exorcism, casting it into the void. It let out a final, spectral shriek as its connection to the physical world was severed. The creature was purged from the dungeon.","コウモリの夜の魂は、あなたの強力な退魔の光によって焼かれ、虚空へと放逐された。現世との繋がりを断たれた魔物は、最期の霊的な絶叫を響かせる。その存在は、ダンジョンの深淵から完全に浄化されたのである。","蝙蝠那属于夜晚的灵魂被你驱魔的纯净光之烧毁了，将其投入虚空。当它与物理世界的联系被切断时，它发出了最后的幽灵般的尖叫. 这个生物被从地牢中清除了。","Ночная душа летучей мыши была сожжена чистым светом вашего экзорцизма и изгнана в пустоту. Она издала последний призрачный вопль, когда ее связь с физическим миром была разорвана. Существо было изгнано из подземелья.","El alma nocturna del murciélago fue quemada por la luz pura de tu exorcismo, lanzándola al vacío. Lanzó un último chillido espectral mientras su conexión con el mundo físico se cortaba. La criatura fue purgada de la mazmorra.","A alma noturna do morcego foi queimada pela luz pura do seu exorcismo, lançando-a no vazio. Ele soltou um último grito espectral enquanto sua conexão com o mundo físico era cortada. A criatura foi purgada da masmorra.","Die nächtliche Seele der Fledermaus wurde vom reinen Licht deines Exorzismus verbrannt und in die Leere geworfen. Sie stieß einen letzten, gespenstischen Schrei aus, als ihre Verbindung zur physischen Welt gekappt wurde. Die Kreatur wurde aus dem Kerker getilgt.","박쥐의 밤의 영혼은 당신의 강력한 퇴마의 빛에 타버려 허공으로 추방되었습니다. 현세와의 인연이 끊긴 마물은 마지막 영적인 절규를 내지릅니다. 그 존재는 던전의 심연에서 완전히 정화되었습니다."
"MSG_C_EXORCISM_C_WIN","The cobra's ancient, dark nature was recognized by your sacred ritual and forcibly expelled. It hissed in holy pain as its very essence was unraveled by your chants. The temple defender was finally laid to rest by the light.","コブラが秘めていた古の闇の本質は、神聖な儀式によって暴かれ、力任せに追放された。聖なる苦痛に身を震わせ、その本質は詠唱と共に霧散していく。神殿を汚す守護者は、光によってようやく永眠を得たのだ。","眼镜蛇古老而黑暗的天性被你的神圣仪式所识别并被强行驱逐。随着它的本质被你的吟诵所解开，它在神圣的痛苦中发出了嘶嘶声。神殿的捍卫者终于被光所安息。","Древняя темная природа кобры была распознана вашим священным ритуалом и насильственно изгнана. Она зашипела от святой боли, когда ее самая суть была развеяна вашими песнопениями. Хранитель храма был наконец упокоен светом.","La naturaleza antigua y oscura de la cobra fue reconocida por tu ritual sagrado y expulsada por la fuerza. Siseó con dolor sagrado mientras su esencia misma era desentrañada por tus cánticos. El defensor del templo finalmente fue puesto a descansar por la luz.","A natureza antiga e sombria da cobra foi reconhecida pelo seu ritual sagrado e expulsa à força. Ela sibilou de dor sagrada enquanto sua própria essência era desvendada pelos seus cânticos. O defensor do templo foi finalmente posto a descansar pela luz.","Die uralte, dunkle Natur der Kobra wurde durch dein heiliges Ritual erkannt und gewaltsam vertrieben. Sie zischte unter heiligen Schmerzen, als ihr eigentliches Wesen durch deine Gesänge aufgelöst wurde. Der Tempelwächter wurde schließlich durch das Licht zur Ruhe gebettet.","코브라가 간직하고 있던 고대 어둠의 본질은 신성한 의식에 의해 폭로되었고 강제로 추방되었습니다. 성스러운 고통에 몸을 떨며 그 본질은 영창과 함께 안개처럼 사라져 갑니다. 신전을 더럽히던 수호자는 빛에 의해 마침내 영면을 얻었습니다."
"MSG_C_EXORCISM_D_WIN","Even the dragon's semi-divine spirit was subject to the cosmic laws of your absolute exorcism. Its physical shell collapsed into dust as its soul was forcefully returned to the heavens. The legend ended with a blinding holy flash.","ドラゴンの半神的な魂でさえ、あなたの絶対的な退魔が司る宇宙の法則には抗えなかった。その魂が強制的に天へと還されると、肉体の殻は塵となって崩れ落ちる。伝説は、目を射る神聖な閃光と共に幕を閉じた。","即使是巨龙半神般的精神也服从于你绝对驱魔的宇宙法则。随着它的灵魂被强行送回天堂，它的物理外壳坍塌成了粉末。传奇在一道令人眩目的神圣闪光中结束。","Даже полубожественный дух дракона подчинился космическим законам вашего абсолютного экзорцизма. Его физическая оболочка превратилась в прах, когда душа была насильственно возвращена на небеса. Легенда закончилась ослепительной святой вспышкой.","Incluso el espíritu semidivino del dragón estuvo sujeto a las leyes cósmicas de tu exorcismo absoluto. Su caparazón físico se convirtió en polvo mientras su alma era devuelta por la fuerza a los cielos. La leyenda terminó con un destello sagrado cegador.","Mesmo o espírito semidivino do dragão estava sujeito às leis cósmicas do seu exorcismo absoluto. Sua carapaça física transformou-se em pó enquanto sua alma era devolvida à força aos céus. A lenda terminou com um flash sagrado ofuscante.","Selbst der halbgöttliche Geist des Drachen unterlag den kosmischen Gesetzen deines absoluten Exorzismus. Seine physische Hülle zerfiel zu Staub, als seine Seele gewaltsam in den Himmel zurückgebracht wurde. Die Legende endete mit einem blendenden heiligen Blitz.","드래곤의 반신적인 영혼조차 당신의 절대적인 퇴마가 관장하는 우주의 법칙에는 거스를 수 없었습니다. 그 영혼이 강제로 하늘로 돌아가자 육체라는 껍데기는 먼지가 되어 무너져 내립니다. 전설은 눈부신 신성한 섬광과 함께 막을 내렸습니다."
"MSG_C_EXORCISM_E_WIN","The Ent's corrupted forest spirit was finally cleansed and released into the great void. It exhaled a final cloud of spores as its ancient mind was silenced by your holy word. The guardian's duty was finished by the light.","汚染に塗れたエントの森の精霊は、ついに浄化され、偉大なる虚空へと解き放たれた。神聖な言葉が古の意識を沈黙させると、魔物は最期の胞子の雲を吐き出す。守護者の責務は、光の手によって完遂されたのである。","树精腐化的森林之灵终于被净化并释放到巨大的虚空中。当它古老的大脑被你神圣的话语沈默时，它呼出了最后的胞子云。守护者的职责被光终结了。","Оскверненный лесной дух Энта был наконец очищен и отпущен в великую пустоту. Он выдохнул последнее облако спор, когда его древний разум умолк от вашего святого слова. Обязанности стража были завершены светом.","El espíritu del bosque corrompido del Ent finalmente fue limpiado y liberado al gran vacío. Exhaló una nube final de esporas mientras su mente antigua era silenciada por tu palabra santa. El deber del guardián fue terminado por la luz.","O espírito da floresta corrompido do Ent foi finalmente limpo e libertado no grande vazio. Ele exalou uma nuvem final de esporos enquanto sua mente antiga era silenciada pela sua palavra sagrada. O dever do guardião foi concluído pela luz.","Der korrumpierte Waldgeist des Ents wurde schließlich gereinigt und in die große Leere entlassen. Er hauchte eine letzte Sporenwolke aus, als sein uralter Geist durch dein heiliges Wort zum Schweigen gebracht wurde. Die Pflicht des Wächters wurde durch das Licht beendet.","오염에 찌든 엔트의 숲의 정령은 마침내 정화되어 위대한 허공으로 해방되었습니다. 신성한 말씀이 고대의 의식을 침묵시키자 마물은 마지막 포자 구름을 내뿜습니다. 수호자의 책무는 빛의 손에 의해 완수되었습니다."
"MSG_C_EXORCISM_F_LOSS","The fly processed the air through purely mechanical instincts that your exorcism couldn't touch. Your holy symbols were simply objects to fly around and ignore. The tiny pest had no soul for you to banish today.","ハエは純粋に本能という名の機械的なプロセスで動いており、あなたの退魔術が届く領域にはなかった。神聖な印も、奴にとってはただの障害物でしかない。小さな害虫には、今日あなたが放逐すべき魂などなかったのである。","苍蝇通过你的驱魔术无法触及的纯机械本能来处理空气。你的神圣符号只是可以绕着飞舞并被无视的物体。今天这个微小的害虫没有灵魂供你驱逐。","Муха воспринимала воздух через чисто механические инстинкты, которых ваш экзорцизм не мог коснуться. Ваши святые символы были для нее просто объектами, которые можно облететь и проигнорировать. У крошечного вредителя не было души, которую вы могли бы изгнать сегодня.","La mosca procesaba el aire a través de instintos puramente mecánicos que tu exorcismo no podía tocar. Tus símbolos sagrados eran simplemente objetos para volar alrededor e ignorar. La diminuta plaga no tenía alma que pudieras desterrar hoy.","A mosca processava o ar através de instintos puramente mecânicos que seu exorcismo não conseguia tocar. Seus símbolos sagrados eram simplesmente objetos para voar ao redor e ignorar. A minúscula praga não tinha alma para você banir hoje.","Die Fliege verarbeitete die Luft durch rein mechanische Instinkte, die dein Exorzismus nicht berühren konnte. Deine heiligen Symbole waren für sie lediglich Objekte, die man umfliegen und ignorieren konnte. Der winzige Schädling hatte heute keine Seele, die du hättest verbannen können.","파리는 순전히 본능이라는 이름의 기계적인 프로세스로 움직이고 있어 당신의 퇴마술이 닿는 영역에 있지 않았습니다. 신성한 인장도 녀석에게는 그저 장애물일 뿐입니다. 작은 해충에게는 오늘 당신이 방축해야 할 영혼 같은 것은 없었습니다."
"MSG_C_EXORCISM_G_WIN","The goblin's malicious spirit was torn from its greedy body by the power of your sacred words. It vanished into a swirl of black smoke, leaving only its stolen junk behind. The thief was finally banished from this plane.","ゴブリンの悪意に満ちた魂は、神聖な言葉の力によって強欲な肉体から引き剥がされた。黒い煙の渦となって消え去り、後には盗んだガラクタだけが残される。泥棒はついに、この世から完全に退けられたのだ。","哥布林的恶毒灵魂被你神圣语言的力量从它贪婪的身体中撕扯出来。它消失在一阵黑烟中，只留下偷来的垃圾。这个小偷终于被逐出了这个位面。","Злобный дух гоблина был вырван из его жадного тела силой ваших священных слов. Он исчез в вихре черного дыма, оставив после себя только украденный хлам. Вор был наконец изгнан с этого плана бытия.","El espíritu malicioso del goblin fue arrancado de su cuerpo codicioso por el poder de tus palabras sagradas. Desapareció en un torbellino de humo negro, dejando solo su basura robada atrás. El ladrón fue finalmente desterrado de este plano.","O espírito malicioso do goblin foi arrancado de seu corpo ganancioso pelo poder de suas palavras sagradas. Ele desapareceu em um redemoinho de fumaça negra, deixando apenas seu lixo roubado para trás. O ladrão foi finalmente banido deste plano.","Der bösartige Geist des Goblins wurde durch die Kraft deiner heiligen Worte aus seinem gierigen Körper gerissen. Er verschwand in einem schwarzen Rauchwirbel und hinterließ nur seinen gestohlenen Tand. Der Dieb wurde schließlich von dieser Ebene verbannt.","고블린의 악의에 찬 영혼은 신성한 말씀의 힘에 의해 탐욕스러운 육체에서 찢겨 나갔습니다. 검은 연기 소용돌이가 되어 사라졌고 뒤에는 훔친 잡동사니만 남았습니다. 도둑은 마침내 이 세상에서 완전히 퇴치되었습니다."
"MSG_C_EXORCISM_H_WIN","The harpy's chaotic magic was neutralized by your orderly ritual, sending her soul to the far reaches. She shrieked a final, pure note before her physical form dissolved into golden light. The queen of the sky was finally saved.","ハーピーの混沌とした魔力は秩序ある儀式によって中和され、その魂は遥か彼方へと送り出された。肉体が黄金の光となって溶け去る直前、彼女は清らかな最期の音色を響かせる。空の女王は、ついに救済されたのだ。","哈皮混乱的魔法被你的有序仪式所中和，将她的灵魂送到了遥远的地方。在她的物理形态溶解成金光之前，她发出了最后一记纯净的音符。天空女王终于获救了。","Хаотическая магия гарпии была нейтрализована вашим упорядоченным ритуалом, отправив ее душу в далекие края. Она издала последнюю чистую ноту, прежде чем ее физическая форма растворилась в золотом свете. Королева неба была наконец спасена.","La magia caótica de la arpía fue neutralizada por tu ritual ordenado, enviando su alma a los confines lejanos. Lanzó una nota final y pura antes de que su forma física se disolviera en una luz dorada. La reina del cielo finalmente fue salvada.","A magia caótica da harpia foi neutralizada pelo seu ritual ordenado, enviando sua alma para os confins distantes. Ela soltou uma nota final e pura antes que sua forma física se dissolvesse em uma luz dourada. A rainha do céu foi finalmente salva.","Die chaotische Magie der Harpie wurde durch dein ordnendes Ritual neutralisiert, wodurch ihre Seele in ferne Reiche geschickt wurde. Sie stieß einen letzten, reinen Ton aus, bevor sich ihre physische Gestalt in goldenes Licht auflöste. Die Königin des Himmels war schließlich gerettet.","하피의 혼돈된 마력은 질서 있는 의식에 의해 중화되었고 그 영혼은 머나먼 곳으로 보내졌습니다. 육체가 황금빛이 되어 녹아 사라지기 직전 그녀는 맑은 마지막 음색을 울립니다. 하늘의 여왕은 마침내 구원받았습니다."
"MSG_C_EXORCISM_I_WIN","The imp's connection to the hellish realms was severed by your powerful and direct exorcism. It shrieked in terror as the shadows that sustained it were burned away by holy light. The prankster was banished to its eternal home.","地獄の領域と繋がっていたインプの絆は、あなたの強力かつ直接的な退魔術によって断ち切られた。維持していた影が神聖な光で焼き払われ、魔物は恐怖の絶叫を上げる。悪戯っ子は、永遠の故郷へと強制送還された。","你强大而直接的驱魔术切断了小恶魔与地狱领域的联系。由于支撑它的阴影被圣光烧毁，它惊恐地尖叫起来。这个骗子被驱逐到了它永远的家。","Связь беса с адскими мирами была разорвана вашим мощным и прямым экзорцизмом. Он закричал в ужасе, когда тени, поддерживавшие его, были сожжены святым светом. Проказник был изгнан в свой вечный дом.","La conexión del imp con los reinos infernales fue cortada por tu poderoso y directo exorcismo. Chilló de terror mientras las sombras que lo sostenían eran quemadas por la luz sagrada. El bromista fue desterrado a su hogar eterno.","A conexão do imp com os reinos infernais foi cortada pelo seu poderoso e direto exorcismo. Ele gritou de terror enquanto as sombras que o sustentavam eram queimadas pela luz sagrada. O brincalhão foi banido para seu lar eterno.","Die Verbindung des Imps zu den höllischen Reichen wurde durch deinen mächtigen und direkten Exorzismus gekappt. Er schrie vor Entsetzen, als die Schatten, die ihn nährten, vom heiligen Licht weggebrannt wurden. Der Schalk wurde in seine ewige Heimat verbannt.","지옥의 영역과 연결되어 있던 임프의 유대는 당신의 강력하고 직접적인 퇴마술에 의해 끊어졌습니다. 유지해주던 그림자가 신성한 빛에 타버리자 마물은 공포의 절규를 내지릅니다. 장난꾸러기는 영원한 고향으로 강제 송환되었습니다."
"MSG_C_EXORCISM_J_LOSS","The jelly had no discernable spirit or consciousness for your exorcism to target or affect. It simply continued its slow, mindless crawl, indifferent to your holy symbols and chants. The ooze was an unspiritual wall.","ジェリーには退魔術が標的とすべき魂も意識も存在せず、何の影響も及ぼすことはできなかった。神聖な印や詠唱を完全に無視し、魔物は緩慢で無心な這いずりを続ける。泥濘は、信仰すら届かぬ壁であった。","果冻怪没有可辨别的灵魂或意识供你的驱魔术瞄准或影响。它只是继续它缓慢、无意识的爬行，对你的神圣符号和吟诵无动于衷。软泥是一堵非精神性的墙。","У желе не было ни различимого духа, ни сознания, на которые мог бы быть направлен или подействовать ваш экзорцизм. Оно просто продолжало свое медленное, бездумное ползание, безразличное к вашим святым символам и песнопениям. Слизь была бездуховной стеной.","La gelatina no tenía un espíritu o conciencia discernible para que tu exorcismo lo atacara o afectara. Simplemente continuó su lento y sin sentido gateo, indiferente a tus símbolos y cánticos sagrados. El limo era una pared espiritual.","A geleia não tinha um espírito ou consciência discernível para seu exorcismo atingir ou afetar. Ela simplesmente continuou seu rastejo lento e irracional, indiferente aos seus símbolos sagrados e cânticos. O lodo era uma parede não espiritual.","Das Gelee hatte keinen erkennbaren Geist oder ein Bewusstsein, auf das dein Exorzismus hätte zielen oder einwirken können. Es setzte einfach sein langsames, geistloses Kriechen fort, gleichgültig gegenüber deinen heiligen Symbolen und Gesängen. Der Schleim war eine unspirituelle Mauer.","젤리에게는 퇴마술이 표적으로 삼을 영혼도 의식도 존재하지 않아 아무런 영향도 미칠 수 없었습니다. 신성한 인장이나 영창을 완전히 무시하고 마물은 완만하고 무심하게 기어갈 뿐입니다. 진흙탕은 신앙조차 닿지 않는 벽이었습니다."
"MSG_C_EXORCISM_K_WIN","The kobold warrior's bloodlust was purified by your holy intervention, leaving it hollow and still. It collapsed as its spirit was forcefully removed from its battle-hardened shell. The tribal guardian found peace in the void.","コボルドの戦士が抱く殺意は神聖な介入によって浄化され、抜け殻のような静寂だけが残された。魂が戦いに明け暮れた肉体から強制的に剥がされ、魔物は崩れ落ちる。部族の守護者は、虚空の中に安らぎを見出した。","狗头人战士的嗜血被你的神圣干预所净化，让它变得空洞而静止。随着它的灵魂被强行从久经沙场的外壳中移除，它倒下了。部族守护者在虚空中找到了和平。","Жажда крови воина-кобольда была очищена вашим святым вмешательством, оставив его опустошенным и неподвижным. Он рухнул, когда его дух был насильственно извлечен из закаленной в боях оболочки. Племенной страж нашел покой в пустоте.","La sed de sangre del guerrero kobold fue purificada por tu intervención sagrada, dejándolo vacío e inmóvil. Se desplomó mientras su espíritu era removido por la fuerza de su caparazón endurecido por la batalla. El guardián tribal encontró la paz en el vacío.","A sede de sangue do guerreiro kobold foi purificada pela sua intervenção sagrada, deixando-o vazio e imóvel. Ele desmoronou enquanto seu espírito era removido à força de sua carapaça endurecida pela batalha. O guardião tribal encontrou a paz no vazio.","Der Durst nach Blut des Koboldkriegers wurde durch dein heiliges Eingreifen gereinigt, was ihn hohl und still zurückließ. Er brach zusammen, als sein Geist gewaltsam aus seiner kampfgehärteten Hülle entfernt wurde. Der Stammeswächter fand Frieden in der Leere.","코볼트 전사가 품은 살의는 신성한 개입에 의해 정화되어 껍데기만 남은 정적만이 남았습니다. 영혼이 전쟁으로 점철된 육체에서 강제로 분리되자 마물은 쓰러집니다. 부족의 수호자는 허공 속에서 안식을 찾았습니다."
"MSG_C_EXORCISM_L_LOSS","The lizard's cold nature was too simple for the complex spiritual mechanics of an exorcism. It flicked its tongue at your holy implements, seeing them only as strange physical obstacles. The predator remained firmly in its body.","リザードの冷徹な本質はあまりに単純で、複雑な霊的メカニズムを要する退魔術には馴染まなかった。神聖な道具をただの奇妙な障害物と見なし、魔物は舌を出し入れしながら睨み据える。捕食者は、魂を奪われることなく留まった。","蜥蜴冷酷的天性由于过于简单，无法适应驱魔术复杂的精神机制。它对着你的神圣器具甩动舌头，只把它们看作奇怪的物理障碍。捕食者依然牢牢地待在它的身体里。","Холодная природа ящерицы была слишком проста для сложной духовной механики экзорцизма. Она щелкала языком в сторону ваших святых инструментов, видя в них лишь странные физические препятствия. Хищник оставался твердо в своем теле.","La naturaleza fría del lagarto era demasiado simple para la compleja mecánica espiritual de un exorcismo. Movió su lengua hacia tus implementos sagrados, viéndolos solo como extraños obstáculos físicos. El depredador permaneció firmemente en su cuerpo.","A natureza fria do lagarto era simples demais para a complexa mecânica espiritual de um exorcismo. Ele estalou a língua para seus implementos sagrados, vendo-os apenas como estranhos obstáculos físicos. O predador permaneceu firmemente em seu corpo.","Die kalte Natur der Echse war zu einfach für die komplexen spirituellen Mechanismen eines Exorzismus. Sie schnalzte mit der Zunge nach deinen heiligen Werkzeugen und sah in ihnen nur seltsame physische Hindernisse. Das Raubtier blieb fest in seinem Körper.","리저드의 냉철한 본질은 너무나 단순하여 복잡한 영적 메커니즘을 요하는 퇴마술에는 어울리지 않았습니다. 신성한 도구를 그저 기묘한 물리적 장애물로 여기며 마물은 혀를 날름거리며 노려볼 뿐입니다. 포식자는 영혼을 빼앗기지 않은 채 머물렀습니다."
"MSG_C_EXORCISM_M_WIN","The mummy's ancient, lingering spirit was finally granted the release it had been denied for centuries. It crumbled into blessed dust as your holy words unraveled the chains of its existence. The guardian of the past finally slept.","数世紀にわたって拒まれてきた安らぎが、マミーの古く執着に満ちた魂にようやく与えられた。神聖な言葉が存在の鎖を解き放つと、魔物は祝福された塵となって崩れ落ちる。過去の番人は、ついに永い眠りについた。","木乃伊古老而挥之不去的灵魂终于获得了被拒绝了几个世纪的解脱。随着你神圣的话语解开其存在的锁链，它粉碎成了受祝福的尘埃。过去的守护者终于沉睡了。","Древний, затянувшийся дух мумии наконец получил освобождение, в котором ему отказывали веками. Он рассыпался в благословенную пыль, когда ваши святые слова распутали цепи его существования. Хранитель прошлого наконец уснул.","El espíritu antiguo y persistente de la momia finalmente recibió la liberación que se le había negado durante siglos. Se desmoronó en polvo bendito mientras tus palabras sagradas deshacían las cadenas de su existencia. El guardián del pasado finalmente durmió.","O espírito antigo e persistente da múmia finalmente recebeu a libertação que lhe fora negada por séculos. Ele desmoronou em pó abençoado enquanto suas palavras sagradas desfaziam as correntes de sua existência. O guardião do passado finalmente dormiu.","Dem uralten, verweilenden Geist der Mumie wurde schließlich die Erlösung gewährt, die ihm jahrhundertelang verwehrt geblieben war. Er zerfiel zu gesegnetem Staub, als deine heiligen Worte die Ketten seiner Existenz lösten. Der Wächter der Vergangenheit schlief endlich.","수 세기 동안 거부되어 온 안식이 미라의 오래되고 집착 어린 영혼에 마침내 주어졌습니다. 신성한 말씀이 존재의 사슬을 풀어헤치자 마물은 축복받은 먼지가 되어 무너져 내립니다. 과거의 파수꾼은 마침내 깊은 잠에 빠졌습니다."
"MSG_C_EXORCISM_N_WIN","The naga's powerful magical essence was recognized as a spiritual anomaly and forcibly banished. She drifted away into a silver mist, her wise spirit finally free from the burdens of this realm. The light claimed its own.","ナーガの強大な魔力の神髄は霊的な異物として暴かれ、力任せに追放された。彼女の賢明な魂はこの世の束縛から解き放たれ、銀色の霧となって消え去っていく。光は、自らが認めた魂を迎え入れたのである。","纳迦强大的魔法本质被认定为一种精神异常，并被强行驱逐。她飘向银色薄雾，她聪慧的灵魂终于摆脱了这个领域的负担。光芒夺回了属于它自己的东西。","Мощная магическая сущность наги была признана духовной аномалией и насильственно изгнана. Она уплыла в серебристый туман, ее мудрый дух наконец освободился от бремени этого мира. Свет забрал свое.","La poderosa esencia mágica de la naga fue reconocida como una anomalía espiritual y desterrada por la fuerza. Se alejó en una niebla plateada, su espíritu sabio finalmente libre de las cargas de este reino. La luz reclamó lo suyo.","A poderosa essência mágica da naga foi reconhecida como uma anomalia espiritual e banida à força. Ela flutuou em uma névoa prateada, seu espírito sábio finalmente livre dos fardos deste reino. A luz reivindicou o que era seu.","Die mächtige magische Essenz der Naga wurde als spirituelle Anomalie erkannt und gewaltsam verbannt. Sie entschwand in einen silbernen Nebel, ihr weiser Geist schließlich frei von den Lasten dieser Welt. Das Licht forderte das Seine ein.","나가 정령의 강력한 마력의 정수는 영적인 이물질로 밝혀져 강제로 추방되었습니다. 그녀의 현명한 영혼은 이승의 속박에서 벗어나 은빛 안개가 되어 사라져 갑니다. 빛은 자신이 인정한 영혼을 받아들였습니다."
"MSG_C_EXORCISM_O_LOSS","The orc's raw willpower was so strong that it anchored its spirit firmly to its physical frame. It laughed at your holy words, its rage shielding it from the cooling touch of the divine light. The warrior was too grounded to be banished.","オークの剥き出しの意志力はあまりに強固で、その魂を肉体へと完璧に繋ぎ止めていた。神聖な言葉をせせら嗤い、怒りの防壁が清らかな光の干渉を撥ね退ける。戦士は、追放するにはあまりに現世に根ざしすぎていた。","兽人原始的意志力太强了，它牢牢地将自己的灵魂锚定在物理框架上。它嘲笑你的神圣言语，它的愤怒使它免受神圣之光冷却触碰的影响。战士因过于脚踏实地而无法被驱逐。","Грубая сила воли орка была настолько велика, что она прочно привязала его дух к физическому телу. Он смеялся над вашими святыми словами, его ярость защищала его от охлаждающего прикосновения божественного света. Воин был слишком приземленным, чтобы быть изгнанным.","La cruda voluntad del orco era tan fuerte que ancló su espíritu firmemente a su marco físico. Se rió de tus palabras sagradas, su rabia protegiéndolo del toque refrescante de la luz divina. El guerrero estaba demasiado arraigado para ser desterrado.","A força de vontade bruta do orc era tão forte que ancorou seu espírito firmemente à sua estrutura física. Ele riu de suas palavras sagradas, sua raiva protegendo-o do toque refrescante da luz divina. O guerreiro estava muito enraizado para ser banido.","Die rohe Willenskraft des Orks war so stark, dass sie seinen Geist fest an seinen physischen Körper fesselte. Er lachte über deine heiligen Worte, sein Zorn schützte ihn vor der kühlenden Berührung des göttlichen Lichts. Der Krieger war zu fest verwurzelt, um verbannt zu werden.","오크의 노골적인 의지력은 너무나 강력해서 그 영혼을 육체에 완벽하게 묶어두고 있었습니다. 신성한 말씀을 비웃으며 분노의 방벽이 맑은 빛의 간섭을 튕겨냅니다. 전사는 추방하기에는 너무나 이승에 깊이 뿌리박고 있었습니다."
"MSG_C_EXORCISM_P_WIN","The pixie was caught in its mid-laughter as your exorcism focused on its fey, shimmering spirit. She flickered and vanished into a spray of stardust, her chaotic presence finally silenced. The forest was once again quiet under the light. ","ピクシーが笑い声を上げた瞬間、あなたの退魔術がその煌めく妖精の魂を的確に捉えた。星屑の飛沫となって明滅しながら消え去り、混沌とした気配はついに静寂に包まれる。森は、再び光の下で静かな眠りについた。","当你驱魔术聚焦在小仙女虚幻闪烁的灵魂上时，它的大笑被中断了。她闪烁着消失在星尘四溅中，她混乱的存在终于安静了。森林再次在光辉下重归平静。","Пикси была поймана посреди смеха, когда ваш экзорцизм сфокусировался на ее причудливом, мерцающем духе. Она мигнула и исчезла в брызгах звездной пыли, ее хаотичное присутствие наконец затихло. Лес снова стал тихим под светом.","La pixie fue atrapada en medio de su risa cuando tu exorcismo se centró en su espíritu feérico y resplandeciente. Parpadeó y desapareció en una lluvia de polvo de estrellas, su presencia caótica finalmente silenciada. El bosque volvió a estar tranquilo bajo la luz.","A pixie foi pega no meio de sua risada quando seu exorcismo se concentrou em seu espírito feérico e cintilante. Ela piscou e desapareceu em uma chuva de poeira estelar, sua presença caótica finalmente silenciada. A floresta ficou novamente silenciosa sob a luz.","Die Pixie wurde mitten im Lachen erwischt, als sich dein Exorzismus auf ihren feenhaften, schimmernden Geist konzentrierte. Sie flackerte und verschwand in einem Sprühregen aus Sternenstaub, ihre chaotische Präsenz war schließlich verstummt. Der Wald war unter dem Licht wieder still.","픽시가 웃음소리를 내던 순간 당신의 퇴마술이 그 빛나는 요정의 영혼을 정확히 포착했습니다. 별가루 파편이 되어 명멸하며 사라졌고 혼란스러운 기척은 마침내 정적에 휩싸입니다. 숲은 다시 빛 아래에서 조용한 잠에 들었습니다."
"MSG_C_EXORCISM_Q_LOSS","The coeurl's high-speed existence created a spiritual blur that your exorcism couldn't lock onto. It moved faster than your prayers could be spoken, leaving only sparks where its spirit once was. The predator was too quick for the soul-catcher.","クアールの高速な存在感は霊的な残像を生み出し、あなたの退魔術は標的を捉えきれなかった。祈りが紡がれるよりも早く魔物は跳躍し、魂があった場所にはただ火花が散る。捕食者は、魂を奪うにはあまりに速すぎたのである。","夸尔的高速存在创造了一个精神模糊，你的驱魔术无法锁定它。它移动得比你的祈祷还要快，在它灵魂曾经所在的地方只留下了火花。掠食者对于锁魂者来说太快了。","Высокоскоростное существование куарла создало духовное размытие, на котором ваш экзорцизм не мог зафиксироваться. Он двигался быстрее, чем вы могли произнести молитвы, оставляя лишь искры там, где когда-то был его дух. Хищник был слишком быстр для ловца душ.","La existencia de alta velocidad del coeurl creó un desenfoque espiritual que tu exorcismo no pudo fijar. Se movía más rápido de lo que tus oraciones podían ser pronunciadas, dejando solo chispas donde una vez estuvo su espíritu. El depredador era demasiado rápido para el cazador de almas.","A existência de alta velocidade do coeurl criou um borrão espiritual que seu exorcismo não conseguiu fixar. Ele se movia mais rápido do que suas orações podiam ser proferidas, deixando apenas faíscas onde seu espírito esteve uma vez. O predador era rápido demais para o apanhador de almas.","Die Hochgeschwindigkeits-Existenz des Coeurls erzeugte eine spirituelle Unschärfe, die dein Exorzismus nicht erfassen konnte. Er bewegte sich schneller, als deine Gebete gesprochen werden konnten, und hinterließ nur Funken, wo einst sein Geist war. Das Raubtier war zu schnell für den Seelenfänger.","쿠알의 고속 존재감은 영적인 잔상을 만들어냈고 당신의 퇴마술은 표적을 포착하지 못했습니다. 기도가 들리기도 전에 마물은 도약했고 영혼이 있던 자리에는 그저 불꽃이 튈 뿐입니다. 포식자는 영혼을 빼앗기에는 너무나 빨랐습니다."
"MSG_C_EXORCISM_R_LOSS","The rat swarm was far too fragmented and numerous for a single exorcism to have a meaningful effect. You purified a few rodents, but the primal, collective hunger of the swarm was entirely unaffected. Faith couldn't stop the tide of teeth.","ラットの群れはあまりに細分化され、個々の数も多すぎたため、一度の退魔術では何の影響も及ぼせなかった。数匹を浄化して見せたところで、群れの原始的な飢えは微塵も揺るがない。信仰も、無数の牙の奔流を止めることは叶わなかった。","鼠群过于支离破碎且数量庞大，单次驱魔无法产生有意义的效果。你净化了几只啮齿类动物，但鼠群原始、集体的饥饿完全没受影响。信仰无法阻挡那牙齿组成的潮汐。","Крысиная стая была слишком фрагментирована и многочисленна, чтобы один экзорцизм возымел значимый эффект. Вы очистили несколько грызунов, но первобытный коллективный голод стаи остался совершенно не затронутым. Вера не могла остановить прилив зубов.","El enjambre de ratas estaba demasiado fragmentado y era demasiado numeroso para que un solo exorcismo tuviera un efecto significativo. Purificaste a unos pocos roedores, pero el hambre colectiva y primitiva del enjambre no se vio afectada en absoluto. La fe no pudo detener la marea de dientes.","O enxame de ratos estava fragmentado demais e era numeroso demais para que um único exorcismo tivesse um efeito significativo. Você purificou alguns roedores, mas a fome primitiva e coletiva do enxame não foi afetada. A fé não pôde deter a maré de dentes.","Der Rattenschwarm war viel zu fragmentiert und zahlreich, als dass ein einzelner Exorzismus eine nennenswerte Wirkung hätte haben können. Du hast ein paar Nagetiere gereinigt, aber der ursprüngliche, kollektive Hunger des Schwarms blieb völlig unberührt. Der Glaube konnte die Flut der Zähne nicht aufhalten.","쥐 떼는 너무나 세분되어 있고 개체 수도 너무 많아서 한 번의 퇴마술로는 아무런 영향도 미칠 수 없었습니다. 몇 마리를 정화해 보았자 무리의 원초적인 굶주림은 조금도 흔들리지 않습니다. 신앙도 수많은 이빨의 분류를 막을 수는 없었습니다."
"MSG_C_EXORCISM_S_WIN","The slime's corrupted essence was purged by the pure high-frequency vibrations of your holy power. It shivered and then completely evaporated, leaving behind a faint smell of ozone and peace. The formless threat was finally deleted.","スライムが孕んでいた汚濁の本質は、神聖な力が放つ純粋な高周波の振動によって完全に浄化された。激しく震えた後、魔物はオゾンと安らぎの馨りを残して霧散する。形なき脅威は、ついにこの世から抹消されたのだ。","史莱姆腐化的本质被你神圣力量的纯高频振动所清除。它颤抖着，然后完全蒸发，留下了淡淡的臭氧味和平静。这种无定形的威胁终于被删除了。","Оскверненная сущность слизи была очищена чистыми высокочастотными вибрациями вашей святой силы. Она задрожала, а затем полностью испарилась, оставив после себя слабый запах озона и покой. Бесформенная угроза была наконец удалена.","La esencia corrompida del limo fue purgada por las puras vibraciones de alta frecuencia de tu poder sagrado. Tembló y luego se evaporó por completo, dejando atrás un tenue olor a ozono y paz. La amenaza sin forma finalmente fue eliminada.","A essência corrompida do slime foi purgada pelas puras vibrações de alta frequência do seu poder sagrado. Ele estremeceu e depois evaporou completamente, deixando para trás um cheiro fraco de ozônio e paz. A ameaça sem forma foi finalmente deletada.","Das korrumpierte Wesen des Schleims wurde durch die reinen hochfrequenten Schwingungen deiner heiligen Kraft gereinigt. Er zitterte und verdampfte dann vollständig, wobei ein schwacher Geruch nach Ozon und Frieden zurückblieb. Die gestaltlose Bedrohung wurde schließlich gelöscht.","슬라임이 머금고 있던 오염된 본질은 신성한 힘이 뿜어내는 순수한 고주파 진동에 의해 완전히 정화되었습니다. 격렬하게 떨린 후 마물은 오존과 평온의 향기를 남기고 안개처럼 사라집니다. 형태 없는 위협은 마침내 이 세상에서 말소되었습니다."
"MSG_C_EXORCISM_T_WIN","The troll's legendary physical strength surrendered before the absolute spiritual authority of your exorcism. It moaned in confusion as its vital spirit was separated from its massive, unmoving muscle. The giant was finally silenced by the word of god.","トロールの伝説的な怪力も、退魔術が司る絶対的な霊的権威の前にはなす術もなく膝を折った。魂が巨大で硬直した筋肉から引き剥がされ、魔物は困惑の呻きを漏らす。巨人は、神の御言葉によってついに沈黙したのである。","巨魔传奇般的体力在你驱魔术绝对的精神权威面前屈服了。随着它那至关重要的精神被从它庞大、静止的肌肉中分离出来，它困惑地呻吟着. 巨人终于被神的话语所沈默。","Легендарная физическая сила тролля отступила перед абсолютным духовным авторитетом вашего экзорцизма. Он застонал в замешательстве, когда его жизненный дух был отделен от его массивных, неподвижных мышц. Великан был наконец заставлен замолчать словом Божьим.","La legendaria fuerza física del troll se rindió ante la autoridad espiritual absoluta de tu exorcismo. Gimió en confusión mientras su espíritu vital era separado de su músculo masivo e inmóvil. El gigante finalmente fue silenciado por la palabra de Dios.","A força física lendária do troll rendeu-se diante da autoridade espiritual absoluta do seu exorcismo. Ele gemeu em confusão enquanto seu espírito vital era separado de seu músculo maciço e imóvel. O gigante foi finalmente silenciado pela palavra de Deus.","Die legendäre körperliche Kraft des Trolls kapitulierte vor der absoluten spirituellen Autorität deines Exorzismus. Er stöhnte verwirrt auf, als sein Lebensgeist von seinen massiven, unbeweglichen Muskeln getrennt wurde. Der Riese wurde schließlich durch das Wort Gottes zum Schweigen gebracht.","트롤의 전설적인 괴력도 퇴마술이 관장하는 절대적인 영적 권위 앞에는 속수무책으로 무릎을 꿇었습니다. 영혼이 거대하고 경직된 근육에서 분리되자 마물은 당혹스러운 신음소리를 냅니다. 거인은 하나님의 말씀에 의해 마침내 침묵했습니다."
"MSG_C_EXORCISM_U_WIN","The undead's existence was a direct violation of the natural order that your exorcism corrected instantly. They vanished in a chorus of grateful whispers as they were finally granted the peace of the grave. The dead were returned to their rest.","死者の存在という自然の理に反する歪みは、あなたの退魔術によって即座に正された。感謝に満ちたささやきを遺し、魔物たちはようやく墓所の平穏へと導かれる。彷徨える死者たちは、あるべき場所へと還っていったのだ。","亡灵的存在直接违反了自然秩序，你的驱魔术立即纠正了这一点。随着它们最终获得坟墓的安息，它们在充满感激的低语声中消失。亡灵回到了它们的安息之地。","Существование нежити было прямым нарушением природного порядка, которое ваш экзорцизм мгновенно исправил. Они исчезли в хоре благодарных шепотов, когда им наконец был дарован покой могилы. Мертвецы вернулись к своему упокоению.","La existencia de los no-muertos era una violación directa del orden natural que tu exorcismo corrigió al instante. Desaparecieron en un coro de susurros agradecidos mientras finalmente se les concedía la paz de la tumba. Los muertos fueron devueltos a su descanso.","A existência dos mortos-vivos era uma violação direta da ordem natural que seu exorcismo corrigiu instantaneamente. Eles desapareceram em um coro de sussurros gratos quando finalmente receberam a paz do túmulo. Os mortos foram devolvidos ao seu descanso.","Die Existenz der Untoten war eine direkte Verletzung der natürlichen Ordnung, die dein Exorzismus sofort korrigierte. Sie verschwanden in einem Chor aus dankbarem Flüstern, als ihnen schließlich der Frieden des Grabes gewährt wurde. Die Toten wurden zu ihrer Ruhe zurückgebracht.","죽은 자의 존재라는 자연의 이치에 어긋나는 왜곡은 당신의 퇴마술에 의해 즉각 바로잡혔습니다. 감사를 담은 속삭임을 남기고 마물들은 마침내 묘지의 평온함으로 인도됩니다. 방황하던 죽은 자들은 원래 있어야 할 곳으로 돌아갔습니다."
"MSG_C_EXORCISM_V_WIN","The vampire's noble and ancient pride couldn't shield him from the absolute holy authority of your command. He let out a final, regal shriek as his dark essence was burned by the light of the true sun. The master of the night was banished.","ヴァンパイアの誇り高く古の自尊心も、あなたが振るう神聖な権威の前には何の盾にもならなかった。真実の太陽が放つ光に闇の本質を焦き、魔物は最期の気高い絶叫を響かせる。夜の王は、ついにその玉座から追放された。","吸血鬼高贵而古老的傲慢无法护佑他免受你命令的绝对神圣权威. 当他那黑暗的本质被真太阳的光芒烧毁时，他发出了最后的、帝王般的尖叫. 黑夜之主被驱逐了。","Благородная и древняя гордость вампира не могла защитить его от абсолютной святой власти вашего приказа. Он издал последний царственный вопль, когда его темная сущность была сожжена светом истинного солнца. Повелитель ночи был изгнан.","El noble y antiguo orgullo del vampiro no pudo protegerlo de la absoluta autoridad sagrada de tu mando. Lanzó un último chillido real mientras su esencia oscura era quemada por la luz del sol verdadero. El maestro de la noche fue desterrado.","O orgulho nobre e antigo do vampiro não pôde protegê-lo da autoridade sagrada absoluta do seu comando. Ele soltou um último grito real enquanto sua essência sombria era queimada pela luz do sol verdadeiro. O mestre da noite foi banido.","Der edle und uralte Stolz des Vampirs konnte ihn nicht vor der absoluten heiligen Autorität deines Befehls schützen. Er stieß einen letzten, majestätischen Schrei aus, als sein dunkles Wesen durch das Licht der wahren Sonne verbrannt wurde. Der Herr der Nacht wurde verbannt.","뱀파이어의 고고하고 고구한 자존심도 당신이 휘두르는 신성한 권위 앞에서는 아무런 방패가 되지 못했습니다. 진실한 태양이 내뿜는 빛에 어둠의 본질이 타올라 마물은 마지막 고결한 절규를 내지릅니다. 밤의 왕은 마침내 그 왕좌에서 추방되었습니다."
"MSG_C_EXORCISM_W_WIN","The wolf leader's primal spirit was stilled by the calming, holy frequency of your high exorcism. The rest of the pack hesitated as they felt their guiding force vanish into the pure, golden light. The forest was cleared of its predators today.","退魔の調べが放つ清らかな高周波が、ウルフのリーダーの野性的な魂を優しく鎮めた。導き手を失った群れは黄金の光の中で戸惑い、その場に立ち尽くす。森は今日、光の手によって捕食者の脅威から解放されたのである。","狼群首领的原始精神被你高级驱魔平稳神圣的频率所静止。随着它们感到自己的引导力消失在纯净的金光中，狼群的其他成员犹豫了。今天森林清除了它的掠食者。","Первобытный дух вожака волков был усмирен успокаивающей святой частотой вашего высшего экзорцизма. Остальная стая заколебалась, почувствовав, как их направляющая сила исчезает в чистом золотом свете. Лес был очищен от хищников сегодня.","El espíritu primigenio del líder de los lobos fue calmado por la frecuencia santa y tranquilizadora de tu alto exorcismo. El resto de la manada vaciló al sentir que su fuerza guía desaparecía en la luz pura y dorada. El bosque fue limpiado de sus depredadores hoy.","O espírito primitivo do líder dos lobos foi acalmado pela frequência sagrada e calmante do seu alto exorcismo. O resto da alcatéia hesitou ao sentir sua força guia desaparecer na luz pura e dourada. A floresta foi limpa de seus predadores hoje.","Der ursprüngliche Geist des Wolfsanführers wurde durch die beruhigende, heilige Frequenz deines hohen Exorzismus besänftigt. Der Rest des Rudels zögerte, als er spürte, wie seine Führungskraft im reinen, goldenen Licht verschwand. Der Wald wurde heute von seinen Raubtieren befreit.","퇴마의 선율이 내뿜는 청아한 고주파가 울프 리더의 야생적인 영혼을 부드럽게 진정시켰습니다. 인도자를 잃은 무리는 황금빛 속에서 당황하며 그 자리에 멈춰 섭니다. 숲은 오늘 빛의 손에 의해 포식자의 위협에서 해방되었습니다."
"MSG_C_EXORCISM_X_LOSS","Xalthis's many legs was inhabited by ancient, alien memories that your human prayers couldn't even touch. It scuttled over your holy artifacts with indifference, its cold eyes reflecting only the void. The horror was from a reality without gods.","ザルティスの無数の脚には古の異星の記憶が宿っており、人間製の祈りではその深淵に届くことさえ叶わなかった。神聖な祭具を無関心に踏み越え、冷たい瞳はただ虚空を映し出す。その恐怖は、神など存在せぬ現実から飛来したのだ。","扎尔提斯众多的腿被古老的外星记忆所占据，你的人类祈祷甚至无法触及。它漠不关心地爬过你的神圣器物，它冰冷的眼睛只反映出虚空. 该恐怖来自一个无神统治的现实。","Множество ног Ксалтиса были населены древними инопланетными воспоминаниями, которых ваши человеческие молитвы даже не могли коснуться. Он безразлично пробежал по вашим святым артефактам, его холодные глаза отражали только пустоту. Этот ужас пришел из реальности без богов.","Las muchas patas de Xalthis estaban habitadas por recuerdos antiguos y alienígenas que tus oraciones humanas ni siquiera podían tocar. Se escabulló sobre tus artefactos sagrados con indiferencia, sus ojos fríos reflejando solo el vacío. El horror provenía de una realidad sin dioses.","As muitas pernas de Xalthis eram habitadas por memórias antigas e alienígenas que suas orações humanas nem sequer podiam tocar. Ele passou sobre seus artefatos sagrados com indiferença, seus olhos frios refletindo apenas o vazio. O horror era de uma realidade sem deuses.","Die vielen Beine von Xalthis waren von uralten, fremdartigen Erinnerungen bewohnt, die deine menschlichen Gebete nicht einmal berühren konnten. Es huschte gleichgültig über deine heiligen Artefakte, seine kalten Augen spiegelten nur die Leere wider. Der Horror stammte aus einer Realität ohne Götter.","잘티스의 무수한 다리에는 고대 외계의 기억이 깃들어 있어 인간의 기도만으로는 그 심연에 닿을 수조차 없었습니다. 신성한 제구를 무관심하게 밟고 넘어가며 차가운 눈동자는 그저 허공을 비춥니다. 그 공포는 신조차 존재하지 않는 현실에서 날아온 것이었습니다."
"MSG_C_EXORCISM_Y_LOSS","The yeti's primitive mountain worship was too deep and raw for your refined exorcism to penetrate. He ignored your holy icons and advanced through the blizzard, his raw strength unbowed by spiritual law. The mountain king kept his own soul.","イエティが抱く原始的な山岳信仰は、洗練されたあなたの退魔術が入り込むにはあまりに深く、野性的だった。聖像を無視して吹雪の中を突き進み、その怪力は霊的な法に屈することはない。嶺の王は、自らの魂を守り抜いたのだ。","雪人原始的山岳崇拜太深太生涩，你精做的驱魔术无法渗透。他无视你的神圣图标，在暴风雪中行进，其原始力量在精神律法面前不曾屈服. 雪山之王保住了自己的灵魂。","Первобытное горное поклонение йети было слишком глубоким и грубым, чтобы ваш утонченный экзорцизм мог в него проникнуть. Он игнорировал ваши святые иконы и продвигался сквозь метель, его грубая сила не склонилась перед духовным законом. Горный король сохранил свою душу.","La adoración primitiva de las montañas del yeti era demasiado profunda y cruda para que tu refinado exorcismo penetrara. Ignoró tus íconos sagrados y avanzó a través de la ventisca, su fuerza bruta sin doblegarse ante la ley espiritual. El rey de la montaña conservó su propia alma.","A adoração primitiva das montanhas do yeti era profunda e bruta demais para o seu exorcismo refinado penetrar. Ele ignorou seus ícones sagrados e avançou através da nevasca, sua força bruta sem se curvar à lei espiritual. O rei da montanha manteve sua própria alma.","Die primitive Berganbetung des Yeti war zu tief und rau, als dass dein verfeinerter Exorzismus hätte eindringen können. Er ignorierte deine heiligen Ikonen und rückte durch den Schneesturm vor, seine rohe Kraft ungebeugt vom spirituellen Gesetz. Der Bergkönig behielt seine eigene Seele.","예티가 품은 원시적인 산악 신앙은 세련된 당신의 퇴마술이 침투하기에는 너무나 깊고 야성적이었습니다. 성상을 무시하고 눈보라 속을 뚫고 나아가며 그 괴력은 영적인 법에 굴복하지 않습니다. 산의 왕은 자신의 영혼을 지켜냈습니다."
"MSG_C_EXORCISM_Z_LOSS","The zombie had no spirit left to exorcise, leaving your powerful ritual with nothing to target but empty air. It moaned in basic hunger and continued its decaying charge, its dead nature immune to the light. You cannot banish what is already gone.","ゾンビにはもはや追放すべき魂が残っておらず、あなたの強力な儀式は虚空を打つだけに終わった。本能的な飢えに突き動かされ、腐敗した突進を続ける魔物にとって、光の干渉など無に等しい。既に失われた者を、退けることは叶わないのだ。","僵尸已经没有灵魂可以驱除了，让你强大的仪式除了空气外什么也瞄准不了。它在最基本的饥饿中呻吟，继续其腐烂的冲刺，它死亡的天性对圣光免疫. 你无法驱逐已经消失的东西。","У зомби не осталось духа для изгнания, и ваш мощный ритуал остался ни с чем, кроме пустого воздуха. Он стонал от простого голода и продолжал свой разлагающийся натиск, его мертвая природа была невосприимчива к свету. Вы не можете изгнать то, чего уже нет.","Al zombi no le quedaba espíritu para exorcizar, dejando tu poderoso ritual sin nada a qué apuntar más que al aire vacío. Gimió por hambre básica y continuó su carga decadente, su naturaleza muerta inmune a la luz. No puedes desterrar lo que ya se ha ido.","O zumbi não tinha mais espírito para exorcizar, deixando seu poderoso ritual sem nada para atingir além do ar vazio. Ele gemeu de fome básica e continuou sua investida decadente, sua natureza morta imune à luz. Você não pode banir o que já se foi.","Der Zombie hatte keinen Geist mehr, den man hätte exorzieren können, sodass dein mächtiges Ritual nichts als leere Luft zum Ziel hatte. Er stöhnte vor Hunger und setzte seinen verwesenden Angriff fort, seine tote Natur immun gegen das Licht. Du kannst nicht verbannen, was bereits fort ist.","좀비에게는 더 이상 추방할 영혼이 남아있지 않았고 당신의 강력한 의식은 허공을 가를 뿐이었습니다. 본능적인 굶주림에 이끌려 부패한 돌진을 계속하는 마물에게 빛의 간섭 따위는 무의미합니다. 이미 잃어버린 자를 물리칠 수는 없는 법입니다."
"MSG_C_ERASER_A_WIN","The ant was systematically removed from the page of existence, as if a cosmic mistake was being corrected. It struggled against the unmaking force, but was eventually rubbed into a clean void. The tiny pioneer was deleted.","宇宙の記述のミスが修正されるかのように、アリは存在というページから組織的に取り除かれた。消滅の力に抗うが、やがてそれは清らかな虚無へと擦り消される。小さな先駆者は、消去されたのである。","蚂蚁被系统地从存在的页面中移除，仿佛正在纠正一个宇宙性的错误。它在毁灭性的力量面前挣扎，但最终由于摩擦而被推向一片洁净的虚空。这个微小的先驱者被删除了。","Муравей был систематически удален со страницы бытия, словно исправлялась космическая ошибка. Он боролся против силы разрушения, но в конечном итоге был стерт в чистую пустоту. Крошечный первопроходец был удален.","La hormiga fue eliminada sistemáticamente de la página de la existencia, como si se estuviera corrigiendo un error cósmico. Luchó contra la fuerza de la des-creación, pero finalmente fue borrada en un vacío limpio. La diminuta pionera fue eliminada.","A formiga foi sistematicamente removida da página da existência, como se um erro cósmico estivesse sendo corrigido. Ela lutou contra a força da des-criação, mas acabou sendo apagada em um vazio limpo. A pequena pioneira foi deletada.","Die Ameise wurde systematisch von der Seite der Existenz entfernt, als ob ein kosmischer Fehler korrigiert würde. Sie kämpfte gegen die Kraft der Vernichtung, wurde aber schließlich in eine saubere Leere gerieben. Der winzige Pionier wurde gelöscht.","우주의 기술 오류가 수정되듯 개미는 존재라는 페이지에서 조직적으로 제거되었습니다. 소멸의 힘에 저항해 보았지만 결국 청아한 허무 속으로 지워졌습니다. 작은 선구자는 소거되었습니다."
"MSG_C_ERASER_B_WIN","The bat's silhouette was erased from the shadows, leaving no trace of its nocturnal flight. It shrieked in confusion as its very form became a smudge on the stone before disappearing. The night flyer met a blank end.","夜の飛行の痕跡さえ残さず、コウモリのシルエットは闇の中から消し去られた。自らの肉体が石壁の上で一筋の汚れとなり、そして完全に消滅するのを悟り、魔物は絶叫する。夜の飛行者は、まさらな最期を迎えたのである。","蝙蝠的剪影从阴影中被抹去，没有留下任何夜间飞行的痕迹。当它的形态在消失前变成石头上的一抹污迹时，它困惑地尖叫. 深夜飞行者迎来了一个空白的终結。","Силуэт летучей мыши был стерт из теней, не оставив и следа ее ночного полета. Она закричала в замешательстве, когда ее форма превратилась в пятно на камне, прежде чем исчезнуть. Ночной летун встретил чистый конец.","La silueta del murciélago fue borrada de las sombras, sin dejar rastro de su vuelo nocturno. Chilló de confusión mientras su propia forma se convertía en una mancha en la piedra antes de desaparecer. El volador nocturno tuvo un final en blanco.","A silhueta do morcego foi apagada das sombras, não deixando vestígios do seu voo noturno. Ele gritou em confusão quando sua própria forma tornou-se um borrão na pedra antes de desaparecer. O voador noturno encontrou um fim em branco.","Die Silhouette der Fledermaus wurde aus den Schatten gelöscht, ohne eine Spur ihres nächtlichen Fluges zu hinterlassen. Sie schrie verwirrt auf, als ihre Gestalt zu einem Fleck auf dem Stein wurde, bevor sie verschwand. Der Nachtflieger fand ein leeres Ende.","밤의 비행 흔적조차 남기지 않고 박쥐의 실루엣은 어둠 속에서 지워졌습니다. 자신의 육체가 석벽 위의 얼룩이 되었다가 완전히 소멸하는 것을 깨닫고 마물은 절규합니다. 밤의 비행자는 백지 같은 최후를 맞이했습니다."
"MSG_C_ERASER_C_WIN","The cobra found its predatory strike rubbed away by an invisible, relentless force. It hissed in surprise as its own tail was the first to vanish into a clean white nothingness. The serpent was defeated by the eraser.","不可解で容赦のない力によって、コブラの捕食の一撃は擦り消された。自らの尻尾が真っ白な虚無へと最初に消えていくのを目の当たりにし、魔物は驚きの声を上げる。蛇は、消しゴムの力の前に敗北したのである。","由于受阻于一股无形的、无情的力量，眼镜蛇发现自己的掠食攻击被. 摩擦掉. 当它的尾巴最先消失在洁白的虚无中时，它惊讶地发出了嘶嘶声. 蛇被消刻器击败了。","Кобра обнаружила, что ее хищный выпад стерт невидимой, неумолимой силой. Она удивленно зашипела, когда ее собственный хвост первым исчез в чистой белой пустоте. Змея была побеждена ластиком.","La cobra descubrió que su ataque depredador fue borrado por una fuerza invisible e implacable. Siseó de sorpresa cuando su propia cola fue la primera en desaparecer en una nada blanca y limpia. La serpiente fue derrotada por el borrador.","A cobra descobriu que seu ataque predatório foi apagado por uma força invisível e implacável. Ela sibilou de surpresa quando sua própria cauda foi a primeira a desaparecer em um nada branco e limpo. A serpente foi derrotada pelo apagador.","Die Kobra musste feststellen, dass ihr Raubtierangriff von einer unsichtbaren, unerbittlichen Kraft weggewischt wurde. Sie zischte überrascht, als ihr eigener Schwanz als Erster in einem sauberen weißen Nichts verschwand. Die Schlange wurde vom Radiergummi besiegt.","불가해하고 가차 없는 힘에 의해 코브라의 포식 일격은 지워졌습니다. 자신의 꼬리가 새하얀 허무 속으로 가장 먼저 사라지는 것을 목격하고 마물은 경악합니다. 뱀은 지우개의 힘 앞에 패배했습니다."
"MSG_C_ERASER_D_LOSS","The dragon's ancient fire roared through the eraser's void, its legendary power refusing to be corrected. The flame only grew brighter as it consumed the unmaking air, leaving you exposed.","ドラゴンの古の炎が消しゴムの虚無を貫き、伝説的な力は「修正」を拒絶した。消滅の空気を食らうことで炎はさらに勢いを増し、あなたは剥き出しの脅威の前にさらされた。","巨龙的古老火焰贯穿了消刻器的虚无，传说的力量拒绝了“修正”。通过吞噬毁火空气，火焰势头更猛，你暴露在了赤裸裸的威胁面前。","Древний огонь дракона ревел сквозь пустоту ластика, его легендарная мощь отказывалась быть исправленной. Пламя только разгоралось ярче, поглощая разрушительный воздух, оставляя вас беззащитным.","El fuego ancestral del dragón rugió a través del vacío del borrador, su poder legendario negándose a ser corregido. La llama solo creció más brillante mientras consumía el aire de la des-creación, dejándote expuesto.","O fogo ancestral do dragão rugiu através do vazio do apagador, seu poder lendário recusando-se a ser corrigido. A chama apenas tornou-se mais brilhante enquanto consumia o ar da des-criação, deixando você exposto.","Das uralte Feuer des Drachen brüllte durch die Leere des Radiergummis, seine legendäre Kraft weigerte sich, korrigiert zu werden. Die Flamme wurde nur noch heller, als sie die vernichtende Luft verzehrte und dich schutzlos zurückließ.","드래곤의 고대 화염이 지우개의 허무를 꿰뚫었고, 전설적인 힘은 '수정'을 거부했습니다. 소멸의 공기를 집어삼킴으로써 불꽃은 더욱 기세를 올렸고 당신은 적나라한 위협 앞에 노출되었습니다."
"MSG_C_ERASER_E_LOSS","The ancient Ent's deep, widespread roots were far too real and vast for a mere eraser to smudge into nothingness. It merely stood still as the unmaking force snapped against its prehistoric bark, its massive branches continuing to reach for the real sun and rain far above. Life's messy growth was unyielding to the void.","エントの深く広大な根はあまりに現実的で巨大であり、単なる消しゴムが虚無へと擦り消せるような存在ではなかった。先史時代の樹皮に当てられた消滅の力が音を立てて砕け散る中、魔物は泰然と立ち、その巨大な枝は遥か上方にある本物の太陽と雨を求め続ける。生命の泥臭い成長は、虚無の抱擁を拒絶したのである。","古树精深厚、分布广泛的根系太真实、太庞大了. 区区消刻器无法将其抹成虚无. 由于毁火之力在它史前的树皮上折断，它只是静静地站着，它巨大的树枝继续伸向远方真正的阳光和雨水. 生命凌乱的生长对虚无不屈不挠。","Глубокие, раскидистые корни древнего Энта были слишком реальными и огромными, чтобы простой ластик мог стереть их в небытие. Он просто стоял неподвижно, пока сила разрушения разбивалась о его доисторическую кору, а его массивные ветви продолжали тянуться к настоящему солнцу и дождю высоко вверху. Беспорядочный рост жизни был непоколебим перед пустотой.","Las raíces profundas y extendidas del antiguo Ent eran demasiado reales y vastas para que un simple borrador las borrara a la nada. Simplemente permaneció inmóvel mientras la fuerza de la des-creación se quebraba contra su corteza prehistórica, sus enormes ramas continuando su alcance hacia el sol y la lluvia reales muy por encima. El crecimiento desordenado de la vida era inquebrantable ante el vacío.","As raízes profundas e espalhadas do antigo Ent eram reais e vastas demais para um simples apagador transformá-las em nada. Ele apenas permaneceu imóvel enquanto a força da des-criação se quebrava contra sua casca pré-histórica, seus galhos maciços continuando a buscar o sol e a chuva reais lá no alto. O crescimento bagunçado da vida era irredutível ao vazio.","Die tiefen, weitverzweigten Wurzeln des alten Ents waren viel zu real und gewaltig, als dass ein bloßer Radiergummi sie ins Nichts hätte wischen können. Er stand einfach still, während die vernichtende Kraft an seiner prähistorischen Rinde zerbrach, seine massiven Äste streckten sich weiterhin nach der echten Sonne und dem Regen weit oben aus. Das unordentliche Wachstum des Lebens war unnachgiebig gegenüber der Leere.","엔트의 깊고 광대한 뿌리는 너무나 현실적이고 거대하여 한낱 지우개가 허무로 지워버릴 수 있는 존재가 아니었습니다. 선사 시대의 수피에 닿은 소멸의 힘이 소리를 내며 부서지는 가운데 마물은 태연히 서 있었고 그 거대한 가지는 훨씬 높은 곳에 있는 진짜 태양과 비를 계속 갈구했습니다. 생명의 끈질긴 성장은 허무의 포옹을 거부했습니다."
"MSG_C_ERASER_F_WIN","The fly hit a wall of pure deletion that acting like a million tiny combs. Its fast reflexes were no match for a threat that attacked with the speed of light and power. The tiny pest was deleted by the eraser.","ハエは、百万もの微細な「消去」のように機能する純粋な無の壁に衝突した。光速の速度と力を併せ持つ脅威に対し、自慢の反射神経は何の意味も持たない。小さな害虫は、消しゴムの力の前に消去されたのである。","苍蝇撞上一道表现得像成千上万把微型梳子一样的纯净抹除墙. 对于以光速和力量发起攻击的威胁，它敏捷的反射神经毫无用处. 这位微小的害虫被消刻器抹除了。","Муха ударилась о стену чистого удаления, действующую как миллион крошечных расчесок. Ее быстрые рефлексы не шли ни в какое сравнение с угрозой, атакующей со скоростью света и мощью. Крошечный вредитель был удален ластиком.","La mosca golpeó una pared de pura eliminación que actuaba como un millón de peines diminutos. Sus rápidos reflejos no fueron rival para una amenaza que atacaba con la velocidad de la luz y el poder. La diminuta plaga fue eliminada por el borrador.","A mosca atingiu uma parede de pura deleção que agia como um milhão de minúsculos pentes. Seus reflexos rápidos não foram páreo para uma ameaça que atacava com a velocidade da luz e poder. A minúscula praga foi deletada pelo apagador.","Die Fliege prallte gegen eine Wand reiner Löschung, die wie Millionen winziger Kämme wirkte. Ihre schnellen Reflexe waren kein Gegner für eine Bedrohung, die mit Lichtgeschwindigkeit und Kraft angriff. Der winzige Schädling wurde vom Radiergummi gelöscht.","파리는 수백만 개의 미세한 '소거'처럼 작동하는 순수한 무의 벽에 충돌했습니다. 광속의 속도와 힘을 겸비한 위협 앞에서 자랑하던 반사 신경은 아무런 의미가 없었습니다. 작은 해충은 지우개의 힘 앞에 소거되었습니다."
"MSG_C_ERASER_G_WIN","The goblin reached for the shiny eraser, its greed leading to a heart-stopping shock of true deletion. It shrieked as its nervous system was overloaded, eventually falling into a heap of smoking, charred rags. The thief met a clean karma. ","輝く消しゴムに手を伸ばしたゴブリンの強欲さは、消去による心停止の一撃という報いを受けた。過負荷な神経系に絶叫を上げ、やがて燻る炭となったボロ切れの山として崩れ落ちる。泥棒は、清浄な因果応報を受けたのである。","哥布林伸手去抓闪亮的消刻器，它的贪婪导致了一场令其心跳停跳的真实抹除大冲击. 随着神经系统过载，它发出了尖叫，最终瘫倒成了一堆冒烟焦黑的破布. 这名窃贼遭遇了洁净的业报。","Гоблин потянулся к блестящему ластику, и его жадность привела к шоку истинного удаления, от которого остановилось сердце. Он закричал, когда его нервная система была перегружена, и в конце концов превратился в кучу дымящихся, обугленных лохмотьев. Вор встретил чистую карму.","El goblin buscó el borrador brillante, su codicia lo llevó a un choque de eliminación verdadera que le detuvo el corazón. Chilló cuando su sistema nervioso se sobrecargó, cayendo finalmente en un montón de trapos humeantes y carbonizados. El ladrón encontró un karma limpio.","O goblin tentou pegar o apagador brilhante, sua ganância levando a um choque de deleção verdadeira que parou seu coração. Ele gritou quando seu sistema nervoso foi sobrecarregado, eventualmente caindo em um monte de trapos fumegantes e carbonizados. O ladrão encontrou um carma limpo.","Der Goblin griff nach dem glänzenden Radiergummi, seine Gier führte zu einem herzzerreißenden Schock wahrer Löschung. Er schrie auf, als sein Nervensystem überlastet wurde, und fiel schließlich als Haufen rauchender, verkohlter Lumpen zusammen. Der Dieb traf auf ein sauberes Karma.","빛나는 지우개에 손을 뻗은 고블린의 탐욕은 소거에 의한 심정지 일격이라는 응보를 받았습니다. 과부하 된 신경계에 절규를 내지르다 이윽고 연기 나는 숯검댕이 걸레짝 더미가 되어 쓰러집니다. 도둑은 청정한 인과응보를 받았습니다."
"MSG_C_ERASER_H_LOSS","The harpy used the unmaking air to gain terrifying new speed, circling the player with predatory grace as her own trail was erased from the dungeon floor. She shrieked in triumph as she dove from the rafters, her wings perfectly aligned with the clinical precision of the void. The sky queen owned the silence.","ハーピーは消滅の空気を味方につけて恐るべき速度を手に入れ、捕食者の優雅さでプレイヤーを包囲した。自らの通った痕跡さえもダンジョンの床から消し去りながら、屋根裏から急降下し、その翼を虚無の冷徹な精度に完璧に同調させて、勝利の金切り声を上げる。空の女王は、静寂の主となったのである。","哈皮利用毁火空气获得了可怕的新速度，并由于她的踪迹从地牢地板上被抹去，她以掠食者的优雅包围了玩家. 当她从横梁上俯冲而下时，她发出了胜利的尖叫. 她的双翼与虚无临床般的精确度完美配合. 天空女王占领了沈默。","Гарпия использовала разрушительный воздух, чтобы обрести новую пугающую скорость, кружа вокруг игрока с хищной грацией, пока ее собственный след стирался с пола подземелья. Она торжествующе закричала, пикируя со стропил, ее крылья идеально соответствовали клинической точности пустоты. Королева неба овладела тишиной.","La arpía usó el aire de la des-creación para ganar una nueva velocidad aterradora, rodeando al jugador con gracia depredadora mientras su propio rastro era borrado del suelo de la mazmorra. Chilló triunfante mientras se lanzaba desde las vigas, sus alas perfectamente alineadas con la precisión clínica del vacío. La reina del cielo se adueñó del silencio.","A harpia usou o ar da des-criação para ganhar uma nova velocidade aterradora, circulando o jogador com graça predatória enquanto seu próprio rastro era apagado do chão da masmorra. Ela gritou em triunfo ao mergulhar das vigas, suas asas perfeitamente alinhadas com a precisão clínica do vazio. A rainha do céu dominou o silêncio.","Die Harpie nutzte die vernichtende Luft, um eine erschreckende neue Geschwindigkeit zu erlangen, und umkreiste den Spieler mit raubtierhafter Anmut, während ihre eigene Spur vom Kerkerboden gelöscht wurde. Sie schrie triumphierend auf, als sie von den Balken herabstürzte, ihre Flügel perfekt auf die klinische Präzision der Leere ausgerichtet. Die Himmelskönigin besaß die Stille.","하피는 소멸의 공기를 자기 편으로 끌어들여 가공할 속도를 얻었고 포식자의 우아함으로 플레이어를 포위했습니다. 자신이 지나온 흔적조차 던전 바닥에서 지워버리며 천장에서 급강하했고, 그 날개를 허무의 냉철한 정밀도에 완벽하게 동조시키며 승리의 비명을 지릅니다. 하늘의 여왕은 정적의 주인이 되었습니다."
"MSG_C_ERASER_I_LOSS","The imp cackled as the unmaking force tried to erase its magical contracts, turning the eraser into a chaotic mess of ink and shadow. It redirected the void back at the player, laughing as the clinical precision failed and left them covered in harmless but annoying charcoal. The trickster mastered the subtraction.","インプは自らの魔契約を消し去ろうとした消滅の力を、インクと影が絡まり合う混沌とした残骸へと変えて嘲笑った。プレイヤーに虚無のエネルギーを跳ね返し、冷徹な精度が失敗して相手が厄介な炭粉まみれになるのを愉快そうに眺める。悪戯っ子は、「減算」の主となったのである。","当毁火之力试图抹除它的魔法契约时，小恶魔咯咯地笑了起来，将消刻器变成了一团由墨水和阴影组成的混乱烂摊子. 它将虚无重新导向玩家，对临床精确度的失败大声嘲笑，让玩家全身覆盖着无害但恼人的木炭. 骗子掌控了这种消减。","Бес хихикал, когда сила разрушения попыталась стереть его магические контракты, превращая ластик в хаотичную мешанину из чернил и теней. Он направил пустоту обратно на игрока, смеясь над тем, как клиническая точность подвела и оставила их покрытыми безвредным, но раздражающим древесным углем. Трюкач освоил вычитание.","El imp se rio a carcajadas mientras la fuerza de la des-creación intentaba borrar sus contratos mágicos, convirtiendo al borrador en un desastre caótico de tinta y sombra. Redirigió el vacío hacia el jugador, riendo mientras la precisión clínica fallaba y los dejaba cubiertos de carbón inofensivo pero molesto. El bromista dominó la resta.","O imp deu gargalhadas enquanto a força da des-criação tentava apagar seus contratos mágicos, transformando o apagador em uma confusão caótica de tinta e sombra. Ele redirecionou o vazio de volta para o jogador, rindo enquanto a precisão clínica falhava e os deixava cobertos de carvão inofensivo, mas irritante. O trapaceiro dominou a subtração.","Der Imp kicherte, als die vernichtende Kraft versuchte, seine magischen Verträge zu löschen, und verwandelte den Radiergummi in ein chaotisches Durcheinander aus Tinte und Schatten. Er lenkte die Leere auf den Spieler zurück und lachte, als die klinische Präzision versagte und ihn mit harmloser, aber lästiger Holzkohle bedeckt zurückließ. Der Trickser meisterte die Subtraktion.","임프는 자신의 마법 계약을 지우려던 소멸의 힘을 잉크와 그림자가 엉킨 혼돈의 잔해로 바꾸며 비웃었습니다. 플레이어에게 허무의 에너지를 되받아쳤고, 냉철한 정밀도가 실패하여 상대가 번거로운 숯가루 투성이가 되는 것을 유쾌하게 지켜봅니다. 장난꾸러기는 '뺄셈'의 주인이 되었습니다."
"MSG_C_ERASER_J_LOSS","The jelly's liquid mass perfectly absorbed the unmaking pulse, the vibrations merely causing a few harmless ripples in its translucent body. It ignored the correction entirely, absorbing the device and its void into its growing, mindless mass until the glow was gone. The slime won the permanence.","ジェリーの流動体は消滅のパルスを完璧に吸収し、その振動は半透明な表面にわずかな波紋を立てるに過ぎなかった。魔物は修正を完全に無視し、デバイスもろとも虚無を自らの無機質な質量の中に吸収し、やがて輝きは消失する。泥濘は、恒久の戦いに勝利した。","果冻怪的液体质量完美地吸引了毁火脉冲，震动仅仅在它半透明的身体上引起了几道无害的涟漪. 它完全忽视了修正. 将装置及其虚无吸入其增长、无脑的质量中. 直到光亮消失. 软泥赢得了这场永久性战争。","Жидкая масса желе идеально поглотила разрушительный импульс, вибрации вызвали лишь несколько безвредных рябей в его полупрозрачном теле. Оно полностью проигнорировало исправление, поглотив устройство и его пустоту в свою растущую, бездумную массу, пока свечение не исчезло. Слизь выиграла постоянство.","La masa líquida de la gelatina absorbió perfectamente el pulso de la des-creación, las vibraciones simplemente causaron unas pocas ondas inofensivas en su cuerpo translúcido. Ignoró la corrección por completo, absorbiendo el dispositivo y su vacío en su masa creciente y sin sentido hasta que el brillo desapareció. El limo ganó la permanencia.","A massa líquida da geleia absorveu perfeitamente o pulso da des-criação, as vibrações apenas causando algumas ondulações inofensivas em seu corpo translúcido. Ela ignorou a correção inteiramente, absorvendo o dispositivo e seu vazio em sua massa crescente e irracional até que o brilho desaparecesse. O slime venceu a permanência.","Die flüssige Masse des Gelees absorbierte den vernichtenden Impuls perfekt, die Vibrationen verursachten lediglich ein paar harmlose Wellen in seinem durchscheinenden Körper. Es ignorierte die Korrektur völlig und absorbierte das Gerät und seine Leere in seine wachsende, geistlose Masse, bis das Leuchten verschwand. Der Schleim gewann die Beständigkeit.","젤리의 유동체는 소멸의 펄스를 완벽하게 흡수했고 그 진동은 반투명한 표면에 약간의 파문을 일으킬 뿐이었습니다. 마물은 수정을 완전히 무시했고 디바이스와 함께 허무를 자신의 무기질적인 질량 속으로 흡수하여 이윽고 빛은 사라졌습니다. 진흙탕은 영속의 싸움에서 승리했습니다."
"MSG_C_ERASER_K_WIN","The kobold warrior found its crude weapon clinking against a needle of light that blocked every strike. It barked in terror as its fighting spirit was reflected as a mockery of the tribal hero it claimed to be. The tribal hero meeting a directed end.","コボルドの戦士が放つあらゆる攻撃は、全てを拒む光の針に阻まれた。自らが誇っていた闘争本能が、部族の英雄という虚像を嘲笑う鏡像として映し出され、魔物は恐怖の声を上げる。部族の英雄は、方向の最期を迎えたのである。","狗头人战士发现它那根粗糙的武器正在击打一束挡住了每一次攻击的光点，发出了丁当声. 由于它的斗志被反射成对他号称是部落英雄的一种嘲弄，它惊恐地吠叫. 部族英雄迎来了一个导向性的终結。","Воин-кобольд обнаружил, что его грубое оружие лязгает об иглу света, которая блокирует каждый удар. Он залаял в ужасе, когда его боевой дух отразился как насмешка над племенным героем, за которого он себя выдавал. Племенной герой встретил предопределенный конец.","El guerrero kobold encontró que su arma tosca chocaba contra una aguja de luz que bloqueaba cada golpe. Ladró de terror cuando su espíritu de lucha se reflejó como una burla del héroe tribal que decía ser. El héroe tribal encontró un final dirigido.","O guerreiro kobold descobriu que sua arma rude batia contra uma agulha de luz que bloqueava cada golpe. Ele latiu de terror quando seu espírito de luta foi refletido como uma zombaria do herói tribal que ele afirmava ser. O herói tribal encontrando um fim direcionado.","Der Koboldkrieger stellte fest, dass seine primitive Waffe gegen eine Lichtnadel klirrte, die jeden Schlag blockierte. Er bellte vor Entsetzen, als sein Kampfgeist als Spott auf den Stammeshelden reflektiert wurde, der er zu sein vorgab. Der Stammesheld traf auf ein vorbestimmtes Ende.","코볼트 전사가 내지르는 모든 공격은 모든 것을 거부하는 빛의 바늘에 가로막혔습니다. 스스로 자랑하던 투쟁 본능이 부족의 영웅이라는 허상을 비웃는 거울상으로 투영되자 마물은 공포의 목소리를 높입니다. 부족의 영웅은 정해진 최후를 맞이했습니다."
"MSG_C_ERASER_L_LOSS","The lizard's environment shifted, but its primal instincts remained anchored to reality. It ignored the unmaking air and struck from the shadows, its heart beating with a cold, uncorrected fury.","リザードの周囲の環境は変容したが、その野生の生存本能は現実を捉え続けていた。怪物は消滅の空気を無視して影の中から襲いかかり、冷徹な殺意は「修正」されることなくあなたを貫いた。","蜥蜴周围的环境虽发生了变异，但其野生的生存本能依然捕捉着现实. 怪物无视毁火空气从阴影中袭来，冷彻的杀意未经“修正”便贯穿了你。","Окружение ящерицы изменилось, но ее первобытные инстинкты остались привязанными к реальности. Она проигнорировала разрушительный воздух и нанесла удар из теней, ее сердце билось с холодной, неисправленной яростью.","El entorno del lagarto cambió, pero sus instintos primordiales permanecieron anclados a la realidad. Ignoró el aire de la des-creación y atacó desde las sombras, su corazón latiendo con una furia fría y no corregida.","O ambiente do lagarto mudou, mas seus instintos primordiais permaneceram ancorados na realidade. Ele ignorou o ar da des-criação e atacou das sombras, seu coração batendo com uma fúria fria e não corrigida.","Die Umgebung der Echse veränderte sich, aber ihre ursprünglichen Instinkte blieben in der Realität verankert. Sie ignorierte die vernichtende Luft und schlug aus den Schatten zu, ihr Herz schlug mit einer kalten, unkorrigierten Wut.","리저드의 주변 환경은 변용되었지만 야생의 생존 본능은 현실을 계속 포착하고 있었습니다. 마물은 소멸의 공기를 무시하고 그림자 속에서 습격해 왔고, 냉철한 살의는 '수정'되지 않은 채 당신을 꿰뚫었습니다."
"MSG_C_ERASER_M_LOSS","The mummy's ancient, dry bandages were built from history itself, perfectly shielding the necrotic spirit from the unmaking pulse. It walked through the field with slow, deliberate steps, its dried hands reaching for the device to crush its modern grace into dust. The past was beyond the reach of the eraser.","マミーの古く乾燥した包帯は歴史そのもので形作られており、壊死した魂を消滅のパルスから完璧に守り抜いた。魔物はゆっくりと虚無のフィールドの中を歩み寄り、乾燥した手でデバイスを掴んで、その近代的な優雅さを塵へと粉砕する. 過去は、消しゴムが届く領域にはなかったのだ。","木乃伊古老干燥的绷带是由历史本身构建的，完美地保护坏死灵魂免受毁火脉冲的伤害. 它以缓慢、审慎的 步法穿过这个场，它那干枯的手伸向装置，将其现代的优雅粉碎成尘. 过去是消刻器无法企及的。","Древние сухие бинты мумии были созданы из самой истории, идеально защищая некротический дух от разрушительного импульса. Она шла через поле медленными, обдуманными шагами, ее иссохшие руки тянулись к устройству, чтобы превратить его современную грацию в пыль. Прошлое было недосягаемо для ластика.","Las antiguas y secas vendas de la momia estaban construidas a partir de la historia misma, protegiendo perfectamente al espíritu necrótico del pulso de la des-creación. Caminó a través del campo con pasos lentos y deliberados, sus manos secas alcanzando el dispositivo para aplastar su gracia moderna en polvo. El pasado estaba más allá del alcance del borrador.","As bandagens antigas e secas da múmia foram construídas a partir da própria história, protegendo perfeitamente o espírito necrótico do pulso da des-criação. Ele caminhou pelo campo com passos lentos e deliberados, suas mãos secas estendendo-se para o dispositivo para esmagar sua graça moderna em pó. O passado estava além do alcance do apagador.","Die alten, trockenen Bandagen der Mumie bestanden aus der Geschichte selbst und schirmten den nekrotischen Geist perfekt vor dem vernichtenden Impuls ab. Sie schritt mit langsamen, bedächtigen Schritten durch das Feld, ihre vertrockneten Hände griffen nach dem Gerät, um seine moderne Anmut zu Staub zu zerquetschen. Die Vergangenheit war für den Radiergummi unerreichbar.","미라의 오래되고 건조한 붕대는 역사 그 자체로 형성되어 있어, 괴사한 영혼을 소멸의 펄스로부터 완벽하게 지켜냈습니다. 마물은 천천히 허무의 필드 안을 걸어와 건조한 손으로 디바이스를 움켜쥐고 그 현대적인 우아함을 먼지로 분쇄합니다. 과거는 지우개가 닿는 영역에 있지 않았습니다."
"MSG_C_ERASER_N_LOSS","The naga's water magic was as deep as the sea, and she easily bypassed the shallow deletion of the unmaking tool. She twisted her undulating form through the gaps in the field, striking before the player could retreat into the false safety of the void. The wise spirit outwitted the eraser.","ナーガの水魔法は海のように深く、消しゴムの浅い消滅など容易く通り抜けた。彼女はうねるような体躯で消滅のフィールドの隙間をすり抜け、プレイヤーが虚無の偽りの安全地帯に逃げ込む前に牙を剥く. 賢き精霊は、消しゴムの知恵を上回ったのだ。","纳迦的水魔法像大海一样深邃，她轻而易举地绕过了毁火工具浅薄的抹除. 她在力场的缝隙中扭曲着起伏的身体，在玩家撤退到虚无那虚假的降全感前发起攻击. 智慧之灵智取了消刻器。","Магия воды наги была глубока, как море, и она легко миновала поверхностное удаление разрушительного инструмента. Она просунула свое извивающееся тело сквозь бреши в поле, нанося удар прежде, чем игрок успел отступить в ложную безопасность пустоты. Мудрый дух перехитрил ластик.","La magia de agua de la naga era tan profunda como el mar, y ella superó fácilmente la eliminación superficial de la herramienta de des-creación. Retorció su forma ondulante a través de los huecos en el campo, atacando antes de que el jugador pudiera retirarse a la falsa seguridad del vacío. El espíritu sabio burló al borrador.","A magia da água da naga era tão profunda quanto o mar, e ela ignorou facilmente a deleção superficial da ferramenta de des-criação. Ela torceu sua forma ondulante através das lacunas no campo, atacando antes que o jogador pudesse recuar para a falsa segurança do vazio. O espírito sábio superou o apagador.","Die Wassermagie der Naga war so tief wie das Meer, und sie umging mühelos die oberflächliche Löschung des Vernichtungswerkzeugs. Sie wand ihren wellenförmigen Körper durch die Lücken im Feld und schlug zu, bevor der Spieler in die falsche Sicherheit der Leere flüchten konnte. Der weise Geist überlistete den Radiergummi.","나가의 물 마법은 바다처럼 깊었고 지우개의 얕은 소멸 따위는 가볍게 통과했습니다. 그녀는 꿈틀거리는 몸으로 소멸 필드의 틈새를 빠져나와 플레이어가 허무라는 거짓 안전지대로 도망치기 전에 송곳니를 드러냅니다. 현명한 정령은 지우개의 지혜를 뛰어넘었습니다."
"MSG_C_ERASER_O_LOSS","The orc's rage was so massive it created a spiritual anchor that the eraser couldn't rub away. It charged through the void, its raw power unphased by the correction, its axe finding your throat.","オークの怒りはあまりに強大で、消しゴムでも擦り消せぬ霊的な楔を現世に打ち込んだ。修正をものともせず虚無の中を突進し、剥き出しの怪力が振るう斧はあなたの首元を正確に狙った。","兽人的愤怒过于强大，在现世钉入了连消刻器都无法抹除的精神之楔. 它无视修正，在虚空中冲锋，赤裸裸的怪力挥舞的战斧准确地瞄准了你的脖颈。","Ярость орка была настолько велика, что создала духовный якорь, который ластик не мог стереть. Он рванул сквозь пустоту, его необузданная мощь не была затронута исправлением, его топор нашел ваше горло.","La rabia del orco era tan masiva que creó un ancla espiritual que el borrador no podía borrar. Cargó a través del vacío, su poder bruto inalterado por la corrección, su hacha encontrando tu garganta.","A raiva do orc era tão massiva que criou uma âncora espiritual que o apagador não conseguia apagar. Ele avançou pelo vazio, seu poder bruto inalterado pela correção, seu machado encontrando sua garganta.","Die Wut des Orks war so gewaltig, dass sie einen spirituellen Anker schuf, den der Radiergummi nicht wegwischen konnte. Er stürmte durch die Leere, seine rohe Kraft unbeeindruckt von der Korrektur, seine Axt fand deine Kehle.","오크의 분노는 너무나 거대하여 지우개로도 지울 수 없는 영적인 쐐기를 현세에 박아 넣었습니다. 수정을 아랑곳하지 않고 허무 속을 돌진했고, 적나라한 괴력이 휘두르는 도끼는 당신의 목덜미를 정확히 노렸습니다."
"MSG_C_ERASER_P_LOSS","The pixie found herself caught in the unmaking surge, her wings singed by the sudden, artificial heat of the void. She shrieked in frustration as the eraser's brilliance turned her magical flight into a smudge on the dungeon floor. The forest trickster was grounded by the correction.","ピクシーは消滅のサージに捉えられ、その翼は虚無がもたらす唐突な人工の熱によって焼き焦がされた。消しゴムの輝きが魔法の飛行を図面上の汚れへと変え、彼女は苛立たしげに悲鳴を上げる。森の悪戯っ子は、修正の前にその翼を奪われたのである。","小仙女发现自己被困在毁火浪涌中，她的翅膀由于虚无中突然、人造的热量而被烧焦. 由于消刻器的光辉将她的魔法飞行变成地牢地板上的一抹污迹. 她挫败地尖叫着. 森林骗子由于修正而落地。","Пикси оказалась застигнута волной разрушения, ее крылья были опалены внезапным искусственным жаром пустоты. Она разочарованно закричала, когда сияние ластика превратило ее магический полет в пятно на полу подземелья. Лесной трюкач был приземлен исправлением.","La pixie se encontró atrapada en la ola de des-creación, sus alas chamuscadas por el repentino calor artificial del vacío. Chilló de frustración mientras el brillo del borrador convertía su vuelo mágico en una mancha en el suelo de la mazmorra. La bromista del bosque fue derribada por la corrección.","A pixie viu-se presa na onda de des-criação, suas asas chamuscadas pelo calor artificial repentino do vazio. Ela gritou de frustração enquanto o brilho do apagador transformava seu voo mágico em um borrão no chão da masmorra. A trapaceira da floresta foi derrubada pela correção.","Die Pixie fand sich in der vernichtenden Welle gefangen, ihre Flügel versengt von der plötzlichen, künstlichen Hitze der Leere. Sie schrie frustriert auf, als der Glanz des Radiergummis ihren magischen Flug in einen Fleck auf dem Kerkerboden verwandelte. Der Waldtrickser wurde durch die Korrektur zu Boden gezwungen.","픽시는 소멸의 서지에 붙잡혔고 그 날개는 허무가 가져온 갑작스러운 인공 열기에 그을렸습니다. 지우개의 광채가 마법 비행을 도면 위의 얼룩으로 바꾸어 놓자 그녀는 짜증 섞인 비명을 지릅니다. 숲의 장난꾸러기는 수정 앞에 그 날개를 빼앗기고 말았습니다."
"MSG_C_ERASER_Q_LOSS","The coeurl used the eraser to amplify its own natural speed to terrifying, lethal new levels. It pounced with high-speed accuracy, a shadow in a world of blurred lines and disappearing shapes. The high-speed hunter was the master of the void.","クアールは消しゴムを使い、生まれ持った速度を、恐るべき致命的な新境地へと引き上げた。空間の境界が曖昧になり、形が消えゆく世界で、魔物は影となって舞い、高速かつ正確な一撃を放つ。高速の狩人は、虚無の支配者となったのである。","夸尔利用消刻器将其自身天然的速度放大到了可怕、致命的新水平. 在那个由模糊线条和消失形状组成的世界里，它以高速的准确性移动着. 高速猎手是虚无之主.","Куарл использовал ластик, чтобы усилить свою естественную скорость до пугающих, смертоносных новых уровней. Он набросился с высокоскоростной точностью, тень в мире размытых линий и исчезающих форм. Высокоскоростной охотник был мастером пустоты.","El coeurl usó el borrador para amplificar su propia velocidad natural a nuevos niveles aterradores y letales. Se lanzó con precisión de alta velocidad, una sombra en un mundo de líneas borrosas y formas que desaparecen. El cazador de alta velocidad era el maestro del vacío.","O coeurl usou o apagador para amplificar sua própria velocidade natural para níveis novos, terríveis e letais. Ele deu o bote com precisão de alta velocidade, uma sombra em um mundo de linhas borradas e formas que desaparecem. O caçador de alta velocidade era o mestre do vazio.","Der Coeurl nutzte den Radiergummi, um seine eigene natürliche Geschwindigkeit auf ein erschreckendes, tödliches neues Niveau zu heben. Er stürzte sich mit Hochgeschwindigkeitspräzision auf sein Opfer, ein Schatten in einer Welt aus verschwommenen Linien und verschwindenden Formen. Der Hochgeschwindigkeitsjäger war der Herr der Leere.","쿠알은 지우개를 사용해 타고난 속도를 가공할 치명적인 신경지로 끌어올렸습니다. 공간의 경계가 모호해지고 형태가 사라져가는 세계에서 마물은 그림자가 되어 춤추며 고속의 정확한 일격을 날립니다. 고속의 사냥꾼은 허무의 지배자가 되었습니다."
"MSG_C_ERASER_R_LOSS","The rats were so many they simply swarmed over the eraser, their tiny bodies blocking the unmaking force as they gnawed on the core and the casing. The tide of teeth overwhelmed the single device, leaving the player in a darkness filled with hungry squeaks. The swarm consumed the void.","ラットの数はあまりに多く、その小さな体で消滅の力を遮りながら、彼らは消しゴムの核と筐体を齧り尽くした。牙の奔流は単一のデバイスを飲み込み、後には空腹に飢えた鳴き声が響く闇だけが残される. 群れは、虚無そのものを食い尽くしたのである。","老鼠是如此之多，它们直接涌向消刻器，它们微小的身体由于挡住了毁火之力. 使它们得以啃咬装置的核心和外壳. 牙齿的潮水淹没了这台单一的装置，让玩家留在充满饥饿吱吱声的黑暗中. 鼠群消耗了虚无。","Крыс было так много, что они просто облепили ластик, их крошечные тела блокировали силу разрушения, пока они грызли сердечник и корпус. Прилив зубов сокрушил одиночное устройство, оставив игрока в темноте, наполненной голодным писком. Стая поглотила пустоту.","Había tantas ratas que simplemente invadieron el borrador, sus cuerpos diminutos bloqueando la fuerza de la des-creación mientras roían el núcleo y la carcasa. La marea de dientes abrumó al único dispositivo, dejando al jugador en una oscuridad llena de chillidos hambrientos. El enjambre consumió el vacío.","Os ratos eram tantos que simplesmente enxamearam sobre o apagador, seus corpos minúsculos bloqueando a força de des-criação enquanto roíam o núcleo e a carcaça. A maré de dentes dominou o dispositivo único, deixando o jogador em uma escuridão cheia de guinchos famintos. O enxame consumiu o vazio.","Es waren so viele Ratten, dass sie den Radiergummi einfach überrannten, ihre winzigen Körper blockierten die vernichtende Kraft, während sie am Kern und am Gehäuse nagten. Die Flut der Zähne überwältigte das einzelne Gerät und ließ den Spieler in einer Dunkelheit voller hungriger Quieker zurück. Der Schwarm verzehrte die Leere.","쥐의 수는 너무나 많아서 그 작은 몸으로 소멸의 힘을 가로막으며 지우개의 핵과 케이스를 갉아 먹었습니다. 이빨의 분류는 단일 디바이스를 집어삼켰고 뒤에는 굶주린 울음소리가 울려 퍼지는 어둠만이 남았습니다. 무리는 허무 그 자체를 먹어 치웠습니다."
"MSG_C_ERASER_S_LOSS","The slime's acidic mass began to dissolve the eraser's unmaking core, the chemicals reacting to create a foul, light-consuming sludge. It coated the device in a thick, insulating layer, its mindless pulsations continuing as the correction was erased. The gel won the chemical war.","スライムの強酸性の肉体が消しゴムの核を溶かし始め、化学反応によって不快で光を吸収するヘドロを作り出し、修正そのものを消し去った。デバイスは厚い絶縁層で覆われ、闇の中で魔物は無機質な脈動を続ける. 泥濘は、化学的な勝負を制したのである。","史莱姆的酸性物质开始溶解消刻器的毁火核心. 由于化学反应产生了一种恶臭、吸光的淤泥. 它在装置上覆盖了一层厚厚、绝缘的层，随着修正被抹去，它的无脑脉动仍旧在继续. 凝胶赢得力这场化学战。","Кислотная масса слизи начала растворять разрушительный сердечник ластика, химикаты вступали в реакцию, создавая мерзкую, поглощающую свет жижу. Она покрыла устройство толстым изолирующим слоем, ее бездумные пульсации продолжались, пока исправление стиралось. Гель выиграл химическую войну.","La masa ácida del limo comenzó a disolver el núcleo de des-creación del borrador, los productos químicos reaccionando para crear un lodo fétido que consumía la luz. Recubrió el dispositivo con una capa gruesa y aislante, sus pulsaciones sin sentido continuando mientras la corrección era borrada. El gel ganó la guerra química.","A massa ácida do slime começou a dissolver o núcleo de des-criação do apagador, os produtos químicos reagindo para criar um lodo fétido que consome a luz. Ele cobriu o dispositivo com uma camada espessa e isolante, suas pulsações irracionais continuando enquanto a correção era apagada. O gel venceu a guerra química.","Die saure Masse des Schleims begann, den vernichtenden Kern des Radiergummis aufzulösen, die Chemikalien reagierten und erzeugten einen übel riechenden, lichtabsorbierenden Schlamm. Er überzog das Gerät mit einer dicken, isolierenden Schicht, seine geistlosen Pulsationen hielten an, während die Korrektur gelöscht wurde. Das Gel gewann den chemischen Krieg.","슬라임의 강산성 육체가 지우개의 핵을 녹이기 시작했고 화학 반응에 의해 불쾌하고 빛을 흡수하는 헤도로를 만들어내며 수정 그 자체를 지워버렸습니다. 디바이스는 두꺼운 절연층으로 덮였고 어둠 속에서 마물은 무기질적인 맥동을 계속합니다. 진흙탕은 화학적 승부를 제압했습니다."
"MSG_C_ERASER_T_LOSS","The troll's immense size made the eraser's unmaking surge seem like a mere smudge on a vast, ancient mountain. It laughed a booming, primitive sound as it picked up the device and snapped it like a dry twig, its preoperative hide unbothered by the void. The giant was too big to erase.","トロールの計り知れない巨体にとって、消しゴムの消滅サージは、広大な古の山に付いた一筋の汚れに過ぎなかった。原始的な哄笑を上げ、魔物はデバイスを拾い上げると乾いた小枝のようにへし折ってしまう. 先史時代の皮は、虚無など相手にしなかった. 巨人は、消去するには大きすぎたのである。","巨魔巨大的体型让消刻器的毁火浪涌看起来就像广阔古老山脉上的一抹污迹. 当它拿起装置并像折断一根枯树枝一样折断它时，它发出了雷鸣般、原始的笑声，它那术前般的皮革不受虚无的困扰. 巨人太大了，无法抹去。","Огромный размер тролля заставлял волну разрушения ластика казаться всего лишь пятнышком на обширной древней горе. Он издал гулкий первобытный смех, поднял устройство и сломал его, как сухую веточку, его доисторическая шкура не была затронута пустотой. Великан был слишком велик, чтобы его стереть.","El inmenso tamaño del troll hizo que la ola de des-creación del borrador pareciera una mera mancha en una vasta montaña antigua. Soltó una risa estruendosa y primitiva mientras recogía el dispositivo y lo partía como una ramita seca, su piel prehistórica sin inmutarse por el vacío. El gigante era demasiado grande para borrarlo.","O tamanho imenso do troll fez com que a onda de des-criação do apagador parecesse um mero borrão em uma vasta e antiga montanha. Ele soltou uma gargalhada estrondosa e primitiva enquanto pegava o dispositivo e o quebrava como um galho seco, seu couro pré-histórico imperturbável pelo vazio. O gigante era grande demais para ser apagado.","Die immense Größe des Trolls ließ die vernichtende Welle des Radiergummis wie einen bloßen Fleck auf einem gewaltigen, alten Berg erscheinen. Er lachte ein dröhnendes, primitives Geräusch, als er das Gerät aufhob und wie einen trockenen Zweig zerbrach, seine prähistorische Haut unbeeindruckt von der Leere. Der Riese war zu groß, um gelöscht zu werden.","트롤의 가늠할 수 없는 거구에게 지우개의 소멸 서지는 광대한 고대 산에 묻은 한 줄기 얼룩에 불과했습니다. 원시적인 굉소를 터뜨리며 마물은 디바이스를 집어 들고는 마른 나뭇가지처럼 부러뜨려 버립니다. 선사 시대의 가죽은 허무 따위 상대도 하지 않았습니다. 거인은 소거하기에는 너무나 컸습니다."
"MSG_C_ERASER_U_LOSS","The undead stood still as the unmaking pulse covered their cold grey forms, cleaning them of their ancient decay without effect. They walked through the void with slow, necrotic persistence, their cold grey hands reaching for the player. The dead were beyond the reach of correction.","アンデッドは立ち尽くし、消滅のパルスがその冷たい灰色の肉体を覆ったが、古の腐敗には何の影響も与えなかった。魔物はゆっくりと虚無の中を壊死した体で執念深く歩み続け、冷たい灰色の手でプレイヤーへと手を伸ばす. 死者は、修正が届く領域にはいなかった。","亡灵静立着，由于毁火脉冲覆盖了它们冷灰色的形态，清洗了它们古老的腐烂但毫无效果. 它们以缓慢、坏死性的执著在虚无中蹒跚而行, 它们冰冷的灰色大手伸向玩家. 死者超出了修正的涉及范围。","Нежить стояла неподвижно, когда разрушительный импульс накрыл их холодные серые формы, очищая их от древнего тления без всякого эффекта. Они шли сквозь пустоту с медленной некротической настойчивостью, их холодные серые руки тянулись к игроку. Мертвые были вне досягаемости исправления.","Los no-muertos permanecieron quietos mientras el pulso de la des-creación cubría sus frías formas grises, limpiándolos de su antigua decadencia sin efecto. Caminaron a través del vacío con una lentitud y persistencia necrótica, sus frías manos grises alcanzando al jugador. Los muertos estaban más allá del alcance de la corrección.","Os mortos-vivos permaneceram imóveis enquanto o pulso de des-criação cobria suas formas cinzentas e frias, limpando-os de sua antiga decadência sem efeito. Eles caminharam pelo vazio com uma persistência lenta e necrótica, suas mãos cinzentas e frias estendendo-se para o jogador. Os mortos estavam além do alcance da correção.","Die Untoten standen still, während der vernichtende Impuls ihre kalten grauen Gestalten bedeckte und sie ohne Wirkung von ihrer alten Verwesung reinigte. Sie schritten mit langsamer, nekrotischer Beharrlichkeit durch die Leere, ihre kalten grauen Hände griffen nach dem Spieler. Die Toten waren außerhalb der Reichweite von Korrekturen.","언데드는 가만히 서 있었고 소멸의 펄스가 그 차가운 회색 육체를 뒤덮었지만 고대의 부패에는 아무런 영향을 주지 못했습니다. 마물은 천천히 허무 속을 괴사한 몸으로 집요하게 계속 걸어와 차가운 회색 손으로 플레이어에게 손을 뻗습니다. 죽은 자는 수정이 닿는 영역에 있지 않았습니다."
"MSG_C_ERASER_V_LOSS","The vampire's aristocratic speed made him a shadow that the eraser's unmaking field could never hope to catch. He appeared from the shadows behind the player, his cold touch draining their life before the correction could even be aimed in his direction. The prince of the night won the silence.","ヴァンパイアの高貴な速度は、消しゴムの消滅フィールドが決して捉えきれぬ「影」そのものだった。プレイヤーの背後の闇の中から不意に現れると、冷徹な一触れで命を奪う。修正が彼に向けられる暇さえなかった. 夜の王子は、静寂の戦いに勝利したのである。","吸血鬼贵族般的速度使其成为消刻器毁火场永远无法抓取的影子. 他从玩家身后的阴影中出现. 在他那个发声脉冲甚至还没来得及导向他之前. 他冰冷的触摸就耗尽了他们的生命. 深夜王子赢得了这份沈默。","Аристократическая скорость вампира сделала его тенью, которую разрушительное поле ластика никогда не могло надеяться поймать. Он появился из теней позади игрока, его холодное прикосновение высосало их жизнь еще до того, как исправление можно было хотя бы направить в его сторону. Принц ночи выиграл тишину.","La velocidad aristocrática del vampiro lo convirtió en una sombra que el campo de des-creación del borrador nunca podría esperar atrapar. Apareció de las sombras detrás del jugador, su toque frío drenando su vida antes de que la corrección pudiera siquiera ser dirigida en su dirección. El príncipe de la noche ganó el silencio.","A velocidade aristocrática do vampiro fez dele uma sombra que o campo de des-criação do apagador nunca poderia esperar alcançar. Ele apareceu das sombras atrás do jogador, seu toque frio drenando a vida deles antes mesmo que a correção pudesse ser apontada em sua direção. O príncipe da noite venceu o silêncio.","Die aristokratische Geschwindigkeit des Vampirs machte ihn zu einem Schatten, den das Vernichtungsfeld des Radiergummis niemals zu erfassen hoffen konnte. Er erschien aus dem Schatten hinter dem Spieler, seine kalte Berührung entzog ihm das Leben, noch bevor die Korrektur überhaupt in seine Richtung gelenkt werden konnte. Der Prinz der Nacht gewann die Stille.","뱀파이어의 고결한 속도는 지우개의 소멸 필드가 결코 포착할 수 없는 '그림자' 그 자체였습니다. 플레이어 배후의 어둠 속에서 갑자기 나타나 냉철한 손길로 생명을 빼앗습니다. 수정이 그를 향할 겨를조차 없었습니다. 밤의 왕자는 정적의 전투에서 승리했습니다."
"MSG_C_ERASER_W_LOSS","The wolf pack's coordination was so perfect they leapt through the gaps in the unmaking surge, circling the player with predatory cunning. They took turns striking from the shadows, their group instinct defeating the single source of correction. The forest took the void.","ウルフの群れの連携は完璧で、彼らは消滅のサージの隙間を縫うように跳躍し、捕食者の狡猾さでプレイヤーを包囲した。交互に影から襲いかかり、群れの生存本能が単一の修正の源を制圧する. 森は、その虚無を飲み込んだのである。","狼群的协作是如此完美. 它们在毁火浪涌的缝隙中跃过. 以掠食者的狡诈包围了玩家. 它们轮流从阴影中发起攻击. 它们的群体本能击败了单一的修正来源. 森林夺走了虚无.","Координация волчьей стаи была настолько идеальной, что они прыгали сквозь бреши в волне разрушения, окружая игрока с хищной хитростью. Они по очереди наносили удары из теней, их групповой инстинкт победил единственный источник исправления. Лес забрал пустоту.","La coordinación de la manada de lobos era tan perfecta que saltaron a través de los huecos en la ola de des-creación, rodeando al jugador con astucia depredadora. Se turnaron para atacar desde las sombras, su instinto de grupo derrotando a la fuente única de corrección. El bosque se llevó el vacío.","A coordenação da alcatéia de lobos era tão perfeita que eles saltaram pelas lacunas na onda de des-criação, circulando o jogador com astúcia predatória. Eles se revezaram atacando das sombras, seu instinto de grupo derrotando a fonte única de correção. A floresta levou o vazio.","Die Koordination des Wolfsrudels war so perfekt, dass sie durch die Lücken in der vernichtenden Welle sprangen und den Spieler mit raubtierhafter List umzingelten. Sie schlugen abwechselnd aus den Schatten zu, ihr Gruppeninstinkt besiegte die einzige Quelle der Korrektur. Der Wald nahm die Leere an sich.","울프 무리의 연계는 완벽했고 그들은 소멸 서지의 틈새를 꿰뚫듯 도약하며 포식자의 교활함으로 플레이어를 포위했습니다. 교대로 그림자 속에서 습격하며 무리의 생존 본능이 단일한 수정의 근원을 제압합니다. 숲은 그 허무를 집어삼켰습니다."
"MSG_C_ERASER_X_LOSS","Xalthis's multiple eyes saw the unmaking field as a thousand different trails of movement, allowing it to navigate the correction with clinical precision. It struck from the confusion of void and shadow, its many limbs tearing through the device. Complexity was its strength.","ザルティスの無数の瞳は消滅のフィールドを千の異なる運動の軌跡として捉え、冷徹な精度で修正をかいくぐることを可能にした。虚無と影が入り混じる混乱の中から、無数の肢でデバイスを切り裂いて襲いかかる. 複雑さこそが、彼の力であった。","扎尔提斯众多的眼睛将毁火场看作一千条不同的动作踪迹. 使其能够以临床般的精确度在修正中导航. It 它的许多只肢体撕裂了装置. 复杂性是它的力量.","Множество глаз Ксалтиса видели поле разрушения как тысячу различных траекторий движения, что позволяло ему перемещаться в исправлении с клинической точностью. Оно нанесло удар из хаоса пустоты и тени, его многочисленные конечности разорвали устройство. Сложность была его силой.","Los múltiples ojos de Xalthis vieron el campo de des-creación como mil rastros diferentes de movimiento, permitiéndole navegar la corrección con precisión clínica. Atacó desde la confusión del vacío y la sombra, sus muchas extremidades desgarrando el dispositivo. La complejidad era su fuerza.","Os múltiplos olhos de Xalthis viram o campo de des-criação como mil trilhas diferentes de movimento, permitindo-lhe navegar a correção com precisão clínica. Ele atacou a partir da confusão de vazio e sombra, seus muitos membros rasgando o dispositivo. A complexidade era sua força.","Die multiplen Augen von Xalthis sahen das Vernichtungsfeld als tausend verschiedene Bewegungspfade, was es ihm ermöglichte, die Korrektur mit klinischer Präzision zu navigieren. Es schlug aus der Verwirrung von Leere und Schatten zu, seine vielen Gliedmaßen zerrissen das Gerät. Komplexität war seine Stärke.","잘티스의 무수한 눈동자는 소멸 필드를 천 가지 서로 다른 운동 궤적으로 포착했고 냉철한 정밀도로 수정을 빠져나가는 것을 가능하게 했습니다. 허무와 그림자가 뒤섞인 혼란 속에서 무수한 다리로 디바이스를 찢어발기며 습격합니다. 복잡함이야말로 그의 힘이었습니다."
"MSG_C_ERASER_Y_LOSS","The yeti's blizzard was so cold it froze the eraser's unmaking core, the device turning into a brittle block of crystal that shattered at a single touch. He stood amidst the crystalline ruins, his mountain-king strength unhindered by the void. The king of the ice won the battle.","イエティの放つ吹雪はあまりに冷たく、消しゴムの消滅の核を凍てつかせ、デバイスを指先一つで砕け散る脆い結晶の塊へと変えてしまった。魔物は結晶の残骸の中に立ち、嶺の王たる力は虚無などに屈するものではなかった. 氷の王が、戦いに勝利したのだ。","雪人的暴风雪如此寒冷，甚至冻结了消刻器的毁火核心. 该装置变成了一块脆弱的晶体块. 触碰之下即刻碎裂. 他站在结晶遗迹中. 他山之王的力量不受虚无的影响. 冰原之王赢得了这场战斗.","Метель йети была настолько холодной, что заморозила разрушительный сердечник ластика, устройство превратилось в хрупкий кристаллический блок, который рассыпался от одного прикосновения. Он стоял среди кристаллических руин, его сила короля гор была беспрепятственна пустотой. Король льда выиграл битву.","La ventisca del yeti era tan fría que congeló el núcleo de des-creación del borrador, el dispositivo convirtiéndose en un bloque frágil de cristal que se hizo añicos con un solo toque. Permaneció en medio de las ruinas cristalinas, su fuerza de rey de la montaña sin trabas por el vacío. El rey del hielo ganó la batalla.","A nevasca do yeti era tão fria que congelou o núcleo de des-criação do apagador, o dispositivo transformando-se em um bloco quebradiço de cristal que se estilhaçou com um único toque. Ele permaneceu em meio às ruínas cristalinas, sua força de rei da montanha desimpedida pelo vazio. O rei do gelo venceu a batalha.","Der Schneesturm des Yeti war so kalt, dass er den vernichtenden Kern des Radiergummis einfror; das Gerät verwandelte sich in einen spröden Kristallblock, der bei einer einzigen Berührung zerbrach. Er stand inmitten der kristallinen Ruinen, seine Bergkönig-Kraft ungehindert von der Leere. Der König des Eises gewann den Kampf.","예티가 내뿜는 눈보라는 너무나 차가워 지우개의 소멸 핵을 얼려버렸고 디바이스를 손가락 끝 하나로 산산조각 나는 취약한 결정 덩어리로 바꾸어 버렸습니다. 마물은 결정 잔해 속에 서 있었고 산맥의 왕다운 힘은 허무 따위에 굴복하는 것이 아니었습니다. 얼음의 왕이 전투에서 승리했습니다."
"MSG_C_ERASER_Z_LOSS","The zombie's dead eyes had no need for sight, and its necrotic energy actually dampened the eraser's unmaking glow. It plodded forward through the void, its cold grey hands reaching for the player to silence their defense through sheer persistence. Entropy won the silence.","ゾンビの死した瞳は視力を必要とせず、その壊死エネルギーは逆に消しゴムの消滅エネルギーを減退させた。魔物は虚無の中を平気な顔で歩み寄り、冷たい灰色の手でプレイヤーを掴んで、その防御を執念深く沈黙させる. エントロピーが、静寂の戦いに勝利したのだ。","僵尸死去的眼睛不需要视力. 它的坏死能量实际上削弱了消刻器的毁火光辉. 它们虚空中蹒跚而行. 它冰冷的灰色大手伸向玩家. 通过纯粹的执著平息了他们的防御. 辞襍｢蠕嶺ｺｿ吩ｻｽ豐磯ｻ.","Мертвые глаза зомби не нуждались в зрении, а его некротическая энергия на самом деле ослабляла разрушительное сияние ластика. Он тяжело шел сквозь пустоту, его холодные серые руки тянулись к игроку, чтобы подавить их защиту чистой настойчивостью. Энтропия выиграла тишину.","Los ojos muertos del zombi no necesitaban la vista, y su energía necrótica en realidad atenuó el brillo de des-creación del borrador. Avanzó fatigosamente a través del vacío, sus frías manos grises alcanzando al jugador para silenciar su defensa a través de la pura persistencia. La entropía ganó el silencio.","Os olhos mortos do zumbi não precisavam de visão, e sua energia necrótica na verdade amorteceu o brilho de des-criação do apagador. Ele avançou pesadamente pelo vazio, suas mãos cinzentas e frias estendendo-se para o jogador para silenciar sua defesa por pura persistência. A entropia venceu o silêncio.","Die toten Augen des Zombies brauchten kein Augenlicht, und seine nekrotische Energie dämpfte tatsächlich das vernichtende Leuchten des Radiergummis. Er stapfte durch die Leere vorwärts, seine kalten grauen Hände griffen nach dem Spieler, um seine Verteidigung durch bloße Beharrlichkeit zum Schweigen zu bringen. Die Entropie gewann die Stille.","좀비의 죽은 눈동자는 시력을 필요로 하지 않았고 그 괴사 에너지는 오히려 지우개의 소멸 에너지를 감퇴시켰습니다. 마물은 허무 속을 태연한 얼굴로 다가와 차가운 회색 손으로 플레이어를 붙잡아 그 방어를 집요하게 침묵시킵니다. 엔트로피가 정적의 전투에서 승리했습니다."
"MSG_C_EASEL_A_WIN","The heavy wooden easel slammed down on the ant, pinning it to the floor. Its small legs struggled as the sturdy frame held its world in place. The worker was immobilized by a master's foundation.","重厚な木製イーゼルがアリを叩き潰し、床に縫い付けた。頑丈なフレームがその世界を固定し、魔物は小さな脚を動かすことさえ叶わなかった。働き者は、巨匠の礎によって不動のものとされた。","沉重的木制画架砸在蚂蚁身上，把它钉在地板上。顽强的框架固定住了它的整个世界，令它难以移动双腿。工蚁被大师的基础设备固定住了。","Тяжелый деревянный мольберт с грохотом обрушился на муравья, пригвоздив его к полу. Его маленькие лапки отчаянно двигались, пока прочная рама удерживала его мир на месте. Труженик был обездвижен фундаментом мастера.","El pesado caballete de madera cayó sobre la hormiga, inmovilizándola contra el suelo. Sus pequeñas patas forcejeaban mientras el robusto marco mantenía su mundo en su lugar. El obrero quedó inmovilizado por el fundamento de un maestro.","O pesado cavalete de madeira caiu sobre a formiga, prendendo-a no chão. Suas perninhas lutavam enquanto a moldura resistente mantinha seu mundo no lugar. O operário foi imobilizado pelo fundamento de um mestre.","Die schwere Holzstaffelei knallte auf die Ameise und nagelte sie am Boden fest. Ihre kleinen Beine zappelten, während der stabile Rahmen ihre Welt an Ort und Stelle hielt. Der Arbeiter wurde durch das Fundament eines Meisters unbeweglich gemacht.","중후한 목제 이젤이 개미를 내리눌러 바닥에 고정했습니다. 견고한 프레임이 그 세계를 고정시켰고, 마물은 작은 다리를 움직이는 것조차 불가능했습니다. 일꾼은 거장의 토대에 의해 부동의 상태가 되었습니다."
"MSG_C_EASEL_B_WIN","The bat tried to fly between the legs of the easel, but the wooden frame closed like a trap. It crashed into the ground, its wings broken by the heavy structure. The night hunter was brought low by art.","コウモリはイーゼルの脚の間を抜けようとしたが、木製フレームは罠のように閉じた。重い構造物に捕らえられた魔物は、翼を砕かれて地面へと墜落した。夜の狩人は、芸術家の支えによって地に堕ちた。","蝙蝠试图从画架的腿间飞过，但木架像陷阱一样合拢了。它坠落在地，翅膀被沉重的结构折断。夜间猎手被艺术击落。","Летучая мышь попыталась пролететь между ножками мольберта, но деревянная рама захлопнулась как ловушка. Она рухнула на землю, ее крылья были сломаны тяжелой конструкцией. Ночной охотник был повержен искусством.","El murciélago intentó volar entre las patas del caballete, pero el marco de madera se cerró como una trampa. Chocó contra el suelo, con sus alas rotas por la pesada estructura. El cazador nocturno fue derribado por el arte.","O morcego tentou voar entre as pernas do cavalete, mas a moldura de madeira fechou-se como uma armadilha. Ele caiu no chão, com as asas quebradas pela estrutura pesada. O caçador noturno foi derrubado pela arte.","Die Fledermaus versuchte, zwischen den Beinen der Staffelei hindurchzufliegen, aber der Holzrahmen schloss sich wie eine Falle. Sie krachte zu Boden, ihre Flügel zerbrochen durch die schwere Struktur. Der Jäger der Nacht wurde durch die Kunst zur Strecke gebracht.","박쥐는 이젤 다리 사이를 빠져나가려 했으나 목제 프레임이 함정처럼 닫혔습니다. 무거운 구조물에 붙잡힌 마물은 날개가 꺾인 채 지면으로 추락했습니다. 밤의 사냥꾼은 예술가의 지지대에 의해 땅에 떨어졌습니다."
"MSG_C_EASEL_C_WIN","The cobra's strikes were blocked by the sturdy wood of the easel, which absorbed every blow. It exhausted its energy against the frame until it was easily defeated. The serpent was mastered by furniture.","コブラの攻撃は、全ての衝撃を吸収するイーゼルの頑丈な木材によって阻まれた。不屈のフレームに対して体力を使い果たし、魔物は容易く力尽きた。毒蛇は、ただの家具の前に屈した。","眼镜蛇的攻击被画架坚硬的木头挡住了，它吸收了每一次打击。它在框架面前耗尽了体力，直到被轻易击败。这条蛇被家具制服了。","Удары кобры блокировались прочным деревом мольберта, которое поглощало каждый выпад. Она истощила свои силы о раму, пока не была легко побеждена. Змея была усмирена мебелью.","Los ataques de la cobra fueron bloqueados por la madera robusta del caballete, que absorbió cada golpe. Agotó su energía contra el marco hasta que fue derrotada fácilmente. La serpiente fue dominada por un mueble.","Os ataques da cobra foram bloqueados pela madeira robusta do cavalete, que absorveu cada golpe. Ela esgotou sua energia contra a moldura até ser derrotada facilmente. A serpente foi dominada pela mobília.","Die Angriffe der Kobra wurden durch das robuste Holz der Staffelei abgeblockt, das jeden Schlag absorbierte. Sie erschöpfte ihre Energie am Rahmen, bis sie leicht besiegt wurde. Die Schlange wurde von einem Möbelstück bezwungen.","코브라의 공격은 모든 충격을 흡수하는 이젤의 견고한 목재에 가로막혔습니다. 굴하지 않는 프레임에 대항해 체력을 소진한 마물은 허무하게 힘을 다했습니다. 독사는 한낱 가구 앞에 굴복했습니다."
"MSG_C_EASEL_D_WIN","A giant easel made of magical oak grew out of the earth and trapped the dragon's neck. The creature roared in frustration, unable to move its head. The king of legends was held in place by art.","魔法のオークで作られた巨大なイーゼルが大地から伸び、ドラゴンの首を捕らえた。魔物は憤慨して咆哮したが、首を動かすことも芸術家に火を吐くこともできなかった。伝説の王は、芸術によってその場に留められた。","一个由神奇橡木制成的巨大画架从地里长出来，卡住了巨龙的脖子。这头生物挫败地咆哮着，无法动头. 传记之王被艺术固定住了。","Гигантский мольберт из магического дуба вырос из земли и зажал шею дракона. Существо в ярости ревело, не в силах пошевелить головой. Король легенд был обездвижен искусством.","Un caballete gigante hecho de roble mágico surgió de la tierra y atrapó el cuello del dragón. La criatura rugió frustrada, incapaz de mover la cabeza. El rey de las leyendas fue inmovilizado por el arte.","Um cavalete gigante feito de carvalho mágico cresceu da terra e prendeu o pescoço do dragão. A criatura rugiu em frustração, incapaz de mover a cabeça. O rei das lendas foi mantido no lugar pela arte.","Eine riesige Staffelei aus magischer Eiche wuchs aus der Erde und klemmte den Hals des Drachen ein. Die Kreatur brüllte frustriert, unfähig, ihren Kopf zu bewegen. Der König der Legenden wurde durch Kunst an Ort und Stelle gehalten.","마법의 오크로 만들어진 거대한 이젤이 대지에서 솟아나 드래곤의 목을 붙잡았습니다. 마물은 분노하며 포효했지만 머리를 움직일 수도 예술가에게 불을 뿜을 수도 없었습니다. 전설의 왕은 예술에 의해 그 자리에 묶였습니다."
"MSG_C_EASEL_E_WIN","The ancient ent recognized the wood of the easel as a fallen brother and stopped its attack. It stood in a silent vigil until its spirit went still. The guardian honored the memory of the trees.","古のエントはイーゼルの木材を倒れた同胞と認識し、敬意を表して攻撃を止めた。魔物は静かな祈りの中に佇み、その魂はフレームと一体化して静止した。守護者は、木々の記憶に礼を尽くした。","古老的树精认出画架的木头是一位陨落的兄弟并停止攻击。它在沉默的守夜中伫立，直到灵魂静止. 守护者纪念着这些树木。","Древний энт узнал в дереве мольберта павшего брата и прекратил атаку. Он стоял в безмолвном бдении, пока его дух не замер. Страж почтил память деревьев.","El antiguo ent reconoció la madera del caballete como un hermano caído y detuvo su ataque. Permaneció en una vigilia silenciosa hasta que su espíritu se aquietó. El guardián honró la memoria de los árboles.","O antigo ent reconheceu a madeira do cavalete como um irmão caído e parou seu ataque. Ele permaneceu em uma vigília silenciosa até que seu espírito se aquietou. O guardião honrou a memória das árvores.","Der alte Ent erkannte das Holz der Staffelei als einen gefallenen Bruder und stellte seinen Angriff ein. Er verharrte in einer stillen Mahnwache, bis sein Geist zur Ruhe kam. Der Wächter ehrte das Andenken der Bäume.","고대의 엔트는 이젤의 목재를 쓰러진 동포로 인식하고 경의를 표하며 공격을 멈췄습니다. 마물은 조용한 기도 속에 머물렀고 그 혼은 프레임과 일체화되어 정지했습니다. 수호자는 나무들의 기억에 예우를 갖추었습니다."
"MSG_C_EASEL_F_WIN","The fly was crushed between the easel's frame and a heavy blank canvas. Its buzzing was cut short by the absolute pressure of the workplace. The tiny pest became a flat part of the process.","ハエはイーゼルのフレームと重いキャンバスの間に押し潰された。芸術家の仕事場の絶対的な重圧によって、魔物の羽音は絶たれた。小さな害虫は、創作過程の平坦な一部となった。","苍蝇被夹在画架的框架和厚重的空白画布之间. 它的叫声被工作室绝对的压力止住了. 这个小虫变成了过程中的平庸一环。","Муха была раздавлена между рамой мольберта и тяжелым чистым холстом. Ее жужжание оборвалось под абсолютным давлением рабочего места. Крошечный вредитель стал плоской частью процесса.","La mosca fue aplastada entre el marco del caballete y un pesado lienzo en blanco. Su zumbido fue cortado de tajo por la presión absoluta del lugar de trabajo. La diminuta plaga se convirtió en una parte plana del proceso.","A mosca foi esmagada entre a moldura do cavalete e uma tela em branco pesada. Seu zumbido foi interrompido pela pressão absoluta do local de trabalho. A pequena praga tornou-se uma parte plana do processo.","Die Fliege wurde zwischen dem Rahmen der Staffelei und einer schweren leeren Leinwand zerquetscht. Ihr Summen wurde durch den absoluten Druck des Arbeitsplatzes unterbrochen. Der winzige Schädling wurde zu einem flachen Teil des Prozesses.","파리는 이젤 프레임과 무거운 캔버스 사이에 짓눌렸습니다. 예술가 작업장의 절대적인 중압감에 의해 마물의 날갯짓 소리는 끊겼습니다. 작은 해충은 창작 과정의 납작한 일부가 되었습니다."
"MSG_C_EASEL_G_WIN","The goblin tried to hide behind the easel, but the wooden frame collapsed on top of it. It was trapped under the heavy mahogany structure, its screams muffled. The trickster was outwitted by the artist's desk.","ゴブリンはイーゼルの背後に隠れようとしたが、木製フレームがその上に崩れ落ちた。重い構造物の下に閉じ込められ、マホガニーの重みで叫び声は遮られた。悪戯っ子は、芸術家の机に知恵で負けた。","哥布林试图藏在画架后面，但木架塌在了它身上. 它被困在沉重的红木结构下，叫声被掩盖. 淘气鬼被艺术家的画案耍了。","Гоблин пытался спрятаться за мольбертом, но деревянная рама рухнула на него. Он оказался в ловушке под тяжелой конструкцией из красного дерева, его крики были приглушены. Трюкач был перехитрен столом художника.","El goblin intentó esconderse detrás del caballete, pero el marco de madera colapsó sobre él. Quedó atrapado bajo la pesada estructura de caoba, con sus gritos apagados. El bromista fue superado en ingenio por el escritorio del artista.","O goblin tentou se esconder atrás do cavalete, mas a moldura de madeira desabou sobre ele. Ele ficou preso sob a pesada estrutura de mogno, seus gritos abafados. O trapaceiro foi enganado pela mesa do artista.","Der Goblin versuchte, sich hinter der Staffelei zu verstecken, aber der Holzrahmen brach über ihm zusammen. Er war unter der schweren Mahagonistruktur gefangen, seine Schreie wurden gedämpft. Der Trickser wurde vom Schreibtisch des Künstlers überlistet.","고블린은 이젤 뒤에 숨으려 했으나 목제 프레임이 그 위로 무너져 내렸습니다. 무거운 구조물 밑에 갇혀 마호가니의 무게에 비명 소리는 차단되었습니다. 장난꾸러기는 예술가의 책상에 지혜로 패배했습니다."
"MSG_C_EASEL_H_WIN","An easel threw its heavy legs wide, catching the harpy's wings in a wooden embrace. She was held down by the sheer weight of the frame. The sky-queen was pinned for the gallery.","イーゼルが重い脚を大きく広げ、木の抱擁でハーピーの翼を捕らえた。フレームの絶対的な重みによって彼女は押さえ込まれ、飛翔は完全に奪われた。天空の女王は画廊のために縫い付けられた。","画架张开笨重的双腿，用木头的怀抱抓住了哈皮的翅膀. 她被框架巨大的重量压制住. 天空女王被钉在了画廊里。","Мольберт широко расставил свои тяжелые ножки, поймав крылья гарпии в деревянные объятия. Она была придавлена огромным весом рамы. Королева неба была пригвождена для галереи.","Un caballete abrió ampliamente sus pesadas patas, atrapando las alas de la arpía en un abrazo de madera. Fue inmovilizada por el peso puro del marco. La reina del cielo fue fijada para la galería.","Um cavalete abriu suas pernas pesadas, prendendo as asas da harpia em um abraço de madeira. Ela foi contida pelo peso da moldura. A rainha do céu foi fixada para a galeria.","Eine Staffelei spreizte ihre schweren Beine und fing die Flügel der Harpie in einer hölzernen Umarmung ein. Sie wurde durch das bloße Gewicht des Rahmens niedergehalten. Die Himmelskönigin wurde für die Galerie festgenagelt.","이젤이 무거운 다리를 크게 벌려 나무의 포옹으로 하피의 날개를 붙잡았습니다. 프레임의 압도적인 무게에 그녀는 눌려 비행 능력을 완전히 빼앗겼습니다. 천공의 여왕은 화랑을 위해 고정되었습니다."
"MSG_C_EASEL_I_LOSS","The imp saw the easel as a perfect weapon and tipped it over onto you. The heavy mahogany frame pinned you to the floor while the prankster laughed at your failed foundation.","インプはイーゼルを絶好の武器と見なし、あなたの上へと押し倒した。重厚なマホガニーのフレームがあなたを床に縫い付け、悪戯っ子はあなたの脆弱な「礎」を嘲笑った。","小仙女将画架视作绝佳的武器，将其推倒在你身上. 沉重的红木框架将你钉在地板上，捣蛋鬼嘲笑着你那脆弱的“基础”。","Бес увидел в мольберте идеальное оружие и опрокинул его на вас. Тяжелая рама из красного дерева пригвоздила вас к полу, пока проказник смеялся над вашим рухнувшим фундаментом.","El imp vio el caballete como un arma perfecta y lo volcó sobre ti. El pesado marco de caoba te inmovilizó contra el suelo mientras el bromista se reía de tu fundamento fallido.","O imp viu o cavalete como uma arma perfeita e o tombou sobre você. A moldura pesada de mogno prendeu você no chão enquanto o brincalhão ria do seu fundamento fracassado.","Der Imp sah in der Staffelei eine perfekte Waffe und kippte sie auf dich um. Der schwere Mahagonirahmen nagelte dich am Boden fest, während der Schalk über dein gescheitertes Fundament lachte.","임프는 이젤을 절호의 무기로 간주하고 당신 위로 쓰러뜨렸습니다. 중후한 마호가니 프레임이 당신을 바닥에 고정시켰고 장난꾸러기는 당신의 취약한 '토대'를 비웃었습니다."
"MSG_C_EASEL_J_LOSS","The jelly absorbed the easel and used the wooden legs to reinforce its own gelatinous mass. It became a multi-legged terror that moved with terrifying speed, its core safe within the frame.","ジェリーはイーゼルをその肉体に取り込み、木製の脚を自らの結合を強化する骨組みとして利用した。怪物は多足の恐怖へと変貌して恐るべき速度で襲いかかり、核はフレームの中で守られていた。","果冻怪将画架吸入体内，利用木腿作为强化自身结合的骨架. 怪物变异成了多肢的恐怖，以可怕的速度袭来，核心在框架中受到了保护。","Желе поглотило мольберт и использовало деревянные ножки для укрепления своей собственной студенистой массы. Оно превратилось в многоногое чудовище, которое двигалось с ужасающей скоростью, а его ядро было в безопасности внутри рамы.","La gelatina absorbió el caballete y usó las patas de madera para reforzar su propia masa gelatinosa. Se convirtió en un terror de múltiples patas que se movía con una velocidad aterradora, con su núcleo a salvo dentro del marco.","A geleia absorveu o cavalete e usou as pernas de madeira para reforçar sua própria massa gelatinosa. Tornou-se um terror de pernas múltiplas que se movia com velocidade aterradora, seu núcleo seguro dentro da moldura.","Das Gelee absorbierte die Staffelei und nutzte die Holzbeine, um seine eigene gallertartige Masse zu verstärken. Es wurde zu einem vielbeinigen Schrecken, der sich mit furchterregender Geschwindigkeit bewegte, wobei sein Kern im Rahmen sicher war.","젤리는 이젤을 그 육체로 거두어들여 목제 다리를 자신의 결합을 강화하는 뼈대로 이용했습니다. 괴물은 다족의 공포로 변모하여 가공할 속도로 습격해 왔고 핵은 프레임 안에서 보호받고 있었습니다."
"MSG_C_EASEL_K_WIN","The kobold bit into the easel's leg, only to have its teeth stuck in the iron-hard magical oak. It was easily defeated while struggling to free itself. The warrior was caught by its own aggression.","コボルドはイーゼルの脚に噛みついたが、鉄のように硬い魔法のオークに歯が食い込んだ。必死に逃れようとする間に魔物は容易く倒された。部族の戦士は、自らの攻撃性によって自滅した。","狗头人咬在画架腿上，结果牙齿被卡在铁一样坚固的神奇橡木里. 它在挣扎着摆脱时被轻易击败. 战士被它自己的侵略性抓住了。","Кобольд вцепился зубами в ножку мольберта, но его зубы застряли в твердом как железо магическом дубе. Он был легко побежден, пока пытался освободиться. Воин пал жертвой собственной агрессии.","El kobold mordió la pata del caballete, solo para que sus dientes se quedaran atascados en el roble mágico duro como el hierro. Fue derrotado fácilmente mientras luchaba por liberarse. El guerrero fue atrapado por su propia agresión.","O kobold mordeu a perna do cavalete, apenas para ter seus dentes presos no carvalho mágico duro como ferro. Ele foi facilmente derrotado enquanto lutava para se libertar. O guerreiro foi pego por sua própria agressão.","Der Kobold biss in das Bein der Staffelei, nur um mit seinen Zähnen in der eisenharten magischen Eiche stecken zu bleiben. Er wurde leicht besiegt, während er versuchte, sich zu befreien. Der Krieger wurde von seiner eigenen Aggressivität eingeholt.","코볼트는 이젤 다리를 물었으나 철처럼 단단한 마법의 오크에 이빨이 박히고 말았습니다. 필사적으로 빠져나가려 하는 사이 마물은 허무하게 쓰러졌습니다. 부족의 전사는 자신의 공격성에 의해 자멸했습니다."
"MSG_C_EASEL_L_WIN","The lizard's agile escape was blocked by the wide spread of the easel's legs. It hit the wooden frame and was stunned, giving the artist time to finish. The predator's speed was countered by a stationary object.","リザードの敏捷な回避は、イーゼルの広がった脚によって遮られた。木製フレームに衝突して朦朧とする魔物は、芸術家が仕事を終えるための十分な時間を与えた。捕食者の速度は、動かない物体によって封じられた。","蜥蜴敏捷的逃脱被画架张开的双腿阻隔了. 它撞在木架上晕了过去，给艺术家留出了时间. 捕食者的速度被一个静止的物体抵消了。","Ловкий побег ящерицы был пресечен широко расставленными ножками мольберта. Она врезалась в деревянную раму и была оглушена, дав художнику время закончить работу. Скорость хищника была нейтрализована неподвижным объектом.","La ágil huida del lagarto fue bloqueada por la amplia apertura de las patas del caballete. Golpeó el marco de madera y quedó aturdido, dándole tiempo al artista para terminar. La velocidad del depredador fue contrarrestada por un objeto estacionario.","A fuga ágil do lagarto foi bloqueada pela ampla abertura das pernas do cavalete. Ele atingiu a moldura de madeira e ficou atordoado, dando tempo ao artista para terminar. A velocidade do predador foi anulada por um objeto estacionário.","Die flinke Flucht der Echse wurde durch die weit gespreizten Beine der Staffelei verhindert. Sie prallte gegen den Holzrahmen und war benommen, was dem Künstler Zeit gab, fertig zu werden. Die Geschwindigkeit des Raubtiers wurde durch ein stationäres Objekt gekontert.","리저드의 민첩한 회피는 이젤의 벌려진 다리에 의해 차단되었습니다. 목제 프레임에 충돌해 몽롱해진 마물은 예술가가 작업을 마칠 충분한 시간을 주었습니다. 포식자의 속도는 움직이지 않는 물체에 의해 봉쇄되었습니다."
"MSG_C_EASEL_M_WIN","The mummy mistook the easel for a sacred altar and knelt before it in prayer. The artist used the moment of reverence to strike, ending the curse. The eternity of the tomb met a modern wooden end.","マミーはイーゼルを神聖な祭壇と勘違いし、その前に跪いて祈りを捧げた。芸術家はその崇拝の一瞬を逃さず一撃を加え、古の呪いを永遠に断ち切った。墓所の永遠は、近代的な木製の結末を迎えた。","木乃伊误将画架当作神圣祭坛跪地祈祷. 艺术家利用这虔诚的一刻发起攻击，终结了诅咒. 坟墓的永恒迎来了现代木制的终局。","Мумия приняла мольберт за священный алтарь и преклонила перед ним колени в молитве. Художник использовал момент почтения для удара, положив конец проклятию. Вечность гробницы встретила современный деревянный конец.","La momia confundió el caballete con un altar sagrado y se arrodilló ante él en oración. El artista aprovechó el momento de reverencia para atacar, terminando con la maldición. La eternidad de la tumba encontró un final moderno de madera.","A múmia confundiu o cavalete com um altar sagrado e ajoelhou-se diante dele em oração. O artista aproveitou o momento de reverência para atacar, encerrando a maldição. A eternidade da tumba encontrou um fim moderno de madeira.","Die Mumie hielt die Staffelei für einen heiligen Altar und kniete davor zum Gebet nieder. Der Künstler nutzte den Moment der Ehrfurcht für einen Schlag und beendete den Fluch. Die Ewigkeit des Grabes fand ein modernes Ende aus Holz.","미라는 이젤을 신성한 제단으로 착각하고 그 앞에 무릎을 꿇고 기도를 올렸습니다. 예술가는 그 숭배의 찰나를 놓치지 않고 일격을 가해 고대의 저주를 영원히 끊어냈습니다. 묘지의 영원함은 현대적인 목제 결말을 맞이했습니다."
"MSG_C_EASEL_N_LOSS","The naga coiled around the easel, using its sturdy frame to leverage her powerful strikes. She broke the wooden tool with a single squeeze, sending splinters flying at the artist. The noble serpent refused to be supported by such junk.","ナーガはイーゼルに身体を巻き付け、その頑丈なフレームを自らの強力な打撃の支点とした。一締めの下に木製の道具は粉砕され、飛び散る木片が芸術家を襲った。高潔な蛇人は、そのようなガラクタを支えにすることなどなかった。","纳迦盘绕在画架上，利用其坚固的框架作为她强力攻击的杠杆. 她轻轻一拧就折断了这件木制工具，碎木片飞向艺术家. 高贵的蛇人拒绝被这种垃圾支撑。","Нага обвилась вокруг мольберта, используя его прочную раму как рычаг для своих мощных ударов. Она сломала деревянный инструмент одним сжатием, отправив щепки в сторону художника. Благородный змей отказался от поддержки такого хлама.","La naga se enroscó alrededor del caballete, usando su robusto marco como palanca para sus poderosos ataques. Rompió la herramienta de madera con un solo apretón, lanzando astillas hacia el artista. La noble serpiente se negó a ser apoyada por tal basura.","A naga enrolou-se no cavalete, usando sua moldura robusta como alavanca para seus ataques poderosos. Ela quebrou a ferramenta de madeira com um único aperto, lançando lascas contra o artista. A nobre serpente recusou-se a ser apoiada por tal lixo.","Die Naga schlang sich um die Staffelei und nutzte ihren stabilen Rahmen als Hebel für ihre gewaltigen Schläge. Sie zerbrach das Holzwerkzeug mit einem einzigen Druck und ließ Splitter auf den Künstler fliegen. Die edle Schlange weigerte sich, von solchem Schund gestützt zu werden.","나가는 이젤에 몸을 감고 그 견고한 프레임을 자신의 강력한 타격의 지지대로 삼았습니다. 단 한 번의 조임에 목제 도구는 분쇄되었고 튀어 나가는 나무 파편이 예술가를 덮쳤습니다. 고결한 뱀 인간은 그런 잡동사니를 지지대로 삼지 않았습니다."
"MSG_C_EASEL_O_LOSS","The orc used the easel as a crude club, swinging it wildly in the air. Its massive strength turned the artist's support into a weapon of destruction against its owner. The brute had no use for art beyond violence.","オークはイーゼルを粗末な棍棒として扱い、周囲を猛烈に薙ぎ払った。怪力によって芸術家の支えは破壊の兵器へと変貌し、所有者へと牙を剥いた。野蛮な怪物にとって、芸術とは暴力のための道具でしかなかった。","兽人把画架当作粗糙的木棒，在空中疯狂挥舞. 它巨大的力量将艺术家的支柱变成了针对其主人的破坏性武器. 禽兽除了暴力外对艺术别无他用。","Орк использовал мольберт как грубую дубину, дико размахивая им в воздухе. Его огромная сила превратила опору художника в оружие разрушения против ее владельца. Брутальному существу искусство было ни к чему, кроме как для насилия.","El orco usó el caballete como un mazo rudimentario, agitándolo salvajemente en el aire. Su fuerza masiva convirtió el soporte del artista en un arma de destrucción contra su dueño. El bruto no tenía uso para el arte más allá de la violencia.","O orc usou o cavalete como uma clava rude, balançando-o descontroladamente no ar. Sua força massiva transformou o suporte do artista em uma arma de destruição contra seu dono. O bruto não tinha uso para a arte além da violência.","Der Ork nutzte die Staffelei als primitive Keule und schwang sie wild in der Luft herum. Seine gewaltige Kraft verwandelte die Stütze des Künstlers in eine Zerstörungswaffe gegen ihren Besitzer. Der Unhold hatte für Kunst keine Verwendung außer für Gewalt.","오크는 이젤을 조잡한 곤봉으로 취급하여 주위를 맹렬히 휘둘렀습니다. 괴력에 의해 예술가의 지지대는 파괴의 병기로 변모하여 소유주에게 송곳니를 드러냈습니다. 야만적인 괴물에게 예술이란 폭력을 위한 도구에 불과했습니다."
"MSG_C_EASEL_P_LOSS","The pixie used the top of the easel as a stage to perform a mocking dance. She dodged every attempt to capture her, laughing as the artist struggled with the heavy frame. The spirit was far too quick to be pinned down.","ピクシーはイーゼルの頂上を舞台に、芸術家を嘲笑うダンスを披露した。捕獲しようとする全ての試みをかわし、重いフレームに手こずる芸術家を見て笑った。精霊を縫い留めるには、彼女の動きはあまりに速すぎた。","小仙女以画架顶端为舞台，表演了一场嘲讽之舞. 她躲过了每一次捕捉，看着艺术家在厚重的框架中挣扎大笑. 精灵太快了，无法被钉住。","Пикси использовала верхнюю часть мольберта как сцену для насмешливого танца. Она уклонялась от каждой попытки поймать ее, смеясь над тем, как художник борется с тяжелой рамой. Дух был слишком быстр, чтобы его можно было прижать.","La pixie usó la parte superior del caballete como escenario para realizar una danza burlona. Esquivó cada intento de capturarla, riendo mientras el artista luchaba con el pesado marco. El espíritu era demasiado rápido para ser inmovilizado.","A pixie usou o topo do cavalete como palco para realizar uma dança zombeteira. Ela esquivou-se de todas as tentativas de capturá-la, rindo enquanto o artista lutava com a moldura pesada. O espírito era rápido demais para ser contido.","Die Pixie nutzte die Oberseite der Staffelei als Bühne für einen spöttischen Tanz. Sie wich jedem Versuch aus, sie einzufangen, und lachte, während der Künstler mit dem schweren Rahmen kämpfte. Der Geist war viel zu schnell, um festgenagelt zu werden.","픽시는 이젤 꼭대기를 무대로 예술가를 비웃는 댄스를 선보였습니다. 포획하려는 모든 시도를 피하며 무거운 프레임에 쩔쩔매는 예술가를 보고 웃었습니다. 정령을 붙잡아두기에 그녀의 움직임은 너무나 빨랐습니다."
"MSG_C_EASEL_Q_LOSS","The coeurl used the heights of the easel to gain a predatory advantage over the artist. It leaped from the wooden frame with lightning speed, striking before a single line could be drawn. The hunter used the art to its own advantage.","クアールはイーゼルの高さを利用し、芸術家を狙い澄ます捕食者の優位を得た。木製フレームから雷鳴のごとき速さで跳躍し、描線が引かれる前に一撃を見舞った。狩人は芸術を、己の目的のために利用した。","夸尔利用画架的高度获得了对艺术家的掠食优势. 它以闪电般的速度从木架上跃下，在任何线画出之前发起攻击. 掠食者利用艺术为自己谋利。","Куарл использовал высоту мольберта, чтобы получить хищное преимущество над художником. Он спрыгнул с деревянной рамы с молниеносной скоростью, нанеся удар еще до того, как была проведена хотя бы одна линия. Охотник использовал искусство в своих интересах.","El coeurl usó la altura del caballete para ganar una ventaja depredadora sobre el artista. Saltó desde el marco de madera con la velocidad del rayo, atacando antes de que se pudiera trazar una sola línea. El cazador usó el arte para su propio beneficio.","O coeurl usou a altura do cavalete para obter uma vantagem predatória sobre o artista. Ele saltou da moldura de madeira com a velocidade do relâmpago, atacando antes que uma única linha pudesse ser desenhada. O caçador usou a arte em seu próprio benefício.","Der Coeurl nutzte die Höhe der Staffelei, um sich einen raubtierhaften Vorteil gegenüber dem Künstler zu verschaffen. Er sprang mit Blitzgeschwindigkeit vom Holzrahmen herab und schlug zu, bevor eine einzige Linie gezeichnet werden konnte. Der Jäger nutzte die Kunst zu seinem eigenen Vorteil.","쿠알은 이젤의 높이를 이용해 예술가를 노리는 포식자의 우위를 점했습니다. 목제 프레임에서 번개 같은 속도로 도약하여 선 하나가 그어지기 전에 일격을 가했습니다. 사냥꾼은 예술을 자신의 목적을 위해 이용했습니다."
"MSG_C_EASEL_R_LOSS","The rat swarm threw itself at the easel, the many teeth chewing through the wood in seconds. The support collapsed, leaving the artist exposed to the collective hunger. The swarm consumed the foundation.","ラットの群れがイーゼルに殺到し、無数の牙が数秒で木材を齧り尽くした。支えは崩壊し、芸術家は集団的な飢えの前にさらされた。群れは「礎」を食い尽くしたのである。","老鼠成群结队地涌向画架，无数颗牙齿在几秒钟内就把木头啃光了. 支架倒塌了，艺术家暴露在集体的饥饿感面前. 鼠群消耗了地基。","Крысиная стая набросилась на мольберт, и множество зубов за считанные секунды перегрызли дерево. Опора рухнула, оставив художника беззащитным перед коллективным голодом. Стая поглотила фундамент.","El enjambre de ratas se lanzó contra el caballete, sus muchos dientes royendo la madera en segundos. El soporte colapsó, dejando al artista expuesto al hambre colectiva. El enjambre consumió el fundamento.","O enxame de ratos atirou-se contra o cavalete, com seus muitos dentes roendo a madeira em segundos. O suporte desabou, deixando o artista exposto à fome coletiva. O enxame consumiu o fundamento.","Der Rattenschwarm stürzte sich auf die Staffelei, die vielen Zähne zernagten das Holz in Sekundenschnelle. Die Stütze brach zusammen und ließ den Künstler dem kollektiven Hunger ausgeliefert zurück. Der Schwarm verzehrte das Fundament.","쥐 떼가 이젤로 몰려들었고 무수한 이빨이 몇 초 만에 목재를 갉아 먹었습니다. 지지대는 붕괴했고 예술가는 집단적인 굶주림 앞에 노출되었습니다. 무리는 '토대'를 먹어 치웠습니다."
"MSG_C_EASEL_S_WIN","The easel's sturdy magical wood acted as a cage for the slime, pinning its core to the floor. The monster's acidic mass couldn't dissolve the holy frame, leaving it trapped for the gallery.","イーゼルの頑丈な魔法の木材がスライムを閉じ込める檻となり、その核を床へと縫い留めた。怪物の酸性の肉体も神聖なフレームを溶かすことはできず、魔物は画廊の展示物として封印された。","画架坚固的魔法木材成了困住史莱姆的笼子，将其核心钉在了地板上. 怪物酸性的肉体也无法溶化神圣的框架. 魔物作为画廊的展品被封印了。","Прочное магическое дерево мольберта послужило клеткой для слизи, пригвоздив ее ядро к полу. Кислотная масса монстра не смогла растворить священную раму, оставив его в ловушке для галереи.","La madera mágica y robusta del caballete actuó como una jaula para el limo, inmovilizando su núcleo contra el suelo. La masa ácida del monstruo no pudo disolver el marco sagrado, dejándolo atrapado para la galería.","A madeira mágica robusta do cavalete agiu como uma gaiola para o slime, prendendo seu núcleo ao chão. A massa ácida do monstro não conseguiu dissolver a moldura sagrada, deixando-o preso para a galeria.","Das robuste magische Holz der Staffelei wirkte wie ein Käfig für den Schleim und nagelte seinen Kern am Boden fest. Die saure Masse des Monsters konnte den heiligen Rahmen nicht auflösen, sodass es für die Galerie gefangen blieb.","이젤의 견고한 마법 목재가 슬라임을 가두는 감옥이 되어 그 핵을 바닥에 고정했습니다. 마물의 산성 육체도 신성한 프레임을 녹일 수 없었고 마물은 화랑의 전시물로 봉인되었습니다."
"MSG_C_EASEL_T_WIN","You slammed the heavy easel into the troll's knees, toppling the giant. The sturdy frame held its massive legs in place, turning the brute into a stationary model for your next masterpiece. ","重厚なイーゼルをトロールの膝へと叩き込み、巨人をその場に転倒させた。頑丈なフレームがその巨大な足を固定し、野蛮な怪物は次の傑作のための動かぬモデルへと成り果てた。","将沉重的画架撞向巨魔的膝盖，令巨人当场倒地. 坚固的框架固定住了它巨大的双腿. 野蛮的怪物沦为了下一部杰作的不动模型。","Вы обрушили тяжелый мольберт на колени тролля, повалив великана. Прочная рама удерживала его массивные ноги на месте, превращая чудовище в неподвижную натурщицу для вашего следующего шедевра.","Golpeaste el pesado caballete contra las rodillas del troll, derribando al gigante. El robusto marco mantuvo sus enormes piernas en su lugar, convirtiendo al bruto en un modelo estacionario para tu próxima obra maestra.","Você bateu o pesado cavalete nos joelhos do troll, derrubando o gigante. A moldura resistente manteve suas pernas maciças no lugar, transformando o bruto em um modelo estacionário para sua próxima obra-prima.","Du rammtest die schwere Staffelei in die Knie des Trolls und brachtest den Riesen zu Fall. Der stabile Rahmen hielt seine massiven Beine fest und verwandelte den Unhold in ein unbewegliches Modell für dein nächstes Meisterwerk.","중후한 이젤을 트롤의 무릎에 때려 박아 거인을 그 자리에 넘어뜨렸습니다. 견고한 프레임이 그 거대한 다리를 고정했고 야만적인 마물은 다음 걸작을 위한 움직이지 않는 모델이 되었습니다."
"MSG_C_EASEL_U_LOSS","The undead stood around the easel in a silent, hollow vigil. They ignored the artist entirely, appearing to find some dark comfort in the unmoving wooden structure. The dead were beyond the reach of the living's creativity.","アンデッドたちはイーゼルの周囲に集まり、静かで虚ろな祈りを捧げた。芸術家を完全に無視し、動かぬ木製の構造物に闇の安らぎを見出しているようだった。死者たちは、生者の創造性が届かぬ深淵にいた。","亡灵围在画架旁，进行着沉默、空洞的守夜. 它们完全无视了艺术家，似乎在不动的木制结构中找到了某种黑暗的安慰. 死者已超出了生者创造力的范畴。","Нежить стояла вокруг мольберта в безмолвном, пустом бдении. Они полностью игнорировали художника, казалось, находя какое-то темное утешение в неподвижной деревянной конструкции. Мертвые были вне досягаемости творчества живых.","Los no-muertos permanecieron alrededor del caballete en una vigilia silenciosa y vacía. Ignoraron al artista por completo, pareciendo encontrar algún consuelo oscuro en la estructura de madera inmóvil. Los muertos estaban más allá del alcance de la creatividad de los vivos.","Os mortos-vivos ficaram ao redor do cavalete em uma vigília silenciosa e vazia. Eles ignoraram o artista completamente, parecendo encontrar algum conforto sombrio na estrutura de madeira imóvel. Os mortos estavam além do alcance da criatividade dos vivos.","Die Untoten standen in einer stillen, hohlen Mahnwache um die Staffelei herum. Sie ignorierten den Künstler völlig und schienen in der unbeweglichen Holzstruktur eine dunkle Tröstung zu finden. Die Toten waren außerhalb der Reichweite der Kreativität der Lebenden.","언데드들은 이젤 주위에 모여 정적이고 공허한 기도를 올렸습니다. 예술가를 완전히 무시한 채 움직이지 않는 목제 구조물에서 어둠의 안식을 찾는 듯했습니다. 죽은 자들은 산 자의 창조성이 닿지 않는 심연에 있었습니다."
"MSG_C_EASEL_V_LOSS","The vampire gracefully stood on the top edge of the easel, looking down at the artist with contempt. He moved with a speed that defied sight, leaving the wooden tool behind as a mere memory. The prince of night was far above art.","ヴァンパイアはイーゼルの最上段に優雅に立ち、軽蔑の眼差しで芸術家を見下ろした。視覚を超えた速さで移動し、木製の道具をただの追憶として残して消えた。夜の貴公子は、芸術を遥かに超越した存在だった。","吸血鬼优雅地站在画架的顶端，蔑视地看着艺术家. 他以视觉无法捕捉的速度移动，将这件木制工具留作记忆. 暗夜王子远在艺术之上。","Вампир грациозно стоял на верхнем краю мольберта, с презрением глядя на художника. Он двигался со скоростью, неподвластной зрению, оставив деревянный инструмент позади как простое воспоминание. Принц ночи был намного выше искусства.","El vampiro se paró con gracia en el borde superior del caballete, mirando al artista con desprecio. Se movió con una velocidad que desafiaba la vista, dejando atrás la herramienta de madera como un mero recuerdo. El príncipe de la noche estaba muy por encima del arte.","O vampiro parou graciosamente na borda superior do cavalete, olhando para o artista com desprezo. Ele moveu-se com uma velocidade que desafiava a visão, deixando a ferramenta de madeira para trás como uma mera lembrança. O príncipe da noite estava muito acima da arte.","Der Vampir stand anmutig auf der Oberkante der Staffelei und blickte mit Verachtung auf den Künstler herab. Er bewegte sich mit einer Geschwindigkeit, die dem Augenlicht spottete, und ließ das Holzwerkzeug als bloße Erinnerung zurück. Der Prinz der Nacht stand weit über der Kunst.","뱀파이어는 이젤 최상단에 우아하게 서서 경멸 어린 눈빛으로 예술가를 내려다보았습니다. 시각을 초월한 속도로 이동하며 목제 도구를 단지 추억으로 남긴 채 사라졌습니다. 밤의 귀공자는 예술을 훨씬 초월한 존재였습니다."
"MSG_C_EASEL_W_LOSS","The wolf recognized the easel as a predator's trap and ripped it apart with its teeth. It growled a warning at the artist, its territorial instincts flaring in the presence of the intruder. The wild refused to be framed.","ウルフはイーゼルを捕食者の罠と認識し、鋭い牙でそれを粉々に引き裂いた。侵入者の存在に縄張り意識を剥き出しにし、魔物は芸術家を威嚇した。荒野の魂が、額縁に収まることなど決してなかった。","狼认出画架是捕食者的陷阱，用牙齿将其咬碎. 它对艺术家发出警告性的低吼，在入侵者面前激发起领地本能. 野外拒绝被定格。","Волк узнал в мольберте ловушку хищника и разорвал его зубами в клочья. Он предупреждающе зарычал на художника, его территориальные инстинкты вспыхнули в присутствии незваного гостя. Дикая природа отказывалась быть втиснутой в рамки.","El lobo reconoció el caballete como una trampa de depredador y lo destrozó con sus dientes. Gruñó una advertencia al artista, sus instintos territoriales estallando ante la presencia del intruso. Lo salvaje se negaba a ser enmarcado.","O lobo reconheceu o cavalete como uma armadilha de predador e o despedaçou com os dentes. Ele rosnou um aviso para o artista, seus instintos territoriais inflamando-se na presença do intruso. O selvagem recusou-se a ser enquadrado.","Der Wolf erkannte die Staffelei als Raubtierfalle und riss sie mit seinen Zähnen in Stücke. Er knurrte dem Künstler eine Warnung zu, wobei seine Revierinstinkte in Gegenwart des Eindringlings aufflammten. Die Wildnis weigerte sich, eingerahmt zu werden.","울프는 이젤을 포식자의 함정으로 인식하고 날카로운 이빨로 그것을 산산조각 냈습니다. 침입자의 존재에 영역 의식을 드러내며 마물은 예술가를 위협했습니다. 황야의 혼이 액자 속에 갇히는 일은 결코 없었습니다."
"MSG_C_EASEL_X_WIN","The easel's many legs synchronized with Xalthis's movements, trapping the nightmare in a wooden web of art. The multi-legged terror was finally framed and silenced by the foundation. ","イーゼルの無数の脚がザルティスの動きと同調し、悪夢を木の芸術の網の中に捕らえた。多足の恐怖はついに「礎」によって額縁の中に収められ、永遠に沈黙した。","画架无数的腿与扎尔提斯的动作同步，将噩梦困在木制艺术网中. 多肢的恐怖终于通过“基础”被收入画框，永远沈默了。","Многочисленные ножки мольберта синхронизировались с движениями Ксалтиса, поймав кошмар в деревянную сеть искусства. Многоногое чудовище было наконец вставлено в рамку и заставлено замолчать фундаментом.","Las muchas patas del caballete se sincronizaron con los movimientos de Xalthis, atrapando la pesadilla en una red de madera de arte. El terror de muchas patas fue finalmente enmarcado y silenciado por el fundamento.","As muitas pernas do cavalete sincronizaram-se com os movimentos de Xalthis, prendendo o pesadelo em uma teia de arte de madeira. O terror de muitas pernas foi finalmente emoldurado e silenciado pelo fundamento.","Die vielen Beine der Staffelei synchronisierten sich mit Xalthis' Bewegungen und fingen den Albtraum in einem hölzernen Netz der Kunst ein. Der vielbeinige Schrecken wurde schließlich eingerahmt und durch das Fundament zum Schweigen gebracht.","이젤의 무수한 다리가 잘티스의 움직임과 동조하여 악몽을 나무 예술의 그물 안에 가두었습니다. 다족의 공포는 마침내 '토대'에 의해 액자 속에 담겨 영원히 침묵했습니다."
"MSG_C_EASEL_Y_LOSS","The yeti used the easel as a toothpick, cleaning its massive teeth with the broken wooden legs. It then tossed the remains into the snow, dismissive of the artist's attempt at creation. The king of peaks was unmoved by art.","イエティはイーゼルを爪楊枝代わりにし、折れた木製の脚で巨大な歯を掃除した。魔物は残骸を雪の中へ放り捨て、芸術家の創作活動を鼻で笑った。山嶺の王が、芸術に心を動かされることはなかった。","雪人把画架当牙签用，用断了的木腿清洁它巨大的牙齿. 然后它把残骸扔进雪地里，对艺术家的创作尝试不屑一顾. 山岭之王不为艺术所动。","Йети использовал мольберт как зубочистку, чистя свои массивные зубы сломанными деревянными ножками. Затем он швырнул остатки в снег, пренебрежительно относясь к попытке художника творить. Король вершин был равнодушен к искусству.","El yeti usó el caballete como un palillo, limpiando sus enormes dientes con las patas de madera rotas. Luego arrojó los restos a la nieve, despreciando el intento de creación del artista. El rey de las cumbres no se conmovió con el arte.","O yeti usou o cavalete como palito de dente, limpando seus dentes maciços com as pernas de madeira quebradas. Ele então jogou os restos na neve, desdenhando da tentativa de criação do artista. O rei dos picos não se comoveu com a arte.","Der Yeti nutzte die Staffelei als Zahnstocher und reinigte seine gewaltigen Zähne mit den abgebrochenen Holzbeinen. Dann warf er die Überreste in den Schnee, geringschätzig gegenüber dem Schöpfungsversuch des Künstlers. Der König der Gipfel war von der Kunst unberührt.","예티는 이젤을 이쑤시개 대신 사용하여 부러진 목제 다리로 거대한 치아를 청소했습니다. 마물은 잔해를 눈 속에 내던지고 예술가의 창작 활동을 코웃음 쳤습니다. 산령의 왕이 예술에 마음이 움직이는 일은 없었습니다."
"MSG_C_EASEL_Z_LOSS","The zombie blankly stared at the easel before toppling it over as it marched forward. It felt no curiosity or wonder, only the mindless drive to consume the living. The dead could not be stopped by the tools of the artist.","ゾンビはイーゼルをぼんやりと見つめ、前進するついでにそれをなぎ倒した。好奇心も驚きもなく、ただ生者を喰らうという本能だけが魔物を突き動かした。死者を芸術家の道具で止めることは叶わなかった。","僵尸在前进时茫然地盯着画架，然后把它推倒. 它没有好奇心或惊叹，只有消费生者的无意识冲动. 死者无法被艺术家的工具阻止。","Зомби безучастно смотрел на мольберт, прежде чем опрокинуть его, продолжая свой марш вперед. Он не чувствовал ни любопытства, ни удивления, только бездумное стремление пожирать живых. Мертвецов нельзя было остановить инструментами художника.","El zombi miró fijamente al caballete antes de derribarlo mientras avanzaba. No sentía curiosidad ni asombro, solo el impulso irracional de consumir a los vivos. Los muertos no podían ser detenidos por las herramientas del artista.","O zumbi olhou fixamente para o cavalete antes de derrubá-lo enquanto marchava para frente. Ele não sentia curiosidade nem admiração, apenas o impulso irracional de consumir os vivos. Os mortos não podiam ser parados pelas ferramentas do artista.","Der Zombie starrte die Staffelei verständnislos an, bevor er sie im Vorbeigehen umstieß. Er empfand weder Neugier noch Staunen, nur den geistlosen Drang, die Lebenden zu verzehren. Die Toten konnten nicht durch die Werkzeuge des Künstlers aufgehalten werden.","좀비는 이젤을 멍하니 바라보다 전진하는 김에 그것을 쓰러뜨렸습니다. 호기심도 놀라움도 없이 그저 산 자를 삼키겠다는 본능만이 마물을 움직였습니다. 죽은 자를 예술가의 도구로 멈추게 할 수는 없었습니다."
"MSG_C_ERASER_D_WIN","The dragon inhaled the unmaking air of the eraser and felt its own fire extinguished by the void. It roared a final, raspy note before its ancient heart was stilled by the correction. The king of flames died of total erasure.","消しゴムが纏う消滅の空気を吸い込み、ドラゴンの炎はその虚無の前にかき消された。正当な「修正」のパルスを浴び、かすれた最期の咆哮を上げてその古の鼓動は停止する。炎の王は、完全な消去の前に絶命したのである。","巨龙吸入了消刻器散发的毁火空气，感到它的火焰被那虚无熄灭了。在它那古老的心脏由于修正而停歇前，它发出了最后一声嘶哑的咆哮。火焰之王死于彻底的抹除。","Дракон вдохнул разрушительный воздух ластика и почувствовал, как его пламя гаснет в пустоте. Он издал последний хриплый звук, прежде чем его древнее сердце остановилось от исправления. Король пламени погиб от полного стирания.","El dragón inhaló el aire de des-creación del borrador y sintió cómo su propio fuego se extinguía en el vacío. Lanzó una nota final y ronca antes de que su antiguo corazón fuera silenciado por la corrección. El rey de las llamas murió por el borrado total.","O dragão inalou o ar de des-criação do apagador e sentiu seu próprio fogo se extinguir no vazio. Soltou um último urro rouco antes de seu coração ancestral ser parado pela correção. O rei das chamas morreu por apagamento total.","Der Drache atmete die vernichtende Luft des Radiergummis ein und spürte, wie sein eigenes Feuer durch die Leere gelöscht wurde. Er stieß einen letzten, krächzenden Ton aus, bevor sein uraltes Herz durch die Korrektur stillgelegt wurde. Der König der Flammen starb durch totale Auslöschung.","드래곤은 지우개의 소멸하는 공기를 들이마셨고, 자신의 불꽃이 허무에 의해 꺼지는 것을 느꼈습니다. 고대의 심장이 수정에 의해 멈추기 전 마지막으로 거친 포효를 내질렀습니다. 화염의 왕은 완전한 소거로 사망했습니다."
"MSG_C_ERASER_G_LOSS","The goblin snatched the eraser from the player's hand with unexpected agility. It cackled as it used the unmaking force to rub away the player's weapons and armor, leaving them defenseless in the dark. The thief stole the very essence of protection.","ゴブリンは予想外の俊敏さで、プレイヤーの手から消しゴムを奪い取った。魔物は下卑た笑い声を上げながら消滅の力を振るい、プレイヤーの武器や鎧を次々と擦り消していく。泥棒は、守りの神髄さえも盗み去ったのである。","哥布林以出人意料的敏捷从玩家手中夺走了消刻器。它一边发出卑下的笑声，一边利用毁火之力抹除了玩家的武器和盔甲，让玩家在黑暗中赤手空拳。这名窃贼偷走了保护的精髓。","Гоблин с неожиданной ловкостью выхватил ластик из рук игрока. Он хихикал, используя силу разрушения, чтобы стереть оружие и броню игрока, оставив его беззащитным в темноте. Вор украл саму суть защиты.","El goblin arrebató el borrador de la mano del jugador con una agilidad inesperada. Se rio entre dientes mientras usaba la fuerza de la des-creación para borrar las armas y la armadura del jugador, dejándolo indefenso en la oscuridad. El ladrón robó la esencia misma de la protección.","O goblin arrebatou o apagador da mão do jogador com uma agilidade inesperada. Ele deu gargalhadas enquanto usava a força da des-criação para apagar as armas e a armadura do jogador, deixando-o indefeso na escuridão. O ladrão roubou a própria essência da proteção.","Der Goblin riss dem Spieler mit unerwarteter Agilität den Radiergummi aus der Hand. Er kicherte, während er die vernichtende Kraft einsetzte, um die Waffen und Rüstungen des Spielers wegzuwischen, sodass dieser schutzlos in der Dunkelheit zurückblieb. Der Dieb stahl das eigentliche Wesen des Schutzes.","고블린은 예상치 못한 민첩함으로 플레이어의 손에서 지우개를 낚아챘습니다. 괴물은 비열하게 웃으며 소멸의 힘을 휘둘러 플레이어의 무기와 갑옷을 차례로 지워버렸습니다. 도둑은 방어의 정수마저 훔쳐갔습니다."
"MSG_C_ERASER_K_LOSS","The kobold warrior used the eraser's field to mask its approach, its spirit blending into the shadows of the void. It struck from an impossible angle, its crude weapon finding a gap in your logic.","コボルドの戦士は消しゴムのフィールドを逆手に取り、虚無の影に紛れて接近した。奴は予測不能な角度から襲いかかり、その粗末な武器はあなたの論理の隙間を冷酷に射抜いた。","狗头人战士反过来利用消刻器的力场，混入虚无的阴影中逼近。它从不可预测的角度袭来，那件粗糙的武器冷酷地射穿了你逻辑的 隙間を冷酷に射抜いた。","Воин-кобольд использовал поле ластика, чтобы скрыть свое приближение, его дух слился с тенями пустоты. Он нанес удар с невозможного угла, его грубое оружие нашло брешь в вашей логике.","El guerrero kobold usó el campo del borrador para ocultar su acercamiento, su espíritu mezclándose con las sombras del vacío. Atacó desde un ángulo imposible, su arma rudimentaria encontrando un hueco en tu lógica.","O guerrero kobold usou o campo do apagador para mascarar sua aproximação, seu espírito misturando-se às sombras do vazio. Ele atacou de um ângulo impossível, sua arma rudimentar encontrando uma lacuna em sua lógica.","Der Koboldkrieger nutzte das Feld des Radiergummis, um sein Nahen zu verbergen, während sein Geist mit den Schatten der Leere verschmolz. Er schlug aus einem unmöglichen Winkel zu, seine primitive Waffe fand eine Lücke in deiner Logik.","코볼트 전사는 지우개의 필드를 사용해 자신의 접근을 숨겼고, 그의 영혼은 허무의 그림자 속으로 섞여 들어갔습니다. 그는 불가능한 각도에서 공격했고, 그의 조잡한 무기는 당신의 논리에서 빈틈을 찾아냈습니다."
"MSG_C_ERASER_O_WIN","The orc's primal fury was so intense it was caught in the unmaking surge and rubbed away into a clean, white void before he could land a single blow. He roared a final, primitive note as his raw power was deleted by the clinical precision of the tool. Brute force was silenced by the eraser.","オークの野蛮な怒りはあまりに激しく、最初の一撃を繰り出す前に消滅のサージに捉えられ、清らかな白い虚無へと擦り消されてしまった。その剥き出しの力が冷徹な精度で消去され、最期の咆哮を残して魔物は消失する。蛮勇の力は、消しゴムの前に沈黙したのである。","兽人原始的愤怒如此强烈，以至于它在发起任何打击前就被卷入毁火浪涌中，并由于摩擦而被推向一片洁净的洁白虚空。当他原始的力量被工具临床般的精确度抹除时， he 发出了最后一声原始的咆哮。蛮力被消刻器沈默了。","Первобытная ярость орка была настолько велика, что он попал в волну разрушения и был стерт в чистую белую пустоту, не успев нанести ни одного удара. Он издал последний первобытный звук, когда его необузданная мощь была удалена клинической точностью инструмента. Грубая сила была усмирена ластиком.","La furia primigenia del orco fue tan intensa que fue atrapada en la ola de des-creación y borrada en un vacío blanco y limpio antes de que pudiera asestar un solo golpe. Lanzó una nota final y primitiva mientras su poder bruto era eliminado por la precisión clínica de la herramienta. La fuerza bruta fue silenciada por el borrador.","A fúria primitiva do orc foi tão intensa que foi pega na onda de des-criação e apagada em um vazio branco e limpo antes que ele pudesse desferir um único golpe. Ele soltou um urro final e primitivo enquanto seu poder bruto era deletado pela precisão clínica da ferramenta. A força bruta foi silenciada pelo apagador.","Die ursprüngliche Wut des Orks war so intensiv, dass sie von der vernichtenden Welle erfasst und in eine saubere, weiße Leere gewischt wurde, bevor er auch nur einen Schlag landen konnte. Er stieß einen letzten, primitiven Laut aus, als seine rohe Kraft durch die klinische Präzision des Werkzeugs gelöscht wurde. Rohe Gewalt wurde durch den Radiergummi zum Schweigen gebracht.","오크의 원시적인 분노가 너무 강렬하여 단 한 번의 일격을 가하기도 전에 소멸의 파동에 휩쓸려 깨끗하고 하얀 허무 속으로 지워졌습니다. 도구의 냉철한 정밀함에 의해 자신의 가공할 힘이 삭제되자 마지막으로 원시적인 포효를 내질렀습니다. 무력은 지우개에 의해 침묵당했습니다."
"MSG_C_ESCAPE_Z_WIN","The zombie lumbered forward with relentless hunger, but you slipped between its rotting arms and vanished into the dark corridor. It groaned and clawed at the air where you once stood. The undead predator was outwitted by the oldest trick: running away.","ゾンビは飽くなき食欲のままに迫ってきたが、腐った腕の間をすり抜け、暗い廊下の奥へと姿を消した。空を掴む爪と呻き声だけが、その場に残される。不死の捕食者は、最古の戦法——逃走——に完全に敗れた。","僵尸带着无尽的饥渴步步逼近，但你从它腐烂的臂膀间溜走，消失进黑暗的走廊。它呻吟着，爪子抓向你曾站立的地方。这头不死猎手被最古老的计策——逃跑——彻底击败。","Зомби медленно надвигался с неутолимым голодом, но вы проскользнули между его гнилыми руками и растворились в темном коридоре. Оно стонало и скребло воздух там, где вы только что стояли. Мертвый хищник был перехитрен старейшим приемом: бегством.","El zombie avanzaba con un hambre implacable, pero te deslizaste entre sus brazos podridos y desapareciste en el oscuro pasillo. Gruñó y arañó el aire donde estabas. El depredador no muerto fue superado por el truco más antiguo: huir.","O zumbi avançou com uma fome implacável, mas você escorregou entre seus braços podres e desapareceu no corredor escuro. Ele gemeu e arranhou o ar onde você estava. O predador morto-vivo foi derrotado pelo truque mais antigo: correr.","Der Zombie taumelte mit unersättlichem Hunger vorwärts, doch du schlüpftest zwischen seinen faulen Armen hindurch und verschwandest im dunklen Korridor. Er stöhnte und kratzte in der Luft, wo du einmal gestanden hattest. Der untote Räuber wurde durch den ältesten Trick besiegt: Weglaufen.","좀비가 억누를 수 없는 식욕을 앞세워 다가왔지만, 썩은 팔 사이를 빠져나가 어두운 복도 저편으로 사라졌다. 좀비는 당신이 있던 자리의 허공을 향해 신음하며 발톱을 휘둘렀다. 불사의 포식자는 가장 오래된 전략—도망—에 완패했다."
