"keys","en","ja","zh"
"MSG_C_PUNCH_A_WIN","You crushed the ant's hard exoskeleton with your fist. It fell to the ground and ceased to move.","アリの硬い外骨格を拳で粉砕した。地面に這いつくばったまま動かなくなった。","你的拳头粉碎了蚂蚁坚硬的外骨骼。它趴在地上再也一动不动了。"
"MSG_C_PUNCH_B_WIN","You accurately struck the flying bat out of the air. It slammed into the wall with a dull thud.","宙を舞うコウモリを的確に叩き落とした。鈍い音とともに壁に激突した。","你精准地击落了盘旋在空中的蝙蝠。随着沉闷的声响，它狠狠撞在了墙上。"
"MSG_C_PUNCH_C_WIN","You powerfully struck the cobra as it reared its head. The fight was over before its fangs could reach you.","鎌首をもたげるコブラの頭部を力強く殴りつけた。毒牙が届く前に勝負は決した。","你有力地击中了正欲昂首攻击的眼镜蛇头部。在毒牙触及你之前，胜负已分。"
"MSG_C_PUNCH_D_WIN","You landed a full-force blow on the dragon's snout. Even its massive body couldn't withstand the impact.","巨大なドラゴンの鼻先に渾身の一撃を叩き込んだ。流石の巨躯もたまらず崩れ落ちた。","你使出浑身解数，一拳轰在巨龙的鼻尖。即便强如巨龙也承受不住，轰然倒地。"
"MSG_C_PUNCH_E_WIN","Your powerful fist snapped the spirit's wooden trunk. The silence of the forest returned once more.","木の精霊の硬い幹を拳の力でへし折った。森の静寂が再び戻ってきた。","你的拳劲折断了树精坚硬的躯干。森林的宁静再次降临。"
"MSG_C_PUNCH_F_WIN","You swatted the annoying fly out of the air in one blow. Its small buzzing will never be heard again.","目障りなハエを空中で一撃の下に仕留めた。小さな羽音は二度と聞こえない。","你在空中一拳解决了那只碍眼的苍蝇。再也听不到那细微的嗡鸣声了。"
"MSG_C_PUNCH_G_WIN","You struck the goblin's jaw cleanly knocking it unconscious. Its cowardly grin vanished instantly.","ゴブリンの顎を的確に打ち抜き、意識を刈り取った。卑屈な笑みは消え去った。","你精准地击中了哥布林的下颚，令其失去意识。那猥琐的笑脸也随之消失。"
"MSG_C_PUNCH_H_WIN","You dodged the harpy's sharp claws and landed a deep blow to her belly. She fell powerless to the earth.","ハーピーの鋭い爪を掻い潜り、腹部に深手を負わせた。彼女は力なく地上へ墜落した。","你躲过哈皮锐利的爪子，重创了她的腹部。她无力地坠落到了地面。"
"MSG_C_PUNCH_I_WIN","You slammed the arrogant imp into the floor with sheer strength. The demon's whispers were cut short.","小生意気なインプを力任せに床へと叩きつけた。悪魔のささやきは断ち切られた。","你凭借蛮力将那只傲慢的小恶魔摔在地上。恶魔的低语戛然而止。"
"MSG_C_PUNCH_J_WIN","Your punch pierced the jelly's core with surgical precision. Its gelatinous form dissolved into nothing.","ジェリーの核を正確に貫く一拳を放った。スライム状の肉体は形を保てず霧散した。","你那一拳精确地贯穿了果冻怪的核心。它那胶状的躯体再也无法维持形状，散作一团。"
"MSG_C_PUNCH_K_WIN","You surprised the kobold with a heavy blow to the nose. It didn't even have time to yelp.","コボルドの不意を突き、その鼻筋に重い一撃を加えた。キャンと鳴く暇も与えなかった。","你趁狗头人不备，重重击中了它的鼻梁。它甚至连哀鸣一声的时间都没有。"
"MSG_C_PUNCH_L_LOSS","The lizard's scales were far too hard for your fists. As you recoiled in pain its claws dug in.","リザードの全身を覆う鱗はあまりに硬かった。拳を痛めた隙に鋭い爪が食い込んだ。","遍布蜥蜴全身的鳞片实在太硬了。当你感到拳头生疼之际，它锐利的爪子已刺入了你的身体。"
"MSG_C_PUNCH_M_WIN","You shattered the mummy's brittle chest. Freed from its ancient curse it crumbled into sand.","干からびたマミーの胸板を力強く打ち砕いた。古の呪縛から解き放たれ、砂へと還った。","你有力地击碎了干枯木乃伊的胸膛。它从古老的束缚中解脱，重归尘土。"
"MSG_C_PUNCH_N_LOSS","The naga's supple movements caused your punch to miss. Its tail coiled around you in an instant.","ナーガのしなやかな動きに拳は空を切った。体勢を崩したところを尾に締め上げられた。","纳迦灵活的动作让你的一拳落空了。当你失去平衡时，它的尾巴迅速缠了上来。"
"MSG_C_PUNCH_O_LOSS","The orc's massive muscles absorbed your blow. The undaunted monster's weapon swung from above.","オークの頑強な筋肉に打撃は吸収された。怯まぬ怪物の一振りが頭上から降り注いだ。","兽人强健的肌肉吸收了你的打击。那毫不畏惧的怪物从头顶挥下了重力一击。"
"MSG_C_PUNCH_P_LOSS","You were toyed with by the pixie's swift flight. Shrouded in confusing dust your mind went dark.","ピクシーの素早い飛行に翻弄され、拳は届かない。幻惑の鱗粉に包まれ、意識が遠のく。","你被小仙女敏捷的飞行耍得团团转。被迷幻的鳞粉包围，你的意识渐渐远去。"
"MSG_C_PUNCH_Q_LOSS","The coeurl's electromagnetic fur repelled your blow. Lightning sparked mocking your numbed arm.","クアールの電磁場を帯びた毛並みに拳が阻まれた。痺れる腕を嘲笑うかのように、雷が走った。","夸尔带有电磁场的皮毛阻隔了你的拳头。闪电划过，仿佛在嘲笑你那麻木的手臂。"
"MSG_C_PUNCH_R_LOSS","You couldn't catch the swift rat pack. Countless fangs closed in from below draining your strength.","素早いラットの群れを捉えきることができない。無数の牙が足元から忍び寄り、体力を削った。","你无法捕捉敏捷的老鼠群。无数毒牙从脚边袭来，不断削减你的体力。"
"MSG_C_PUNCH_S_LOSS","Your fist sank deep into the slime's elastic body. Its sticky mucus bound you as you struggled.","スライムの弾力ある体に拳が深く埋まった。抜けなくなった腕を嘲笑うかのように、粘液が絡みつく。","你的拳头深深陷入了史莱ーム充满弹性的身体里。粘液缠绕而上，仿佛在嘲笑你那无法拔出的手臂。"
"MSG_C_PUNCH_T_LOSS","Your blows were meaningless against the troll's regeneration. Its club crushed everything in its path.","トロールの驚異的な再生能力に打撃は無意味だった。巨大な棍棒の一振りが全てを粉砕した。","面对巨魔惊人的再生能力，打击毫无意义。巨大木棒的一挥便粉砕了一切。"
"MSG_C_PUNCH_U_LOSS","Your fist passed uselessly through the incorporeal undead. A cold chill of death froze your heart.","実体のないアンデッドの体を拳が虚しく通り抜けた。冷たい死の気配が心臓を凍りつかせた。","你的拳头徒劳地穿过了不死族虚幻的身体。冰冷的死亡气息令你的心脏感到冻结。"
"MSG_C_PUNCH_V_LOSS","The vampire's inhuman speed made your punch miss. From the shadows his hands sought your throat.","ヴァンパイアの超人的な反応速度に拳は空を舞った。闇に消えた彼の手が、背後から首元を狙う。","面对吸血鬼超人般的反应速度，你的一拳落空了。消失在黑暗中的他正从背后瞄准你的咽喉。"
"MSG_C_PUNCH_W_LOSS","The wolf's agile dodge caused your strike to veer off. The pack leaped at you with bared fangs.","ウルフの俊敏な回避によって一撃が逸らされた。牙を剥き出しにした獣の群れが、一斉に飛びかかる。","狼敏捷地躲过了你的一击。露出獠牙的野兽群一拥而上，向你扑来。"
"MSG_C_PUNCH_X_LOSS","Toyed with by Xalthis's many legs you couldn't aim. Its venomous limbs crept up and stung you.","ザルティスの不気味な多足に翻弄され、狙いが定まらない。毒を持つ足が静かに忍び寄り、あなたを刺した。","被扎尔提斯诡异的多肢玩弄于股掌，你无法瞄准。它那带有剧毒的足悄然逼近，刺中了你。"
"MSG_C_PUNCH_Y_LOSS","The yeti's thick fur neutralized your punch's impact. A blizzard-like chill slowed your body.","イエティの分厚い毛皮が拳の威力を完全に殺した。吹雪のような冷気が、あなたの動きを鈍らせる。","雪人厚实的毛皮完全化解了你拳头的威力。如暴风雪般的冷气令你的动作变得迟缓。"
"MSG_C_PUNCH_Z_LOSS","Every punch into the zombie's rotting flesh felt foul. Resisting the unfeeling dead barehanded was folly.","ゾンビの腐敗した肉体を殴るたび、不快な感触が広がる。痛みを感じぬ死者に、素手での抵抗は無謀だった。","每当打在僵尸腐烂的肉体上，不快感便蔓延开来。对毫无痛觉的死者行赤手空拳的抵抗终究是鲁莽的。"
"MSG_C_PRAY_A_WIN","A pure prayer calmed the ants. Forgetting the fight the insects returned to their nest.","清らかな祈りがアリの群れを包み込み、その闘争心を鎮めた。戦う理由を忘れた虫たちは、静かに巣へと帰っていった。","清澈的祈祷包围了蚁群，平息了它们的斗争心。忘记了战斗理由的昆虫们静静地回到了巢穴。"
"MSG_C_PRAY_B_WIN","A merciful prayer healed the bat and ended its frenzy. It chirped in thanks and vanished.","慈悲深き祈りがコウモリの翼を癒やし、狂乱から解き放った。魔物は感謝の鳴き声を上げ、夜の空へと消えた。","慈悲的祈祷治愈了蝙蝠的翅膀，令其从狂乱中解脱。魔物发出感谢的鸣叫，消失在夜空。"
"MSG_C_PRAY_C_WIN","A holy prayer purified the cobra's venom and calmed its soul. It coiled up and slept.","神聖な祈りが毒蛇の体内の毒を浄化し、その荒ぶる魂を鎮めた。コブラは静かにとぐろを巻き、眠りについた。","神圣的祈祷净化了毒蛇体内的剧毒，平息了它狂躁的灵魂。眼镜蛇静静地盘起身体，陷入了沉睡。"
"MSG_C_PRAY_D_WIN","A prayer reached the dragon's heart and brought peace. The legend departed beyond the clouds.","星々に届く祈りが巨竜の逆鱗を鎮め、悠久の平穏をもたらした。伝説の怪物は、静かに雲の彼方へと去っていった。","传达到星辰的祈祷平息了巨龙的逆鳞，带来了悠久的平稳。传说的怪物静静地离去，消失在云端。"
"MSG_C_PRAY_E_WIN","A prayer for the earth brought rain to the tree spirit. The forest guardian slept once more.","大地への祈りが木の精霊に恵みの雨をもたらし、その怒りを癒やした。森の守護者は、再び静かな眠りについた。","对大地的祈祷为树精带来了恩惠之雨，治愈了它的愤怒。森林守护者再次陷入了寂静的眠梦。"
"MSG_C_PRAY_F_LOSS","The prayer failed to reach the tiny fly and vanished. Its wings mocked your failed magic.","祈りの言葉は小さなハエにまで届かず、虚しく消えた。無邪気な羽音が、あなたの焦りを嘲笑う。","祈祷之言未能传达给微小的苍蝇，徒劳地消散了。天真烂漫的羽翼拍打声，嘲笑着你的焦躁。"
"MSG_C_PRAY_G_WIN","A purifying prayer crushed the goblin's malice giving it peace. It turned to dust with a smile.","浄化の祈りがゴブリンの卑屈な精神を打ち砕き、最期の安らぎを与えた。奴は初めて安らかな表情で、塵へと還った。","净化的祈祷粉碎了哥布林卑下的精神，赋予了它最后的安宁。它第一次露出安详的表情，化为了尘埃。"
"MSG_C_PRAY_H_WIN","The ringing prayer cleared the harpy's madness. Singing beautifully she ascended to Heaven.","響き渡る祈りがハーピーの狂気を取り払い、その声を美しい歌声に変えた。彼女は涙を流しながら、天へと昇った。","响彻云霄的祈祷驱散了哈皮的疯狂，将她的叫声变成了美丽的歌声。她流着泪，升向了天际。"
"MSG_C_PRAY_I_WIN","A sincere prayer broke the imp's contract and its chains. It vanished into the light in shock.","誠実な祈りがインプの悪魔的な契約を破棄し、その身を縛る楔を解いた。奴は驚きの表情のまま、光の中に消えた。","诚挚的祈祷废除了小仙女恶魔般的契约，解开了约束它身体的木楔。它带着惊愕的表情消失在光芒中。"
"MSG_C_PRAY_J_WIN","A prayer for life stabilized the jelly into a crystal. It became a poem of eternal beauty.","命への祈りがジェリーの不安定な存在を安定させ、無機質な結晶へと変えた。それは永遠の美しさを保つ、一編の詩となった。","对生命的祈祷稳定了果冻怪不稳定的存在，将其变成了无机的晶体。它化作了一首保持永恒之美的诗篇。"
"MSG_C_PRAY_K_WIN","A loving prayer quenched the kobolds' hunger. Thanking you they returned to their mountains.","慈愛の祈りがコボルドたちの飢えと渇きを癒やし、戦う意志を消し去った。彼らはあなたに礼を言い、山へと帰った。","慈爱的祈祷治愈了狗头人们的饥渴，消除了战斗意志。它们向你致谢，随后回到了山林。"
"MSG_C_PRAY_L_WIN","A prayer for nature calmed the lizard and rainbowed its scales. It faded into the water.","自然への祈りがリザードの冷酷な本能を鎮め、その鱗に虹色の輝きを与えた。魔物は静かに水面へと消えていった。","对自然的祈祷平息了蜥蜴冷酷的天性，为它的鳞片披上了虹色的光辉。魔物静静地没入了水面。"
"MSG_C_PRAY_M_LOSS","Prayer couldn't reach the mummy long abandoned by gods. The corpse draw near immune to magic.","すでに神に見捨てられたマミーに、祈りの声は届かない。呪言さえも拒絶する死体が、ゆっくりと歩み寄る。","祈祷之声无法传达给早已被神遗弃的木乃伊。拒绝一切呪言的尸体，正缓缓步步逼近。"
"MSG_C_PRAY_N_WIN","A holy prayer sublimated the naga's soul into a messenger of god. She returned to the sky.","聖なる祈りがナーガの魂を昇華させ、彼女を神の使いへと変えた。美しき人面蛇は光の羽を纏い、天へと還った。","神圣的祈祷升华了纳迦的灵魂，令其化作了神之使者。美丽的人面蛇披上光之羽翼，重返天际。"
"MSG_C_PRAY_O_LOSS","The orc believing only in blood and force crushed your prayer. Your holy words failed.","オークは自らの血と暴力のみを信じ、神聖な祈りを踏みにじった。理不尽な力の前に、あなたの祈りは途絶えた。","兽人仅信仰自己的鲜血与暴力，践踏了神圣的祈祷。在蛮横的力量面前，你的祈祷中断了。"
"MSG_C_PRAY_P_WIN","A heartfelt prayer returned the pixie to a light spirit. She smiled and blessed your journey.","心からの祈りがピクシーのいたずら心を鎮め、彼女を光の精霊へと戻した。彼女は微笑み、あなたの旅に祝福を与えた。","发自内心的祈祷平息了小仙女的恶作剧心态，令其重回光之精灵。她微笑着，为你的旅途送上了祝福。"
"MSG_C_PRAY_Q_LOSS","The coeurl's senses perceived your prayer and neutralized it. You were met with lightning.","クアールの持つ超常的な感覚が祈りの波動をも感知し、事前にその効果を霧散させた。失敗の報酬は、強烈な電撃の洗礼だった。","夸尔拥有的超常感官甚至感知到了祈祷的波动，预先使效果烟消云散。失败的回报是强烈的电击洗礼。"
"MSG_C_PRAY_R_LOSS","There was no room for prayer in the endless rat pack. Nature's harsh rule ignored your words.","尽きることのないラットの群れに、祈りが浸透する隙はなかった。弱肉強食の摂理を前に、あなたの祈りは届かない。","面对无穷无尽的老鼠群，祈祷根本没有渗透的余地。在弱肉强食的摄理面前，你的祈祷无法传达。"
"MSG_C_PRAY_S_LOSS","The slime lacked a heart to receive your prayer. It swallowed the holy waves and wriggled on.","スライムには祈りを受け取る心が存在しなかった。清らかな波動さえも飲み込み、怪物は不気味に蠢き続ける。","史莱姆并不存在能够接受祈祷的心智。它连清澈的波动都一并吞下，继续诡异地蠕动。"
"MSG_C_PRAY_T_WIN","A prayer for miracles turned the troll into a flowerbed. Silenced it became a bed for new life.","奇跡を求める祈りがトロールの再生力を暴走させ、その肉体を清らかな花園へと変えた。怪物は沈黙し、新たな命の苗床となった。","祈求奇迹的祈祷令巨魔的再生力暴走，将其肉体变成了清净的花园。怪物陷入沉默，成为了新生命的苗床。"
"MSG_C_PRAY_U_LOSS","The undead souls that refused salvation took your prayer as a curse. Their malice froze you.","アンデッドは救いを拒む魂の成れの果てであり、あなたの祈りを呪いとして受け取った。死者の怨念が、あなたの魂を直接凍りつかせた。","不死族是由于拒绝救赎而形成的灵魂残渣，它们将你的祈祷视作诅咒。死者的怨念直接冻结了你的灵魂。"
"MSG_C_PRAY_V_LOSS","The vampire laughed elegantly at your prayer from the edge of death. He sought your throat.","ヴァンパイアは死の淵を歩む者であり、あなたの祈りを優雅に嘲笑った。闇に消えた彼の手が、あなたの首元を狙う。","游走在死亡边缘的吸血鬼优雅地嘲笑着你的祈祷。消失在黑暗中的他正静静地瞄准你的咽喉。"
"MSG_C_PRAY_W_LOSS","The wolf's instinct sensed the prayer and avoided it. The pack cooperated to corner you.","ウルフの野生の直感が祈りの波動を警戒し、接近を許さなかった。群れの連携は完璧で、死角から牙が迫る。","狼的野性直觉警戒着祈祷的波动，不让其靠近。它们的协作完美无瑕，毒牙从死角逼近。"
"MSG_C_PRAY_X_LOSS","Xalthis swatted away the prayer mist and closed in. Its tenacity corrupted your own mind.","ザルティスの不気味な多足が祈りの霧を振り払い、接近を許さない。魔物の執念が、あなたの精神を逆に汚染した。","扎尔提斯诡异的多肢驱散了祈祷之雾，不让其靠近。魔物的执念反倒污染了你的精神。"
"MSG_C_PRAY_Y_LOSS","The yeti's blizzard froze your holy words solid. The weapon slipped from your unfeeling hand.","イエティの吹雪のような冷気が、神聖な祈りの言葉をそのまま凍りつかせた。感覚のなくなった手から、獲物が滑り落ちる。","雪人如暴风雪般的冷气直接将神圣的祈祷之言冻结。从失去知觉的手中，猎物滑落了。"
"MSG_C_PRAY_Z_LOSS","Prayers for salvation don't stop the moving dead. Scattering rot the zombie cornered you.","ゾンビに救いの祈りを捧げても、動く死体は止まらない。腐った肉片を撒き散らしながら、奴はあなたを追い詰める。","即使向僵尸献上救赎的祈祷，会动的尸体也不会停止。撒播着腐烂肉片的它，正将你逼入绝境。"
"MSG_C_POISON_A_WIN","You applied a fast-acting neurotoxin to the ants. The colony collapsed in a twitching heap.","アリの群れに対し、神経を麻痺させる特殊な毒を霧状に散布した。統制を失った虫たちは互いに攻撃し合い、群れは崩壊した。","你对蚁群喷洒了使神经麻痹的特殊雾状毒素。失去统制的昆虫们开始互残，蚁群随即崩溃。"
"MSG_C_POISON_B_WIN","You coated the air with a toxic gas that blind the bat. Disoriented it fell and struggled away.","大気中にコウモリの感覚を狂わせる幻覚毒を充満させた。超音波が機能しなくなった魔物は方向を見失い、壁に激突して動かなくなった。","你在大气中充满了能使蝙蝠感官狂乱的幻觉毒。超音波失效后的魔物失去了方向感，撞在墙上动弹不得。"
"MSG_C_POISON_C_WIN","You used a venom-neutralizing gas on the cobra. Weakened and confused it fled the scene.","毒蛇の天敵が持つ猛毒を精製し、その粘膜に付着させた。自身の毒を上回る激痛に、捕食者は命からがら森へと逃げ帰った。","你提炼了毒蛇天敌持有的剧毒，并将其贴附在它的粘膜上。在超越自身毒性的剧痛下，掠食者九死一生逃回了森林。"
"MSG_C_POISON_D_WIN","You used an ancient dragon-slaying oil on your blade. The legend recoiled in pain and retreated.","巨竜の硬い鱗を突き破り、深部から蝕む伝説の毒液を流し込んだ。伝説の怪物は内側から燃えるような苦悶に耐えかね、飛び去った。","你刺穿了巨龙坚硬的鳞片，注入了从深处侵蚀的传说毒液。传说的怪物难以忍受如内燃般的苦闷，振翅飞走了。"
"MSG_C_POISON_E_WIN","You injected a rot-inducing spores into the tree spirit. Fearing decay it withdrew its roots and fled.","木の精霊の樹皮へ、生命を急速に腐らせる魔性の胞子を植え付けた。枯死の恐怖に震える守護者は道を譲り、浄化のために眠りに就いた。","你在树精的树皮上植入了使生命急速腐烂的魔性孢子。由于畏惧枯死带来的恐惧，守护者让开了道路，为了净化而陷入眠梦。"
"MSG_C_POISON_F_WIN","You sprayed a microscopic acid that dissolved the fly. It vanished in a puff of green smoke.","ハエの脆弱な細胞を溶かす、極微粒子の酸を噴霧した。小さな怪物は自身の崩壊を理解する間もなく、緑色の煙となって霧散した。","你喷洒了能溶解苍蝇脆弱细胞的极微粒子酸。微小的怪物甚至来不及理解自身的崩坏，就化作绿烟消散了。"
"MSG_C_POISON_G_WIN","You tricked the goblin into eating a toxic berry. It clutched its belly and ran for help.","言葉巧みに毒性の強い「痺れキノコ」をゴブリンに食らわせた。魔物は凄まじい腹痛に悶絶し、情けない叫びを上げながら逃走した。","你巧言善辩地让哥布林吃下了毒性极强的“麻痹蘑菇”。魔物因剧烈的腹痛而闷绝，伴随着难看的叫喊声逃跑了。"
"MSG_C_POISON_H_WIN","You used a paralyzing dart to clip the harpy's wings. She plummeted and sought safety below.","空中を舞うハーピーに対し、筋肉を硬直させる毒矢を見舞った。空の女王は翼の制御を失い、無様に地面へと激突して撤退を余儀なくされた。","你对飞舞空中的哈皮使用了使肌肉僵硬的毒箭。天之女王失去了对双翼的控制，狼狈地撞向地面，不得不撤退。"
"MSG_C_POISON_I_LOSS","The imp's demonic blood neutralized your toxins. It laughed as it licked the poison from its skin.","インプの不浄な血は、あなたの用意した毒を瞬時に無効化した。小悪魔は毒の味を愉しむように舌を出し、不敵な笑みを浮かべた。","小仙女不洁的血液瞬间抵消了你准备的毒药。小恶魔如享用毒药美味般吐着舌头，浮现出不羁的笑容。"
"MSG_C_POISON_J_WIN","You injected a chemical solvent into the jelly. Overwhelmed it dissolved into a harmless puddle.","ジェリーの結合組織を破壊する特殊な溶解液を注入した。怪物の肉体は内側から崩壊し、ただの無害な粘液の塊へと成り果てた。","你注入了破坏果冻怪结合组织的特殊溶解液。怪物的肉体从内部崩坏，最终化作了一滩无害的粘液块。"
"MSG_C_POISON_K_WIN","You used a fear-inducing gas on the kobold pack. They scattered in a panicked frenzy.","コボルドの群れに対し、理性を失わせる「狂気の毒ガス」を投下した。魔物たちは幻覚に怯えて互いを噛みつき、パニックの中で四散した。","你对狗头人群投放了使人失去理性的“疯狂毒气”。魔物们被幻觉吓破了胆并相互撕咬，在恐慌中四散而逃。"
"MSG_C_POISON_L_WIN","You coated your blade with a powerful paralyzing oil. The lizard stiffened and couldn't move.","リザードの鱗の隙間に、強力な運動神経毒を塗り込んだ。冷血な掠食者の全身は瞬時に硬直、動けないまま地へと伏した。","你在蜥蜴鳞片的缝隙中涂抹了强力的运动神经毒。冷血掠食者的全身瞬间僵直，动弹不得地伏在了地面。"
"MSG_C_POISON_M_LOSS","The mummy's dried flesh felt no pain or poison. Your toxins were lost in its dusty wraps.","生を持たぬマミーに対し、生物用の毒は何の効力も持たなかった。猛毒を吸い込んだ魔物は、むしろそれをスパイスのように味わい、迫る。","对于已经失去生命的木乃伊，生物用的毒药毫无效力。吸入猛毒的魔物反倒如品味香料般享受着它，缓缓逼近。"
"MSG_C_POISON_N_WIN","You used a sophisticated mind-altering toxin on the naga. Her focus broke and she withdrew.","ナーガの高潔な精神を蝕む、魔導的な幻覚毒を練り上げた。知を誇る賢者は思考の混濁に耐えかね、静寂を求めて深淵へと逃げ去った。","你炼制了侵蚀纳迦高洁精神的魔导性幻觉毒。以智自诩的贤者无法忍受思维的浑浊，为了寻求寂静而逃向了深渊。"
"MSG_C_POISON_O_WIN","You used a muscle-weakening gas on the orc. It collapsed under the weight of its own arms.","オークの剛力な筋肉を弛緩させる、特殊な毒煙を浴びせた。暴力の化身は自慢の筋力を失い、立ち上がることもできずに地を這った。","你对兽人喷洒了使其刚力肌肉松弛的特殊毒烟。暴力的化身失去了引以为傲的筋力，连站都站不起来，只能在地上爬行。"
"MSG_C_POISON_P_LOSS","The pixie turned your poison into harmless bubbles. She blew them back in your face jokingly.","ピクシーの魔法により、あなたの用意した毒は「色鮮やかな泡」へと変えられた。精霊は愉快そうに泡を吹き、あなたの鼻先で弾けさせた。","依凭小仙女的魔法，你准备的毒药变成了“色彩鲜艳的泡泡”。精灵愉快地吹出泡泡，令其在你鼻尖绽放。"
"MSG_C_POISON_Q_WIN","You used a conductive toxin against the coeurl. Its own lightning backfired and stunned it.","クアールの超感覚を逆手に取り、体内の電位を乱す導電性の毒を与えた。怪物は自らの電撃を制御できずに自爆し、気絶して崩れ落ちた。","你反利用了夸尔的超感官，给予了扰乱其体内电位的导电性毒。怪物无法控制自身的电击而自投罗网，昏死过去并瘫倒在地。"
"MSG_C_POISON_R_WIN","You poisoned the rations of the leading rats. The pack panicked as their leaders fell and scattered.","群れのリーダーたちに、潜伏期間の短い猛毒を食らわせた。統率者を失ったラットの群れは烏合の衆と化し、混乱の中で散り散りに逃げた。","你让鼠群的首领们吃下了潜伏期极短的剧毒。失去统帅的老鼠群化作乌合之众，在混乱中四散而逃。"
"MSG_C_POISON_S_WIN","You injected a chemical solidist into the slime. It stiffened into a brittle glass and broke.","スライムの流動性を奪い、肉体を硬化させる特殊な毒を投入した。プルプルとした体は脆く凍りつき、自身の重みで粉々に砕け散った。","你投放了剥夺史莱姆流动性、使其肉体硬化的特殊毒药。Q弹的身体如脆弱的冰块般冻结，因自身的重量而粉碎。"
"MSG_C_POISON_T_WIN","You used a poison that stopped the troll's regeneration. Fearing perma-death it fled in terror.","トロールの超回復を根底から停止させる、禁断の呪毒を付着させた。再生を封じられた怪物は初めて「死の恐怖」を味わい、逃走した。","你使巨魔沾染了从根源停止其超恢复的禁断咒毒。被封印了再生的怪物平生第一次品味到了“死亡的恐怖”，仓皇逃窜。"
"MSG_C_POISON_U_LOSS","Poison has no effect on those who do not breathe. The ghost floated through your toxic mist.","死者は呼吸を必要とせず、血液も流れていない。あなたが撒いた猛毒の霧は、幽霊の透き通った体を虚しく通り抜けるだけだった。","死者无需呼吸，体内亦无血液流动。你撒下的猛毒之雾，只是空洞地穿过了幽灵透明的身体。"
"MSG_C_POISON_V_LOSS","The vampire's undying blood consumed your poison. It only served to pique his interest.","ヴァンパイアの不浄な命は、いかなる猛毒すらも栄養へと変換した。夜の王は毒による僅かな刺激を愉しみ、より深くあなたに興味を抱いた。","吸血鬼不洁的生命将任何猛毒都转换成了营养。夜之王享受着毒药带来的些许刺激，对你产生了更浓厚的兴趣。"
"MSG_C_POISON_W_WIN","You used a disorienting scent to confuse the wolves. The pack lost coordination and withdrew.","ウルフの鋭い嗅覚を焼き切る、強烈な刺激臭を撒き散らした。座標感覚を失った群れは連携を乱し、戦意を喪失して森の奥へと消えた。","你撒播了烧灼狼群敏锐嗅觉的强烈刺激性气味。失去坐标感官的狼群乱了阵脚，丧失战意并消失在森林深处。"
"MSG_C_POISON_X_LOSS","Xalthis adapted to your toxins in a heartbeat. It produced an antidote from its own many legs.","ザルティスの特異な新陳代謝は、あなたの毒を瞬時に分解、無害化させた。魔物は毒を吐き戻すように嘲笑い、さらなる執念であなたを追う。","扎尔提斯特异的新陈代谢瞬间分解并中和了你的毒。魔物如呕出毒液般嘲笑着，以更深的执念追踪着你。"
"MSG_C_POISON_Y_WIN","You used a cold-blood toxin against the yeti. It slowed its heart and forced it into a deep sleep.","イエティの生命力を奪い、強制的な休眠を引き起こす冷毒を浴びせた。怪物はあまりの眠たさに抗えず、その場に崩れ落ちて深い眠りに就いた。","你对雪人使用了剥夺生命力、引发强制休眠的冷毒。怪物无法抗拒剧烈的困意，当场瘫坐并陷入了沉睡。"
"MSG_C_POISON_Z_LOSS","The rotting dead are immune to mortal toxins. Your poison only accelerated its foul stench.","朽ち果てた肉体に、生命を冒す毒など意味をなさなかった。あなたの毒はゾンビの腐敗を一時的に早めただけで、怪物の歩みは止まらない。","对于腐朽的肉体，冒渎生命的毒药毫无意义。你的毒仅是暂时加快了僵尸的腐败，怪物的脚步并未停歇。"
"MSG_C_POISON_A_LOSS","The ants shared the toxin and grew immunity. They swarmed you with newfound rage.","アリの群れは毒に対する耐性を瞬時に共有、適応した。毒は効かず、逆に彼らを活性化させてしまった。","蚁群瞬间共有并适应了对毒药的抗性。毒药无效，反而让它们变得更加活跃。"
"MSG_C_POISON_B_LOSS","The bat used sonar to sense your poison cloud and flew around it. Your trap failed.","コウモリは超音波で毒の霧を察知し、華麗に回避した。大気を汚す試みは、ただの無駄に終わった。","蝙蝠用超音波察觉到了毒雾并华丽避开。污染大气的尝试仅化作了徒劳。"
"MSG_C_POISON_C_LOSS","The cobra was immune to your toxins and struck with its own. You fell to your own game.","毒蛇にはあなたの用意した毒が効かなかった。自身の猛毒に絶対の自信を持つ捕食者は、嘲笑うかのようにあなたへ牙を剥く。","毒蛇对你准备的毒药免疫。对自身剧毒持有绝对自信的掠食者，仿佛嘲笑般向你露出了獠牙。"
"MSG_C_POISON_D_LOSS","The dragon's skin was too thick for your poisons to penetrate. Its fiery breath ended the attempt.","ドラゴンの堅牢な鱗は、如何なる猛毒の浸食も許さなかった。怪物は不快そうに一つ鼻を鳴らし、全てを焼き尽くす炎を吐き出した。","巨龙坚固的鳞片不容许任何猛毒的侵蚀。怪物不悦地打了个鼻息，吐出了烧尽一切的火焰。"
"MSG_C_POISON_E_LOSS","The tree spirit purified your poison with forest magic. It stood firm and angry.","エントは森の浄化能力を使い、浴びせられた毒を瞬時に無害化した。汚染を試みた不届き者に対し、古き精霊は根で襲いかかる。","树精利用森林的净化能力，瞬间中和了淋向它的毒药。对于企图污染的无礼之徒，古老的精灵挥动根部袭来。"
"MSG_C_POISON_F_LOSS","You missed the small fly with your toxic spray. It buzzed around your eyes mockingly.","小さなハエに対し毒を噴霧したが、一滴も当たらない。魔物はあなたの焦りを嘲笑うかのように、顔の周りを飛び回り続ける。","你向小苍蝇喷洒了毒药，却连一滴也没中。魔物仿佛嘲笑你的焦躁般，在你的脸庞周围盘旋不去。"
"MSG_C_POISON_G_LOSS","The goblin smelled your poison and switched its drink. Now you're the one feeling dizzy.","ゴブリンは狡猾な嗅覚で毒を察知し、さりげなくグラスを入れ替えた。次に目が回ったのは、毒を盛ったはずのあなただった。","哥布林用狡猾的嗅觉察觉到了毒药，若无其事地调换了酒杯。接下来感到头晕目眩的，反倒是下毒的你。"
"MSG_C_POISON_H_LOSS","The harpy flew higher avoiding your toxic gas. She mocked you from the sky.","ハーピーは上昇気流に乗り、あなたの撒いた毒の霧を回避した。空の女王は高所からあなたを見下ろし、冷酷な叫びを上げた。","哈皮乘着上升气流，避开了你撒下的毒雾。天之女王从高处俯视着你，发出了冷酷的叫声。"
"MSG_C_POISON_I_WIN","You used a specialized demonic toxin that froze the imp's blood. It fell like a stone.","小悪魔にのみ特効を持つ「聖銀の毒」を使用した。インプの不浄な肉体は内側から浄化され、断末魔とともに消滅した。","你使用了仅对小恶魔有效的“圣银之毒”。小恶魔不洁的肉体从内部被净化，伴随着哀鸣消灭了。"
"MSG_C_POISON_J_LOSS","The jelly absorbed the poison and turned it into a new attack. Its touch became lethal.","ジェリーは毒を自身の肉体の一部として取り込み、色を不気味に変えた。猛毒を纏った怪物の触手は、もはや死の宣告と同じだ。","果冻怪将毒药作为肉体的一部分吸收，颜色变得诡异。缠绕猛毒的怪物触手，如今无异于死亡宣告。"
"MSG_C_POISON_K_LOSS","The kobolds used masks to filter your gas and surrounded you. Your tricks were expected.","コボルドたちは濡れた布で顔を覆い、毒ガスの影響を最小限に抑えた。彼らの原始的な知恵を、あなたは甘く見ていた。","狗头人们用湿布蒙住脸，将毒气的影响降到了最低。你终究是小看了它们原始的智慧。"
"MSG_C_POISON_L_LOSS","The lizard's slow metabolism meant the poison took hours to work. It killed you first.","リザードの代謝は極端に遅く、毒が回るまでにはかなりの時間を要した。毒が効く前に、捕食者の爪があなたの息の根を止めた。","蜥蜴的代谢极端缓慢，毒发需要相当长的时间。在毒效发挥前，掠食者的利爪已掐断了你的命脉。"
"MSG_C_POISON_M_WIN","You used a dust-settling poison that solidified the mummy. It shattered under its own weight.","マミーの乾いた包帯を腐らせる、特殊な微生物毒を散布した。数千年の眠りを守っていた布は瞬時に崩れ、魔物は塵へと還った。","你喷洒了专门腐蚀木乃伊干燥绷带的特殊微生物毒。守护了数千年眠梦的布片瞬间崩塌，魔物重归尘土。"
"MSG_C_POISON_N_LOSS","The naga neutralized your poison with an antidote she had prepared. She mocked your lack of ingenuity.","ナーガは自ら精製した解毒薬を飲み、あなたの毒を無力化した。美しき賢者の前で、その程度の小細工が通じるはずもなかった。","纳迦饮下了亲手精制的解毒药，中和了你的毒。在美丽的贤者面前，这种程度的小把戏根本行不通。"
"MSG_C_POISON_O_LOSS","The orc used its raw strength to force the poison out of its veins. Its rage only grew.","オークは凄まじい気合で毒の浸食を押し留め、力任せに立ち上がった。体に回る毒さえも、破壊衝動を加速させる燃料でしかない。","兽人以惊人的斗志压制了毒素的侵蚀，并凭蛮力站了起来。流转体内的毒药亦成了加速破坏冲动的燃料。"
"MSG_C_POISON_P_WIN","You tricked the pixie into sniffing a toxic flower. She fell into a deep, magical slumber.","ピクシーが好む花の香りに、微弱な眠り毒を混ぜておいた。妖精は無邪気にその香りを吸い込み、そのまま昏睡へと落ちた。","你在小仙女喜好的花香中混入了微弱的眠毒。精灵天真烂漫地吸入了那股香气，就那样陷入了昏睡。"
"MSG_C_POISON_Q_LOSS","The coeurl used static electricity to burn the toxic particles away. Its fur sparkled aggressively.","クアールの全身から放電し、大気中の毒の粒子を焼き払った。怪物は不敵に牙を剥き、次の瞬間にあなたの心臓を貫いた。","夸尔全身放电，烧尽了大器中的毒素粒子。怪物不羁地露出獠牙，在下一瞬贯穿了你的心脏。"
"MSG_C_POISON_R_LOSS","The rat swarm was too large for your poison to cover. They trampled the fallen and kept coming.","あなたの用意した毒で殺せたのは、数千の群れのほんの一部に過ぎなかった。ネズミたちは仲間を乗り越え、さらに激しく迫る。","你准备的毒药仅毒杀了数千规模族群中的极少一部分。老鼠们越过同伴，更加剧烈地逼近。"
"MSG_C_POISON_S_LOSS","The slime grew larger as it absorbed the organic toxin. It found your gift tasty.","スライムは浴びせられた毒さえも栄養として吸収し、さらにその質量を増大させた。怪物にとって、毒は最高のご馳走だったようだ。","史莱姆连淋向它的毒药都作为营养吸收了，并进一步增加了质量。对于怪物来说，毒药似乎是顶级的珍馐。"
"MSG_C_POISON_T_LOSS","The troll's blood boiled and rejected the poison. Its healing power was too great to fail.","トロールの狂暴な生命力は、体内の毒を無理やり体外へと排出した。細胞レベルでの驚異的な再生を前に、毒は無力だった。","巨魔狂暴的生命力强行将体内的毒素排出了体外。在细胞级别的惊人再生面前，毒药毫无用处。"
"MSG_C_POISON_U_WIN","You used a holy water based poison that dissolved the ghost. It vanished into light.","生者には無害だが、死者の霊体を腐らせる「浄化の毒」を使用した。アンデッドの体は光の粒となって崩れ、安らかな終焉を迎えた。","你使用了对生者无害、却能腐蚀死者灵体的“净化之毒”。不死族的身体化作光粒崩塌了，迎来了安详的终焉。"
"MSG_C_POISON_V_WIN","You tainted your own blood with holy silver. When the vampire bit you he collapsed in pain.","自らの血の中に「聖なる毒」を循環させ、あえて首元を差し出した。ヴァンパイアは慢心ゆえにそれを飲み干し、内側から焼かれて消滅した。","你让“神神之毒”在自身血液中循环，并特意献出了咽喉。吸血鬼因慢心而将其一饮而尽，从内部燃烧并消灭了。"
"MSG_C_POISON_W_LOSS","The wolves worked together to drag their poisoned brothers away while the rest hunted you.","ウルフの群れは中毒した仲間を素早く後退させ、代わりの個体があなたを包囲した。その完璧な連携に、毒が食い込む余地はなかった。","狼群迅速撤回了中毒的同类，并由其他个体代替包围了你。在那完美的协作面前，毒药并无发挥余地。"
"MSG_C_POISON_X_WIN","You injected a fast-acting paralyzing agent into Xalthis's key joints. It stood stiff as a statue.","ザルティスの無数の脚の付け根へと、極小の毒針を正確に打ち込んだ。魔物は姿勢を制御できなくなり、無様に崩れ落ちて動かなくなった。","你向扎尔提斯无数肢节的根部精准刺入了几角极小的毒针。魔物无法控制姿势，狼狈崩坏并动弹不得。"
"MSG_C_POISON_Y_LOSS","The yeti's cold blood barely circulated making the poison ineffective. It roared and charged.","イエティの心拍数は極めて低く、毒が全身に回ることはなかった。怪物は怒りの咆哮を上げ、その巨体であなたを押し潰しにかかる。","雪人的心率极其低下，毒素无法传遍全身。怪物发出了愤怒的咆哮，用如山的巨体试图将你压扁。"
"MSG_C_POISON_Z_WIN","You used a concentrated rot toxin that accelerated the zombie's decay until it fell apart.","ゾンビの腐敗を極限まで加速させる特殊な毒を投与した。怪物の肉体は自立できなくなるまで崩壊し、ただの汚物へと還った。","你投喂了使其腐化极限加速的特殊毒药。僵尸的肉体崩坏至无法自立，还原成了一滩污物。"
"MSG_C_PIERCE_A_WIN","You pierced the ant's joint with a sharp strike. Its movement ceased instantly.","アリの関節を鋭い一突きで貫いた。その動きは一瞬で停止した。","你用锋利的一击刺穿了蚂蚁的关节。它的动作瞬间停止了。"
"MSG_C_PIERCE_B_WIN","You accurately pierced the bat's heart in mid-air. It fell without a sound.","空中のバットの心臓を的確に貫いた。そのまま物言わぬ骸となって地に堕ちた。","你精准地刺穿了空中蝙蝠的心脏。它无声无息地掉落了。"
"MSG_C_PIERCE_C_LOSS","The cobra's winding body avoided your thrust. It prepared its counter-strike immediately.","コブラの曲がりくねった体が突きをかわした。即座に反撃の体勢を整えた。","眼镜蛇蜿蜒的身体躲过了你的刺击。它立即准备好了反击。"
"MSG_C_PIERCE_D_LOSS","The dragon's scales were too thick for your pierce. Your weapon recoiled with a metallic clang.","ドラゴンの鱗はあまりに厚く、貫くことはできなかった。金属音と共に武器が弾かれた。","巨龙的鳞片太厚，你的贯穿无效。你的武器伴随着金属撞击声弹开了。"
"MSG_C_PIERCE_E_LOSS","Your strike was buried in the Ent's thick bark, losing its edge. The tree remained unmoved.","エントの厚い樹皮に突きが埋まり、威力が削がれた。大樹は微動だにしない。","你的攻击埋进了树精厚厚的树皮中，失去了锋芒。大树岿然不动。"
"MSG_C_PIERCE_F_WIN","One sharp thrust caught the fly out of the air. Its tiny buzzing was cut short.","鋭い一突きが空中のハエを捉えた。小さな羽音は唐突に途絶えた。","锐利的一刺捕捉到了空中的苍蝇。微小的嗡嗡声戛然而止。"
"MSG_C_PIERCE_G_LOSS","The goblin parried your thrust with a crude blade. It grinned, sensing your opening.","ゴブリンが粗末な刃で突きを受け流した。隙を見つけたと言わんばかりにニヤリと笑う。","哥布林用粗糙的刃口挡住了你的刺击。它咧嘴一笑，察觉到了你的破绽。"
"MSG_C_PIERCE_H_LOSS","The harpy's rapid flight made your pierce hitting only tailwinds. She shrieked in derision.","ハーピーの高速飛行に突きは空を切った。彼女は追い風の中で嘲笑の叫びを上げた。","哈比急速的飞行让你的一刺只击中了尾风。她发出嘲笑的尖叫。"
"MSG_C_PIERCE_I_LOSS","The imp vanished in a puff of smoke before your blade connected. It taunted you from afar.","刃が届く直前、インプは煙と共に消えた。遠くからあなたを挑発している。","在刀刃触及前，小恶魔在一阵烟雾中消失了。它从远处挑衅你。"
"MSG_C_PIERCE_J_LOSS","The jelly's elastic body absorbed the impact of your pierce. It rippled, but stayed intact.","ジェリーの弾力ある体が突きの衝撃を吸収した。波打つだけで、核には届かない。","胶状体弹性的身体吸收了你刺击的冲击。它起伏不定，但保持完好。"
"MSG_C_PIERCE_K_WIN","You pierced the kobold's defense with a calculated strike. It collapsed with a short yelp.","計算された一撃でコボルドの防御を貫いた。短い悲鳴と共に奴は倒れた。","你用经过计算的一击刺穿了狗头人的防御。它发出一声短促的哀鸣后倒下了。"
"MSG_C_PIERCE_L_LOSS","The lizard's slippery skin caused your weapon to glide off. It glared at you with cold eyes.","リザードの滑りやすい皮膚に武器が流された。冷酷な瞳であなたを睨みつける。","蜥蜴湿滑的皮肤让你的武器滑开了。它用寒冷的目光瞪着你。"
"MSG_C_PIERCE_M_LOSS","Your pierce passed through the mummy's dry bandages without finding a heart. It kept moving.","マミーの乾いた包帯を突き抜けたが、手応えがない。死者は止まらずに歩み寄る。","你的贯穿穿透了木乃伊干燥的绷带，却没有击中心脏。它继续移动。"
"MSG_C_PIERCE_N_LOSS","The naga parried your strike with its powerful tail. Its eyes glowed with prehistoric malice.","ナーガが強力な尾で一撃を弾いた。その瞳には太古の悪意が宿っている。","娜迦用它强力的尾巴挡住了你的攻击。它的眼睛闪烁着史前的恶意。"
"MSG_C_PIERCE_O_LOSS","The orc's heavy armor turned your pierce into a mere scratch. It prepared its massive axe.","オークの重厚な鎧に突きは阻まれ、かすり傷に終わった。奴は大斧を構え直した。","兽人的重甲让你的贯穿只留下了一道划痕。它准备好了巨大的斧头。"
"MSG_C_PIERCE_P_WIN","You caught the shimmering pixie with a rapid-fire thrust. Her magic light faded instantly.","微かに輝くピクシーを電光石火の突きで捉えた。彼女の魔法の光は一瞬で消えた。","你用连发的刺击抓住了闪烁的小精灵。她的魔法光芒瞬间消失了。"
"MSG_C_PIERCE_Q_LOSS","The coeurl's electric fur repelled your blade with a spark. Lightning numbed your arm.","クアールの電磁的な毛並みが火花を散らして刃を跳ね返した。雷撃が腕を痺れさせる。","灵猫带电的皮毛伴随着火花弹开了你的刀刃。闪电让你的手臂发麻。"
"MSG_C_PIERCE_R_LOSS","You couldn't aim through the overwhelming rat swarm. Their numbers made piercing impossible.","圧倒的な数のラットの群れに狙いが定まらない。数に押されて突きが届かない。","你无法在压倒性的鼠群中瞄准。它们的数量让贯穿变得不可能。"
"MSG_C_PIERCE_S_LOSS","Your weapon was swallowed by the slime's core. It felt like piercing slow-moving tar.","武器がスライムの核に飲み込まれた。まるで重い泥を突いているような感覚だ。","你的武器被史莱姆的核心吞噬了。感觉就像刺入了缓慢移动的焦油。"
"MSG_C_PIERCE_T_LOSS","The troll's massive palm caught your spear before it reached its mark. It laughed gruffly.","目標に届く前にトロールの巨大な掌に槍を掴まれた。奴は野太い笑い声を漏らす。","在你击中目标前，巨魔巨大的手掌抓住了你的长枪。它发出了沙哑的笑声。"
"MSG_C_PIERCE_U_WIN","Your magically infused strike pierced the spectral undead. It dissipated back into the ether.","魔力を帯びた一撃が亡霊を貫いた。奴はエーテルの霧となって消え去った。","你带魔力的一击刺穿了幽灵亡灵。它消散回了以太中。"
"MSG_C_PIERCE_V_WIN","A silver-tipped pierce found the vampire's heart during his lunge. He crumbled to ash.","銀の突きが吸血鬼の心臓を射抜いた。闇の貴族は灰となって風に舞った。","一个银尖贯穿击中了吸血鬼在冲刺时的心脏。他崩解成了灰烬。"
"MSG_C_PIERCE_W_LOSS","The wolf's pack coordination forced your strike to miss. Fangs closed in from your blind spot.","ウルフの群れの連携が突きを逸らせた。死角から牙が迫ってくる。","狼群的协作让你的一击落空。獠牙从你的死角逼近。"
"MSG_C_PIERCE_X_LOSS","Xalthis's many legs entangled your weapon, diverting the pierce. It hissed in ancient tongues.","ザルシスの無数の脚が武器を絡め取り、突きを逸らした。奴は太古の言葉で囁く。","札尔西斯众多的肢体缠住了你的武器，偏转了贯穿。它用古老的语言嘶鸣。"
"MSG_C_PIERCE_Y_LOSS","The yeti's iron-hard muscles neutralized your strike. It prepared a bone-crushing slam.","イエティの鋼のような筋肉に一撃が封じられた。奴は骨を砕くような一打を繰り出す。","雪人如钢铁般坚硬的肌肉中和了你的攻击。它准备了一次震碎骨头的重击。"
"MSG_C_PIERCE_Z_LOSS","You pierced the zombie's chest, but the unfeeling corpse ignored the wound. It grabbed you.","ゾンビの胸を貫いたが、奴は痛みを感じない。そのまま汚れた腕であなたを掴んだ。","你刺穿了丧尸的胸膛，但毫无知觉的尸体无视了伤口。它抓住了你。"
"MSG_C_PERSUADE_A_WIN","You carefully laid a trail of sugar crystals leading away from the colony's path and the entire formation followed it single-mindedly into a dead end. Ants respect a good argument when it is expressed in pheromones.","砂糖の結晶でコロニーの進路から離れる道を丁寧に作り、群れ全体がひたむきに行き止まりへと進んでいった。アリはフェロモンで表現される良い主張を尊重する。","你用心铺设了一条通往蚁群路径之外的砂糖晶体小道，整个队列一心不乱地跟着走向了死胡同。蚂蚁尊重用信息素表达的好理由。"
"MSG_C_PERSUADE_B_LOSS","The bat operates on sonar and hunger and neither of those has an argument to answer. It expressed its disagreement at approximately forty kilometres per hour directly into your chest.","コウモリはソナーと空腹で動き、どちらも答えるべき主張を持たない。奴はあなたの胸に向かって時速約四十キロメートルで異議を表明した。","蝙蝠依靠声呐和饥饿运作，两者都没有需要回应的论点。它以大约每小时四十公里的速度朝你的胸口直接表达了异议。"
"MSG_C_PERSUADE_C_WIN","You presented the cobra with a compelling argument that you were a larger and more dangerous predator whose territory it had mistakenly entered. The cobra reconsidered this position at length and withdrew.","あなたがより大きく危険な捕食者であり、奴が誤って侵入した縄張りにいると、コブラに説得力ある主張を提示した。コブラはこの立場を長々と再考し、引いていった。","你向眼镜蛇提出了一个有力的论点，说明你是一只更大更危险的掠食者，而它误入了你的领地。眼镜蛇对此立场进行了长时间的重新考量，随后退了回去。"
"MSG_C_PERSUADE_D_WIN","You made the dragon an offer it found genuinely interesting: the location of a legendary vault rumoured to contain more gold than it currently owned. It left immediately to investigate and did not return.","現在所有しているより多くの金が眠ると噂される伝説の金庫の場所という、竜が本当に興味深いと感じた提案をした。奴は即座に調査に出発し、戻ってこなかった。","你向巨龙提出了一个它真正感兴趣的提议：一个据说藏有比它现在所拥有更多黄金的传奇金库的位置。它立即离开去勘察了，再也没有回来。"
"MSG_C_PERSUADE_E_WIN","You argued convincingly that the corridor you occupied was already scheduled for logging and that cooperation now would result in its grove being declared a protected area. The Ent considered this soberly and stepped aside.","あなたが占領する廊下がすでに伐採予定で、今協力することで奴の木立が保護区に指定されると、説得力を持って主張した。エントはこれを冷静に考え、脇に退いた。","你令人信服地论证道，你所占据的走廊已列入伐木计划，而现在的合作将使它的树丛被划定为保护区。树人冷静地考量此事，侧身让开了路。"
"MSG_C_PERSUADE_F_WIN","You convinced the fly that the far end of the corridor smelled precisely of the specific variety of rotting matter it found most appealing. It was gone before you finished the second sentence.","廊下の遠い端が、奴が最も好む特定の腐敗物の匂いがすると、ハエを説得した。奴はあなたが二文目を言い終える前にいなくなっていた。","你说服了苍蝇，告诉它走廊的远处正好散发着它最喜爱的那种特定腐败物的气味。你还没说完第二句它就消失了。"
"MSG_C_PERSUADE_G_WIN","You told the goblin that a rival gang had been spotted moving toward its personal stash and that it needed to leave immediately to protect its hoard. It was sprinting down the corridor within seconds.","ライバルのギャングが奴の個人的な貯蔵庫に向かっているのが目撃されたと告げ、財宝を守るために即座に立ち去る必要があると言った。奴は数秒以内に廊下を全力疾走していた。","你告诉哥布林，有人目击到一个竞争帮派正朝它的私人藏宝地移动，它必须立刻离开去保护财宝。它在几秒内便沿着走廊冲出去了。"
"MSG_C_PERSUADE_H_WIN","You negotiated a trade: your voluntary departure from the hunting corridor in exchange for safe passage through the harpy's airspace. She considered the efficiency and accepted. A deal is a deal even at altitude.","狩りの廊下からの自発的な退去と引き換えに、ハーピーの空域を通る安全な通行という取引を交渉した。奴は効率性を考慮して受け入れた。高度があっても取引は取引だ。","你谈判了一笔交易：你自愿离开狩猎走廊，换取通过鹰身女妖领空的安全通行权。她权衡了效率后接受了。即使在高空，交易就是交易。"
"MSG_C_PERSUADE_I_LOSS","The imp listened to every word with apparent fascination and then stole your argument entirely and used it to persuade you that you wanted to leave of your own accord. You were three corridors away before you realized what had happened.","インプは明らかに魅了されながら全ての言葉を聞き、完全にあなたの主張を盗み、自分の意志で立ち去りたいとあなたを説得するために使った。何が起きたか気づいたとき、あなたはすでに三つの廊下先にいた。","小仙女明显着迷地听了每一句话，然后彻底偷走了你的论点，用它来说服你是自愿想要离开的。等你意识到发生了什么，你已经走出了三条走廊之外。"
"MSG_C_PERSUADE_J_LOSS","Jerry absorbed your words in the same way it absorbs everything else: completely and without processing their meaning. Your most eloquent sentences simply became part of its mass and it continued flowing toward you.","ジェリーはあなたの言葉を他の全てを吸収するのと同じように吸収した：完全に、その意味を処理することなく。あなたの最も雄弁な文章はただ奴の質量の一部になり、奴はあなたへ向けて流れ続けた。","果冻怪吸收了你的话语，就像吸收其他一切一样：彻底地，却没有处理其含义。你最雄辩的句子就这样成了它躯体的一部分，而它继续朝着你流淌而来。"
"MSG_C_PERSUADE_K_WIN","You invoked the ancient kobold doctrine that any being capable of speaking the terms of a challenge is automatically granted the status of a worthy opponent and must be escorted to the clan leader rather than destroyed.","挑戦の条件を言葉で述べることができる存在はどんな者でも自動的に立派な対戦相手の地位を与えられ、滅ぼされるのではなく氏族の長の元へ護衛されなければならないという、古代のコボルドの教義を持ち出した。","你援引了古老的狗头人教义：任何能够讲出挑战条款的存在，自动获得值得一战的对手身份，必须被护送至族长面前，而不是就地消灭。"
"MSG_C_PERSUADE_L_WIN","You convinced the lizard that the sunny basin two corridors north was entirely uncontested territory with excellent basking rocks and no natural predators. Its cold-blooded priorities reorganized instantly and it departed without a backward glance.","北に二廊下行った日当たりの良い盆地が、素晴らしい日光浴の岩と天敵のない、全く争われていない領土だと、リザードを説得した。奴の冷血な優先順位は即座に再編され、振り返ることなく出発した。","你说服了蜥蜴，告诉它北边两条走廊处有一片阳光充足的盆地，是完全无人争夺的领地，有绝佳的晒太阳石块，且无天敌。它冷血的优先级立刻重新排列，头也不回地离开了。"
"MSG_C_PERSUADE_M_WIN","You located the curse tablet at the centre of the mummy's binding ritual and read aloud a formal counter-declaration nullifying the original command. Ancient law is ancient law and the mummy was legally obligated to halt.","マミーの縛りの儀式の中心にある呪いの石板を見つけ、元の命令を無効にする正式な対抗宣言を声に出して読んだ。古代の法は古代の法であり、マミーは法的に停止する義務を負った。","你找到了木乃伊束缚仪式核心处的诅咒石板，大声宣读了一份正式的反驳声明，使原始命令无效。古老的法律就是古老的法律，木乃伊在法律上有义务停下来。"
"MSG_C_PERSUADE_N_WIN","You addressed the naga in the formal register of Old Serpent and proposed a border arrangement that acknowledged her sovereignty over the subterranean waterways in exchange for surface passage rights. She found the terms reasonable and coiled aside.","古代蛇語の正式な格式でナーガに語り掛け、地下水路に対する奴の主権を認める代わりに地上通行権を与えるという境界の取り決めを提案した。奴は条件を妥当と見なしてとぐろを巻きながら脇に退いた。","你以古蛇文的正式体裁向蛇妖发言，提出了一项边界协议，以承认她对地下水道的主权换取地面通行权。她认为条款合理，盘着身子让到了一旁。"
"MSG_C_PERSUADE_O_LOSS","The orc understood every individual word you said and rejected each one on its merits by punching you. This is a valid form of counterargument in orcish jurisprudence and technically you lost the debate on points.","オークはあなたの言った全ての単語を理解し、あなたを殴ることでその功績に基づいてそれぞれを拒否した。これはオークの法律制度において有効な反論の形式であり、技術的にはあなたは得点でディベートに負けた。","兽人理解了你说的每一个单词，并通过打你对每一个单词的功过进行了驳斥。这是兽人法学中一种有效的反驳形式，从技术层面上说，你在分数上输掉了这场辩论。"
"MSG_C_PERSUADE_P_WIN","You offered the pixie an alliance against a rival pixie you claimed had been saying unflattering things about her wing symmetry. She was outraged and redirected her full attention to hunting down this fictional enemy entirely.","奴の翅の対称性についてお世辞にもならないことを言っていると主張するライバルのピクシーへの同盟を提示した。奴は激怒し、この架空の敵を追い詰めることに全ての注意を向け直した。","你向小仙女提出结盟，对付一个你声称一直在说她翅膀对称性不好听话的竞争小仙女。她勃然大怒，将全部注意力重新转向了追捕这个虚构的敌人。"
"MSG_C_PERSUADE_Q_LOSS","The coeurl pre-empted your opening statement by broadcasting a precise electromagnetic pulse that made your jaw seize mid-sentence. You had a very sophisticated argument prepared and received no opportunity to deliver any of it.","クアールはあなたの冒頭声明を先取りし、文の途中であなたの顎を固まらせる正確な電磁パルスを放った。あなたは非常に洗練された主張を用意していたが、そのどれも述べる機会を得られなかった。","夸尔抢先于你的开场陈述，发射了一道精确的电磁脉冲，使你的下颌在句子中途卡住了。你准备了一套非常精妙的论点，却没有得到任何陈述的机会。"
"MSG_C_PERSUADE_R_LOSS","A thousand rats have no designated spokesperson and no dispute resolution mechanism. Your carefully reasoned position reached exactly zero of them because each individual rat was already committed to the singular goal of reaching you.","千匹のラットには指定されたスポークスパーソンも紛争解決メカニズムもない。あなたの慎重に推論された立場は奴らの誰一人にも届かなかった。なぜなら個々のラットはすでにあなたに到達するという唯一の目標に誓約していたからだ。","数以千计的老鼠没有指定发言人，也没有纠纷解决机制。你精心论证的立场一只也没接触到，因为每一只老鼠都已然专注于到达你这个唯一的目标。"
"MSG_C_PERSUADE_S_WIN","You began a negotiation and the slime paused. This was unprecedented. In the pause you outlined a mutual non-aggression pact and the slime's chemical agreement reflex fired positively. It oozed aside and let you pass.","交渉を始めると、スライムは立ち止まった。これは前例のないことだった。その休止の間に相互不可侵協定の概要を説明すると、スライムの化学的合意反射が肯定的に発火した。奴はじわりと脇に退き、通してくれた。","你开始谈判，史莱姆停了下来。这是史无前例的。在这段停顿中，你概述了一项互不侵犯协议，史莱姆的化学协议反射积极地启动了。它渗流到一旁，让你通过。"
"MSG_C_PERSUADE_T_LOSS","The troll listened to your opening argument and then ate the section of dungeon wall you were leaning against to demonstrate that listening was over. It communicates primarily through structural demolition.","トロールはあなたの最初の主張を聞き、その後聴くことが終わったことを示すためにあなたが寄りかかっていたダンジョンの壁の部分を食べた。奴は主に構造破壊によってコミュニケーションを取る。","巨魔听了你的开场论点，然后吃掉了你所靠着的那段地牢墙壁，以示倾听的结束。它主要通过结构性破坏来进行沟通。"
"MSG_C_PERSUADE_U_LOSS","A ghost has been unreachable by argument for longer than your lineage has existed. It listened to you with genuine patience and then passed through you anyway to illustrate that its decision was not subject to appeal.","亡霊はあなたの家系が存在するよりも長い間、議論によって到達できない状態だ。奴はあなたを真の忍耐を持って聞き、その後、自分の決定が異議を受け付けないことを示すためにとにかくあなたをすり抜けた。","幽灵被论证触达的时间，比你的家族存在的时间还要长。它以真正的耐性倾听了你的话，然后还是穿过了你，以示其决定不受上诉约束。"
"MSG_C_PERSUADE_V_WIN","You located the one thing a vampire cannot argue against: a historically documented blood debt owed to your bloodline by the vampire's own sire. Ancient vampire honour codes left it legally unable to refuse and it stood aside with visible irritation.","ヴァンパイアが反論できない唯一のものを見つけた：ヴァンパイア自身の師が、あなたの血筋に負っている歴史的に記録された血の負債だ。古代ヴァンパイアの名誉法典は法的に奴が拒否できなくし、奴は明らかな苛立ちと共に脇に退いた。","你找到了吸血鬼无法反驳的唯一一件事：吸血鬼自己的宗师欠下你血脉的、有历史记录的血债。古老的吸血鬼荣誉法典使它在法律上无法拒绝，它带着明显的恼怒站到了一旁。"
"MSG_C_PERSUADE_W_WIN","You convinced the alpha that an upstart rival wolf had been scent-marking the edges of the pack's territory while the alpha was occupied with you. It departed at full sprint to address this threat and the rest of the pack followed without question.","あなたのことで頭が占領されているアルファの縄張りの端を、生意気なライバルの狼がマーキングしていると、アルファを説得した。奴はこの脅威に対処するために全速力で立ち去り、残りの群れは疑問を持たずに従った。","你说服了头狼，告诉它一只冒进的竞争狼趁头狼忙于应付你之际一直在它领地边界进行气味标记。头狼以全速离开去处理这个威胁，而其余的群体毫不质疑地跟了上去。"
"MSG_C_PERSUADE_X_LOSS","Xalthis has heard every argument that any being has ever made and has already prepared its rebuttal to arguments that have not yet been invented. Your most original point was filed away under a category it established three civilizations ago.","ザルティスはいかなる存在がこれまでに行ったすべての主張を聞き、まだ発明されていない主張への反論もすでに準備している。あなたの最も独創的な論点は、奴が三文明前に確立したカテゴリーの下にファイルされた。","扎尔提斯听过任何存在有史以来发出的每一个论点，并已备好了对尚未被发明的论点的反驳。你最具独创性的论点被归档在了它三个文明前建立的一个类别之下。"
"MSG_C_PERSUADE_Y_LOSS","The yeti does not negotiate because the mountain does not negotiate. You made your case in full and the yeti communicated its position by lifting you by one ankle and dangling you at arm's length while it considered which direction to throw.","イエティは交渉しない。なぜなら山は交渉しないからだ。あなたは完全に自分の主張を述べ、イエティは片足首であなたを持ち上げてどこへ投げようか考えながら腕の長さで宙吊りにすることで自分の立場を伝えた。","雪人不谈判，因为山不谈判。你完整地陈述了你的观点，雪人通过用一只脚踝提起你，在它考虑往哪个方向抛的时候以臂长的距离将你悬在半空，来传达了它的立场。"
"MSG_C_PERSUADE_Z_LOSS","Zombies receive no argument because they have no mechanism to weigh one. Your eloquent plea reached a dead nervous system and went no further. It did not slow its advance by even a single shuffling step.","ゾンビは主張を受け取らない。なぜなら奴らにはそれを考量する仕組みがないからだ。あなたの雄弁な訴えは死んだ神経系に到達し、それ以上進まなかった。奴はよたよた歩く一歩分さえ前進を遅らせなかった。","僵尸不接受论点，因为它们没有权衡论点的机制。你雄辩的诉求抵达了一个死去的神经系统，再没有前进一步。它的推进连一次拖步都没有放慢。"
"MSG_C_PROPAGANDA_A_WIN","You scattered flyers throughout the tunnel detailing a utopian colony where the workers are treated as royalty. The ants stopped their disciplined march to examine the colorful diagrams and persuasive slogans. Within minutes, the hierarchy collapsed as the workers began debating their rights and the distribution of jelly. The queen's frantic pheromones were ignored in the sudden surge of individualist thought. You strolled past the disorganized colony while they were busy electing a representative.","働きアリが王族のように扱われるユートピア的なコロニーを詳述したチラシを、トンネル中にばら撒いた。アリたちは規律ある行進を止め、色鮮やかな図解と説得力のあるスローガンを調べ始めた。数分のうちに、労働者が自分たちの権利とゼリーの分配について議論を始めたため、階級制度は崩壊した。女王の必死のフェロモンは、突如として湧き上がった個人主義思想の中で無視された。アリたちが代表を選出している間に、あなたはその無秩序なコロニーを悠々と通り過ぎた。","你在隧道里撒满了印有劳动者能享受皇室待遇的乌托邦蚁群详情的传单。蚂蚁们停止了纪律严明的行军，开始研究那些色彩鲜艳的图表和极具说服力的标语。几分钟内，随着工蚁们开始争论自己的权利和果冻分配，等级制度彻底崩溃。在突如其来的个人主义思潮中，蚁后绝望的信息素被彻底无视。当蚂蚁们忙着选举代表时，你悠闲地走过了这个陷入无序的蚁群。"
"MSG_C_PROPAGANDA_B_WIN","You broadcasted high-frequency signals that sounded like a glowing endorsement of a nearby cave with better echoes. The bat, usually so skeptical of sound, found the ""user reviews"" of the other location irresistible. It performed a series of graceful aerial maneuvers as it prepared to migrate to its new ""five-star"" home. The confusion caused by your imaginary advertisements left the corridor completely unguarded. You watched as the creature flew in the opposite direction, searching for the luxury it would never find. It didn't even notice you were there.","より良いエコーが響く近くの洞窟を熱烈に推奨する高周波信号を放送した。普段は音に対して懐疑的なコウモリも、その場所の「ユーザーレビュー」には抗えなかった。コウモリは新しい「五つ星」の家へと移住する準備として、一連の優雅な空中機動を披露した。架空の広告が生んだ混乱により、廊下は完全に無防備となった。決して見つかることのない贅沢を求めて、魔物が反対方向に飛んでいくのをあなたは見守った。奴はあなたがそこにいることさえ気づかなかった。","你播出了一段高频信号，听起来像是对附近一个回声更好的洞穴的热烈推荐。平素对声音多疑的蝙蝠，发现那个地点的“用户评论”简直无法抗拒。它在准备迁往那个“五星级”新家时，展示了一系列优雅的空中动作。你虚构的广告所引发的混乱，让走廊处于完全不设防的状态。你看着那个生物朝着相反的方向飞去，寻找它永远无法找到的奢华住所。它甚至没有察觉到你的存在。"
"MSG_C_PROPAGANDA_C_WIN","You convinced the cobra that it wasn't a lethal predator, but a misunderstood serpent being oppressed by the dungeon's ""aggressive"" architecture. The snake paused its strike, its hooded head tilting as it processed the idea of its own victimhood. It began to see the cold stone floor not as its domain, but as a structural barrier to its personal growth. Instead of biting, the cobra started a peaceful protest by coiling itself into a giant, motionless knot. You carefully stepped around the striking surface of the ""protesting"" reptile. It was too busy contemplating its new identity to attack.","コブラに対し、自分は致命的な捕食者ではなく、ダンジョンの「攻撃的な」建築様式に抑圧された誤解されている蛇なのだと説得した。蛇は攻撃を止め、自身が被害者であるという考えを処理しながらフード付きの頭を傾けた。奴は冷たい石の床を、自分の縄張りではなく自己成長の構造的な障壁として見始めた。噛みつく代わりに、コブラは巨大な動かない結び目になって平和的な抗議を始めた。あなたは「抗議中」の爬虫類の攻撃範囲を慎重に避けて進んだ。奴は新しいアイデンティティを熟考するのに忙しく、攻撃してくることはなかった。","你说服了眼镜蛇，让它相信自己并非致命的掠食者，而是一个被地牢“侵略性”建筑压迫的受误解灵蛇。蛇停止了攻击，它那带兜帽的脑袋歪着，消化着关于自己也是受害者的想法。它开始不再将冰冷的石地板视为领地，而是将其看作阻碍它个人成长的结构性障碍。眼镜蛇没有发动攻击，而是把自己盘成了一个巨大的、一动不动的结，以此进行和平抗议。你小心翼翼地绕过了这只“抗议中”爬行动物的攻击范围。它正忙于沉思自己的新身份，根本无暇发动进攻。"
"MSG_C_PROPAGANDA_D_WIN","You convinced the dragon that its hoard of gold was actually a depreciating asset and that the real treasure was ""exposure"" and ""social capital."" The beast looked at its glittering mountain with sudden, profound suspicion, realizing it had no followers to showcase its wealth to. It began to panic about its lack of a personal brand in the wider dungeon ecosystem. You offered to ""manage"" its reputation in exchange for safe passage through the chamber. The dragon sat down and began drafting a manifesto about the vanity of material goods. You left the beast staring at the wall, questioning the meaning of its legendary existence.","ドラゴンに対し、持ち物の金の山は実際には減価償却資産であり、真の宝は「認知度」と「ソーシャルキャピタル」であることを説得した。魔物は突然の深い疑念を持って輝く山を見つめ、自分の富を披露するフォロワーがいないことに気づいた。奴は広いダンジョンのエコシステムの中で自分のパーソナルブランドが欠けていることにパニックになり始めた。あなたは、部屋の安全な通過と引き換えに奴の評判を「管理」することを申し出た。ドラゴンは腰を下ろし、物質的なものの虚栄心についてのマニフェストを起草し始めた。あなたは伝説的な存在の意味を自問自答し、壁を見つめている魔物を残して立ち去った。","你让巨龙相信，它的金子收藏实际上是贬值资产，真正的财富是“曝光度”和“社交资本”。这头猛兽突然带着深深的疑虑看着它那闪闪发光的金山，意识到自己没有任何可以展示财富的追随者。它开始对自己在整个地牢生态系统中缺乏个人品牌而感到恐慌。你提出以“经营”它的名声为交换，换取安全通过大厅。巨龙坐了下来，开始起草一份关于物质虚荣的宣言。你离开了那头正盯着墙壁、质疑自己传奇般存在意义的猛兽。"
"MSG_C_PROPAGANDA_E_WIN","You convinced the Ent that the dungeon's humidity levels were perfectly balanced for a ""contemplative dormant phase"" rather than active guarding. The ancient spirit listened as you explained that photosynthesis was actually a metaphor for spiritual enlightenment. It began to see its heavy branches and deep roots as symbols of a grounded existence that required zero movement. The Ent settled into the stone floor, its glowing eyes dimming as it entered a deep, ideological trance. You walked past the statuesque guardian, which was now more interested in the concept of time than your presence. It became a permanent part of the room's decor in seconds.","エントに対し、ダンジョンの湿度は積極的な防御よりも「瞑想的な休眠期」に完璧に適していると説得した。光合成は実際には霊的な覚醒のメタファーであるというあなたの説明に、古の精霊は耳を傾けた。奴は自分の重い枝と深い根を、移動を一切必要としない地に足のついた存在の象徴として見始めた。エントは石の床に定着し、深い思想的なトランス状態に入るとともに、その輝く目は暗くなった。あなたは彫像のようになった守護者の脇を通り過ぎた。奴は今や、あなたの存在よりも時間の概念に興味を持っていた。奴は数秒のうちに部屋の装飾の永久的な一部となった。","你说服了树精，让它相信地牢的湿度水平是为“沉思休眠期”而非积极守卫而准备的完美平衡状态。当你解释光合成实际上是精神启迪的隐喻时，古老的生灵倾听着。它开始将自己沉重的枝干和深扎的根视为某种无需移动、脚踏实地存在的象征。树精在石地板上安顿了下来，随着它进入深层的意识形态恍惚状态，它那发光的双眼变得黯淡。你走过这个像雕像一样的守卫，它现在对时间概念的兴趣远超对你的关注。几秒钟内，它就成了房间装饰中永久的一部分。"
"MSG_C_PROPAGANDA_F_WIN","You broadcasted a persistent message that the air in this specific corridor was ""low-quality"" and lacked the prestige of the upper levels. The fly, surprisingly conscious of its social status, began to feel embarrassed by its choice of territory. It spent several minutes frantically cleaning its compound eyes, trying to rid itself of the ""inferior"" dust of the hall. The propaganda about a ""luxury breeding ground"" three floors up proved to be too tempting to ignore. With a final, disdainful buzz at you, the insect flew directly into the ventilation shaft. You continued your journey in a blissfully quiet, fly-free environment.","この特定の廊下の空気は「低品質」であり、上層階のような威厳に欠けているというメッセージを執拗に放送した。ハエは意外にも自分の社会的地位を意識しており、自分の選んだ縄張りに恥ずかしさを感じ始めた。奴は数分間、ホールの「劣った」埃を落とそうと必死に複眼を掃除した。三層上の「高級繁殖地」についてのプロパガンダは、無視するにはあまりに魅力的だった。あなたに最後の一吹きの軽蔑的な羽音を残して、その虫は換気口へと直行した。あなたはハエのいない、至福の静かな環境で旅を続けた。","你持续播发一条信息，称这条特定走廊的空气是“低质”的，缺乏上层区域那种尊贵感。这只苍蝇出人意料地在意自己的社会地位，开始对自选的领地感到羞愧。它花了几分钟时间疯狂地清理复眼，试图摆脱大厅里那些“低等”的尘土。关于三层楼上有一处“豪华繁殖地”的宣传证明了其诱惑力大到无法忽视。在对你发出最后一声鄙夷的嗡鸣后，这昆虫径直飞进了通风井。你在一个清静得令人愉悦、没有苍蝇的环境中继续了旅程。"
"MSG_C_PROPAGANDA_G_WIN","You convinced the goblin that the rest of his tribe had voted him ""Most Likely to Be Sacrificed"" in the next ritual. The creature's eyes widened with betrayal as he recalled every minor slight and forgotten greeting from his peers. He realized that his collection of shiny stones wasn't security, but a target for the greediest members of the warband. Instead of attacking you, the goblin began packing his meager belongings for a life of ""strategic exile."" He muttered about the lack of loyalty in modern goblin society as he ran toward the nearest exit. You walked past the empty guard post, the former sentry now busy seeking political asylum elsewhere.","ゴブリンに対し、部族の残りのメンバーが次の儀式で彼を「最も生贄にふさわしい」人物に選出したと説得した。仲間からの些細な侮辱や忘れられた挨拶を思い出し、魔物は裏切りを感じて目を見開いた。奴は、自分の集めた光る石が安全を保障するものではなく、戦団の中で最も貪欲なメンバーの標的であることに気づいた。あなたを攻撃する代わりに、ゴブリンは「戦略的亡命」の生活のために乏しい所持品を詰め込み始めた。奴は、現代のゴブリン社会における忠誠心の欠如についてつぶやきながら、最寄りの出口に向かって走っていった。あなたは、かつての歩哨が今や他所での政治的亡命を求めるのに忙しい、空の警備ポストを通り過ぎた。","你让哥布林相信，他的部落成员已在下次仪式中投票选他为“最有可能被祭献者”。当他想起同伴们对他每一次微小的怠慢和被遗忘的问候时，他因背叛感而瞪大了眼睛。他意识到，他收藏的那些闪亮石头并不能提供安全感，反而是战团中最贪婪成员的目标。哥布林没有攻击你，而是开始收拾他单薄的行李，准备过一种“战略性流亡”的生活。他一边嘟囔着现代哥布林社会缺乏忠诚，一边冲向最近的出口。你走过空无一人的哨所，前任守卫正忙着去别处寻求政治庇护。"
"MSG_C_PROPAGANDA_H_WIN","You utilized high-pitched flattery to convince the harpy that her singing was so divine it was actually ""hurting the ears of mortals."" You suggested that a performer of her stature shouldn't be wasting her talent on a lone wanderer in a dirty dungeon. Stunned by the recognition of her ""art,"" she stopped her screeching and began to groom her feathers with renewed vanity. She decided that the acoustics of the grand cathedral at the surface were the only ones worthy of her voice. With a majestic, self-important toss of her head, she took flight to seek a more appreciative audience. You stepped over the discarded bones in her nest, now the only thing left of her territory.","ハーピーに対し、彼女の歌声はあまりに神々しいため、実際には「凡人の耳を傷つけている」のだという高尚なお世辞を駆使して説得した。彼女のような地位のパフォーマーが、汚いダンジョンの一人旅の者に才能を浪費すべきではないと提案した。自分の「芸術」が認められたことに衝撃を受け、彼女は叫ぶのを止め、新たな虚栄心を持って羽を整え始めた。彼女は、地上の大聖堂の音響だけが自分の声にふさわしいと判断した。威厳に満ち、自尊心たっぷりに頭を振ると、彼女はより理解のある聴衆を求めて飛び去った。あなたは、彼女の縄張りに残された唯一のものとなった、巣の中に捨てられた骨をまたいで進んだ。","你利用高调的奉承让鹰身女妖相信，她的歌声是如此神圣，以至于实际上在“伤害凡人的耳朵”。你建议像她这样地位的表演者，不应该把天赋浪费在一个肮脏地牢里的孤独流浪者身上。因自己的“艺术”得到认可而感到震惊，她停止了尖叫，带着重燃的虚荣心开始梳理羽毛。她认定，只有地面上大教堂的音响效果才配得上她的嗓音。随着一声威严且自命不凡的一甩头，她振翅高飞，去寻找更有鉴赏力的听众。你跨过了她巢穴中散落的枯骨，那是她领地里现在唯一剩下的东西。"
"MSG_C_PROPAGANDA_I_LOSS","You tried to convince the imp that his pranks were outdated and that the ""new trend"" was radical honesty. The demon listened for a second, nodding with mock seriousness before erupting into a fit of chaotic laughter. He found your attempt to manipulate a master manipulator to be the funniest prank he'd seen in centuries. Instead of leaving, the imp used your own logic to ""honestly"" explain all the different ways he was about to set you on fire. Your propaganda fell flat against a creature that finds truth just as useful for causing misery as lies. The imp lunged forward, delighted by the ""new material"" you had provided for his next victim.","インプに対し、彼のいたずらは時代遅れであり、「新しいトレンド」は徹底的な誠実さであると説得しようとした。悪魔は一瞬耳を傾け、ふざけた真剣さで頷いた後、混沌とした笑いの発作に襲われた。奴は、支配の達人を支配しようとするあなたの試みを、数世紀で見た中で最高のいたずらだと感じた。立ち去る代わりに、インプはあなたの論理を利用して、どのようにあなたを火だるまにするつもりかを「誠実に」説明し始めた。嘘と同じくらい真実を苦しみを生むために利用する生き物に対して、あなたのプロパガンダは通用しなかった。インプは、あなたが次の犠牲者のために提供した「新しいネタ」を喜んで前方へと飛びかかった。","你试图让小恶魔相信他的恶作剧已经过时，而“新趋势”是极致的诚实。这恶魔听了一秒钟，假装严肃地吹了点头，随即爆发出一阵混乱的狂笑。他发现你试图操纵一位操纵大师的行为，是他几个世纪以来见过的最有趣的恶作剧。小恶魔没有离开，而是利用你自己的逻辑，“诚实地”解释了他准备点燃你的所有不同方式。对于一个发现真相与谎言在制造痛苦方面同样好用的生物来说，你的宣传彻底失败了。小恶魔向前猛扑，为你给他的下一个受害者提供了“新素材”而感到由衷的高兴。"
"MSG_C_PROPAGANDA_J_LOSS","You attempted to organize the jelly's mindless mass into a political committee for ""Cellular Autonomy."" You explained the benefits of decentralized decision-making and the importance of individual cytoplasmic rights. The jelly, having no brain or even a basic nervous system, responded to your complex ideology by simply moving its entire body toward the sound of your voice. It didn't care about the distribution of wealth or the ethics of consumption; it just saw a source of heat and nutrients. Your leaflets were absorbed into its acidic mass, dissolving into generic bio-matter within seconds. The jelly oozed forward, its single-minded hunger completely immune to the power of suggestion.","ジェリーの心のない質量を「細胞の自律性」のための政治委員会へと組織しようとした。分散型の意思決定の利点と、個々の細胞質の権利の重要性について説明した。脳も基本的な神経系も持たないジェリーは、あなたの複雑な思想に対して、単に体全体をあなたの声の方向に移動させることで応えた。奴は富の分配や消費の倫理など気にしていなかった。ただ熱と栄養の源を見ていただけだった。あなたのチラシは奴の酸性の質量に吸収され、数秒で一般的な生物物質へと溶解した。ジェリーは前進し、その一途な飢えは暗示の力に対して完全に免疫を持っていた。","你试图将果冻怪那无心的躯体组织成一个“细胞自治”政治委员会。你解释了去中心化决策的好处以及个体细胞质权利的重要性。由于没有大脑甚至没有基础神经系统，果冻怪对你复杂意识形态的回应仅仅是将整个身体移向你声音的方向。它并不关心财富分配或消费伦理，它只看到了一个热量和营养的源头。你的传单被卷入它酸性的躯体中，几秒钟内就溶解成了普通的生物质。果冻怪缓缓滑行，它那执着的饥饿感对于心理暗示完全免疫。"
"MSG_C_PROPAGANDA_K_WIN","You convinced the kobold scout that a massive, invisible ""Tax Collector"" was following you and would seize any dragon-kin who stayed in the corridor. The creature's primitive superstitious mind immediately filled with images of bureaucratic monsters with clipboards and infinite patience. It realized that defending this specific hallway was a high-risk liability that its small brain wasn't equipped to handle. Instead of sounding the alarm, the kobold hid behind a pile of crates, hoping to appear ""unemployed"" and therefore untaxable. It stayed perfectly still, holding its breath as you walked past its hiding spot. You left the terrified reptile contemplating the complexities of imaginary economics while you slipped away.","コボルドのスカウトに対し、巨大で目に見えない「徴税官」があなたの後を追っており、この廊下に留まるドラゴン族を誰でも差し押さえるだろうと説得した。その魔物の原始的な迷信深い心は、クリップボードと無限の忍耐力を持つ官僚的な怪物のイメージですぐに満たされた。奴は、この特定の廊下を守ることは、自分の小さな脳では対処できない高リスクな責任であることに気づいた。警報を鳴らす代わりに、コボルドは木箱の山の後ろに隠れ、「失業中」に見えることで課税を免れようとした。あなたが隠れ場所を通り過ぎる間、奴は息を殺して完全に静止していた。あなたは、あなたが立ち去る間、架空の経済学の複雑さを熟考している恐怖に怯えた爬虫類を残して立ち去った。","你让狗头人侦察兵相信，一个巨大的、无形的“收税员”正跟着你，并且会扣押任何留在走廊里的龙族后裔。它那原始的、充满迷信的大脑立刻充满了拿着写字板、拥有无限耐心的官僚怪兽的形象。它意识到，守卫这条特定的长廊是一项它的脑容量无法应对的高风险负债。狗头人没有拉响警报，而是躲在一堆板箱后面，希望表现得像个“失业者”从而免税。当你走过它的藏身处时，它纹丝不动，屏住了呼吸。当你溜走时，留下了这只惊恐万分的爬行动物在沉思虚拟经济学的复杂性。"
"MSG_C_PROPAGANDA_L_WIN","You utilized a series of rhythmic clicks and visual aids to convince the lizard that you were actually a diplomat from the ""Sun Kingdom."" You explained that the current darkness was merely a temporary eclipse and that those who bowed to you would be granted eternal warmth. The creature, driven by its primal need for heat, found the promise of a permanent sun-rock irresistible. It stopped its predatory crawl and assumed a position of ritual submission, its cold eyes blinking with newfound hope. You ""blessed"" the lizard with a final, authoritative gesture before continuing down the hall. It remained in its prayerful stance, waiting for a dawn that was entirely a product of your imagination.","一連のリズミカルなクリック音と視覚的な補助具を駆使して、リザードに対し、あなたは実際には「太陽の王国」からの外交官であると説得した。現在の暗闇は単なる一時的な日食であり、あなたに跪く者には永遠の暖かさが与えられると説明した。熱に対する根源的な欲求に突き動かされ、魔物は恒久的な太陽の岩の約束に抗えなかった。奴は捕食的な這い歩きを止め、儀式的な服従の姿勢を取り、冷たい目は新たな希望で瞬いた。あなたはホールを進む前に、最後の一振りの威厳ある身振りでリザードを「祝福」した。奴は祈りの姿勢を保ち、あなたの想像力の産物に過ぎない夜明けを待ち続けた。","你利用一系列节奏感十足的咔哒声和视觉辅助工具，让蜥蜴相信你实际上是来自“太阳王国”的外交官名。你解释说，眼下的黑暗只是暂时的一场日食，而向你低头的人将获得永恒的温暖。由于对热能的原始渴望，这物种发现关于一块永久避暑岩石的承诺简直无法抗拒。它停止了捕食性的爬行，摆出了仪式性顺服的姿态，冰冷的双眼中闪过一丝新生的希望。在继续走下长廊前，你以最后一个权威的姿态“祝福”了这只蜥蜴。它保持着祈祷的体态，等待着那场完全出自你想象的黎明。"
"MSG_C_PROPAGANDA_M_WIN","You whispered ancient-sounding prophecies that stated the ""Great Unraveling"" had begun and that any bandage-wrapped figure seen moving would attract the wrath of the desert winds. The mummy frozen in mid-stride, its centuries-old logic struggling with the threat of structural collapse. It began to see its own wraps not as an armor of preservation, but as a dangerous liability that marked it as a target. You convinced it that the only way to ""survive"" the coming storm was to remain perfectly indistinguishable from common tomb-rubble. The dead king settled back into its sarcophagus, pulling a discarded shroud over its head to enhance the disguise. You left the silent, self-buried creature to wait for an apocalypse that lived only in your words.","「大いなる解体」が始まり、動いている包帯姿は砂漠の風の怒りを買うという、古風な響きの予言を囁いた。マミーは歩みの途中で静止し、数世紀にわたる論理は構造崩壊の脅威と格闘した。奴は自分の包帯を保存の鎧としてではなく、自分を標的として示す危険な負債として見始めた。来るべき嵐を「生き残る」唯一の方法は、一般的な墓の瓦礫と完全に区別がつかない状態で留まることだと説得した。死せる王は再び棺に収まり、変装を強化するために捨てられた覆いを頭から被った。あなたは、あなたの言葉の中にのみ存在する黙示録を待つために、自ら埋没した静かな魔物を残して立ち去った。","你低声诉说着听起来十分古老的预言，称“大拆解”已经开始，任何被目击在移动的缠着绷带的身影都会招致沙漠之风的愤怒。木乃伊在迈步中冻结了，它那数个世纪之久的逻辑正与结构性崩溃的威胁搏斗。它开始不再将自己的缠绕物视为保存自身的铠甲，而是一项将其标记为目标的危险负债。你说服它，要“挺过”即将来临的风暴，唯一的方法就是保持不动，使自己与普通的坟墓碎石完全无法区分。死去的君王重新安顿进棺木，将一条丢弃的裹尸布拉过头顶以增强虚无。你离开了这只沉默的、自我埋葬的生物，让它去等待那场只存在于你言语中的启示录。"
"MSG_C_PROPAGANDA_N_LOSS","You attempted to use complex social hierarchies to convince the naga that her current status was ""sub-optimal"" compared to a life of bureaucratic efficiency. You detailed the joys of filing systems and the peace of mind that comes with a well-organized ledger. The naga stared at you with a regal indifference that made your propaganda feel like the babbling of an infant. She had lived for three thousand years and had seen empires rise and fall based on the exact same lies you were telling. Instead of being manipulated, she found your attempt to educate her on ""efficiency"" deeply insulting to her ancient lineage. The naga didn't argue; she simply tightened her coils around the air you were breathing, reminding you that power doesn't need a manifesto.","複雑な社会的地位を利用して、ナーガに対し、官僚的な効率性のある生活に比べて現在の地位は「最適ではない」と説得しようとした。ファイリングシステムの喜びと、よく整理された台帳に伴う心の平和を詳細に説明した。ナーガは、あなたのプロパガンダが赤ん坊のたわ言のように感じられるほどの堂々とした無関心であなたを見つめた。彼女は三千年の間生き、あなたが語っているのと全く同じ嘘に基づいた帝国の興亡を見てきた。操作されるどころか、彼女は自分の由緒ある血筋に対して「効率性」を教育しようとするあなたの試みを深く侮辱的だと感じた。ナーガは反論しなかった。彼女はただ、あなたが吸っている空気を締め付けるようにとぐろを巻き、力にはマニフェストなど必要ないことをあなたに思い出させた。","你试图利用复杂的社会等级制度，让纳迦相信她目前的地位与追求行政效率的生活相比是“亚健康”的。你详细说明了归档系统的乐趣以及有条理的账簿所带来的内心平静。纳迦以一种高贵的冷漠注视着你，让你的宣传听起来像婴儿的臆语。她已活了三千年，见证了无数帝国在你正诉说的这种谎言中兴衰。她不仅没有被操纵，反而觉得你试图教导她什么是“效率”是对她古老血脉的深度侮辱。纳迦没有争辩，她只是在紧锁的蛇阵中压榨着你呼吸的空气，提醒你：力量不需要宣言。"
"MSG_C_PROPAGANDA_O_LOSS","You tried to convince the orc that the ""Sword and Shield"" model of combat was a historical relic and that the future belonged to diplomacy and trade agreements. You offered him a simplified pamphlet on the benefits of a service-based economy within the dungeon. The brute looked at the paper, then back at you, and let out a sound that was half-laugh and half-growl. He didn't understand the concept of ""trade,"" but he understood that if he hit you hard enough, your belongings would become his by default. Your propaganda about the ""peaceful transition of power"" fell flat against a creature whose entire world was built on the law of the strongest. The orc crushed the pamphlet with a single iron-clad hand and raised his weapon, proving that some ideas are simply too fragile for a battlefield.","オークに対し、戦闘の「剣と盾」モデルは歴史的な遺物であり、未来は外交と貿易協定にあると説得しようとした。ダンジョン内でのサービスベースの経済の利点についての簡略化されたパンフレットを彼に提供した。その荒くれ者は紙を見て、それからあなたを見返し、笑いとうなり声の入り混じったような音を発した。奴は「貿易」の概念を理解していなかったが、あなたを十分に強く叩けば、あなたの持ち物はデフォルトで奴のものになることは理解していた。「力の平和的な移行」についてのあなたのプロパガンダは、強者の掟に基づいて全世界が構築されている生き物に対しては通用しなかった。オークはパンフレットを鉄装の片手で握りつぶし、武器を掲げた。戦場において、ある種の思想はあまりに脆弱すぎることを証明した。","你试图让兽人相信，“剑与盾”的战斗模式是历史遗迹，未来属于外交和贸易协定。你给了他一份关于地牢内服务型经济益处的简明手册。这蛮子看了看那张纸，又看了看你，发出了半是嘲笑半是低吼的声音。他不理解什么是“贸易”概念，但他明白，如果他把你揍得够呛，你的财物默认就会变成他的。关于“权力的和平过渡”的宣传，对于一个整个世界都建立在强权法则之上的生物来说毫无意义。兽人单用铁甲手掌就捏碎了手册并举起了武器，证明了在战场上，有些想法实在是太过脆弱。"
"MSG_C_PROPAGANDA_P_WIN","You convinced the pixie that her shimmering dust was actually a toxic byproduct of magical mismanagement and that she was personally responsible for the dungeon's ""unstable"" atmosphere. The creature gasped in horror, her tiny wings fluttering as she realized the potential environmental impact of her existence. You suggested that the only way to ""cleanse"" herself was to perform a thousand laps around the upper cathedral's bells in perfect silence. The pixie immediately ceased her tricks, her expression changing from mischief to a burden of social guilt. She vanished toward the surface, leaving behind a faint trail of apologetic sparkles. You enjoyed a quiet passage through the hall, free from the interference of invisible sprites.","ピクシーに対し、彼女のきらめく粉は実際には魔法の管理不全による毒性の副産物であり、彼女自身がダンジョンの「不安定な」雰囲気に対して個人的に責任があるのだと説得した。ピクシーは恐怖で息を呑み、自分の存在が環境に与える潜在的な影響に気づき、小さな羽を羽ばたかせた。自分を「浄化」する唯一の方法は、地上の大聖堂の鐘の周りを完璧な静寂の中で千周することだと提案した。ピクシーは即座にいたずらを止め、その表情は茶目っ気から社会的な罪悪感の重荷へと変わった。彼女は謝罪の輝きのほのかな痕跡を残して地上へと消え去った。あなたは目に見えないエルフの干渉を受けることなく、ホールの静かな通過を楽しんだ。","你让小仙女相信，她那闪烁的粉末实际上是魔力管理不善产生的有毒副产物，而她个人需要对地牢“不稳定”的气氛负责。这小生灵惊恐地倒吸了一口冷气，扇动着翅膀意识到自己存在的潜在环保影响。你建议她，“洗净”自身罪孽的唯一方法是在地面大教堂的钟楼周围完美安静地飞上一千圈。小仙女立刻停止了挑逗，表情从调皮变成了沉重的社会负罪感。她朝着地面消失了，只留下一串表示歉意的闪烁微光。你享受了一段安静穿过大厅的旅程，没有任何隐形小精灵的干扰。"
"MSG_C_PROPAGANDA_Q_LOSS","You attempted to influence the coeurl by spreading electromagnetic pulses that encoded a message of peaceful coexistence and shared resources. You hoped the creature's sensitive tentacles would interpret the signals as a formal invitation to a feline summit. The coeurl tilted its head, its whiskers twitching as it effortlessly decrypted your primitive ""propaganda."" It understood the words, but it also detected the rapid heartbeat and sweat of a desperate human trying to talk their way out of a hunt. The creature found your attempt to negotiate with a superior predator to be a fascinating biological anomaly, but not a reason to stop. It stepped out of the shadows, its internal power-capacitors humming with a lethal frequency that no philosophy could dampen.","平和的な共存と資源の共有のメッセージを暗号化した電磁パルスを拡散させることで、クアールに影響を与えようとした。魔物の敏感な触手が、その信号を猫派の首脳会談への正式な招待として解釈することを期待した。クアールは頭を傾け、あなたの原始的な「プロパガンダ」を難なく解読しながらひげをぴくぴくさせた。奴は言葉を理解したが、狩りから逃れようと必死に弁明しようとしている人間の速い鼓動と汗も検知した。魔物は、優れた捕食者と交渉しようとするあなたの試みを魅力的な生物学的異常と感じたが、足を止める理由にはならなかった。奴は影から足を踏み出し、どんな哲学も減衰させることのできない致命的な周波数で内部のパワーコンデンサを唸らせた。","你试图通过散播编码了和平共处和共享资源信息的电磁脉冲来影响夸尔。你希望这生物敏感的触须能将这些信号解读为参加猫科峰会的正式邀请。夸尔歪了歪头，胡须抽动着，毫不费力地破译了你那原始的“宣传”。它听懂了这些词，但也探测到了一个试图靠口才逃离狩猎的人类那急促的心跳和冷汗。这生物发现你试图与高等掠食者谈判的行为是一场有趣的生物学异常，但不足以让它停下。它走出阴影，体内的能量电容器正以一种任何哲学都无法压制的致命频率嗡鸣。"
"MSG_C_PROPAGANDA_R_LOSS","You attempted to spread a rumors within the rat swarm that a rival pack had claimed the ""Ultimate Cheese"" in a distant corner of the dungeon. You utilized high-pitched squeaks and rhythmic scratching to simulate the sound of a successful scavenger hunt. The swarm paused for a fraction of a second, thousands of tiny noses twitching as they evaluated the information. However, the collective intelligence of the pack was driven by actual hunger, not stories of future banquets. They realized that the ""cheese"" was an abstraction, while you were a very real and present source of meat. The river of fur and teeth didn't split; it surged forward with renewed focus, ignoring your imaginary treasure for a tangible meal.","ラットの群れの中に、ライバルの群れがダンジョンの遠い隅にある「究極のチーズ」を手に入れたという噂を流そうとした。高音の鳴き声とリズミカルなひっかき音を駆使して、スカベンジャー狩りの成功した音をシミュレートした。群れは一瞬だけ動きを止め、何千もの小さな鼻がその情報を評価するためにぴくぴくと動いた。しかし、群れの集合知は空想の宴ではなく、現実の飢えによって動かされていた。奴らは「チーズ」が抽象的な概念である一方、あなたは非常に現実的で目の前にある肉の供給源であることを悟った。毛皮と歯の川は分かれることはなかった。奴らは架空の宝を無視し、確かな食事を求めて新たな集中力を持って前方へと押し寄せた。","你试图在鼠群中散播谣言，称一支竞争对手已经在地牢的一个遥远角落占领了“终极奶酪”。你利用高频的吱吱声和节奏规律的抓挠声来模拟一次成功的觅食。鼠群停顿了不到一秒钟，数千个微小的鼻子抽动着评估这条信息。然而，鼠群的集体智慧是由真实的饥饿驱动的，而不是关于未来宴会的故事。它们意识到“奶酪”只是一个抽象概念，而你是一个非常真实且就在眼前的肉源。这股皮毛与利牙的洪流没有分散，而是带着重燃的关注向前涌动，无视了你虚构的财宝，直奔实在的美餐。"
"MSG_C_PROPAGANDA_S_LOSS","You tried to convince the slime that its ""indiscriminate consumption"" was environmentally unsustainable and that it should adopt a vegan, mineral-only diet. You displayed colorful charts detailing the long-term impact of dissolved adventurers on the dungeon's biodiversity. The slime, having no ears to hear or eyes to read, responded to your presentation by simply expanding its acidic mass toward the source of the vibrations. It didn't care about sustainability or ecological footprints; it only understood the chemical signal of organic matter. Your charts were dissolved into green slime before they even touched the floor, and the creature continued its slow, single-minded advance. Your propaganda was literally digested and forgotten in seconds.","スライムに対し、その「無差別な消費」は環境的に持続不可能であり、ヴィーガンで鉱物のみの食事を採用すべきだと説得しようとした。溶かされた冒険者がダンジョンの生物多様性に与える長期的な影響を詳細に説明した、色鮮やかなチャートを提示した。聞くための耳も読むための目も持たないスライムは、あなたのプレゼンテーションに対し、単に振動の源に向かって酸性の質量を拡大させることで応えた。奴は持続可能性やエコロジカル・フットプリントなど気にしていなかった。有機物の化学信号だけを理解していた。チャートは床に触れる前に緑のスライムの中に溶け、魔物はゆっくりとした一途な前進を続けた。あなたのプロパガンダは文字通り消化され、数秒で忘れ去られた。","你试图让史莱姆相信，它那“不加区分的消费”对环境是不可持续的，它应该转而采用素食、纯矿物质的饮食。你展示了色彩鲜艳的图表，详细说明了被溶解的冒险者对地牢生物多样性的长期影响。史莱姆既没有耳朵去听，也没有眼睛去看，它对你演示文稿的回应仅仅是将其酸性的身躯向震动源扩张。它不关心可持续性或生态足迹，它只理解有机物质的化学信号。你的图表在落地前就被溶解成了绿色的粘液，而这生物继续着它缓慢且执着的推进。你的宣传在几秒钟内就被字面意义上消化并遗忘了。"
"MSG_C_PROPAGANDA_T_LOSS","You attempted to convince the troll that his aggressive behavior was a symptom of deep-seated ""inferiority issues"" and that he needed active therapy sessions rather than combat. You spoke softly, using a soothing voice to offer him a list of recommended meditation techniques. The troll paused, scratching its massive head with a confused grunt, but the hunger in its gut proved louder than your psychological insights. It didn't want to discuss its childhood or its relationship with its mother; it wanted to crush the annoying creature that was making so much noise. Your ""therapy"" only served to irritate the beast, which found your calm demeanor to be a personal challenge to its dominance. The troll let out a roar that drowned out your advice and lunged forward with renewed fury.","トロールに対し、彼の攻撃的な行動は根深い「劣等感の問題」の症状であり、戦闘ではなく積極的なセラピーセッションが必要なのだと説得しようとした。落ち着きのある声で優しく語りかけ、推奨される瞑想テクニックのリストを提供した。トロールは足を止め、巨大な頭をかきながら困惑したようにうめいたが、腹の飢えはあなたの心理学的な洞察よりもはるかに大きかった。奴は幼少期や母親との関係について話し合いたいのではなく、あまりに騒がしい目障りな生き物を押しつぶしたかったのだ。あなたの「セラピー」はただ魔物を苛つかせるだけであり、奴はあなたの冷静な態度が自分の優位性に対する個人的な挑戦であると感じた。トロールはあなたの助言をかき消す咆哮を上げ、新たな怒りとともに前方へと飛びかかった。","你试图让巨魔相信，他的侵略性行为是根深蒂固的“自卑心理”的表现，他需要的是积极的心理治疗而非战斗。你语调柔和，用安抚的声音向他推荐了一系列冥想技巧。巨魔停了下来，抓了抓硕大的脑袋，发出困惑的呼噜声，但他肠胃里的饥饿感证明了这比你的心理洞察更有力。它不想讨论童年或它与母亲的关系，它只想碾碎这个制造噪音的讨厌生物。你的“治疗”只是激怒了这头猛兽，它发现你冷静的态度是对它统治地位的个人挑战。巨魔发出一声咆哮，淹没了你的建议，带着重燃的怒火向前猛扑。"
"MSG_C_PROPAGANDA_U_WIN","You projected a message into the spectral echoes of the corridor, stating that the ""Eternal Rest"" contract had been finalized and all debts to the living world were now canceled. You convinced the ghosts that their lingering presence was a bureaucratic error and that they were officially ""off the clock."" The pale figures paused, their hollow eyes reflecting a sudden, profound realization that their suffering was no longer required. They began to see their chains and moans not as a curse, but as a tedious job that they were finally allowed to quit. One by one, the translucent spirits folded their arms and faded into true silence, content with their new ""retired"" status. You walked through the now-empty room, the heavy chill of the undead replaced by a peaceful, long-awaited quiet.","廊下の霊的な残響の中に、「永遠の休息」契約が締結され、生者の世界に対する全ての負債が抹消されたというメッセージを投影した。ゴーストたちに対し、彼らの長引く存在は事務的なミスであり、彼らは正式に「勤務時間外」なのだと説得した。蒼白な人影たちは動きを止め、その虚ろな瞳は、自分たちの苦しみはもはや必要ではないという突然の深い悟りを映し出した。奴らは自分の鎖やうめき声を呪いとしてではなく、ついにお辞めになることが許された退屈な仕事として見始めた。一人、また一人と、半透明の精霊たちは腕を組み、新たな「引退」状態に満足して真の静寂の中へと消えていった。あなたは今や空となった部屋を通り抜けた。アンデッドの重い冷気は、平和で長く待ち望まれていた静寂に取って代わられていた。","你向走廊的灵能回响中投射了一条信息，称“永恒休息”合同已达成，所有欠下生者世界的债务现已取消。你让这些鬼魂相信，它们的流连只是一个行政错误，它们现在正式“下班”了。那些苍白的身影停了下来，空洞的眼中反映出一种突然而深沉的觉悟：它们已不再需要继续受苦。它们开始不再将锁链和哀鸣视为诅咒，而是一份终于获准辞职的枯燥工作。一个接一个，这些半透明的幽灵交叠双臂，在对自己新的“退休”身份感到满意后，消失在了真正的寂静中。你走过如今空荡荡的房间，亡灵那沉重的寒意已被祥和、期待已久的宁静所取代。"
"MSG_C_PROPAGANDA_V_LOSS","You attempted to organize a ""Blood Donors' Rights"" movement to convince the vampire that ethical sourcing was the only sustainable path for his eternal life. You presented a detailed proposal for a synthetic plasma alternative and a schedule for peaceful negotiations with the local villagers. The vampire listened with a cold, aristocratic smile, his eyes glowing with an ancient hunger that no intellectual argument could satisfy. He found your concern for the ""ethics of consumption"" to be a quaint human delusion that ignored the fundamental nature of the predator-prey relationship. He explained that a meal is much more enjoyable when the source is struggling, and your propaganda only served to ""season"" the upcoming encounter. The vampire vanished into a cloud of mist, his laughter echoing from the shadows as he closed the distance.","「献血者の権利」運動を組織し、ヴァンパイアに対し、倫理的な調達こそが彼の永遠の命にとって唯一の持続可能な道であると説得しようとした。合成プラズマの代替案と、地元の村人との平和的な交渉のスケジュールの詳細な提案を提示した。ヴァンパイアは冷たい貴族的な笑みを浮かべて耳を傾けたが、その瞳はどんな知的な議論も満たすことのできない古の飢えで輝いていた。奴は、あなたの「消費の倫理」に対する懸念を、捕食者と被食者の根本的な関係を無視した風変わりな人間の妄想であると感じた。奴は、供給源がもがいているときこそ食事がはるかに楽しくなると説明し、あなたのプロパガンダはこれからの遭遇を「味付け」する役にしか立たなかった。ヴァンパイアは霧の雲へと消え、間を詰めるにつれてその笑い声が影から響き渡った。","你试图组织一场“献血者权利”运动，以此让吸血鬼相信伦理来源才是他永恒生命唯一可持续的道路。你提交了一份关于合成血浆替代品的详细提案，以及一份与当地村民进行和平谈判的时间表。吸血鬼带着冰冷、贵族式的微笑倾听着，他的眼中闪烁着任何理性的论证都无法满足的古老饥渴。他发现你对“消费伦理”的关注不过是一种离奇的人类妄想，完全忽略了捕食者与猎物之间最基本的关系。他解释说，当食物来源在挣扎时，美餐才会变得更加美味，而你的宣传只是为接下来的接触起到了“调味”的作用。吸血鬼化作一团迷雾消失了，他的笑声随着他距离的拉近而在阴影中回荡。"
"MSG_C_PROPAGANDA_W_LOSS","You tried to influence the wolf pack by spreading an ""Alpha Subordination"" message, claiming that you were the new leader of the dungeon ecosystem. You utilized deep growls and authoritative gestures to simulate the dominance of a superior predator. The wolves paused, their collective gaze fixed on you with a chilling, clinical intelligence that saw through your disguise. They didn't care about your titles or your imaginary hierarchy; they understood the language of scent, strength, and pheromones, none of which you possessed in sufficient quantity. The pack realized that your social posturing was a desperate cover for physical weakness. Instead of submitting, the alpha let out a single, sharp bark that coordinated the final encirclement. The pack lunged as one, proving that leadership in the wild is earned through teeth, not words.","自分がダンジョンのエコシステムの新しいリーダーであると主張する「アルファ服従」メッセージを拡散させることで、狼の群れに影響を与えようとした。優れた捕食者の優位性をシミュレートするために、低いなり声と威厳のある身振りを駆使した。狼たちは足を止め、群れの視線はあなたの変装を見破る冷徹で臨床的な知性とともにあなたに固定された。奴らはあなたの称号や架空の階層など気にしていなかった。奴らは匂い、強さ、そしてフェロモンの言語を理解しており、そのどれもあなたは十分な量を持っていなかった。群れは、あなたの社会的なポーズが肉体的な弱さを隠すための必死の工作であることに気づいた。服従する代わりに、アルファは最後に包囲網を調整する一回の鋭い吠え声を上げた。群れは一斉に飛びかかり、野生におけるリーダーシップは言葉ではなく歯によって獲得されるものであることを証明した。","你试图通过散播“阿尔法服从而服从”的信息来影响狼群，声称你是地牢生态系统的新领袖。你利用低沉的吼叫和权威的手势来模拟高等掠食者的统治力。狼群停了下来，它们集体的目光以一种透着寒意、能看穿你伪装的冷彻智慧锁定了你。它们不关心你的头衔或你虚构的等级制度；它们只理解气味、力量和信息素的语言，而这些你都不具备足够的程度。狼群意识到你那社会化的姿态是对肉体虚弱的绝望掩护。阿尔法没有屈服，而是发出一声短促而尖锐的吠叫，协调好了最后的包囲圈。狼群齐齐扑上，证明了荒野中的领导地位是靠牙齿而非言语赢得的。"
"MSG_C_PROPAGANDA_X_LOSS","You attempted to use existentialist philosophy to convince Xalthis that its ""all-knowing"" perception was a burden that required a period of radical isolation. You explained the benefits of sensory deprivation and the peace that comes with ignoring the infinite details of reality. Xalthis watched you with its many unblinking eyes, its perception already processing your words, your DNA, and the historical context of your civilization simultaneously. It didn't find your argument compelling; it found the very act of an inhabitant of linear time trying to educate it on ""isolation"" to be a minor, recursive curiosity. Your propaganda was treated as just another stream of data to be categorized and dismissed within its vast internal archive. The creature didn't move to attack, but the sheer weight of its indifference made your magic feel like a candle in a void. It continued its multi-dimensional existence, leaving you to drown in the absolute scale of its presence.","実存主義哲学を利用して、ザルティスに対し、その「全知」の知覚は徹底的な隔離期間を必要とする負担なのだと説得しようとした。感覚遮断の利点と、現実の無限の詳細を無視することに伴う平和について説明した。ザルティスは数多くの瞬きもしない瞳であなたを見つめ、その知覚はすでにあなたの言葉、DNA、そして文明の歴史的背景を同時に処理していた。奴はあなたの主張を説得力があるとは感じなかった。線形時間の住人が「隔離」について自分を教育しようとすること自体を、些細な再帰的な好奇心と感じた。あなたのプロパガンダは、単にその広大な内部アーカイブの中で分類され破棄されるべきもう一つのデータストリームとして扱われた。魔物は攻撃するために動かなかったが、その凄まじい無関心の重みは、あなたの魔法を虚空の中の蝋燭のように感じさせた。奴は多次元的な存在を続け、その存在の絶対的な規模の中にあなたを溺れさせたままにした。","你试图利用存在主义哲学让扎尔提斯相信，它那“全知”的感知是一种负担，需要一段时间的彻底隔离。你解释了官能剥夺的好处，以及忽视现实无限细节所带来的平静。扎尔提斯用它那众多的、从不眨动的眼睛注视着你，它的感知已同时处理了你的言语、你的DNA以及你文明的历史背景。它并不觉得你的论据有说服力，它只是发现了一个线性时间的居民试图教导它什么是“隔离”这一行为本身，像是一场微小的、递归的正反命题奇观。你的宣传被当作另一股需要分类并从其巨大的内部档案中移除的数据流。这怪物没有发动攻击，但它那全然冷漠的厚重感让你的魔法显得像虚空中的一根蜡烛。它继续着它的多维存在，留你在其存在的绝对尺度中沉溺。"
"MSG_C_PROPAGANDA_Y_LOSS","The yeti's home was the heart of the world's most violent blizzards, making your propaganda seem like a minor draft by comparison. It stood its ground with the solidity of a living glacier, its massive fur trapping the void's energy and using it to insulate its prehistoric body. Each gravitational wave you sent only seemed to make the giant more comfortable, as if it were finally breathing familiar, high-pressure air. With a deep, resonating roar that shook the very foundations of the dungeon, the yeti stepped directly into the centre of your collapsing space. The void could not swallow the mountain, and you were but a small shadow in the predator's path. You watched in terror as a massive, snow-covered hand reached through your dissipating spell.","イエティの故郷は世界で最も激しい吹雪の中心であり、それに比べればあなたのプロパガンダは小さな隙間風のように思えた。奴は生ける氷河のような堅固さでその場に留まり、巨大な毛皮は虚空のエネルギーを捕らえ、その先史時代の体を断熱するために利用した。あなたが送る各重力波は、まるで巨人がようやく馴染みのある高圧の空気を吸っているかのように、奴をより快適にさせているようだった。ダンジョンの基盤そのものを揺らす深く響き渡る咆哮とともに、イエティはあなたの崩壊する空間のど真ん中を歩んだ。虚空は山を飲み込むことはできず、あなたはその捕食者の通り道にある小さな影に過ぎなかった。消えゆく呪文の中から、雪に覆われた巨大な手が伸びてくるのを、あなたは恐怖の中で見つめた。","雪人的家园位于世上最猛烈暴风雪的核心，相比之下，你的宣传简直像一阵微弱的过堂风。它如活体冰川般稳立原地，厚重的皮毛捕捉了虚空的能量并以此作为身体的隔熱层。你送出的每一道引力波似乎都让这巨人感到更加惬意，仿佛它终于呼吸到了熟悉的、带高压的空气。伴随着一声震颤地牢根基的低沉咆哮，雪人直接踏入了你坍缩空间的最中心。虚空无法吞噬高山，而你不过是这掠食者路途上的一抹微影。你惊恐地看着一只覆盖着冰雪的巨手穿透你那消散的术式抓了过来。"
"MSG_C_PROPAGANDA_Z_LOSS","You attempted to organize a ""Healthy Living"" seminar to convince the zombie that decaying flesh was a choice and that a regimen of kale and sunlight would restore his vitality. You detailed the joys of cardiovascular health and the long-term benefits of a consistent moisturizing routine. The zombie stared at you with blank, clouded eyes, his rotting jaw hanging open in a soundless expression of non-comprehension. He didn't have a concept of ""health"" or ""vitality""; he only had an endless, mindless urge to consume the living. Your propaganda about the ""power of positive habits"" fell flat against a creature that had literally lost the ability to feel anything but basic hunger. The zombie shuffled forward, his movements driven by a dark energy that ignored your advice entirely. Your leaflets were trampled underfoot, becoming just more mulch for the dungeon's decaying floor.","ゾンビに対し、腐敗する肉体は選択であり、ケールと日光の計画的な摂取が活力を取り戻すと説得するための「健康的な生活」セミナーを組織しようとした。心臓血管の健康の喜びと、一貫した保湿ルーチンの長期的な利点を詳細に説明した。ゾンビは虚ろで濁った瞳であなたを見つめ、その腐った顎は理解不能であることを示す音のない表情で開いたままだった。奴には「健康」や「活力」という概念はなく、ただ生者を消費したいという終わりのない、心のない衝動しかなかった。「ポジティブな習慣の力」についてのあなたのプロパガンダは、文字通り基本的な飢え以外何も感じられなくなった生き物に対しては通用しなかった。ゾンビは足を引きずって前進し、その動きはあなたの助言を完全に無視する闇のエネルギーによって突き動かされていた。あなたのチラシは足元で踏みつけられ、ダンジョンの腐敗した床のさらなる堆肥となった。","你试图组织一场“健康生活”研讨会，让僵尸相信腐烂的躯体是一种选择，而羽衣甘蓝配阳光的养生法能恢复他的生命力。你详细说明了心血管健康的乐趣以及坚持护肤程序的长期益处。僵尸用空洞混浊的双眼盯着你，由于完全无法理解，他那腐烂的下颌无声地耷拉着。他没有“健康”或“生命力”的概念，有的只是无尽的、无意识的吞噬活物的冲动。关于“积极习惯的力量”的宣传对于一个字面意思上除了饥饿已失去任何感知能力的生物来说毫无意义。僵尸蹒跚前行，他的动作受一种完全无视你建议的黑暗能量所驱动。你的传单被践踏在脚下，化作了地牢腐烂地板上的又一层覆盖物。"
"MSG_C_PARALYSIS_A_WIN","A wave of numbing energy swept through the ant trail, freezing every insect in place. The frantic colony became a silent, motionless sculpture of chitin. You walked past the paralyzed army without a single scratch.","痺れるようなエネルギーの波がアリの列を襲い、全ての虫をその場に縛り付けた。慌ただしかった群れは、沈黙を守る動かぬ彫像へと化した。あなたは傷一つ負わず、麻痺した軍団の横を通り抜けた。","麻痹性的能量波袭击了蚁群，将所有的昆虫都钉在了原地。原本忙碌的蚁群化作了守望沉默的静止雕像。你毫发无损地从这支麻痹的军团旁走过。"
"MSG_C_PARALYSIS_B_WIN","Your paralysis spell struck the bat mid-flight, causing its wings to lock up instantly. It tumbled through the air and shattered against the cave floor. The creature of the night was silenced by total physical failure.","放たれた麻痺の魔法が飛行中のコウモリを捉え、その翼を瞬時に硬直させた。空中で制御を失った魔物は、洞窟の床に激突して砕け散った。夜の住人は、全身の機能停止によって沈黙したのだ。","射出的麻痹魔法捕捉到了飞行中的蝙蝠，使其羽翼瞬间僵硬。在空中失去控制的魔物狠狠撞在洞窟地面摔得粉碎。夜晚的住人因全身功能停止而陷入了沉默。"
"MSG_C_PARALYSIS_C_WIN","The cobra's lightning strike was halted by a sudden surge of numbing power. It remained frozen in its aggressive coil, fangs bared but unable to move. The venomous predator was transformed into a harmless garden ornament.","猛毒の蛇の電光石火の攻撃が、突如として湧き上がった痺れの力によって制止された。鎌首をもたげたまま硬直し、牙を剥き出しにして動けない。捕食者は、今や無害な庭の置物と化したのだ。","剧毒长蛇电光石火般的攻击被突然涌现的麻痹力量制止了。它保持着昂首挺胸的状态陷入僵硬，露出獠牙却无法动弹。掠食者现在化作了无害的花园摆件。"
"MSG_C_PARALYSIS_D_WIN","The dragon's massive heartbeat slowed to a crawl as your paralysis took hold. Even the legend could not resist the total shutdown of its nervous system. The king of the sky fell into a deep, immobile slumber.","麻痺の魔法が浸透するにつれ、巨竜の鼓動はゆっくりと、確実に停止へと近づいた。伝説の怪物も、神経系の完全なシャットダウンには抗えなかった。空の支配者は、深い、動くことのない眠りに落ちたのだ。","随着麻痹魔法的渗透，巨龙的跳动缓慢而确实地接近了停止。即使是传说的怪物，也无法抗拒神经系统的完全关闭。天空之王陷入了沉睡，一动不动。"
"MSG_C_PARALYSIS_E_WIN","Your energy forced the tree spirit's internal structures to stiffen and lock. The ancient guardian became a literal statue, its malicious intent frozen forever. The forest grew quiet as the giant stood perfectly still.","あなたの放ったエネルギーが、エントの内部構造を硬直させ、完全にロックした。古の守護者は一文字通りの彫像となり、その邪念は永遠に凍結された。巨人が完全に静止し、森に静寂が戻った瞬間だった。","你释放的能量使树精的内部结构僵化并完全锁定。古老的守护者化作了名副其实的像，其邪念被永久冻结。这是巨人完全静止，森林重归寂静的瞬间。"
"MSG_C_PARALYSIS_F_WIN","The fly was caught in a shimmering field of static and instantly paralyzed. Its annoying buzzing stopped as it hung motionless in the air before falling. The smallest nuisance met a total mechanical halt.","ハエは微光を放つ静電気のフィールドに捕らわれ、即座に麻痺した。耳障りな羽音は途絶え、空中で静止した後に地上へと落下した。最小の邪魔者が、機械的な完全停止という最期を迎えた。","苍蝇被散发微光的静电场捕捉，随即陷入麻痹。刺耳的翅鸣声戛然而止，在空中静止后坠落地面。最小的干扰者迎来了机械性完全停止的末路。"
"MSG_C_PARALYSIS_G_WIN","The goblin's cowardly giggle turned into a frozen mask of terror. Its limbs refused to obey, leaving it helpless as its weapon slipped from its grip. The trickster was trapped in its own rigid prison of flesh.","ゴブリンの卑屈な笑いは、恐怖に染まった凍りついた仮面へと変わった。手足は持ち主の命令を拒絶し、握っていた武器が手から滑り落ちる。悪知恵の働く魔物は、自らの肉体という牢獄に閉じ込められたのだ。","哥布林卑下的笑声变成了染满恐惧的冰冷假面。手脚拒绝听从主人的命令，握着的武器从手中滑落。这只诡计多端的魔物被囚禁在了自己的肉体牢笼中。"
"MSG_C_PARALYSIS_H_LOSS","The harpy's chaotic shrieks shattered your paralysis wave before it could reach her. Her wings beat with renewed fury, driving you back with Gale-force winds. The queen of the wind laughed at your attempts to bind her.","ハーピーの荒ぶる叫びが、麻痺の波動を届く前に粉砕してしまった。彼女の翼はさらなる怒りと共に羽ばたき、突風となってあなたを襲う。風の女王を縛り付けることなど、誰にも不可能だったのだ。","哈皮狂暴的尖叫在麻痹波动到达前就将其粉碎了。她的羽翼带着更甚的愤怒扇动，化作突风向你袭来。谁也无法束缚这位风之女王。"
"MSG_C_PARALYSIS_I_WIN","The imp's hyperactive movements were silenced by a sudden stroke of numbing energy. It remained suspended in the air, a tiny demon frozen in time. The whispers of Hell were cut short by silence.","インプの過剰な動きが、突如として放たれた痺れのエネルギーによって沈黙した。時が止まったかのように空中で静止し、小悪魔は無力化した。魔界のささやきは、静寂によって断ち切られたのだ。","小仙女过剩的动作被突然释放的麻痹能量压制了。小恶魔仿佛时间停止般在空中静止，变得无力。魔界的低语被静寂所阻断。"
"MSG_C_PARALYSIS_J_WIN","Your energy caused the jelly's fluid structure to harden into a rigid, non-reactive solid. The monster lost its transparency and became a dull, motionless block. The liquid horror was solved by total crystallization.","あなたのエネルギーがジェリーの流動的な構造を硬化させ、反応のない個体へと変えた。怪物は透明度を失い、ただの動かぬ塊へと成り果てた。流動的な恐怖は、完全な結晶化によって解決されたのだ。","你的能量使果冻怪流动的结构硬化，变成了毫无反应的固体。怪物失去了透明度，沦为了一个不动的肿块。流动的恐怖由于完全结晶化而得到了解决。"
"MSG_C_PARALYSIS_K_WIN","The kobold leader stiffened suddenly, and a wave of paralysis rippled through the pack. The entire ambush was frozen in a series of grotesque poses. The wild hunters were now nothing more than static scenery.","コボルドのリーダーが突如として硬直すると、麻痺の波が群れ全体に波及した。待ち伏せしていた魔物たちは、奇妙な格好のまま静止した。荒野の狩人たちは、今やただの動かぬ風景と化したのだ。","当狗头人头领突然陷入硬直，麻痹的波动波及了整个族群。埋伏着的魔物们保持着奇特的姿势静止了。荒原的猎人们现在不过是静止的风景。"
"MSG_C_PARALYSIS_L_WIN","Paralysis took hold of the lizard's primitive brain, halting its cold-blooded efficiency. It remained frozen with its claws extended, a silent predator outpaced by energy. The cold beast had met a colder silence.","麻痺がリザードの原始的な脳を支配し、その冷徹な行動を停止させた。鋭い爪を立てたまま静止し、魔物はエネルギーの前に屈した。冷血な獣は、さらに冷たい静寂に飲み込まれたのだ。","麻痹支配了蜥蜴原始的大脑，使其冷酷的行动停止。依然保持着亮出利爪的姿势静止，魔物在能量面前屈服了。冷血野兽被更加冰冷的静寂所吞没。"
"MSG_C_PARALYSIS_M_LOSS","The mummy's desiccated nervous system had long since turned to dust, ignoring your paralysis. The undead walked through your energy field as if it were a light breeze. Your modern arts could not halt the eternal dead.","マミーの干からびた神経系はとうの昔に朽ちており、麻痺など意味をなさなかった。不死の怪物は、あなたのエネルギーをそよ風のように受け流した。永遠に時を止めた死者に、麻痺をかけるなど不可能なのだ。","木乃伊干枯的神经系统早已经朽坏，麻痹对其毫无意义。不死的怪物像对待微风一般承受了你的能量。对永远停止了时间的死者施加麻痹是不可能的。"
"MSG_C_PARALYSIS_N_LOSS","The naga's magical scales reflected the paralysis wave back toward its source. You felt your own limbs grow heavy as the beautiful serpent closed in. She smiled as she watched you struggle against your own power.","ナーガの魔法的な鱗が麻痺の波動を反射し、あなた自身へと跳ね返した。美しい人面蛇が近づく中、あなたは自らの手足が重くなるのを感じた。彼女は自らの力に溺れるあなたを見て、優雅に微笑んだ。","纳迦充满魔力的鳞片反射了麻痹波动，反弹回了你身上。在美丽人面蛇逼近之际，你感到自己的手脚变得沉重。她看着溺死在自己力量中的你，优雅地微笑着。"
"MSG_C_PARALYSIS_O_WIN","Your spell struck the orc's nervous system with the force of a thunderbolt, freezing its massive muscles. The titan stood paralyzed, unable to swing its axe or even roar. For once, brute force was perfectly contained.","あなたの呪文が雷光の如くオークの神経系を叩き、その頑強な筋肉を硬らせた。巨躯は麻痺したまま立ち尽くし、斧を振るうことも咆哮することもできない。暴力的な力さえも、完全なる制止の前には無力だった。","你的咒文如雷光般击中兽人的神经系统，使其强韧的肌肉陷入僵硬。巨躯保持着麻痹状态伫立，既无法挥动斧头也无法咆哮。暴力甚至在完全的制止面前也显得无能为力。"
"MSG_C_PARALYSIS_P_LOSS","The pixie giggled and danced through your paralysis field, treating it as a fun shower. Her magic was too ephemeral to be bound by such rigid control. You were left paralyzed by her shimmering enchantment instead.","ピクシーはクスクスと笑い、麻痺のフィールドを楽しいシャワーのように浴びて踊った。彼女の魔法はあまりに儚く、そのような硬い制御に縛られることはない。代わりにあなたは、彼女の妖精の粉で身動きを封じられた。","小仙女吃吃笑着，在麻痹场中翩翩起舞，仿佛在沐浴一场有趣的阵雨。她的魔法极其缥缈，不会被那种僵硬的控制所束缚。反倒是你被她的妖精粉末封锁了行动。"
"MSG_C_PARALYSIS_Q_LOSS","The coeurl absorbed your electrical paralysis, using the energy to hyper-charge its own field. It moved faster than ever, leaving afterimages of lightning as it struck. Your attempt to stop it had only fueled its fury.","クアールは麻痺のエネルギーを吸収し、それを自らの電磁場の動力源へと変えた。雷の残像を残し、奴はかつてない速度であなたを襲う。動きを止めようとした試みは、皮肉にも獣の殺意を加速させたのだ。","夸尔吸收了麻痹能量，并将其转化为自身电磁场的动力源。它留下雷电残像，以史无前例的速度向你袭来。企图阻止其行动的尝试，讽刺地加速了野兽的杀意。"
"MSG_C_PARALYSIS_R_LOSS","The rat swarm was too vast for the paralysis to affect every individual. While a few fell, thousands more surged forward, driven by an unstoppable hunger. The sheer volume of biological life overwhelmed your magic.","ラットの群れはあまりに膨大で、麻痺の効果を個々に行き渡らせることはできなかった。数匹が止まろうとも、数万の飢えが止まることはない。生命の奔流という圧倒的な質量が、あなたの魔法を飲み込んだのだ。","老鼠的族群太过庞大，麻痹的效果无法传达至每个个体。哪怕有几只停了下来，数万只的饥饿也不会停止。生命奔流那压倒性的质量吞没了你的魔法。"
"MSG_C_PARALYSIS_S_LOSS","Since the slime lacked a conventional nervous system, your paralysis wave found no target. The monster simply absorbed the energy and continued its slow, inexorable advance. Simple life forms proved surprisingly resistant to complex spells.","スライムには神経系が存在しないため、麻痺の波動は標的を見失い、空転した。怪物はエネルギーを吸収し、不気味な前進を止めようとはしない。単純な生命こそが、時に複雑な魔術に対する最強の盾となるのだ。","由于史莱姆不存在神经系统，麻痹波动失去了目标，只是徒劳消散。怪物吸收了能量，且毫无停止诡异前进的迹象。单纯的生命有时反倒会成为对抗复杂魔术的最强盾牌。"
"MSG_C_PARALYSIS_T_WIN","You paralyzed the troll's regenerative cells, halting its constant healing. The beast froze into a grotesque statue of scarred flesh, unable to resist your next move. The unstoppable monster was finally held in place.","トロールの再生細胞を直接麻痺させ、その底知れぬ回復力を停止させた。怪物は傷だらけの肉体を晒したまま、奇怪な彫像となって制止した。不死身に近い魔物も、内側からの停止には抗えなかったのだ。","直接麻痹了巨魔的再生细胞，使其深不可测的恢复力停止。怪物露出了满是伤痕的肉体，化作诡异的雕像停止了。即使是近乎不死身的魔物，也无法抗拒来自内部的停止。"
"MSG_C_PARALYSIS_U_LOSS","The undead, already static in death, were immune to the magic of paralysis. They drifted through your spells as if the energy were merely a chill breeze. The rigid dead had no more functions left to shut down.","死によってすでに制止しているアンデッドに、麻痺は一切の効果を持たなかった。奴らはあなたの術をそよ風のように受け流し、静かに忍び寄る。死者には、これ以上停止させるべき機能など残っていないのだ。","不死族因死亡而早已处于静止状态，麻痹对其毫无效果。它们像对待微风一般承受了你的术法，静静潜行而至。对于死者来说，已经不存在更多需要停止的功能了。"
"MSG_C_PARALYSIS_V_LOSS","The vampire shifted into mist the moment the paralysis hit, letting the energy pass through. He coalesced behind you, moving with a speed that defied physical limits. Science and magic were failing you in the face of the nocturnal lord.","麻痺が命中する直前、ヴァンパイアは霧へと姿を変えて回避した。物理的な限界を超えた速度であなたの背後に現れ、牙を剥く。真祖の力を前に、あなたの小細工は何一つとして通用しなかったのだ。","在麻痹命中的瞬间，吸血鬼化作雾气避开了攻击。他以超越物理极限的速度出现在你身后，露出了獠牙。在真祖的力量面前，你的小把戏完全行不通。"
"MSG_C_PARALYSIS_W_LOSS","The wolf pack kept their distance, sensing the dangerous static in the air. The leader let out a howl, signaling the pack to circle and wait for your mana to drain. Their patience was more effective than your active magic.","ウルフの群れは空気中の危険な静電気を察知し、一定の距離を保った。リーダーの遠吠えを合図に、奴らはあなたの魔力が尽きるのを待つ包囲陣を敷く。彼らの忍耐は、あなたの焦燥を確実に蝕んでいた。","狼群察觉到了空气中危险的静电，保持了一定距离。以头领的远嚎为信号，它们摆开阵势等待你的魔力耗尽。它们的忍耐确实地侵蚀着你的焦躁。"
"MSG_C_PARALYSIS_X_LOSS","Xalthis's multiple nervous systems worked in parallel, routing around your paralysis. As one limb stiffened, another struck from a blind spot with venomous intent. The twisted monster was designed to survive anything.","ザルティスの多重化された神経系は、あなたの麻痺を迂回して命令を伝達した。一本の足が止まろうとも、別の足が死角から毒の針を突き出す。歪んだ生態を持つ魔物は、あらゆる停止を拒絶するように設計されていた。","扎尔提斯多重化的神经系统绕过麻痹传达了指令。哪怕一条腿停了下来，另一条腿也会从死角刺出毒针。拥有扭曲生态的魔物，其设计仿佛就是为了拒绝一切停止。"
"MSG_C_PARALYSIS_Y_LOSS","The yeti's natural cold resistance acted as a perfect barrier against the energy wave. The ice giant didn't even slow down as he raised a massive crystalline fist. The winter's fury could not be frozen by static charge.","イエティの天然の防寒性能が、エネルギーの波に対する完璧な障壁となった。氷の巨人は歩みを緩めることなく、結晶化した拳を振り上げた。冬の怒りは、静電気ごときで停止させることは不可能なのだ。","雪人天然的避寒性能成为了对抗能量波的完美屏障。冰巨人没有放慢脚步，抡起了结晶化的拳头。冬日的愤怒是不可能被区区静电所停止的。"
"MSG_C_PARALYSIS_Z_LOSS","The zombie's necrotic flesh continued to twitch and move despite the paralysis wave. Its rotting motor functions were already broken, so they could not be truly stopped. The unliving tide crawled toward you with relentless hunger.","ゾンビの壊死した肉体は、麻痺の波を浴びても不気味に痙攣しながら動き続けた。すでに壊れている機能を、これ以上止めることはできない。生気なき波は、執拗なまでの飢えを秘めてあなたへと這い寄る。","僵尸坏死的肉体即便沐浴在麻痹波动中，依然诡异地痉挛着继续活动。已经崩坏的功能无法进一步被停止。死气沉沉的浪潮带着执拗的饥渴向你爬行而来。"
"MSG_C_POISONGAS_A_WIN","The ant breathed the toxic gas through its tiny spiracles and suffocated instantly. The green cloud filled the tunnels of its nest, leaving no escape. The colony's collective mind was extinguished in a wheeze.","アリは微小な気門から有毒ガスを吸い込み、瞬時に窒息へと追い込まれた。緑の雲が巣のトンネルを侵食し、逃げ場を完全に奪い去る。群れの集合意識は、一筋の喘ぎと共に永遠に閉ざされた。","蚂蚁通过微小的气门吸入有毒气体，瞬间窒息而死。绿色的云雾填满了蚁巢的隧道，让它们无处可逃。蚁群的集体意识在一次喘息中熄灭。"
"MSG_C_POISONGAS_B_LOSS","The bat sensed the chemical change in the air and flew to higher ground. It soared above the heavy gas, waiting for it to dissipate safely. Your poisonous trap was grounded while the target remained airborne.","コウモリは空気の化学変化を敏感に察知し、即座に高所へと避難した。重い毒ガスの上に留まり、それが安全に散るのを静かに待つ。あなたの毒の罠は地に留まり、標的は悠々と空を舞っていた。","蝙蝠察觉到了空气中的化学变化，飞向了更高的地方。它翱翔在沉重的气体之上，等待它安全消散。你的毒气陷阱困在地面，而目标依然在空中。"
"MSG_C_POISONGAS_C_WIN","The cobra inhaled the sweet-smelling toxins and its nervous system collapsed. It writhed on the floor, its venomous fangs useless against an internal enemy. The serpent met a silent, suffocating end.","コブラは甘い香りの毒を吸い込み、その神経系統は瞬時に崩壊した。床を転げ回り苦悶するが、猛毒の牙も内なる敵には無力だった。毒蛇は静かに、そして息苦しい終焉を一人迎えた。","眼镜蛇吸入了带甜味的毒素，它的神经系统崩溃了。它在地上翻滚，它那带毒的獠牙对体内的敌人毫无用处。这条蛇迎来了宁静、窒息的终结。"
"MSG_C_POISONGAS_D_WIN","The dragon's massive lungs took in a fatal dose of the concentrated poison. It coughed up black smoke as its legendary resistance was eaten away from within. The sky-king fell from the heavens, clutching its throat.","ドラゴンの巨大な肺は、凝縮された有毒ガスの致命的な一服を吸い込んでしまった。黒い煙を吐き出し、伝説の耐性も内側から侵食されていく。空の王は喉をかきむしり、天空から無様に墜落した。","巨龙庞大的肺部吸入了致命剂量的浓缩毒药。由于它的传奇抗性从内部被侵蚀，它咳出了黑烟。天空之王抓着喉咙，从九天之上坠落。"
"MSG_C_POISONGAS_E_WIN","The Ent's leaves absorbed the toxin, turning its vital sap into a slow-acting acid. It withered before your eyes, its ancient wood rotting in minutes. The forest guardian died from a breath it couldn't filter.","エントの葉が毒を吸収し、生命の樹液を遅効性の酸へと変えてしまった。みるみるうちに枯れ果て、古の木材は数分で腐敗していく。守護者は、ろ過することのできない吐息によって命を落とした。","树精的叶子吸收了毒素，将其维持生命的汁液变成了缓效酸。它在你眼前枯萎，它古老的木头在几分钟内腐烂。森林守护者死于它无法过滤的一次呼吸。"
"MSG_C_POISONGAS_F_WIN","The fly's high metabolism accelerated the spread of the poison through its body. It spiraled into a final buzz before landing dead in the dirt. The tiny scavenger was reclaimed by the earth it once plagued.","ハエの高い代謝が、毒を全身にいきわたらせる速度を加速させた。最期の羽音を響かせながら螺旋を描き、塵の中に落ちて絶命する。小さな掃除屋は、かつて荒らしまわった大地へと還っていった。","苍蝇的高代谢加速了毒素在体内的传播。它在盘旋中发出最后的嗡鸣，然后死在泥土中。这个微小的食腐动物被它曾经折磨的大地回收了。"
"MSG_C_POISONGAS_G_LOSS","The goblin held its nose with a dirty rag and scurried out of the cloud. It used its small size to find pockets of fresh air near the ground. Your chemical weapon was outmaneuvered by the crude survivor.","ゴブリンは汚れた布で鼻を覆い、素早く毒雲の範囲外へと逃げ出した。その小さな身体を活かして地表近くの新鮮な空気を探し当てる。あなたの化学兵器は、卑俗な生存本能によって出し抜かれたのだ。","哥布林用一块脏布捂住鼻子，溜出了云团。它利用身材微小的优势，在地面附近找到了新鲜空气。你的化学武器被这个粗俗的幸存者识破了。"
"MSG_C_POISONGAS_H_WIN","The harpy's screech was cut short as she inhaled the corrosive vapor. Her colorful feathers sloughed off as the gas burned her delicate skin. The queen of the sky died gasping for a breath of clean air.","腐食性の蒸気を吸い込んだハーピーの叫びは、無残にも途中で途切れた。ガスが繊細な肌を焼き、色鮮やかな羽毛が無残に剥がれ落ちていく。空の女王は、清浄な空気を求めて喘ぎながら絶命した。","当哈皮吸入腐蚀性蒸汽时，她的尖叫声戛然而止。当气体烧灼她娇嫩的皮肤时，她鲜艳的羽毛也随之脱落。天空女王在渴望呼吸新鲜空气中死去了。"
"MSG_C_POISONGAS_I_WIN","The imp tried to counter the gas with its own hellfire, but only caused a violent reaction. It shrieked in agony as it was engulfed in its own burning toxins. The trickster was defeated by its own reckless magic.","インプは地獄の炎でガスを相殺しようとしたが、それは激しい化学反応を招くだけだった。燃え盛る毒に包まれ、魔物は苦悶の絶叫を上げる。悪戯っ子は、自らの無謀な魔法によって自滅した。","小恶魔试图用它自己的地狱火来对抗气体，但只引起了剧烈的反应。当它被自己燃烧的毒素吞没时，它痛苦地尖叫着。这位骗子被它自己鲁莽的魔法击败了。"
"MSG_C_POISONGAS_J_WIN","The jelly's liquid form reacted violently with the gas, turning it into a murky sludge. It bubbled and dissolved until nothing but an acrid puddle remained. The monster was reduced to its chemical components.","ジェリーの流動的な身体がガスと反応し、濁った泥水へと変質した。泡を立てて溶け崩れ、最後には刺激臭を放つ液だまりだけが残る。怪物は、ただの化学物質の混合物へと還元された。","果冻怪的液体形式与气体发生剧烈反应，将其变成了浑浊的烂泥。它冒着泡融化了，直到只剩下一滩刺鼻的水洼。怪物被还原成了它的化学成分。"
"MSG_C_POISONGAS_K_LOSS","The kobold's sharp nose detected the poison long before the cloud arrived. The tribe fled to higher ground, leaving you to fight an empty mist. Your toxins failed to catch the savvy hunters.","コボルドの鋭い鼻は、毒雲が届くずっと前にその危険を察知していた。部族は一斉に高所へと避難し、あなたはただ霧と戦う羽目になる。あなたの毒は、経験豊かな狩人たちを捉えることができなかった。","狗头人敏锐的鼻子在云雾到来之前很久就探测到了毒药。部族逃到了更高的地方，留你一个人在空荡荡的雾气中战斗。你的毒素没能抓住这群机警的猎人。"
"MSG_C_POISONGAS_L_LOSS","The lizard's slow breathing and lowered heart rate protected it from the gas. It stayed perfectly still, waiting for the wind to clear the toxic vapor. Your secret weapon was ignored by the patient predator.","リザードの緩慢な呼吸と低い心拍数が、毒ガスの吸収を最小限に抑えた。微動だにせず、魔物は風が有毒な蒸気を吹き飛ばすのを静かに待つ。あなたの秘密兵器は、忍耐強い捕食者に無視されたのだ。","蜥蜴缓慢的呼吸和较低的心率保护它免受毒气的影响。它保持完全不动，等待风吹散有毒蒸汽。你的秘密武器被这位耐心的掠食者无视了。"
"MSG_C_POISONGAS_M_WIN","The mummy's ancient, dry lungs were instantly corroded by the modern gas. It collapsed in a heap of dusty bandages, its animation magic dissolved by the acid. The eternity of its curse was finally snuffed out.","マミーの古く乾いた肺は、近代的なガスによって瞬時に腐食されてしまった。酸によって動的な魔法を解かれ、包帯の山となって魔物は崩れ落ちる。数千年の呪縛は、ついにその命脈を絶たれた。","木乃伊古老、干燥的肺部瞬间被现代气体腐蚀。它在一堆布满灰尘的绷带中坍塌，它那赋予生命的魔法被酸液溶解。它长久以来的诅咒终于熄灭了。"
"MSG_C_POISONGAS_N_WIN","The naga's deep connection to the air and water made her vulnerable to the taint. She wept as her magical sanctuary was filled with the toxic fog. The wise spirit died clutching the very ground she once blessed.","空気や水と深く繋がっていたために、ナーガは汚れに対してあまりに脆弱だった。魔法の聖域が有毒な霧に満たされるのを見て、彼女は絶望に涙する。賢き精霊は、かつて祝福した大地を掴んだまま息絶えた。","纳迦与空气和水的深厚联系使她容易受到污染。当她的魔法避难所充满有毒的雾气时，她哭泣了。这位聪慧的灵性存在抓着她曾经祝福过的土地死去了。"
"MSG_C_POISONGAS_O_WIN","The orc's brave charge was brought to a halt by a cough it couldn't stop. It dropped its axe as its powerful muscles were paralyzed by the nerve gas. The mighty warrior met an inglorious end on its knees.","オークの勇敢な突撃も、止まらぬ咳込みによって唐突に終わらされた。神経ガスによって強靭な筋肉を麻痺させられ、魔物は斧を取り落とす。強大な戦士は、膝を突いたまま不名誉な最期を迎えた。","兽人勇敢的冲锋被一阵停不下来的咳嗽打断了。当它强大的肌肉被神经毒气麻痹时，它丢下了斧头。这位强大的战士跪着迎来了不光彩的终结。"
"MSG_C_POISONGAS_P_LOSS","The pixie giggled as she transformed the poison gas into harmless sparkles. She danced through the cloud, unaffected by your chemical warfare. The light of the forest was immune to such crude human tricks.","ピクシーはクスクスと笑い、有毒ガスを無害な光の粒へと変えてしまった。化学兵器など意に介さず、彼女は雲の中を優雅に舞い踊る。森の灯火は、人間が編み出した無骨な小細工など超越していた。","当小仙女把毒气变成无害的火花时，她傻笑着。她在云中起舞，不受你化学战的影响。森林之光对这种粗俗的人类伎俩免疫。"
"MSG_C_POISONGAS_Q_LOSS","The coeurl used its electrical field to ionize the air, neutralizing the gas. It watched you through the shimmering mist with glowing, predatory eyes. Your attempt to poison the beast only made it more aggressive.","クアールは電磁場を用いて空気をイオン化し、毒ガスを無害化してしまった。揺らめく霧の向こうから、獲物を狙う輝く瞳があなたを凝視する。毒を盛る試みは、獣をさらに凶暴にさせただけに終わった。","夸尔利用它的电场电离空气，中和了气体。它透过闪烁的雾气用发光的掠食者之眼注视着你。你企图给这头野兽下毒，结果只会让它更具侵略性。"
"MSG_C_POISONGAS_R_WIN","The rat swarm was decimated by the gas as it spread through the floor. They squeaked in agony before falling into a lifeless carpet of fur. Numbers provided no protection against a threat that fills the room.","地表を這うガスによって、ラットの群れは根こそぎ排除された。苦悶の鳴き声が止むと、そこには音のない毛皮の絨毯が広がっていた。空間を満たす脅威の前では、数による防衛も無意味だった。","鼠群被在地板上蔓延的毒气大批杀灭。它们在痛苦中吱吱叫，然后变成了一层毫无生气的皮毛毯。在充满房间的威胁面前，数量无法提供任何保护。"
"MSG_C_POISONGAS_S_WIN","The slime absorbed the poison gas, causing its internal chemistry to boil over. It expanded and then collapsed into a thin, colorless puddle. The monster's adaptive nature was its downfall today.","スライムは毒ガスを吸収したが、それが内部の化学反応を暴走させてしまった。大きく膨張した後に魔物は崩壊し、無色の薄い液だまりへと化す。優れた適応力が、今日ばかりは裏目に出た形となった。","史莱姆吸收了毒气，导致其内部化学反应沸腾。它膨胀后塌缩成了一滩稀薄的面色液体。怪物的适应天性今天成了它的死穴。"
"MSG_C_POISONGAS_T_LOSS","The troll's massive lungs and fast regeneration kept the poison from taking root. It simply coughed once and continued its relentless assault. The giant's constitution proved superior to your modern toxins.","トロールの巨大な肺と驚異的な再生能力が、毒の定着を許さなかった。ただ一度、力強く咳き込んだだけで、魔物は執拗な攻撃を続行する。巨人の強靭な体質は、現代の毒物にさえ打ち勝ったのだ。","巨魔庞大的肺部和快速再生防止了毒素生根。它只是咳了一声，然后继续无情的攻击。事实证明，巨人的体质优于你现代的毒素。"
"MSG_C_POISONGAS_U_LOSS","The undead have no need for air and ignored the toxic cloud entirely. They marched through the green mist, their glowing eyes fixed on your position. You cannot choke what does not breathe.","アンデッドは呼吸の必要がなく、有毒な雲など全く意に介さなかった。緑の霧を突き進む魔物の輝く瞳は、真っ直ぐにあなたを捉えている。呼吸せぬ者を窒息させることなど、不可能なのだ。","亡灵不需要空气，完全无视了毒气云。它们穿过绿色的雾气，发光的眼睛盯着你的位置。你无法让一个不呼吸的东西窒息。"
"MSG_C_POISONGAS_V_LOSS","The vampire held his breath indefinitely and moved through the gas with cold grace. He realized the source of the trap and struck at your position from within the cloud. The prince of shadow laughed at your chemical toys.","ヴァンパイアは息を止め、冷たき優雅さで毒ガスの中を通り抜けた。罠の出所を見極めると、霧の中から正確にあなたを狙い撃つ。影の貴公子にとって、化学の玩具など失笑の対象に過ぎなかった。","吸血鬼无限期地屏住呼吸，带着冰冷的优雅穿过这些气体。他意识到了陷阱的来源，并从云中攻击你的位置。暗影王子嘲笑你这些化学玩具。"
"MSG_C_POISONGAS_W_WIN","The wolf leader fell as the sensitive nose of the tracker inhaled the poison. The remaining pack fled in terror as their coordination dissolved mid-howl. The hunters were broken by an enemy they couldn't bite.","鋭敏な嗅覚を持つリーダーが毒を吸い込み、倒れると同時に群れの統制は崩壊した。遠吠えを上げる間もなく残りの狼たちは逃げ去り、群れは霧散した。噛みつけぬ敵の前に、誇り高き狩人たちは敗れ去った。","当追踪者敏感的鼻子吸入毒药时，狼群首领倒下了。剩下的狼群在恐慌中逃串，它们的协作在嚎叫中瓦解。猎人们被一个它们咬不到的敌人打败了。"
"MSG_C_POISONGAS_X_LOSS","Xalthis breathed through a different mechanism that was unaffected by the gas. It clattered towards you, its many legs ignoring the toxicity in the air. The ancient horror remained a lethal threat despite the smog.","ザルティスはガスに影響されない特殊な呼吸機構を持っていた。空気の毒性など無視して、多足の魔物はあなたへと這い寄ってくる。霧の向こう側から迫る古の恐怖は、依然として致命的な脅威だった。","扎尔提斯通过一种不受气体影响的机制呼吸。它向你卡嗒卡嗒地爬来，它的多条腿无视了空气中的毒性。尽管有烟雾，这个古老的恐怖依然是个致命的威胁。"
"MSG_C_POISONGAS_Y_LOSS","The yeti's mountain home was filled with thin, cold air that it processed with ease. The poison gas was too heavy and stayed low, leaving the giant's head in the clear. Your tactical failure cost you the battle.","イエティが住まう高山の空気は希薄であり、魔物はそれを効率よく処理する。毒ガスは重すぎて低層に留まり、巨人の頭上までは届かなかった。戦術的なミスが、あなたから勝利の機会を奪い去った。","雪人的高山之家充满了稀薄寒冷的空气，它能轻松应对。毒气太沉重了，一直停留在低处，让巨人的头保持在清晰的空气中。你的战术失败让你输掉了这场战斗。"
"MSG_C_POISONGAS_Z_LOSS","The zombie's lungs had long ago stopped working, making the gas useless. It continued to drag itself toward you, skin turning green from the chemical stain. The dead cannot be poisoned, they can only be broken.","ゾンビの肺はずっと前に機能を停止しており、ガスは何の役にも立たなかった。化学薬品で肌を緑に染めながらも、魔物は執拗にあなたへと這い寄る。死者を毒殺することはできない。物理的に砕くしかないのだ。","僵尸的肺很久以前就停止了工作，使得这些气体毫无用处。它继续向你爬来，皮肤被化学污迹染成了绿色。死者无法被毒杀，它们只能被击碎。"
"MSG_C_PERFUME_A_WIN","The ant was overwhelmed by a scent of a thousand flowers that masked its own pheromone trails. It wandered aimlessly, its simple brain unable to process the sensory riot. The tiny creature was lost in a floral dream.","千の花々の香りが押し寄せ、アリが頼りにしていたフェロモン・トレイルを完全にかき消した。感覚の氾濫を処理できず、魔物は目的もなく彷徨い続ける。小さな生き物は、花の夢の中に迷い込んだのである。","蚂蚁被一千种花朵的香味淹没，掩盖了它自己的费洛蒙轨迹。它漫无目的地游荡，它简单的大脑无法处理感官的暴乱。这个微小的生物迷失在了一场花梦中。"
"MSG_C_PERFUME_B_WIN","The bat's sensitive nose was paralyzed by the concentrated essence of midnight jasmine. It shrieked in confusion as the scent filled the air, replacing the familiar smell of damp stone. The night flyer was seduced into failure.","深夜のジャスミンの濃縮された本質が、コウモリの敏感な鼻を麻痺させた。湿った石の臭いに代わり、芳香が満ち溢れる中で魔物は困惑の叫びを上げる。夜の飛行者は、魅惑的な香りの前に敗北を認めたのである。","蝙蝠敏感的鼻子被午夜茉莉的浓缩精华麻痹了。当香味弥漫在空气中，取代了熟悉的湿冷石头的味道时，它困惑地尖叫。黑夜飞行者被诱向了失败。"
"MSG_C_PERFUME_C_WIN","The cobra hissed as the overwhelming fragrance masked the heat and scent of its prey. Its predatory focus was shattered, replaced by a strange, dreamy lethargy. The serpent was defeated by the power of flowers.","獲物の放つ熱も臭いも、圧倒的な芳香によって遮断され、コブラは威嚇の声を上げた。捕食者の集中力は粉々に砕かれ、奇妙な夢のような倦怠感がそれに取って代わる。蛇は、花の力の前に敗北したのである。","由于压倒性的香味掩盖了猎物的热量和气味，眼镜蛇发出了嘶嘶声。它的掠食焦点被打碎了，取而代之的是一种奇怪、梦幻般的昏睡。蛇被花朵的力量击败了。"
"MSG_C_PERFUME_D_WIN","The dragon inhaled the sweet scent of ancient roses and felt its warrior heart finally slow down. It leaned its massive head against the stone, dreaming of a garden longer than its legendary life. The king of flames fell to a fragrance.","古のバラの甘い香りを吸い込み、ドラゴンの戦士の鼓動はついに穏やかさを取り戻した。伝説的な長き一生よりも続く庭園を夢見ながら、その巨体を石壁に預ける。炎の王は、ただ一つの香りに敗れ去ったのである。","巨龙吸入了古老玫瑰的甜香，感到它的战士之心终于慢了下来。它将沉重的头靠在石头上，梦想着一个比它传奇一生还要漫长的花园。火焰之王倾于一阵芬芳。"
"MSG_C_PERFUME_E_WIN","The ancient Ent felt the scent of old spring awaken memories of forests long turned to dust. It groaned with a deep, wooden sadness, its leaves turning a vibrant gold in response to the smell. The wood spirit fell into a flowery slumber.","古の春の香りが、疾うの昔に灰と化した森の記憶を、古のエントの内側に呼び起こした。深い悲しみに満ちた呻き声を上げ、その木の葉は香りに応えるように黄金色へと染まっていく。森の精霊は、花の揺りかごの中で眠りについたのだ。","古老的树精感受到旧日春天的气息唤醒了早已化为尘土的森林记忆。它发出了沈重、木质的悲鸣，它的叶子由于对气味的反应而变成了充满活力的金色。森林之灵陷入了一场繁花盛开的睡眠。"
"MSG_C_PERFUME_F_WIN","The fly was drawn to a drop of concentrated nectar that was actually a floral trap. It landed and was immediately overwhelmed by the scent, its small brain burning from the sensory overload. The pest was erased by a sweet smell.","ハエは花の罠とも知らず、濃縮された蜜の一滴に引き寄せられていった。着陸した瞬間、圧倒的な芳香が襲いかかり、過負荷な感覚にその小さな脳は焼き尽くされる。害虫は、甘い香りの前に消去されたのである。","苍蝇被一滴浓缩的花蜜所吸引，而那其实是一个花卉陷阱。它一落下，立刻被香味淹没，它的大脑因感官过载而燃烧。这个害虫被甜美的气味抹除了。"
"MSG_C_PERFUME_G_WIN","The goblin's greed for the golden vial was replaced by a strange longing for a beauty it couldn't name. It sat down, its stolen loot forgotten, as the fragrance filled its small, wretched soul. The thief died of original grace.","金の小瓶への強欲さは、やがて正体不明の美しさへの奇妙な憧憬へと変わっていった。香りがその卑屈な魂を満たし、盗んだ戦利品のことなど忘れ、魔物はその場に座り込む。泥棒は、根源的な「気品」の前に果てたのである。","哥布林对金瓶的贪欲被一种对它无法命名的美感的奇怪渴望所取代。当香味充满了它那微小而可怜的灵魂，它坐了下来，忘记了偷来的战利品。小偷死于原始的优雅。"
"MSG_C_PERFUME_H_WIN","A cloud of floral mist coated the harpy's feathers, turning her screech into a melodic hum. She descended slowly, her eyes closing as she dreamed of a nest built of thousand petals. The sky queen was subdued by the fragrance.","花の霧がハーピーの羽を包み込み、その金切り声はメロディアスな鼻歌へと変わった。千の花びらで築かれた巣を夢見ながら、彼女は静かに降下し、その瞳を閉じる。空の女王は、芳香の前に平伏したのである。","一团花雾涂满了哈皮的羽毛，将她的尖叫变成了悠扬的哼唱。她缓缓降落，闭上双眼，梦想着一个由千片花瓣筑成的巢。天空女王被芳芬所征服。"
"MSG_C_PERFUME_I_WIN","The imp's demonic nature was repelled by the pure, holy scent of incense and lilies. It shrieked in pain as the fragrance burned its sensitive skin like a divine fire. The trickster was neutralized by the holy scent.","線香とユリの純粋で神聖な香りに、インプの悪魔的な本性は激しく反発した。神聖な炎のごとく肉体を焼く芳香に、魔物は苦痛の絶叫を上げる。悪戯っ子は、聖なる香りの前に無力化されたのである。","小恶魔的恶魔天性被乳香和百合那纯洁神圣的气味所排斥。随着香味像神圣之火一样灼烧它敏感的皮肤，它痛苦地尖叫。骗子被神圣的气味中和了。"
"MSG_C_PERFUME_J_LOSS","The jelly's translucent body absorbed the fragrant oils, turning it into a brilliant, glowing incense cloud. It lost all form and floated away, scenting the dungeon with a final, sweet note. The ooze became a mere decoration.","ジェリーの半透明な肉体は芳香のオイルを吸収し、眩いばかりに輝く香煙の雲へと姿を変えた。形を失い、最期の甘い音色をダンジョンに響かせながら、魔物は漂い消えていく。泥濘は、ただの装飾品となったのである。","果冻怪半透明的身体吸收了芳香油，使其变成了一团灿烂夺目的熏香云。它失去了所有的形状并飘走了，给地牢留下了一记最后的甜美香味。软泥变成了一个纯粹的装饰。"
"MSG_C_PERFUME_K_WIN","The kobold warrior's nose was overwhelmed by the floral explosion, masking the scent of war and metal. It dropped its weapon, stumbling through a flowery haze that felt like a beautiful childhood memory. The tribal hero found a sweet end.","花の炸裂的な香りが、戦場と鉄の臭いを完全に消し去り、コボルドの戦士を翻弄した。武器を落とし、美しい幼き日の記憶のような花の薄霧の中を、魔物はふらふらと歩き続ける。部族の英雄は、甘美な最期を迎えたのである。","狗头人战士的鼻子被花朵的爆发所淹没，掩盖了战争和金属的气味。它放下了武器，在一种像美丽的童年记忆般的花雾中蹒跚前行。这位部落英雄迎来了一个甜美的终結。"
"MSG_C_PERFUME_L_WIN","The lizard's eyes followed the swirling invisible scents as if they were moving prey until it became exhausted. It hissed in surprise before its predatory heart finally stilled under the floral weight. The predator was seduced into failure.","リザードの瞳は見えざる香りの渦を、まるで逃げる獲物のように追い続け、やがて力尽きた。驚きの声を上げるが、花の重圧の下でその捕食者の心臓は静かに停止する。捕食者は、魅惑の前に敗北したのである。","蜥蜴的眼睛跟随着打转的无形气味，仿佛它们是移动的猎物，直到它精疲力竭。在它的掠食之心最终在花香的重压下停歇前，它惊讶地嘶鸣了一声。掠食者由于受诱惑而失败。"
"MSG_C_PERFUME_M_WIN","The mummy's ancient decay was replaced by the overpowering scent of royal gardenias. It collapsed as the bubbles of fragrance erased the ancient rot that held its dry form together. The past was successfully perfumed by the display.","マミーの古の腐敗は、気品あるクチナシの圧倒的な香りに取って代わられた。芳香の泡が乾燥した肉体を繋ぎ止めていた腐敗を消し去ると、魔物は崩れ落ちる。過去は、見事に香り高く演出されたのである。","木乃伊古老的腐坏被皇室栀子花压倒性的香味所取代。随着香气抹去了维持其干燥形态的古老腐烂，它瘫倒在地。过去在这场展示中成功变得芬芳。"
"MSG_C_PERFUME_N_LOSS","The naga inhaled the celestial jasmine and used its magical essence to empower her own ancient spells. The player became dazed and confused by the amplified fragrance as the wise spirit struck with serpent precision. The floral trap backfired.","天上のジャスミンの香りを吸い込み、ナーガはその魔力を自らの古の呪文へと注ぎ込んだ。増幅された芳香によってプレイヤーが朦朧とする中、賢き精霊は蛇のような正確さで一撃を放つ。花の罠は、逆効果となったのである。","纳迦吸入了天国茉莉的香气，并利用其魔法精华增强了她自己古老的咒语。由于放大的香味让玩家变得眩晕且困惑，智者之灵以毒蛇般的精确发起了攻击。花卉陷阱起到了反作用。"
"MSG_C_PERFUME_O_LOSS","The orc's primal rage was ignored by the calming scent, but its physical strength remained unhindered. It roared through the violet mist, its heavy axe finding the player before they could recover from the sudden fragrance. The brute was too strong for the calm.","スミレの穏やかな香りはオークの根源的な激昂を無視したが、その物理的な怪力は微塵も揺らがなかった。スミレの霧の中で魔物は咆哮を上げ、突然の芳香に戸惑うプレイヤーを重斧で叩き伏せる。蛮勇の徒に、静寂は通じなかったのである。","兽人原始的愤怒被镇静的气味无视了，但它的体力并未受到阻碍。它在紫罗兰色的雾气中咆哮，在玩家从突然的香味中恢复过来之前，它沈重的斧头就找到了目标。平静对这个蛮子来说力量太弱了。"
"MSG_C_PERFUME_P_WIN","The pixie used the perfume to create a grand display of multi-colored scents that dancers through the air. She giggled as she orchestrated a grand display of beauty that moved everyone to tears. The forest trickster mastered the fragrance.","ピクシーは香水を利用し、空中を舞う多種多様な香りの競演を作り出した。皆を涙させるほどの壮大な美を演出しながら、彼女はくすくすと笑う。森の悪戯っ子は、芳香の力を完全に従わせたのである。","小仙女利用香水创造了一场在空中舞动的多彩气味大展示。当她编排出了一场令所有人感到的流泪的宏大美感时，她咯咯地笑了。森林骗子掌握了芬芳。"
"MSG_C_PERFUME_Q_WIN","The coeurl used the perfume to mask its own scent, becoming an uncatchable ghost of floral death. It moved with terrifying speed, using the fragrance to mask its own lethal pounce. The high-speed hunter was a scent of death.","クアールは香水を使い自らの臭いを消し、捕らえることのできない「花の死神」となった。芳香をその致命的な突進の隠れ蓑にし、恐るべき速度で敵を葬る。高速の狩人は、死を運ぶ「香り」となったのだ。","夸尔利用香水来遮盖自己的气味，变成了一位捕捉不到的花卉死神。它以可怕的速度移动，利用香味掩护它致命的扑击。高速猎手成了一缕死亡之香。"
"MSG_C_PERFUME_R_LOSS","The rat swarm's instincts were sharpened by the mountain spring scent, turning their collective hunger into a focused, lethal drive. The player was overwhelmed by the sensory overload as the rats attacked from every shadow. The swarm mastered the fragrance.","山泉の香りはラットたちの本能を研ぎ澄まし、集団としての飢えを一点集中の致命的な衝動へと変えた。あらゆる影からラットたちが襲いかかり、プレイヤーは感覚の過負荷によって圧倒される。群れは、芳香を完全に従わせたのである。","鼠群的基本能被山泉的气味磨砺得更加敏锐，将它们的集体饥饿转化为一种专注且致命的冲动。由于老鼠从每个阴影中发起攻击，玩家被感官过载所淹没。鼠群掌握了香味。"
"MSG_C_PERFUME_S_LOSS","The slime absorbed the perfume, which immediately began to turn its chaotic structure into a glowing cloud of scent. It vibrated with a lily scent before eventually dissolving into a harmless, fragrant liquid. The gelatinous threat was erased.","スライムは香水を吸収したが、それは即座にその混沌とした肉体を光り輝く香りの雲へと変え始めた。ユリの香りを放って震え、やがて無害で香り高い液体へと溶け落ちていく。泥濘の脅威は、消去されたのである。","史莱姆吸收了香水，香水立即开始将其混乱的结构变成一团发光的气味。由于带有一股百合气味的颤动，它最终溶解成了。无害且芬芳的液体。胶状威胁被抹除了。"
"MSG_C_PERFUME_T_LOSS","The troll inhaled the lavender and felt its chaotic mind find a new, terrible focus. It ignored the relaxation, its heavy arms swinging with a renewed, calm efficiency that caught the player off guard. The giant was strengthened by the scent.","ラベンダーの香りを吸い込み、トロールの混沌とした精神は新たなる恐るべき集中力を得た。休息を拒絶し、重厚な腕は冷徹な効率性を持って振るわれ、油断したプレイヤーを捉える。巨人は、芳香によってさらなる強さを手に入れたのだ。","巨魔吸入了薰衣草，感到它混乱的心灵找到了一个新的、可怕的焦点。它无视了放松作用，它沈重的手臂以一种冷靜的新效率挥动，让玩家措手不及。巨人的力量被香味增强了。"
"MSG_C_PERFUME_U_WIN","The undead stood still as the perfume covered their cold grey forms, cleaning them of their ancient decay. For a moment, they looked like statues of pure white marble under a shower of floral petals. The wandering souls were washed in scent.","アンデッドは立ち尽くし、香水がその冷たい灰色の肉体を覆って古の腐敗をも浄化した。花びらのシャワーの下で、彼らは一瞬だけ純白の大理石像のように見えた。彷徨う魂は、芳香に包まれて大地へと還されたのである。","当香水覆盖了亡灵冷灰色的形态，清洗了它们古老的腐烂时，它们停了下来。在那漫天花瓣的淋浴下，有一瞬间它们看起来像是纯白的大理石雕像。徘徊的灵魂被洗刷在芬芳中。"
"MSG_C_PERFUME_V_LOSS","The vampire was immune to the charms of the spring rain, his ancient senses already attuned to the fragrance of life and death. He struck through the floral mist with terrifying precision, appearing behind the player before they could blink. The prince was the master of the air.","ヴァンパイアは春 of の雨の魅力に惑わされることはなかった。その古の感覚は、既に生と死の芳香に精通していたからだ。花の霧を切り裂いて放たれる恐るべき一撃。瞬きする間にプレイヤーの背後へと回り込み、王子は空間の支配者となったのである。","吸血鬼对春雨的魅力免疫，他古老的感官早已习惯了生与死的芬芳。他以可怕的精确度穿透了花雾发起攻击，在玩家眨眼之前就出现在其身后。这位王子是空气的主宰。"
"MSG_C_PERFUME_W_LOSS","The wolf pack perceived the blooming jasmine as a challenge to their territory, identifying the source with deadly efficiency. Their hunt became cold and focused as they closed in on the player from the shadows. The forest predators were unswayed by the scent.","ウルフの群れは、咲き誇るジャスミンの香りを縄張りへの挑戦と見なし、極めて効率的にその源を特定した。影からプレイヤーへと迫るその狩りは、より冷徹で集中したものとなる。森の捕食者たちは、香りに揺らぐことはなかった。","狼群将盛开的茉莉花香视为对其领地的挑战，以致命的效率识别出了源头。当它们从阴影中接近玩家时，它们的狩猎变得异常冷酷且专注。森林里的掠食者们不为香气所动。"
"MSG_C_PERFUME_X_LOSS","Xalthis's multiple eyes twinkled with strategic malice as it used the hundred trails of scent to confuse the player instead. It moved through the floral pulse with lethal grace, its many legs striking with synchronized power. The nightmare was amplified by the beauty.","ザルティスの無数の瞳は、戦略的な悪意を持って煌めいた。百もの香りの形跡を逆手に取り、プレイヤーを混乱へと陥れる。花のパルスの中を致命的な優雅さで移動し、多足の脚は同期された力で襲いかかった。悪夢は、美しさによって増幅されたのである。","扎尔提斯众多的眼睛闪烁着战略性的恶意，它反而利用那一百条气味轨迹来迷惑玩家。它以致命的优雅穿过花簇脉冲，众多的腿以同步的力量发起攻击。噩梦在美感的烘托下愈发狰狞。"
"MSG_C_PERFUME_Y_LOSS","The yeti thought the fragrance was a message from a lost spring and reached out in wonder. His white fur soon smelled of mountain lilies, shining like the peaks of his home. The mountain king was fascinated by the perfume.","イエティはこの芳香を、失われた春からの便りだと思い込んで手を伸ばした。その毛皮はすぐに山百合の香りに包まれ、故郷の山頂のように白く輝き始める。嶺の王は、香水の魅力に魅了されたのである。","雪人以为这阵芬芳是来自失落之春的消息，惊喜地伸手去接。它的白毛很快由于散发出山百合的清香，像它家乡的山峰一样闪耀。雪山之王被香水迷住了。"
"MSG_C_PERFUME_Z_LOSS","The zombie's dead senses were completely unaffected by the ocean air, its rotting hunger its only guide. The player's own floral trance became their doom as they were too captivated to notice the heavy limbs reaching for them. The dead lacked the soul to be seduced.","ゾンビの死に絶えた感覚は、潮風の香りに全く影響されなかった。腐敗した飢餓こそが、その唯一の導きだからだ。花のトランス状態に陥ったプレイヤーは、自らに伸びる重厚な肢に気づくこともなく終焉を迎える。死者には、魅了されるための魂など存在しなかった。","僵尸死掉的感官完全不受海洋空气的影响，腐烂的饥饿是它唯一的向导。玩家自己的花卉恍惚状态成了他们的末日，由于太着迷而没有注意到正向他们伸来的沉重肢体。死者缺乏能被诱惑的灵魂。"
"MSG_C_PALETTE_A_WIN","The artist's palette flashed colors that confused the ant's simple mind. It stood frozen in wonder as the world turned into a vibrant spectrum. The worker was lost in a field of primary colors.","パレットが虹色の光を放ち、アリの単純な思考を麻痺させた。世界が色彩のスペクトルへ変貌する中、魔物は驚愕したまま硬直した。働き者は、原色の野原の中で自己を失った。","艺术家的调色板闪耀着色彩，迷惑了蚂蚁简单的头脑。当世界变成一个鲜艳的光谱时，它在惊讶中冻结了。工蚁迷失在了原色的原野中。"
"MSG_C_PALETTE_B_WIN","The bat saw thousands of fake moonlights reflected in the palette's oil paints. It spiraled out of control and crashed, its sonar overwhelmed by the visual noise. The flyer met a colorful end.","コウモリはパレットの絵具の中に、数千もの偽りの月光を見た。制御を失い墜落した魔物の超音波は、視覚の雑音に飲み込まれた。夜の飛翔者は、色鮮やかな最期を迎えた。","蝙蝠在调色板的油画颜料中看到了成千上万个虚假的月亮。它失去控制并坠毁，它的声呐被视觉噪声淹没了。飞行者迎来了绚烂的终焉。"
"MSG_C_PALETTE_C_WIN","The cobra hesitated as the palette offered a color matching its own venom. In that moment of vanity, it left its head exposed to a killing strike. The serpent's ego was its own undoing.","パレットが自らの猛毒の美しさに匹敵する色を提示した時、コブラは躊躇した。虚栄心が芽生えた一瞬の隙を突かれ、魔物は致命的な一撃を受けた。色彩の嵐の中で、毒蛇の自我が破滅を招いた。","眼镜蛇在调色板呈现出与其毒液相匹配的颜色时犹豫了。在那虚荣的一刻，它让头部暴露在致命一击之下。蛇的自负导致了自己的毁灭。"
"MSG_C_PALETTE_D_WIN","The palette spilled a river of fire-colored paint that the dragon mistook for breath. The magic held the beast in a trance, making it believe it was victorious. The legend died dreaming of a red horizon.","パレットから赤々と燃える絵具が溢れ、ドラゴンはそれを自らのブレスと誤認した。芸術の魔力が魔物を恍惚とさせ、勝利を確信させたままその命を断った。伝説は、真紅の地平線を夢見て絶命した。","调色板洒下一条火红色的油漆河，巨龙误以为是呼吸。魔法使这头野兽处于恍惚状态，使其相信自己已经胜利。传记在梦见红色地平线时死去。"
"MSG_C_PALETTE_E_WIN","The colors of autumn spread across the ent's branches from the magical palette. It believed its life had come to a natural end and peacefully returned to earth. The giant died in a glory of gold.","パレットから溢れた秋の色が、エントの枝々に広がった。魔物は自らの生命が自然な終焉を迎えたと信じ、安らかにその魂を大地へと還した。森の巨人は、黄金の栄光の中で息絶えた。","金秋的色彩从神奇的调色板铺展在树精的枝头。它相信自己的生命已经自然终结，并平和地归还大地。巨人在金色的光辉中死去。"
"MSG_C_PALETTE_F_LOSS","The fly used the palette's vibrant surface as a landing pad, its tiny feet leaving trails of chaos through the oil paints. It buzzed mockingly as it avoided the artist's hands, eventually fleeing with a new coat of colorful armor. The pest was too fast for static art.","ハエはパレットの色鮮やかな表面を格好の着陸場とし、小さな足跡で油絵具の海に混沌を撒き散らした。芸術家の手をあざ笑うかのように飛び回り、魔物は色鮮やかな「鎧」を纏って飛び去っていく。小さな害虫にとって、静止した芸術など無力に等しかった。","苍蝇将调色板充满活力的表面作为着陆垫，微小的爪子在油画颜料中留下了混乱的痕迹。它嘲讽地嗡嗡叫着，避开了艺术家的手，最终披着一层崭新的彩色盔甲逃之夭夭。这个害虫对静态艺术来说太快了。"
"MSG_C_PALETTE_G_WIN","The goblin saw a pile of gems in the shimmering reflections of the oil paints. It dropped its weapon to grab the fake riches and was struck down in greed. The palette was the perfect lure.","ゴブリンは油絵具の輝く反射の中に、宝石の山を見た。偽りの富を掴もうと武器を捨てた瞬間、その強欲さにつけ込まれて魔物は倒された。パレットは、短絡的な思考を持つ者への完璧な誘いだった。","哥布林在油画颜料闪闪发光的反射中看到了一堆宝石。它丢下武器去抓取虚假的财富，就在贪婪中被击倒了。调色板是完美的诱惑。"
"MSG_C_PALETTE_H_WIN","A kaleidoscope of colors blinded the harpy, making her think the sky was falling. She crashed into earth, her wings tangled in a mess of magical pigments. The queen was overwhelmed by the spectrum.","万華鏡のような色彩がハーピーの視界を奪い、天が堕ちたと錯覚させた。魔物は魔法の顔料の混濁に翼を取られ、大地へと墜落した。天空の女王は、芸術家のスペクトルの前に敗北した。","万花筒般的色彩弄瞎了哈皮，让她以为天塌了。她撞向大地，翅膀被缠绕在一团神奇颜料中。女王被光谱压倒了。"
"MSG_C_PALETTE_I_WIN","The imp saw a portal to the demon realm in the deep blacks of the palette. It leaped eagerly into the paint, only to find itself trapped in sticky ink. The prankster was tricked by a deeper art.","インプはパレットの深い黒の中に、魔界への入口を見た。期待に胸を膨らませて飛び込んだ魔物は、粘着質なインクの層に閉じ込められた。悪戯っ子は、より深遠な芸術に欺かれた。","小恶魔在调色板深沉的黑色中看到了魔界入口。它热切地跳进油漆里，却发现自己被困在粘稠的墨水中。淘气鬼被更深奥的艺术欺骗了。"
"MSG_C_PALETTE_J_LOSS","The palette's chemical colors reacted with the jelly, turning it into a hard crust. It could no longer move, its core frozen by the artist's pigments. The translucent monster met a rigid end.","パレットの化学色がジェリーの身体と反応し、それを無益で硬い殻へと変えた。魔物は流動性を失い、芸術家の顔料によって核は結氷した。半透明の怪物は、鮮やかで硬直した最期を迎えた。","调色板的化学色彩与果冻怪发生了反应，将其变成了硬壳。它再也无法移动，其核心被颜料冻结了。半透明的怪物迎来了僵硬的终焉。"
"MSG_C_PALETTE_K_LOSS","The kobold mistook the bright red on the palette for fruit and stepped incautiously. It was caught in a trap of drying oil that held its paws to the ground. The warrior was captured by its appetite.","コボルドはパレット上の明るい赤を果物と勘違いし、不用意に足を踏み出した。乾燥し始めた油の罠に足を奪われ、魔物は地面に縫い付けられた。部族の戦士は、自らの単純な食欲によって捕らえられた。","狗头人把调色板上的亮红色误认为水果并鲁莽行事。它陷入了一个正在干燥的油画陷阱中，爪子被固定在地上。战士被它的胃口捕获了。"
"MSG_C_PALETTE_L_WIN","The lizard was surrounded by a mosaic of colors that mimicked a lush forest. It relaxed its guard, thinking it home, and was easily defeated by the artist. The beast died in a dream of greenery.","リザードは、豊かな森を模した色彩のモザイクに囲まれた。故郷に戻ったと錯覚して警戒を解いた魔物は、芸術家の前に容易く敗れ去った。冷血な獣は、緑豊かな美しい夢の中で息絶えた。","蜥蜴被模仿繁茂森林的色彩画所包围。它放松了警惕，以为回到了家，被艺术家轻易击败。这头野兽在绿色的梦境中死去。"
"MSG_C_PALETTE_M_WIN","The mummy's eternal gray was replaced by a flood of vibrant, modern colors. The spiritual shock was too great for the ancient soul, and it disintegrated. The darkness of the tomb was erased by a rainbow.","マミーの灰色の世界が、パレットからの鮮やかで近代的な色彩の洪水によって塗り替えられた。古の魂にとって精神的衝撃は大きすぎ、魔物は粉々に砕け散った。墓所の闇は、虹によってかき消された。","木乃伊永恒的灰色被鲜艳的现代色彩所取代。精神上的冲击对于古老的灵魂来说太大了，它瓦解了。坟墓的黑暗被彩虹抹去了。"
"MSG_C_PALETTE_N_WIN","The naga's ancient wisdom allowed her to see through the illusion of the palette's colors. She closed her eyes and struck with accuracy, ignoring the visual distractions. The serpent was too disciplined for such a lure.","ナーガの古の叡智は、パレットの色彩が放つ幻影を見破った。彼女は静かに目を閉じ、視覚を排除して正確無比な一撃を放った。高潔な蛇人にとって、そのような浅はかな誘惑は無意味だった。","纳迦古老的智慧使其能够看穿调色板色彩的幻象。她闭上眼睛，精准地出击，无视了视觉干扰。蛇人对于这种诱惑表现得非常有纪律。"
"MSG_C_PALETTE_O_LOSS","The orc saw the palette as a piece of junk and crushed it under its massive boot. Colors spilled everywhere, but the monster remained unfazed by the mess. The crude beast had no appreciation for art.","オークはパレットをただのガラクタと見なし、巨大な足で踏み潰した。絵具が辺り一面に溢れたが、魔物はその汚れを気にすることはなかった。粗野な獣に、芸術を解する心など持ち合わせていなかった。","兽人认为调色板是个垃圾，用巨大的靴子把它踩碎。虽然油漆溅得到处都是，但怪物无动于衷。这头野兽对艺术没有任何鉴赏力。"
"MSG_C_PALETTE_P_LOSS","The palette was the perfect size for the pixie to use as a shield, though it slipped away. The colors merely stained her clothes, giving her a new outfit for her mischief. The trickster escaped with a laugh.","パレットはピクシーにとって盾として使うのに最適だったが、彼女の手をすり抜けた。色彩は単に彼女の服を染め、いたずらのための新たな装いを与えただけだった。悪戯っ子は笑いながら罠を逃れた。","调色板非常适合小仙女用作护盾，尽管它溜走了。颜色仅仅弄脏了她的衣服，为她的恶作剧提供了一套新衣服。淘气鬼笑着逃脱了。"
"MSG_C_PALETTE_Q_WIN","A cloud of pigments from the palette momentarily confused the coeurl's electric sense. It sneezed and retreated into darkness, its pride wounded by the interaction. The predator decided the artist wasn't worth the effort.","パレットから放たれた顔料が、クアールの電磁感覚を一時的に混乱させた。魔物はくしゃみをし、無惨な汚れに自尊心を傷つけられて退却した。捕食者は、その者が相手にする価値のない存在だと判断した。","调色板上的颜料云暂时迷惑了夸尔的电感。它打了个喷嚏并退回黑暗中，自尊心受挫。掠食者判定艺术家不值得费劲。"
"MSG_C_PALETTE_R_LOSS","The rats swarmed over the palette, dragging its colors into their dark tunnels. The artist's tools were lost to the sheer numbers of the pack. The collective hunger of the rats was absolute.","ラットの群れがパレットに群がり、その色彩を暗い穴へと引きずり込んだ。芸術家の道具は群れの圧倒的な数の前に消え去り、無力さを露呈した。ネズミたちの集団的な飢えは、すべてにおいて絶対だった。","老鼠成群结队地扑向调色板，把它的颜色拖进黑暗的隧道里。艺术家的工具在成群的老鼠面前丢失了。老鼠的集体饥饿感是绝对的。"
"MSG_C_PALETTE_S_LOSS","The slime absorbed the whole palette, its body glowing with a strange shifting rainbow. It seemed rejuvenated by the pigments and lunged forward with renewed strength. The monster was strengthened by the tool.","スライムはパレットを飲み込み、その身体は奇妙に移り変わる虹色の模様で輝いた。顔料から活力を得たかのように、魔物は新たな力で前進した。怪物は、自らを倒すための道具によってかえって強化された。","史莱姆吸收了整个调色板，它的身体闪烁着变幻莫测的彩虹光芒。它似乎得到了活力，以新的力量向前冲去。怪物被这个工具加强了。"
"MSG_C_PALETTE_T_LOSS","The troll found the palette's flavors interesting and took a bite out of the wood. It spit out the bitter pigments and swung its club in annoyance. The brute had no taste for modern art.","トロールはパレットの木材を興味深い味だと感じ、一口かじってみた。苦い顔料を吐き出し、魔物は苛立ちと共に棍棒を振るった。野蛮な怪物に、芸術やその道具を味わう舌はなかった。","巨魔觉得调色板的味道很有趣，在木头上咬了一口。它吐出苦涩的颜料，懊恼地挥舞起木棒。这个禽兽对现代艺术没有兴趣。"
"MSG_C_PALETTE_U_LOSS","The palette's vibrant life was an insult to the undead, and they recoiled in fear. However, the colors failed to bind their spirits, as their hollow hearts felt nothing. The dead continued their slow march.","パレットの鮮やかな生命力はアンデッドへの侮辱であり、彼らは恐怖で後ずさりした。しかし、虚ろな心にはその美しさを感じる術がなく、色彩が彼らを縛ることはなかった。死者たちは、ゆっくりと進み続けた。","调色板上充满活力的生命力是对亡灵的侮辱，他们恐惧地退缩了。然而，色彩未能束缚他们的灵魂，因为他们空洞的心毫无感觉。死者继续那缓慢的行进。"
"MSG_C_PALETTE_V_WIN","The vampire gracefully dodged the colors from the palette and struck from the shadows. His eternal darkness was untouched by the attempt to bring light into the duel. The prince remained a monochrome master.","ヴァンパイアはパレットの色彩を優雅にかわし、影から鋭い一撃を見舞った。決闘に光をもたらそうとする試みも、彼の永遠の闇を揺るがすことはなかった。崇高な貴公子は、夜の白黒の支配者であり続けた。","吸血鬼优雅地躲过了调色板上的颜色，从阴影中发起攻击。光明的尝试并没有触及他永恒的黑暗。王子依然是单色的主宰。"
"MSG_C_PALETTE_W_LOSS","The wolf pack surrounded the palette and shredded it into splinters within seconds. Each beast marked the remains with their scent, erasing the artist's influence. The wild was no place for a painter's tools.","ウルフの群れがパレットを囲み、数秒でそれを木端微塵に引き裂いた。獣たちは残骸に己の臭いをつけ、芸術家の影響を完全に消し去った。野生の世界は、画家の道具が介在できる場所ではなかった。","狼群围住调色板，在几秒钟内将其撕碎。每只野兽都在残骸上留下气味，抹去了艺术家的影响。荒原不是放置画家工具的地方。"
"MSG_C_PALETTE_X_LOSS","Xalthis simply ignored the palette's distraction and struck with its venomous stingers. The colors fell on its hard carapace without effect. The multi-legged nightmare had no eyes for art.","ザルティスはパレットの注意を引こうとする試みを無視し、毒針を突き出した。色彩は効果なくその硬い甲殻に降り注ぎ、魔物はただ殺害することのみに集中した。多足の悪夢に、芸術を眺める瞳などなかった。","扎尔提斯无视了调色板的干扰，用带毒的刺发起攻击。颜色落在它坚硬的甲壳上毫无效果。这个多腿的噩梦没有艺术细胞。"
"MSG_C_PALETTE_Y_LOSS","The yeti was annoyed by the bright colors and threw the palette into a snowdrift. It let out a roar that caused an avalanche, burying the artist and their tools. The king of peaks preferred the purity of cold.","イエティは明るい色彩に苛立ち、パレットを深い雪だまりへと投げ捨てた。雪崩を引き起こすような咆哮を上げ、魔物は芸術家を雪の下へと埋め尽くした。山嶺の王は、極寒の純潔さを好んだ。","雪人对鲜艳的颜色感到懊恼，把调色板扔进了雪堆里。它发出了一声引发雪崩的咆哮，埋葬了艺术家和他们的工具。山岭之王更喜欢寒冷的纯净。"
"MSG_C_PALETTE_Z_LOSS","The zombie stood blankly as the colors covered its rotting face. It felt no wonder or confusion, only the eternal hunger that drove it forward. The dead could not be moved by the artistry of the living.","ゾンビは色彩が腐敗した顔を覆っても、ただぼんやりと立ち尽くしていた。驚きも混乱もなく、ただ永遠の飢えだけが魔物を突き動かした。生者の芸術性は、死者を動かすことはできなかった。","当颜色覆盖在僵尸腐烂的脸上时，它茫然地站着。它没有感到惊奇或困惑，只有永恒的饥饿驱动着它。死者不会被生者的艺术所打动。"
