"keys","en","ja","zh"
"MSG_C_SLASH_A_WIN","A sharp slash cut the ant's thin waist in two. Its struggling legs soon fell still.","鋭い斬撃がアリの細い腰を真っ二つにした。もがく脚もやがて静止した。","锐利的斩击将蚂蚁纤细的腰柄一分为二。挣扎的肢体不久便停止了动弹。"
"MSG_C_SLASH_B_WIN","A flash clearing the dark severed the bat's wing at its base. It fell soundlessly to the ground.","闇を切り裂く一閃が、コウモリの翼を根元から断った。それは音もなく地面へ落ちた。","划破黑暗的一闪从根部斩断了蝙蝠的翅膀。它无声无息地掉落在了地面。"
"MSG_C_SLASH_C_WIN","The descending blade beautifully cleaved the cobra's long body. Its venomous head rolled away.","急降下する刃がコブラの長い体躯を美しく断ち割った。猛毒の宿る頭部が転がった。","降下的利刃华丽地劈开了眼镜蛇的长躯。那颗蕴含剧毒的头颅滚落到了地面。"
"MSG_C_SLASH_D_WIN","Legendary swordsmanship pierced the dragon's reverse scale. Its sky-shaking roar became its final breath.","伝説の剣技がドラゴンの堅牢な逆鱗を貫いた。天を揺るがす咆哮は、最期の吐息へと変わった。","传说中的剑技穿透了巨龙坚硬的逆鳞。震撼天空的咆哮化为了最后的喘息。"
"MSG_C_SLASH_E_WIN","Your honed blade easily sliced through the Ent's ancient bark. The forest's malice dispersed.","研ぎ澄まされた刃が、エントの古びた樹皮を易々と切り裂いた。森の怨念は霧散した。","磨砺至极的利刃轻而易举地切开了树精古老的树皮。森林的怨念随之消散。"
"MSG_C_SLASH_F_WIN","A delicate swing cutting the air halved the small fly. A single line of the cut remained in the air.","空気を切り裂く繊細な一振りが、小さなハエを両断した。一筋の切断面が空中に残った。","划破空气的细腻一挥将小苍蝇两断。空中留下了一道不易察觉的斩痕。"
"MSG_C_SLASH_G_LOSS","The goblin's cunning defense predicted your strike. A counter-thrust pierced the gap in your armor.","ゴブリンの狡猾な防御に剣筋を読まれた。反撃の一刺しが、あなたの防具の隙間を貫いた。","哥布林狡猾的防御看穿了你的剑路。反击的一刺穿透了你盔甲的缝隙。"
"MSG_C_SLASH_H_WIN","You vividly hacked off the rampaging harpy's wings. Without the sky she fell in despair.","荒れ狂うハーピーの翼を鮮やかに切り落とした。空を失った魔物は、絶望とともに墜落した。","干净利落地斩下了疯狂哈皮的翅膀。失去了天空的魔物带着绝望坠向地面。"
"MSG_C_SLASH_I_WIN","A horizontal slash tore through the imp's wings and pride. The encroachment from Hell was stopped.","横一文字の斬撃が、インプの翼とプライドを引き裂いた。魔界からの浸食は食い止められた。","横向的一文字斩撕裂了小恶魔的翅膀与自尊。来自魔界的侵蚀被阻断了。"
"MSG_C_SLASH_J_WIN","Countless slashes turned the jelly into inorganic shards. A blitz that left no time for regeneration.","無数の斬撃がジェリーの肉体を無機質な破片へと変えた。再生の暇さえ与えぬ速攻だった。","无数的斩击将果冻怪的身体变成了无机的碎片。这是连再生时间都不给的速攻。"
"MSG_C_SLASH_K_WIN","You deflected the kobold's dagger and cut deep into its chest. The proud canine warrior collapsed.","コボルドの短剣を弾き飛ばし、その胸元を深く切り裂いた。誇り高き犬戦士は膝を突いた。","弹开了狗头人的短剑，并深深切开了它的胸膛。高傲的犬战士跪倒在地。"
"MSG_C_SLASH_L_WIN","A precise strike at the scale's gap pierced the lizard's throat. Its cold eyes lost their light.","鱗の隙間を狙った精密な一撃が、リザードの喉元を突いた。冷血な瞳が光を失っていく。","瞄准鳞片缝隙的精密一击刺穿了蜥蜴的咽喉。冰冷的瞳孔渐渐失去了光彩。"
"MSG_C_SLASH_M_WIN","You sliced through the mummy's heart bandages and all. Its millennia-long wandering finally ended.","腐食した包帯ごと、マミーの呪われた心臓を切り裂いた。数千年の彷徨が、今終わりを迎えた。","连同腐蚀的绷带一起切开了木乃伊被诅咒的心脏。几千年的彷徨在此刻迎来了终焉。"
"MSG_C_SLASH_N_WIN","You cut through the naga's supple body with one stroke. The beautiful serpent's end was a pitiful cry.","ナーガのしなやかな胴体を一文字に切り捨てた。美しき人面蛇の最期は、哀れな叫びだった。","将纳迦曲线优美的胴体一刀两断。美丽人面蛇的最后，是可怜的哀鸣。"
"MSG_C_SLASH_O_LOSS","Your sword was repelled by the orc's massive axe. A follow-up strike assaulted your numbed arm.","オークの巨大な斧と正面からぶつかり、剣が弾き返された。衝撃で痺れた腕を、怪力の追撃が襲う。","你的剑与兽人的巨斧正面碰撞，被弹了回来。强力的追击袭向了你因冲击而麻木的手臂。"
"MSG_C_SLASH_P_WIN","Slicing through the phantom light you caught the hidden pixie. Its small life vanished as a beam.","幻惑の光を切り裂き、身を隠したピクシーの居場所を捉えた。小さな命は一筋の光となって消えた。","斩开了幻惑之光，捕捉到了隐藏行踪的小仙女。微小的生命化作一道光芒消失了。"
"MSG_C_SLASH_Q_WIN","A lightning-fast slash severed both the coeurl's feelers. Deprived of its weapon the beast fell.","電光石火の斬撃が、クアールの二本の触角を同時に切り離した。最大の武器を失い、獣は倒れた。","电光石火般的斩击同时切断了夸尔的两根触角。失去了最强武器的猛兽倒下了。"
"MSG_C_SLASH_R_WIN","One sweep scattered the rats and killed their leader. The leaderless pack dispersed in a panic.","ラットの集団を一薙ぎで蹴散らし、ボスと思しき個体を仕留めた。統率を失った群れは霧散した。","横扫一圈击散了老鼠群，并解决了看似头领的个体。失去统帅的鼠群四散奔逃。"
"MSG_C_SLASH_S_WIN","Despite the sticky sludge you cut the slime's core in two. The monster returned to a mere puddle.","粘液に足を取られながらも、スライムの核を真っ二つに切り裂いた。怪物はただの水まりへと還った。","虽被粘液绊住了脚，你还是将史莱姆的核心一分为二。怪物变回了一滩平凡的水渍。"
"MSG_C_SLASH_T_LOSS","The troll's thick fat and regeneration blocked your blade. Before its healing your sword snapped.","トロールの分厚い脂肪と驚異の再生力が、刃の到達を拒んだ。絶望的な回復を前に、あなたの剣は折れた。","巨魔肥厚的脂肪和惊人的再生力挡住了刃尖。在令人绝望的恢复力面前，你的剑折断了。"
"MSG_C_SLASH_U_WIN","Your magically infused blade cut through the ghostly undead like mist. It was bathed in purifying light.","魔力が込められた刃が、実体のないアンデッドを霧のように切り裂いた。亡霊は浄化の光に包まれた。","注入魔力的利刃像切开雾气般斩开了虚幻的不死族。亡灵被净化之光包围了。"
"MSG_C_SLASH_V_WIN","Predicting the vampire's speed you drove the silver blade into his chest. The noble turned to ash."," ヴァンパイアの高速移動を見切り、その胸中央に白銀の刃を立てた。闇の貴族は灰へと崩れ去った。","看破了吸血鬼的高速移动，将白银之刃刺入了他的胸心。黑暗贵族化作灰烬消逝了。"
"MSG_C_SLASH_W_LOSS","Your sword only cut the air against the wolf's agility. A packmate's fangs caught your leg.","ウルフの俊敏な身のこなしに、剣は空を裂くばかりだ。闇から現れた仲間の牙が、あなたの脚を捉えた。","狼敏捷的身法让你只能空砍。从黑暗中现身的同伴毒牙攫住了你的小腿。"
"MSG_C_SLASH_X_LOSS","Xalthis's many legs entangled and sealed your sword. A venomous tail aimed for your throat.","ザルティスの入り組んだ多足が剣を絡め取り、封じた。死を運ぶ尾の毒針が、静かに喉元を狙う。","扎尔提斯错综复杂的多肢纠缠住并封锁了你的剑。死神的尾部毒针静静地瞄准了你的咽喉。"
"MSG_C_SLASH_Y_WIN","Cutting through the blizzard you drove your blade into the yeti's heart. The giant fell into eternal sleep.","吹雪を切り払い、イエティの心臓目掛けて渾身の突きを放った。雪山の巨人は静かに眠りについた。","斩开了暴风雪，对着雪人的心脏使出全身力气的一刺。雪山巨人静静地进入了长眠。"
"MSG_C_SLASH_Z_LOSS","No matter how much you sliced the zombie didn't stop. Caught by its arms you knew despair.","腐った肉を何度斬り裂こうとも、ゾンビは止まらない。生気を吸い取る腕に捕まり、あなたは絶望を知る。","无论切开腐肉多少次，僵尸都没有停止。被那吸取生气的双臂抓住，你感到了绝望。"
"MSG_C_STAB_A_LOSS","You stabbed at the ant's hard shell but your spear glided off. The impact numbed your arm.","アリの硬い甲羅を突いたが、槍先が滑ってしまった。弾き返された衝撃で、腕の感覚が麻痺する。","你刺向蚂蚁坚硬的甲壳，枪尖却打滑了。被反弹回来的冲击力震得手臂一阵发麻。"
"MSG_C_STAB_B_WIN","You pierced the bat's vital spot. The small body fell to the cold earth without a single flap.","コウモリの急所を的確に貫いた。小さな体は、羽ばたくことも叶わず、冷たい大地へと沈んだ。","你精准地贯穿了蝙蝠的要害。那娇小的身体甚至没来得及振翅，便沉入了冰冷的大地。"
"MSG_C_STAB_C_WIN","A lightning-fast thrust shot through the cobra's head. Its venomous fangs trembled uselessly at your feet.","毒蛇の鎌首を、稲妻のような一突きが射抜いた。猛毒の宿る牙が、あなたの足元で空しく震えた。","如闪电般的一刺射穿了毒蛇的头。那对蕴含剧毒的獠牙在你脚边徒劳地颤抖。"
"MSG_C_STAB_D_WIN","You drove your spear deep into the dragon's eye. A sky-tearing cry echoed as the ancient monster fell.","巨竜の瞳へと槍を深く突き立てた。天をも裂く断末魔が響き渡り、最古の怪物が崩れ去った。","你将长枪深深刺入了巨龙的眼瞳。震撼天空的临死哀鸣响彻四周，最古老的怪物轰然倒下。"
"MSG_C_STAB_E_WIN","You stabbed the wood spirit's core knot without hesitation. The old tree withered in silence.","木の精霊の核となる節を、迷いなく突き落とした。生命の循環が絶たれ、古木は静かに枯れ果てた。","你毫不犹豫地刺中了树精的核心节疤。生命循环被切断，枯木静静地彻底干涸。"
"MSG_C_STAB_F_WIN","Your spearpoint beautifully caught the fly in mid-air. Even the wind silenced at the delicate blow.","宙を舞うハエを、一本の槍先が美しく捉えた。あまりに繊細な一撃に、風さえも沈黙した。","枪尖优美地捉住了在空中盘旋的苍蝇。面对这极其细腻的一击，连风都陷入了沉寂。"
"MSG_C_STAB_G_WIN","One thrust through the goblin's heart ended the fight. Its cowardly cry vanished into the air.","ゴブリンの心臓を一突きで貫き、戦いを終わらせた。卑屈な叫びは空気中に消え、静寂が戻った。","一枪刺穿了哥布林的心脏，结束了这场战斗。卑鄙的嚎叫消散在空中，宁静重归。"
"MSG_C_STAB_H_WIN","A cold blade shot through the harpy's white throat. Her beautiful wings folded as she fell into the abyss.","ハーピーの白い喉元を、冷たい刃が射抜いた。美しき翼は力なく折れ、彼女は奈落へと墜ちた。","冰冷的刃尖射穿了哈皮雪白的咽喉。美丽的羽翼无力地折断，她坠入了深渊。"
"MSG_C_STAB_I_WIN","A precise thrust through the imp's brow silenced it. Its demonic wisdom was sealed forever.","小生意気なインプの眉間を、正確無比な一突きが貫いた。悪魔的な知恵は、永遠に封じられた。","准确无误的一刺贯穿了傲慢小恶魔的眉心。那恶魔般的智慧被永远封印了。"
"MSG_C_STAB_J_WIN","A lightning thrust shattered the jelly's transparent core. The monster returned to a simple puddle.","ジェリーの透き通った核を、電光石火の突きが破壊した。怪物はただの水まりへと還った。","电光石火的一刺破坏了果冻怪透明的核心。怪物还原成了一滩平凡的水渍。"
"MSG_C_STAB_K_LOSS","The kobold's shield blocked your thrust, throwing you off. Its low-held blade aimed for your legs.","コボルドの盾に槍先を阻まれ、体勢を崩してしまった。低く構えた奴の刃が、あなたの脚を狙う。","枪尖被狗头人的盾牌挡住，令你失去了平衡。压低身位的它的白刃瞄准了你的腿部。"
"MSG_C_STAB_L_WIN","You shot precisely through a thin point in the lizard's neck scales. Light faded from its cold eyes.","リザードの喉元、鱗の薄い一点を正確に射抜いた。冷血な獣の瞳から、急速に光が失われていった。","你准确射穿了蜥蜴咽喉处鳞片薄弱的一点。那冷血禽兽的瞳孔中迅速失去了光彩。"
"MSG_C_STAB_M_LOSS","Your spear got stuck deep in the mummy's dry bandages. Sand-cursed arms moved to choke you.","マミーの乾いた包帯に槍先が深く沈み、抜けなくなった。呪われた砂の腕が、あなたの首を絞めにかかる。","枪尖深陷木乃伊干燥的绷带中无法拔出。被诅咒的沙之臂开始锁向你的咽喉。"
"MSG_C_STAB_N_LOSS","Your spear grazed the naga's body but did no fatal damage. The enraged serpent coiled around you.","ナーガのしなやかな胴体に槍が掠めたが、致命傷には至らない。激昂した半人半蛇が、あなたを締め上げる。","长枪划过了纳迦曲折的胴体，但并未造成致命伤。激怒的半人半蛇迅速缠上了你的身体。"
"MSG_C_STAB_O_WIN","You parried the orc's bulk and stabbed deep into its belly. Its roar became a gurgling death cry.","オークの巨体を受け流し、その分厚い腹部を深く突いた。怪物の咆哮は、不快な音を立てて絶命へと変わった。","避开了兽人的巨体，并深深刺入了它厚实的腹部。怪物的咆哮伴随着不快的声音转为临终的哀鸣。"
"MSG_C_STAB_P_WIN","Slicing phantom light, you took the pixie's core with one thrust. It vanished into the void as a beam.","幻惑の光を切り裂き、ピクシーの核を一突きで仕留めた。小さな命は一筋の光となって、虚空へと消えた。","刺破迷幻之光，一枪解决了小仙女的核心。微小的生命化作一道光芒消逝在虚空中。"
"MSG_C_STAB_Q_LOSS","The coeurl's whiskers caught your spear and channeled lightning. The beast leaped at your numbed body.","クアールの鋭い髭が槍を絡め取り、電撃を流し込んできた。痺れる全身を嘲笑うかのように、獣が飛びかかる。","夸尔锐利的胡须缠住了长枪，并传导来了点击。猛兽飞扑向你那因麻痹而嘲笑般动弹不得的全身。"
"MSG_C_STAB_R_LOSS","Surrounded in a tight spot there was no room to swing your spear. Countless fangs drained you.","狭い場所でラットの群れに囲まれ、槍を振るう空間がない。無数の牙が足元から忍び寄り、体力を削る。","在狭窄之处被老鼠群包围，没有挥舞长枪的空间。无数毒牙从脚边袭来，不断削减体力。"
"MSG_C_STAB_S_LOSS","Your spear's power was absorbed by the slime's elastic body. Covered in mucus it's just a stick now.","スライムの弾力ある体に槍が埋まり、威力が吸収された。粘液に覆われた武器は、もはや棒切れも同然だ。","长枪陷入了史莱姆弹性的身体中，威力被完全吸收。覆盖着粘液的武器如今已与棍棒无异。"
"MSG_C_STAB_T_LOSS","The troll's fat blocked your spear from its heart. As it healed a massive club swung down.","トロールの分厚い皮下脂肪に槍が阻まれ、急所を外した。驚異の再生が始まる中、巨大な棍棒が振り下ろされる。","巨魔肥厚的皮下脂肪挡住了枪头，偏离了要害。在惊人的再生开始之际，巨大的木棒挥了下来。"
"MSG_C_STAB_U_LOSS","Your spear passed uselessly through the ghostly undead's chest. Death's cold chill froze your heart.","アンデッドの実体のない胸を槍が虚しく通り抜けた。冷たい死の気配が、あなたの心臓を凍りつかせた。","长枪透过了不死族虚幻的胸膛。冰冷的死亡气息令你的心脏感到冻结。"
"MSG_C_STAB_V_LOSS","The vampire's speed made your thrust miss. From the shadows his hands sought your throat.","ヴァンパイアの超人的な反応速度に突きは外された。闇に消えた彼の手が、背後から首元を狙う。","面对吸血鬼超人般的反应速度，你的一刺落空了。消失在黑暗中的他正从背后瞄准你的咽喉。"
"MSG_C_STAB_W_LOSS","The wolf's agile dodge left your thrust hitting empty air. From your blind spot fangs closed in.","ウルフの俊敏な回避により、一突きが虚空を射抜いた。群れの連携は完璧で、死角から牙が迫る。","由于狼敏捷的躲避，一枪直射虚空。它们的协作完美无瑕，毒牙从死角逼近。"
"MSG_C_STAB_X_LOSS","Xalthis's many legs entangled your spear diverting it. A venomous tail closed in on your throat.","ザルティスの不気味な多足が槍を絡め取り、あらぬ方向へ逸らされた。死を告げる尾の毒針が、喉元へ迫る。","扎尔提斯诡异的多肢缠住了长枪，将其带离了方向。预告死亡的尾部毒针逼近了你的咽喉。"
"MSG_C_STAB_Y_LOSS","The yeti's blizzard-like chill froze your spear arm. The weapon slipped from your unfeeling hand.","イエティの吹雪のような冷気が、槍を操る腕を凍らせた。感覚のなくなった手から、獲物が滑り落ちる。","雪人如暴风雪般的冷气冻结了你操纵长枪的手臂。失去知觉的手中，猎物滑落了。"
"MSG_C_STAB_Z_LOSS","Your spear buried into the zombie's rotting chest but it felt no pain. It grabbed the shaft trapping you.","ゾンビの腐敗した胴体に槍が埋まるが、奴は痛みを感じない。汚れた手で槍を掴まれ、逃げ場を失った。","长枪陷入了僵尸腐烂的胴体，但它感觉不到疼痛。那双肮脏的手抓住了枪身，令你无处可逃。"
"MSG_C_SHOOT_A_WIN","A precise shot from afar pierced the ant's vital spot. A perfect victory that didn't let it near.","遠距離からの正確な射撃が、アリの急所を貫いた。近づくことさえ許さぬ、完璧な勝利だ。","远距离的精准射击贯穿了蚂蚁的要害。这是一场甚至没让对方靠近的完美胜利。"
"MSG_C_SHOOT_B_WIN","You read the bat's flight and let an arrow fly. With its wing pierced it fell powerless to the ground.","宙を舞うコウモリの動きを読み、矢を放った。翼を射抜かれた魔物は、力なく地上へと墜ちた。","看准了盘旋在空中的蝙蝠的动作，射出了一箭。被射穿翅膀的魔物无力地坠向地面。"
"MSG_C_SHOOT_C_LOSS","The cobra's supple movements caused your arrow to miss. While you aimed its fangs closed in.","毒蛇のしなやかな動きに、矢は空を切るばかりだ。狙いを定める隙を突かれ、猛毒の牙が迫る。","纳迦灵活的动作让你的一箭落空了。趁你瞄准之机，剧毒的牙齿已逼向了你。"
"MSG_C_SHOOT_D_WIN","You drove a magic-infused arrow into the dragon's brow. It was a supreme blow fit to slay a legend.","巨竜の眉間へと、魔力を帯びた一矢を叩き込んだ。伝説の怪物を沈めるに十分な、至高の一撃だった。","向巨龙的眉心射入了一支蕴含魔力的箭。这是一足以击沉传说怪物的至高一击。"
"MSG_C_SHOOT_E_WIN","While the Wood Spirit was still you shot through its core. The guardian vanished back into the forest.","木の精霊の静止した隙を突き、その核を射抜いた。森の守護者は、静かに草木へと消えていった。","趁树精静止之机，射穿了它的核心。森林的守护者静静地消失在草木之中。"
"MSG_C_SHOOT_F_WIN","You shot down the bothersome fly with god-like aim. Your arrowhead didn't hesitate for a second.","視界を遮るハエを、神業の射撃で射ち落とした。小さな標的を捉えた矢尻に、迷いはなかった。","凭借神一般的射技射落了遮挡视线的苍蝇。捕捉到微小目标的箭头上毫无犹豫。"
"MSG_C_SHOOT_G_LOSS","The goblin hid behind its shield giving you no opening. As they mocked you the pack closed in.","ゴブリンが盾に隠れ、射撃の機会を与えない。奴らが嘲笑う間、周囲から仲間が忍び寄ってきた。","哥布林躲在盾牌后，不给你射击的机会。在它们嘲笑你时，同伴已从周围悄悄逼近。"
"MSG_C_SHOOT_H_WIN","A sharp arrow pierced the circling harpy's wing. Deprived of the sky she let out a cry of despair.","旋回するハーピーの翼を、鋭い一矢が射抜いた。空の優位を奪われた彼女は、絶望の叫びを上げた。","锐利的一箭射穿了盘旋中哈皮的翅膀。失去了天空优势的她发出了绝望的嚎叫。"
"MSG_C_SHOOT_I_WIN","A precise shot pierced the imp's brow. The denizen of Hell was obliterated by your arrow of light.","小生意気なインプの額を、正確な射撃が射抜いた。魔界の住人は、光の矢に消滅させられた。","精准的射击射穿了傲慢小恶魔的额头 gold。魔界的居民被光之箭消灭了。"
"MSG_C_SHOOT_J_WIN","You aimed for the jelly's core and let loose a piercing shot. It dissolved into mist as it died.","ジェリーの核を一点に絞り、貫通力のある一射を放った。怪物は形を保てず、水蒸気となって消えた。","瞄准果冻怪的核心，射出了极具贯穿力的一箭。怪物无法维持形状，化作水蒸气消失了。"
"MSG_C_SHOOT_K_LOSS","The kobold's swift movements left your arrow hitting dirt. Its eyes gleam sure of its victory.","コボルドの素早い身のこなしに、矢は地に突き刺さった。獲物を追い詰めたと信じる奴らの瞳が、ギラリと光る。","面对狗头人敏捷的身手，箭矢只是钉在了地上。坚信已将猎物逼入绝境的它们的眼睛闪着寒光。"
"MSG_C_SHOOT_L_WIN","Your arrow beautifully pierced the lizard's long neck. The cold beast collapsed without a word.","リザードの長い首を、矢が美しく射抜いた。冷血な獣は声もなく、その場に崩れ落ちた。","这一箭华丽地射穿了蜥蜴的长颈。冷血的野兽默不作声，当场瘫软。"
"MSG_C_SHOOT_M_LOSS","Your arrow buried itself into the mummy's bandages to no effect. The undead only drew closer.","マミーの包帯に矢が埋まり、致命傷を与えることができない。不死の怪物は止まらず、あなたへと距離を詰める。","箭矢陷入木乃伊的绷带，无法造成致命伤。不死的怪物并未止步，正向你拉近距离。"
"MSG_C_SHOOT_N_WIN","A triple-volley caught the naga's supple body. The beautiful serpent met a pitiful silent end.","ナーガのしなやかな胴体を、三連射の矢が捉えた。美しき人面蛇の最期は、哀れな沈黙だった。","三连发的箭矢捕捉到了纳迦曲线优美的胴体。美丽人面蛇的最后是可怜的沉默。"
"MSG_C_SHOOT_O_LOSS","Your shots were blocked by the orc's stout shield. You knew fear as the giant monster closed in.","オークの頑強な盾に射撃を阻まれた。怯まずに接近する怪力の圧迫感に、あなたは恐怖を知る。","射击被兽人坚固的盾牌挡住了。面对毫不畏缩地逼近的怪力压迫感，你感到了恐惧。"
"MSG_C_SHOOT_P_LOSS","You couldn't aim through the pixie's phantom light. Your arrow missed and mist shrouded you.","ピクシーの幻惑の光に狙いが定まらない。放たれた矢は虚しく虚空へ消え、あなたは深い霧に包まれた。","被小仙女迷幻的光芒干扰，无法瞄准。射出的箭矢徒劳地消失在虚空中，你被浓雾包围了。"
"MSG_C_SHOOT_Q_WIN","You read the coeurl's field and fired your fastest arrow. Even lightning couldn't escape sonic death.","クアールの電磁場を見切り、最速の一矢を放った。雷を纏う獣も、音速の死からは逃れられなかった。","看穿了夸尔的电磁场，射出了最速的一箭。缠绕闪电的野兽也无法逃离音速的死神。"
"MSG_C_SHOOT_R_LOSS","A swarm of rats pushed in making it impossible to aim. Bitten you fell to your knees.","無数のラットが押し寄せ、対象を絞ることができない。足元を噛み切られ、あなたは地に膝を突いた。","无数老鼠涌来，让你无法锁定目标。脚踝被咬穿，你跪倒在了地上。"
"MSG_C_SHOOT_S_LOSS","Your arrow was swallowed and dissolved by the slime. Physical attacks were useless against it.","スライムの体内に矢が飲み込まれ、ゆっくりと溶かされていく。物理的な攻撃は、この怪物には通用しない。","箭矢被吸入了史莱姆体内，正被缓慢溶解。物理攻击对这个怪物毫无作用。"
"MSG_C_SHOOT_T_LOSS","The troll's healing sealed your arrow wounds instantly. Your quiver went empty before its regeneration.","トロールの再生力が、矢による傷を瞬時に塞いでいく。絶望的な回復能力を前に、あなたの矢筒は空になった。","巨魔的再生力瞬间愈合了箭伤。在令人绝望的恢复能力面前，你的箭轴已经空了。"
"MSG_C_SHOOT_U_LOSS","Your arrow passed uselessly through the ghostly undead. Its malice clung to your shaft dragging it down.","アンデッドの実体のない体を、矢が虚しく通り抜けた。死者の怨念が矢に絡みつき、地面へと墜落した。","箭矢徒劳地穿过了不死族虚幻的身体。死者的怨念缠绕其上，令其坠落在地。"
"MSG_C_SHOOT_V_LOSS","The vampire swatted all your arrows out of the air. Vanishing into dark he now bares his fangs behind you.","ヴァンパイアの超人的な反応速度に、矢は全て叩き落とした。闇に消えた彼が、あなたの背後で牙を剥く。","面对吸血鬼超人般的反应速度，所有箭矢都被击落了。消失在黑暗中的他正于你身后露出獠牙。"
"MSG_C_SHOOT_W_LOSS","The wolf's agile dodge caused all your shots to miss. The leader howled as the pack closed in.","ウルフの俊敏な身のこなしに、剣は空を裂くばかりだ。闇から現れた仲間の牙が、あなたの脚を捉えた。","由于狼敏捷的躲避，所有射击都落空了。随着头领的一声嚎叫，獠牙从四面八方逼近。"
"MSG_C_SHOOT_X_LOSS","You couldn't aim through Xalthis's complex movements. Its venomous limbs drew you into the abyss.","ザルティスの複雑な動きに狙いが定まらない。毒を持つ足が静かに忍び寄り、あなたを深淵へと誘う。","面对扎尔提斯复杂的动作，你无法瞄准。带有剧毒的足悄然逼近，引诱你进入深渊。"
"MSG_C_SHOOT_Y_LOSS","You couldn't shoot through the yeti's blizzard. Blinded and frozen you dropped your bow.","イエティの吹雪を射抜くことはできなかった。視界を奪われ、冷気に支配された手から弓が滑り落ちる。","你无法射穿雪人的暴风雪。视线被夺走，长弓从被冷气支配的手中滑落。"
"MSG_C_SHOOT_Z_LOSS","Arrows stuck in the zombie's rotting body did nothing. The unfeeling corpse slowly cornered you.","ゾンビの腐敗した体に矢が突き刺さるが、奴は止まらない。痛みを感じぬ死者が、ゆっくりとあなたを追い詰める。","箭矢刺入僵尸腐烂的身体，但它并未止步。毫无痛觉的死者慢慢将你逼入绝境。"
"MSG_C_SING_A_WIN","You sang a soothing lullaby to the ants. The colony slowed down and fell into a collective sleep.","アリの群れの波長に合わせ、安らぎを与える子守唄を口ずさんだ。虫たちの激しい動きは次第に緩慢になり、その場に折り重なって静かな眠りに就いた。","你合着蚁群的波长，哼唱着令人安详的摇篮曲。昆虫们激烈的动作逐渐变得迟缓，层层叠叠地在原地陷入了寂静的眠梦。"
"MSG_C_SING_B_WIN","You matched the bat's resonance with a high-pitched melody. It danced happily and flew off.","コウモリの超音波に共鳴する、水晶のように澄んだ高音を響かせた。魔物はあなたの歌声に心地よい陶酔を感じ、月夜の空へと舞い上がっていった。","你发出了与蝙蝠超音波共鸣的、如水晶般清透的高音。魔物从你的歌声中感受到了惬意的陶酔，向着月夜的天空飞舞而去。"
"MSG_C_SING_C_WIN","Your song charmed the cobra's primal mind. It swayed to the rhythm and slithered away peacefully.","毒蛇の本能を愛撫するような、幻想的な旋律を奏でた。死の使いは歌のリズムに合わせて鎌首を揺らし、戦意を忘れて草むらへと消えた。","你演奏出了仿佛在爱抚毒蛇本能般的幻想旋律。死亡使者随着歌声的节奏摇摆着镰颈，忘却了战意消失在草丛中。"
"MSG_C_SING_D_WIN","You sang of the dragon's ancient glory. The legend bowed its head in respect and let you pass.","巨竜の悠久の歴史と、その気高さを謳う叙事詩を捧げた。伝説の怪物はあなたの荘厳な歌声に太古の誇りを思い出し、静かに翼を畳んで道を開けた。","你献上了歌颂巨龙悠久历史及其崇高感的叙事诗。传说的怪物从你庄严的歌声中想起了远古的自豪，静静地收起双翼让开了道路。"
"MSG_C_SING_E_WIN","You sang to the tree spirit about the change of seasons. The guardian felt the peace and slept.","森の移ろいと生命の輪廻を、清らかな歌声に込めて精霊に届けた。木の守護者はあなたの調べに深く得納得し、慈愛の風と共に瞑目した。","你将森林的变迁与生命的轮回寄托在清澈的歌声中传达给了精灵。树精对你的曲调深感心领神会，伴随着慈爱之风闭上了双眼。"
"MSG_C_SING_F_WIN","You hummed a tune that mimicked the fly's wing beats. It hummed back and flew off in joy.","ハエの羽音と完璧に調和する、軽快なハミングを披露した。小さな怪物はあなたを「空の友」として認め、愉快な羽音を残して飛び去った。","你展示了与苍蝇翅鸣完美和谐的轻盈哼唱。微小的怪物将你视作“天空之友”，留下愉快的翅鸣声后振翅飞走了。"
"MSG_C_SING_G_WIN","You sang a song of gold and glory to the goblin. It sat down to listen while you escaped.","輝く金貨と終わらぬ宴の歌を、ゴブリンに聞かせた。欲深い魔物は歌が語る夢のような物語に聞き惚れ、あなたが去るのも忘れて呆然とした。","你为哥布林献唱了一首关于闪耀金币与永恒宴会的歌。贪婪的魔物听得如痴如醉，沉浸在歌中梦幻般的故事里，甚至忘记了你的离去。"
"MSG_C_SING_H_WIN","You sang a duet with the harpy's shriek. Touched by your skill she offered a safe path.","ハーピーの鋭い叫びを美しい旋律へと変え、見事な二重奏を奏でた。空の女王はあなたの音楽性に敬意を表し、空を譲って安全な道を示した。","你将哈皮锐利的尖嚎化作优美的旋律，奏响了精彩的二重奏。天之女王向你的音乐才华表示敬意，让出天空指引了安全的道路。"
"MSG_C_SING_I_LOSS","The imp covered its ears and shrieked a discordant note. Your song only fueled its malice.","インプは不快そうに耳を塞ぎ、あなたの歌に被せて耳障りな不協和音を叫んだ。地獄の住人にとって、清らかな旋律はただの毒でしかなかった。","小仙女不悦地捂住耳朵，盖过你的歌声发出了刺耳的不和谐音。对于地狱居民来说，清澈的旋律不过是毒药。"
"MSG_C_SING_J_LOSS","The mindless jelly vibrated to the sound but felt no charm. It only saw the singer as food.","ジェリーの肉体は歌の振動に共鳴したが、そこに感情の動きはなかった。心なき怪物にとって、歌い手は「音を出す餌」に過ぎない。","果冻怪的肉体虽与歌声产生共鸣，但其中并无感情波动。对于没心没肺的怪物来说，歌者不过是“会发声的饵料”。"
"MSG_C_SING_K_WIN","You sang a song of the pack's unity to the kobolds. They howled in harmony and let you through.","コボルドたちの団結と誇りを称える、泥臭くも力強い軍歌を歌った。魔物たちは魂の底から咆哮を重ね、あなたを「名誉の仲間」として送り出した。","你唱起了歌颂狗头人团结与自豪的、粗犷而有力的军歌。魔物们发自灵魂深处地重合着咆哮，将你作为“名誉同伴”送走了。"
"MSG_C_SING_L_WIN","You sang a calculated melody that relaxed the lizard. The predator drifted into a nap.","リザードの神経系を直接鎮静化させる、数学的に完璧な旋律を奏でた。合理的な捕食者は思考の停止に身を任せ、心地よい午睡へと落ちていった。","你演奏出了直接使蜥蜴神经系统镇静的、数学上完美的旋律。合理的掠食者任由思维停滞，陷入了惬意的午睡中。"
"MSG_C_SING_M_WIN","You sang a hymn from the mummy's forgotten dynasty. It wept spiritual tears and returned to its tomb.","マミーが愛した、失われた王朝の聖歌を清らかに謳い上げた。不死の守護者は永遠の孤独の中で安らぎを見出し、誇り高く棺へと戻った。","你清澈地咏唱了木乃伊生前深爱的、失落王朝的圣歌。不死的守护者在永恒的孤独中找到了慰藉，高傲地回到了棺木中。"
"MSG_C_SING_N_WIN","You debated philosophy through song with the naga. Enraptured by your art she let you pass.","ナーガと共に、叙事詩に隠された真理を歌い合い、知の深淵を共有した。美しき賢者はあなたの卓越した音楽センスを称え、静かに微笑んで道を開けた。","你与纳迦一同对唱了叙事诗中隐藏的真理，共享了知识的深渊。美丽的贤者盛赞了你卓越的音乐品味，静静地微笑着让开了道路。"
"MSG_C_SING_O_WIN","You sang a rowdy victory song for the orc. It joined the chorus and forgot about the fight.","オークの武勇を称える、荒々しくも輝かしい勝鬨の歌を響かせた。暴力の化身は戦いの熱狂を歌の中に昇華させ、あなたと肩を組んで咆哮した。","你奏响了称颂兽人武勇的、粗犷而辉煌的凯歌。暴力的化身将战斗的狂热升华为歌声，与你勾肩搭背地共同咆哮。"
"MSG_C_SING_P_WIN","You sang a duet of laughter with the pixie. Delighted by your mirth she vanished in sparkles.","ピクシーが仕掛けてくる悪戯の旋律を笑い飛ばし、軽やかな即興曲で返した。妖精はあなたの機転と明るさを喜び、光の粒となって空へ消えた。","你一笑置之了小仙女设下的恶作剧旋律，并以轻盈的即兴曲回敬。精灵为你的机敏与开朗而喜悦，化作光粒消失在天空中。"
"MSG_C_SING_Q_LOSS","The coeurl sensed the vibration of your song as a threat. It countered your voice with a roar of thunder.","クアールの超感覚は、あなたの歌い出しに含まれる僅かな敵意を敏感に読み取った。称賛の旋律は、空を割るような雷鳴によって無惨に断ち切られた。","夸尔的超感官敏锐地读取到了你歌声开头包含的些许敌意。盛赞的旋律被割裂天空般的雷鸣无情地斩断了。"
"MSG_C_SING_R_LOSS","Individual songs were lost in the roar of the rat swarm. They only heard the sound of approaching meat.","数万のネズミが奏でる死の羽音の前に、一人の歌声など無力だった。あなたの切ない歌は飢えた悲鳴にかき消され、黒い波が迫る。","在数万只老鼠奏响的死亡翅鸣面前，一个人的歌声显而易见是无力的。你悲切的歌声被饥饿的尖叫所掩盖，黑色的波涛迫在眉睫。"
"MSG_C_SING_S_WIN","You matched the slime's internal frequency with a hum. It vibrated in harmony and became peaceful.","スライムの体内に響く微細な振動を歌声で再現し、完璧な共鳴を達成した。怪物は心地よい揺れに身を委ね、穏やかな液体となって地面を潤した。","你用歌声再现了史莱姆体内回荡的微细振动，达成了完美的共鸣。怪物任由舒缓的摇晃摆布，化作平和的液体浸润了地面。"
"MSG_C_SING_T_WIN","You sang a song of mountains and stones to the troll. It sat down to enjoy the giant's lullaby.","トロールの故郷である、峻烈な山々の雄大さを謳う叙情歌を歌った。巨人は懐かしい響きに瞳を細め、座り込んであなたの歌に聞き入った。","你唱起了歌颂巨魔故乡——峻烈群山雄壮感的抒情歌。巨人由于那怀念的回响而眯起双眼，席地而坐并倾听着你的歌声。"
"MSG_C_SING_U_LOSS","The dead can no longer hear the music of life. Your song only stirred their cold resentment.","死者の耳が受け取れるのは、黄泉の国に流れる凍てついた静寂のみ。生者の温かい歌声は彼らの喪失感を逆撫でし、激しい怒りを買った。","死者的耳朵所能接收到的，唯有流淌在黄泉之国的冰冷寂静。生者温暖的歌声反而触动了它们的丧失感，引来了剧烈的愤怒。"
"MSG_C_SING_V_WIN","You sang a haunting aria for the vampire. Impressed by your nobility he allowed you to pass.","ヴァンパイアに対し、永劫の夜を彩る耽美なアリアを捧げた。高潔な夜の王はあなたの芸術に敬意を表し、優雅な礼と共に道を開けた。","你向吸血鬼献上了一首装点永劫之夜的耽美咏叹调。高洁的夜之王对你的艺术表示敬意，伴随着优雅的行礼让开了道路。"
"MSG_C_SING_W_WIN","You led the wolf pack in a long, harmonious howl. They recognized your voice as alpha and left.","ウルフの群れが魂を震わせる遠吠えに対し、あなたは天を突く力強い声で応えた。リーダーはあなたを「沈まぬ月の化身」と認め、群れを率いて去った。","面对狼群动摇灵魂的远嚎，你以刺破苍穹的有力呼喊作为回敬。首领将你视作“不落之月的化身”，率领狼群离去了。"
"MSG_C_SING_X_LOSS","Xalthis mocked your song with a hundred discordant hisses. It preferred the sound of your screams.","ザルティスはあなたの旋律を、千の不気味な声で嘲笑い、不協和音を重ねた。魔物が望んでいるのは合意ではなく、あなたの精神が崩壊する瞬間だった。","扎尔提斯用一千个诡异的声音嘲笑着你的旋律，并叠加上了不和谐音。魔物奢望的并非合意，而是你精神崩溃的瞬间。"
"MSG_C_SING_Y_LOSS","The yeti's roar silenced your attempt at art. In the blizzard, music was a luxury it wouldn't allow.","イエティの放つ地鳴りのような咆哮が、あなたの繊細な歌声を完全に呑み込んだ。極寒の支配者にとって、歌は生存の邪魔な雑音でしかなかった。","雪人发出如地鸣般的咆哮，彻底吞没了你纤细的歌声。对于极寒的支配者来说，歌声不过是妨碍生存的噪音。"
"MSG_C_SING_Z_LOSS","The dead have no ears for beauty, only the hunger for life. Your song was lost on the rotting mob.","腐り果てたゾンビに、情緒ある歌声を解する理性など残っていなかった。怪物はあなたの歌には目もくれず、ただ肉を喰らうために腕を突き出す。","在腐烂的僵尸面前，并不存在理解富有情调歌声的理智。怪物对你的歌声不屑一顾，仅为了夺取肉体而伸出了手臂。"
"MSG_C_SING_A_LOSS","The ants couldn't hear your song above their inner pheromonal commands. They marched on.","アリたちには歌を解する器官はなく、あなたの調べは虚しく空振りに終わった。群れは本能のままに行進し、あなたを呑み込もうとする。","蚂蚁并不具备理解歌声的器官，你的曲调只是徒劳地落空了。蚁群仅遵从本能行进，企图将你吞没。"
"MSG_C_SING_B_LOSS","Your singing interfered with the bat's sonar but not enough to stop it. It struck out in irritation.","あなたの歌声はコウモリの超音波を僅かに乱したが、それは魔物を苛立たせただけだった。不快な騒音を消すべく、怪物は牙を剥く。","你的歌声虽略微干扰了蝙蝠的超音波，却也仅是激怒了魔物。为了消抹不快噪音，怪物露出了獠牙。"
"MSG_C_SING_C_LOSS","The snake didn't feel the charm. It prepared to strike while you focused on the high notes.","毒蛇にはあなたの歌声は届かなかった。高音を奏でるあなたの無防備な喉元を、怪物の冷たい瞳が執拗に狙っている。","毒蛇并未接收到你的歌声。你咏唱高音时那毫无防备的咽喉，正被怪物冷酷的瞳孔执拗地瞄准着。"
"MSG_C_SING_D_LOSS","The dragon was bored by your mortal song. A puff of smoke from its nose silenced you.","ドラゴンの悠久の時に比べれば、あなたの歌はあまりに短く、あまりに稚拙だった。伝説の怪物は退屈そうに鼻息を吐き、全てを灰に変えた。","与巨龙悠久的时光相比，你的歌声太短，也太过于稚嫩。传说的怪物不悦地呼出一口鼻息，将一切化为了灰烬。"
"MSG_C_SING_E_LOSS","The tree spirit found your voice disruptive to the forest's silence. Branches aimed for you.","エントはあなたの歌を「静寂を乱す侵略」と見なした。森の守護者は怒り、大地を割るような根の重撃をあなたに叩きつけた。","树精将你的歌声视作“扰乱静谧的侵略”。森林守护者为之动怒，向你使出了足以震裂大地的根部重击。"
"MSG_C_SING_F_LOSS","The fly buzzed louder drowning out your tune. Your musical attempt failed.","あなたの歌声よりも、ハエの放つ羽音の方が遥かに強烈で、不快だった。音楽による懐柔は、小さな怪物の本能に踏みにじられた。","比起你的歌声，苍蝇发出的翅鸣要强劲、也令人不快得多。用音乐进行安抚的尝试，被微小怪物的本能所践踏了。"
"MSG_C_SING_G_LOSS","The goblin thought your talent was a waste and tried to steal your instruments.","歌に聞き入るどころか、ゴブリンはあなたの身につけている高価な楽器に目を奪われた。魔物はあなたの喉を裂き、戦利品を奪おうと迫る。","哥布林不仅没听进去歌，反而看中了你身上价值不菲的乐器。魔物企图割断你的喉咙，夺走战利品。"
"MSG_C_SING_H_LOSS","The harpy screamed to silence your art. In her sky peer review was lethal.","ハーピーの鋭い叫びは、あなたの旋律を無残な破片へと変えてしまった。空の歌姫は他者の歌を許さず、その喉元に鋭い爪を向けた。","哈皮锐利的尖嚎将你的旋律击得粉碎。天空歌姬不容许他人的歌声，将利爪瞄向了你的咽喉。"
"MSG_C_SING_I_WIN","You sang a demonic aria that commanded the imp's obedience. It bowed and faded into the dark.","インプの魂に直接響く「魔界の古謡」を、威厳を持って謳い上げた。小悪魔はあなたを上位の存在と誤認し、恭しく一礼して影へと消えた。","你庄严地咏唱了直接响彻小仙女灵魂的“魔界古谣”。小恶魔将你误认为上位存在，恭敬地行了一礼后消失在影子里。"
"MSG_C_SING_J_WIN","Your high-pitched note resonated with the jelly's core causing it to melt. The music won.","ジェリーの肉体を構成する周波数と完璧に共鳴する、極限の音を響かせた。怪物は振動に耐えきれず無機質な液体へと戻り、戦いは終わった。","你发出了与果冻怪肉体构成频率完美共鸣的极限音。怪物无法承受振动而还原回了无机液体，战斗就此结束。"
"MSG_C_SING_K_LOSS","The kobolds didn't appreciate the foreign melody and growled louder. Music didn't reach their feral hearts.","コボルドたちに、あなたの洗練された音楽はただの「不快なノイズ」でしかなかった。野獣の如き彼らは吠え、あなたの肉を求めて牙を剥く。","对于狗头人们来说，你洗练的音乐不过是“令人不快的噪音”。野兽般的它们咆哮着，为了噬肉而露出了獠牙。"
"MSG_C_SING_L_LOSS","The lizard's heart was too cold for your warm song. It struck during the bridge.","リザードの冷徹な知性は、歌による情緒的な揺さぶりを完璧に拒絶した。怪物は旋律の合間に生じた僅かな隙を突き、無慈悲な一撃を放つ。","蜥蜴冷彻的理智完全拒绝了由歌声带来的情绪波动。怪物抓住旋律间产生的些许空隙，放出了无情的一击。"
"MSG_C_SING_M_LOSS","The mummy's ears were filled with the silence of the grave. Your prayer song was empty noise.","マミーの耳には、墓所の永劫なる沈黙だけが満ちていた。生者の熱い歌声は、不死の怪物にとってはただの無味乾燥な音に過ぎなかった。","木乃伊的耳中仅充满了墓所永劫的寂静。生者热烈的歌声对于不死的怪物来说，不过是歌声干燥而已。"
"MSG_C_SING_N_LOSS","The naga found your poetic logic flawed and tightened her hold. Philosophy didn't save you.","ナーガはあなたの歌に込められた「嘘」と「未熟」を、瞬時に見破った。美しき賢者は失望のため息をつき、逃げ場のない締め上げを開始した。","纳迦瞬时看穿了你歌声中蕴含的“谎言”与“不成熟”。美丽的贤者叹了口气表示失望，开始了无处可逃的绞杀。"
"MSG_C_SING_O_LOSS","The orc only wanted the sound of clashing steel. Your song was met with a brutal axe swing.","オークが求めていたのは旋律ではなく、肉と骨が砕ける音だった。歌声は怪物の咆哮にかき消され、頭上から巨大な斧が振り下ろされる。","兽人索求的并非旋律，而是肉骨碎裂的声音。歌声被怪物的咆哮淹没，巨斧从头顶挥了下来。"
"MSG_C_SING_P_LOSS","The pixie mocked your singing as out of tune and confused your senses. She won the musical duel.","ピクシーはあなたの歌を「耐え難い音痴」と嘲笑い、不協和音を撒き散らした。脳を揺さぶる魔力に、あなたの歌声は無惨に断ち切られた。","小仙女嘲笑你的歌声是“无法忍受的跑调”，并散播了不和谐音。在动摇大脑的魔力面前，你的歌声无情地被斩断了。"
"MSG_C_SING_Q_WIN","Your song carried a calming frequency that effectively jammed the coeurl's field. The beast relaxed.","クアールの超感覚を逆手に取り、電磁場を中和する特殊な歌声を響かせた。怪物は戦う理由を見失い、静かに闘気を収めてその場を去った。","你反过来利用夸尔的超感官，发出了中和电磁场的特殊歌声。怪物失去了战斗的理由，静静地收起斗志离开了现场。"
"MSG_C_SING_R_WIN","Your high-frequency repel tune that sent the rats running in pain. The swarm scattered.","ネズミたちの聴覚を直接攻撃する、不快極まる高周波の歌を放った。パニックに陥ったラットの群れは、互いを踏み越えて逃げ去っていった。","你发出了直接攻击老鼠听觉的、极其令人不快的高频歌声。陷入恐慌的老鼠群互相踩踏着逃走了。"
"MSG_C_SING_S_LOSS","The slime absorbed the sound and vibrated into a more dangerous form. It grew larger.","スライムはあなたの歌声の振動をさらなるエネルギーとして吸収し、不気味に肥大化した。怪物の肉体は脈打ち、捕食の瞬間を待っている。","史莱姆将你歌声的振动作为能量源吸收，诡异地肥大化了。怪物的肉体搏动着，正等待着捕食的瞬间。"
"MSG_C_SING_T_LOSS","The troll found your song irritating to its ears. It growled to drown you out and attacked.","トロールの狂暴な精神にとって、歌はただ自分の眠りを妨げる雑音でしかなかった。怪物は耳を塞ぎ、不機嫌そうな叫びとともにあなたを殴り倒した。","对于巨魔狂暴的精神来说，歌声只是妨碍其眠梦的噪音。怪物捂住耳朵，伴随着不悦的叫声将你击倒在地。"
"MSG_C_SING_U_WIN","Your hymn reached the souls' forgotten peace. The undead faded into a calm white light.","亡霊たちが生前に愛した聖歌を、ありったけの祈りを込めて捧げた。死者たちは永遠の孤独から解放され、浄化の声とともに昇天した。","你倾注浑身祈祷，献上了亡灵们生前深爱的圣歌。死者们从永恒的孤独中解放，伴随着净化的呼声升天了。"
"MSG_C_SING_V_LOSS","The vampire was a finer singer than you'll ever be. He mocked your common performance.","ヴァンパイアの悠久の審美眼に対し、あなたの歌はあまりに未熟で、退屈だった。夜の王は冷たい笑みを浮かべ、芸術の真髄をその牙で示さんとした。","在吸血鬼悠久的审美观面前，你的歌声太不成熟，也太无趣了。夜之王浮现出冰冷的笑容，企图用獠牙揭示艺术的真谛。"
"MSG_C_SING_W_LOSS","The pack saw your singing as a weak call for help. They closed in expecting a soft prey.","ウルフたちにとって、歌はただ獲物の場所を教える「座標」でしかなかった。群れは静かにあなたを包囲し、死の旋律を奏でる準備を終えた。","对于狼群来说，歌声不过是指明猎物方位的“坐标”。它们静静地包围了你，做好了奏响死亡旋律的准备。"
"MSG_C_SING_X_WIN","You matched the logic of Xalthis's complex frequencies with your own voice. It stopped in awe.","ザルティスの無数の複眼から発せられる微細な振動と、完璧に調和する歌声を放った。魔物はあなたの高度な知性に圧倒され、追跡を断念した。","你发出了与扎尔提斯无数复眼产生的微细振动完美和谐的歌声。魔物被你高超的智力所折服，放弃了追踪。"
"MSG_C_SING_Y_WIN","You sang a deep, slow chant that resonated with the mountain's soul. The yeti stopped and listened.","雪山の鼓動と重なる、荘厳な大地の歌を奏でた。極寒の支配者は懐かしい響きに耳を傾け、戦意を失って吹雪の彼方へ消えた。","你演奏出了与雪山搏动重合的、庄严的大地之歌。极寒的支配者倾听着那怀念的回响，丧失战意并消失在了暴风雪的彼方。"
"MSG_C_SING_Z_WIN","Your high-pitched note destroyed the zombie's motor nerves. It fell apart as the music echoed.","ゾンビの肉体を辛うじて繋ぎ止めていた、微弱な魔力回路を歌声で粉砕した。怪物は自立できなくなり、ただの動かぬ肉塊へと還った。","你用歌声粉碎了勉强维系僵尸肉体的微弱魔力回路。怪物失去了自立能力，还原成了一滩不动的肉块。"
"MSG_C_SPIRIT_A_WIN","You shout with all your might, scaring the Ant. The tiny insect scurries away in fear.","全身の気合を込めて叫ぶと、アリは驚いて逃げ出しました。その小さな体には刺激が強すぎたようです。","你尽力大喝一声，吓死了一只蚂蚁。这个小虫子惊慌失措地逃跑了。"
"MSG_C_SPIRIT_B_WIN","Your spiritual aura vibrates the air, confusing the Bat's sonar. It crashes into a wall and faints.","放たれた精神のオーラが空気を震わせ、コウモリの超音波を乱しました。混乱した獲物は壁に激突して気絶します。","你的精神光环震动了空气，扰乱了蝙蝠的声呐。它撞在墙上昏了过去。"
"MSG_C_SPIRIT_C_WIN","You stare down the Cobra with unwavering focus. The predator feels a chill and retreats into the shadows.","揺るぎない眼差しでコブラを威圧しました。捕食者としての本能が危険を察知し、毒蛇は闇へと消えていきました。","你用坚定不移的目光盯着眼镜蛇。这个掠食者感到一阵恶寒，退回了阴影中。"
"MSG_C_SPIRIT_D_WIN","Your sheer willpower matches the Dragon's pride. Realizing your inner strength, the hatchling decides to look for easier prey.","あなたの純粋な闘志がドラゴンのプライドを圧倒しました。内なる強さを認めた幼龍は、別の獲物を探しに行きました。","你纯粹的意志力与巨龙的骄傲相称。意识到你的内在力量，幼龙决定寻找更容易对付的猎物。"
"MSG_C_SPIRIT_E_WIN","You channel your vital energy, connecting with the ancient tree. The Ent recognizes your strong soul and returns to its slumber.","生命エネルギーを込めて古木と対峙しました。エントはあなたの魂の強さを認め、再び静かな眠りにつきました。","你引导你的生命能量，与古树相连。恩特认出了你强大的灵魂，回到了沉睡中。"
"MSG_C_SPIRIT_F_LOSS","No matter how much you focus, the Fly's buzzing continues to irritate you. Your spirit wavers as the pest eludes your grasp.","どれほど集中しようとも、ハエの羽音に苛立ちは隠せません。まとわりつく不快感に、精神が削り取られていきます。","无论你多么专注，苍蝇的嗡嗡声仍在继续让你恼火。当害虫逃出你的掌控时，你的精神动摇了。"
"MSG_C_SPIRIT_G_LOSS","The Goblin mocks your serious posture with a vulgar laugh. Your mental concentration is broken by its crude insults.","真剣な構えをゴブリンの下品な笑い声に嘲笑されました。下劣な罵倒の数々に、集中力は無惨に散らされてしまいます。","哥布林用粗俗的笑声嘲笑你严肃的姿势。你的精神集中被它粗鲁的侮辱打破了。"
"MSG_C_SPIRIT_H_LOSS","The Harpy's shrill screech pierces your mind, shattering your resolve. Your spirit is torn apart by the sonic assault.","ハーピーの鋭い鳴き声が意識の奥底まで突き刺さりました。研ぎ澄まされたはずの決意は、音の刃によって粉砕されます。","哈比鹰女尖锐的叫声穿透了你的思想，粉碎了你的决心。你的精神被声波攻击撕碎了。"
"MSG_C_SPIRIT_I_LOSS","The Imp prances around, playing mind games with you. Your spiritual defense crumbles under its malicious tricks.","悪魔の小猿が周囲を飛び回り、あなたの心を翻弄します。邪悪な悪戯の数々に、精神的な防壁は崩れ去ってしまいました。","小恶魔在周围蹦蹦跳跳，跟你玩心理游戏。你的精神防御在它恶意的伎俩下崩溃了。"
"MSG_C_SPIRIT_J_LOSS","You try to intimidate the brainless mass, but the Jelly simply wobbles. Your spirit finds no purchase in its mindless existence.","意思持たぬ塊を威圧しようと試みましたが、ゼリーはただ揺れるだけです。空虚な存在を前に、あなたの気合は空回りしました。","你试图恐吓这个没有大脑的质量，但果冻只是摇摆。你的精神在它无心的存在中找不到着力点。"
"MSG_C_SPIRIT_K_LOSS","The Kobold fights with a pack mentality that overwhelms your individual focus. Your resolve falters against the sheer number of distractions.","コボルドの集団的な闘志が、個人の集中力を上回りました。絶え間ない攪乱の前に、あなたの覚悟は揺らいでしまいます。","狗头人用群体心态作战，压倒了你个人的注意力。在众多的干扰面前，你的决心动摇了。"
"MSG_C_SPIRIT_L_LOSS","The Lizard's cold, emotionless eyes reflect your own fatigue. Your spirit sinks as you realize the reptile feels no pressure.","トカゲの冷たく無感情な瞳に、あなた自身の疲労が映し出されました。圧力の通じぬ冷血漢を前に、気力は減退していきます。","蜥蜴冰冷、毫无感情的眼睛反映了你自己的疲劳。当你意识到爬行动物感觉不到压力时，你的精神沉沦了。"
"MSG_C_SPIRIT_M_LOSS","The ancient curse emanating from the Mummy stifles your energy. Your spirit is slowly smothered by the dry, stifling air of the dead.","ミイラから放たれる太古の呪いが、あなたの活力を奪い去ります。死者の纏う乾いた空気に、精神が窒息しそうです。","木乃伊散发出的古老诅咒抑制了你的能量。你的精神慢慢地被死者干燥、令人窒息的空气闷死了。"
"MSG_C_SPIRIT_N_LOSS","The Naga's hypnotic movements lull your consciousness into a trap. Your mind wanders as your spiritual fire begins to dim.","ナーガの催眠的な動きによって、意識は深い霧の中に閉じ込められました。精神の火が弱まり、思考がどこまでも彷徨います。","纳迦催眠般的动作使你的意识陷入陷阱。当你的精神之火开始变暗时，你的心不在焉。"
"MSG_C_SPIRIT_O_LOSS","The Orc's raw, violent power crushes your mental discipline. Your spirit break under the weight of its brutal, crushing blows.","オークの野蛮で暴力的な力が、鍛え上げた精神を蹂躙しました。無慈悲な打撃の重みに、心の糸がプツリと切れてしまいます。","兽人原始、暴力的力量粉碎了你的心理纪律。你的精神在它残暴、压碎性的打击下崩溃了。"
"MSG_C_SPIRIT_P_LOSS","Glowing pixie dust fills your head with confusing visions. Your spirit dissipates into a colorful haze of magical tricks.","ピクシーの鱗粉が、あなたの脳内に混乱の色を散らしました。魔法の悪戯によって、精神は色鮮やかな霧へと霧散します。","闪闪发光的精灵粉尘让你的脑袋里充满了混乱的幻象。你的精神消散在五彩缤纷的魔法伎俩阴霾中。"
"MSG_C_SPIRIT_Q_LOSS","The Coeurl's whiskers emit a steady hum that disrupts your brainwaves. Your focus is scattered by the low-frequency interference.","クアールの髭が放つ一定のハミングが、脳波を乱していきます。低周波の干渉によって、研ぎ澄まされた集中力は散り散りになりました。","寇力的胡须发出的稳定嗡嗡声扰乱了你的脑波。你的注意力被低频干扰分散了。"
"MSG_C_SPIRIT_R_LOSS","The Rat gnaws at your resolve like it does a block of cheese. Your determination is eroded by its persistent, nagging presence.","ネズミはあなたの覚悟を、まるでチーズのようにかじり取っていきます。執拗で不快な存在感に、精神が削られていきました。","老鼠啃噬着你的决心，就像啃噬一块奶酪。你的决心被它持久、纠缠不休的存在侵蚀了。"
"MSG_C_SPIRIT_S_LOSS","Every time you rally your spirit, it gets absorbed into the Slime's gooey body. Your mental energy is drained by the mindless ooze.","気合を入れ直すたび、それはスライムの粘着質な体に吸収されてしまいます。意思なき泥濘に、精神エネルギーは枯渇しました。","每当你重振精神，它都会被粘液粘稠的身体吸收。你的精神能量被这无心的软泥耗尽了。"
"MSG_C_SPIRIT_T_LOSS","The Troll's massive presence makes your willpower seem insignificant. Your spirit shrinks in the shadow of the giant's overwhelming girth.","トロールの圧倒的な巨躯を前に、意志の力など無力に等しく感じられます。巨人の影に飲み込まれ、あなたの精神は縮こまりました。","巨魔巨大的存在感让你意志力显得微不足道。你的精神在巨人压倒性的腰围阴影下萎缩了。"
"MSG_C_SPIRIT_U_LOSS","The aura of the grave chills your soul to the core. Your spirit struggles to stay alight in the presence of unholy death.","墓場の冷気が、あなたの魂を芯まで凍らせました。不浄なる死を前に、精神の残り火を絶やさぬことすら困難です。","坟墓的气息让你的灵魂感到刺骨的寒冷。在邪恶的死亡面前，你的精神难以保持明亮。"
"MSG_C_SPIRIT_V_LOSS","The Vampire's aristocratic arrogance makes your efforts feel petty. Your spirit is drained as you fall under its dark, charismatic gaze.","吸血鬼の高慢な傲慢さが、努力を虚しいものへと変えてしまいます。闇のカリスマに見つめられ、精神の活力が吸い取われていきました。","吸血公爵贵族般的傲慢让你的努力显得微不足道。当你落入它黑暗、充满魅力的注視中时，你的精神被抽干了。"
"MSG_C_SPIRIT_W_LOSS","The Wolf's predatory growl vibrates through your diaphragm, shaking your center. Your spirit falters before the primal hunger of the beast.","狼の低いうなり声が横隔膜を震わせ、体の芯を揺さぶります。獣の根源的な飢えを前に、あなたの気圧されてしまいました。","狼的捕食性咆哮震动了你的横隔膜，动摇了你的中心。在野兽原始的饥饿面前，你的精神动摇了。"
"MSG_C_SPIRIT_X_LOSS","The cosmic dread radiating from Xalthis is beyond human comprehension. Your spirit shatters as you glimpse the vast emptiness within.","ザルシスの放つ宇宙的な恐怖は、人の理解を超えています。その内なる虚無を垣間見ただけで、精神は砕け散ってしまいました。","札尔西斯发出的宇宙恐惧超乎人类的理解。当你瞥见其中巨大的空虚时，你的精神破碎了。"
"MSG_C_SPIRIT_Y_LOSS","The biting cold of the Yeti's territory numbs your mental focus. Your spirit starts to freeze, unable to maintain its warmth in the blizzard.","イエティの住まう極寒の空気が、思考を麻痺させていきます。雪嵐の中で熱を保てず、あなたの精神は凍りつき始めました。","雪男领地刺骨的寒冷使你的精神集中变得麻木。你的精神开始冻结，无法在暴风雪中保持温暖。"
"MSG_C_SPIRIT_Z_LOSS","The relentless, mindless shuffling of the Zombie erodes your sanity. Your spirit is exhausted by the unending horror of the living dead.","ゾンビの絶え間ない足音が、あなたの正気を少しずつ削り取ります。終わりのない死者の恐怖に、精神は疲れ果ててしまいました。","僵尸无情、漫无目的的拖沓动作侵蚀了你的神志。活死人无止境的恐怖耗尽了你的精神。"
"MSG_C_SHOCK_A_WIN","The ants are caught in an electric field. Their nervous systems scramble instantly.","蟻たちが電磁場の餌食になる。その神経系は瞬時に焼き切られた。","蚂蚁们被卷入电磁场。它们的神经系统瞬间崩溃。"
"MSG_C_SHOCK_B_WIN","A high-voltage discharge hits the bat mid-flight. It falls like a stone to the ground.","高電圧の放電が飛行中の蝙蝠を直撃する。石のように地面へと落下した。","高压放电击中了飞行中的蝙蝠。它像石头一样掉在地上。"
"MSG_C_SHOCK_C_WIN","Lightning pulses through the snake's scales. It curls into a stiff, charred knot.","雷光が蛇の鱗を駆け抜ける。炭化した塊となって動かなくなった。","电光穿过蛇的鳞片。它蜷缩成一个焦黑的硬结。"
"MSG_C_SHOCK_D_WIN","A massive arc of energy grounds through the dragon. Its mighty wings twitch in agony.","巨大な電弧が龍の巨体を貫く。誇り高き翼が苦痛に痙攣した。","巨大的电弧贯穿了龙的躯体。它那双巨大的翅膀因痛苦而抽搐。"
"MSG_C_SHOCK_E_WIN","Static electricity ignites the dry leaves of the Ent. It becomes a localized wildfire.","静電気がエントの枯葉に引火する。小さな山火事となって燃え上がった。","静电点燃了树人的枯叶。它变成了一场局部森林火灾。"
"MSG_C_SHOCK_F_WIN","The fly's wings are fused together by the spark. It becomes a mere grounded speck.","火花が蠅の羽を融解させ、接着する。もはや飛ばぬただの点と化した。","火花熔化并粘住了苍蝇的翅膀。它变成了一个再也无法飞行的黑点。"
"MSG_C_SHOCK_G_WIN","The goblin's metal jewelry attracts a fatal bolt. It convulses as current flows through.","ゴブリンの鉄細工が雷を呼び寄せる。電流が体中を駆け、激しく悶絶した。","哥布林的铁质饰品引来了致残的雷击。电流流过全身使它剧烈抽搐。"
"MSG_C_SHOCK_H_WIN","The harpy's feathers act as perfect conductors. It is jolted out of the stormy sky.","ハーピーの羽が完璧な導体となる。嵐のような衝撃が、空からそれを叩き落した。","哈比的羽毛成了完美的导体。它被狂暴的电击从空中推落。"
"MSG_C_SHOCK_I_WIN","Electric pulses disrupt the imp's chaotic magic. It fizzles out in a puff of ozone.","電磁パルスがインプの魔力を乱す。オゾンの臭いと共に、その存在が霧散した。","电磁脉冲打乱了小恶魔的混乱魔法。它在臭氧的烟雾中消散。"
"MSG_C_SHOCK_J_WIN","The electric current disperses perfectly through the jelly. It solidifies into a rubbery mass.","電流がジェリーの全身に効率よく分散する。ゴムのような塊となって硬直した。","电流在胶状体中完美扩散。它凝固成一个橡胶块。"
"MSG_C_SHOCK_K_WIN","A calculated spark hits the kobold's wet nose. It squeals before falling unconscious.","計算された火花がコボルドの鼻先を撃つ。悲鳴を上げる暇もなく意識を失った。","计算精准的火花击中了小狗头人的湿鼻子。它在昏迷前发出了尖叫。"
"MSG_C_SHOCK_L_WIN","The cold-blooded lizard is forced into a metabolic shock. It lies motionless in the dust.","冷血なトカゲが代謝ショックに陥る。塵の中で動かぬ抜け殻となった。","冷血蜥蜴陷入了代谢性休克。它一动不动地躺在尘土中。"
"MSG_C_SHOCK_M_WIN","The ancient wrappings of the mummy trap the static. It is scorched from within.","ミイラの古びた包帯が静電気を溜め込む。内部からジリジリと焼き尽くされた。","木乃伊古老的绷带困住了静电。它从内部被烤焦。"
"MSG_C_SHOCK_N_WIN","Current surges through the naga's long, wet body. It thrashs wildly before going limp.","長大なナーガの体が電流を受け止める。激しく暴れた後、力なく横たわった。","电流激荡在娜迦长而湿润的躯体上。它疯狂挣扎后瘫软在地上。"
"MSG_C_SHOCK_O_WIN","The orc's iron armor becomes a death trap. He is baked in his own protection.","オークの鉄鎧が死の罠と化す。自慢の防具の中で、その肉体は焼き焦げた。","兽人的铁甲变成了死亡陷阱。他在自己的盔甲中被烤焦了。"
"MSG_C_SHOCK_P_WIN","Static discharge overloads the pixie's tiny heart. It drifts down like a spent ember.","静電放電がピクシーの小さな心臓を直撃した。燃え滓のようになって地面へ漂う。","静电放电让小精灵微小的心脏超负荷。它像燃尽的余烬一样飘落。"
"MSG_C_SHOCK_Q_WIN","The magical energies of the Coeurl are short-circuited. It vanishes in a flash of white.","クアールの魔力が短絡を起こす。白光の炸裂と共に、その姿は消え去った。","灵猫的魔力发生了短路。它在白光的闪现中消失了。"
"MSG_C_SHOCK_R_WIN","A focused zap stops the rat's racing heart. It completes its final, twitching sprint.","集束した放電が鼠の鼓動を止める。最後の一蹴りの後、静寂が訪れた。","聚焦的电击停止了老鼠狂跳的心。它完成了最后一次抽搐般的冲刺。"
"MSG_C_SHOCK_S_LOSS","The slime's acidic body conducts the surge far too well. It dissociates into a puddle of water.","スライム의酸性体が電流を伝えすぎた。ただの水溜まりへと分解されていく。","史莱姆的酸性身体过度传导了电流。它分解成了一滩水。"
"MSG_C_SHOCK_T_LOSS","The troll's thick hide and ground connection neutralize the shock. It roars and swings its club.","トロールの厚皮が絶縁体となり、衝撃を逃がす。咆哮と共に棍棒が振り下ろされた。","巨魔厚实的身皮中和了电击。它怒吼着挥动木棒。"
"MSG_C_SHOCK_U_LOSS","The undead's rotten flesh lacks the moisture to conduct properly. It ignores the sparks.","アンデッドの腐肉は電気を通さない。飛び散る火花を、冷たい瞳で見下ろしている。","亡灵腐烂的肉体缺乏传导电流的水分。它无视了火花。"
"MSG_C_SHOCK_V_LOSS","The vampire mist disperses and regathers before the current can ground. It smirks at your effort.","霧と化した吸血鬼に、電撃が接地することはない。無駄な足掻きを嘲笑っている。","电流触地前，吸血鬼的雾气已消散又重聚。它嘲笑你的努力。"
"MSG_C_SHOCK_W_LOSS","The wolf leaps through the electric arc with predatory focus. Its fur stands on end but it bites on.","狼が電弧を潜り抜け、獲物へと食らいつく。毛を逆立てながらも、その牙は止まらない。","狼以掠食者的专注跃过电弧。它的毛发竖起，但攻击仍在继续。"
"MSG_C_SHOCK_X_LOSS","Xalthis's void armor swallows the energy whole. The lightning only feeds its inner darkness.","ザルシスの虚無の鎧が全エネルギーを呑み込む。雷は闇を肥やす糧にしかならなかった。","虚无铠甲吞噬了全部能量。雷光只会滋养它内在的黑暗。"
"MSG_C_SHOCK_Y_LOSS","The yeti's dense fur and frozen heart resist the flow. It lunges through the blizzard of sparks.","イエティの剛毛と凍てついた心が流れを拒む。火花の吹雪を突破し、強烈な一撃を放つ。","雪人浓密的毛发和冰冷的心抵御了电流。它冲破火花组成的暴风雪。"
"MSG_C_SHOCK_Z_LOSS","The zombie is already dead, nerve endings long since gone. The shock only makes the corpse dance.","ゾンビには、もはや電流に反応する神経がない。ただの骸が、物理的に震えるだけだ。","丧尸已经死了，神经末梢早已消失。电击只会让尸体舞动。"
"MSG_C_SMARTPHONE_A_WIN","You showed a cat video to the ant. It lost its fighting spirit.","アリに猫の動画を見せた。戦意を喪失した。","你给蚂蚁看了一段猫的视频。它失去了斗志。"
"MSG_C_SMARTPHONE_B_WIN","A loud notification sound startled the bat into a wall.","大音量の通知音に驚き、バットが壁に激突した。","巨大的通知声把蝙蝠吓得撞到了墙上。"
"MSG_C_SMARTPHONE_C_WIN","The cobra was fascinated by the scrolling screen and forgot to attack.","コブラはスクロールする画面に魅了され、攻撃を忘れた。","眼镜蛇被滚动的屏幕迷住了，忘记了攻击。"
"MSG_C_SMARTPHONE_D_WIN","You posted an embarrassing photo of the dragon. It died of shame.","ドラゴンの恥ずかしい写真をSNSに投稿した。ショック死した。","你发布了巨龙的尴尬照。它羞愧而死。"
"MSG_C_SMARTPHONE_E_WIN","You searched for 'how to defeat an ent' and followed the wiki perfectly.","「エント　倒し方」でググり、Wikiの通りに実行した。完璧だった。","你搜索了“如何打败树精”并完美地遵循了维基百科。"
"MSG_C_SMARTPHONE_F_WIN","The screen's blue light mesmerized the fly until it dropped dead.","画面のブルーライトがハエを釘付けにし、そのまま息絶えた。","屏幕的蓝光迷住了苍蝇直到它死去。"
"MSG_C_SMARTPHONE_G_WIN","You threw the smartphone at the goblin's head. A critical hit!","ゴブリンの頭にスマホを全力で投げつけた。会心の一撃！","你把智能手机扔到了哥布林的头上。暴击！"
"MSG_C_SMARTPHONE_H_WIN","You played loud heavy metal. The harpy couldn't stand it and fled.","大音量でヘヴィメタを流した。ハーピーは耐えきれず逃げ出した。","你播放了大声的重金属音乐。哈比受不了逃跑了。"
"MSG_C_SMARTPHONE_I_LOSS","The imp stole your smartphone and took a selfie.","インプにスマホを奪われ、インカメラで自撮りされた。","小恶魔偷走了你的智能手机并自拍了一张。"
"MSG_C_SMARTPHONE_J_LOSS","The jelly swallowed your phone. Now it glows from within.","ジェリーにスマホを飲み込まれた。内側からピカピカ光っている。","胶状体吞下了你的手机。现在它从内部发光。"
"MSG_C_SMARTPHONE_K_WIN","You distracted the kobold with a mobile game with lots of microtransactions.","廃課金ソシャゲを起動し、コボルドを釘付けにした。","你用一个满是微交易的手游分散了狗头人的注意力。"
"MSG_C_SMARTPHONE_L_WIN","The lizard tried to eat the phone and broke its teeth on the glass.","リザードがスマホを食おうとして、ガラスに牙を折った。","蜥蜴试图吃掉手机，结果牙齿在玻璃上折断了。"
"MSG_C_SMARTPHONE_M_LOSS","No signal down here. The mummy just stared at your blank screen.","ここは圏外だった。マミーは真っ暗な画面をただ見つめていた。","这里没有信号。木乃伊只是盯着你空白的屏幕。"
"MSG_C_SMARTPHONE_N_LOSS","The naga's water magic short-circuited your device.","ナーガの水魔法でスマホが水没し、ショートした。","娜迦的水魔法让你的设备短路了。"
"MSG_C_SMARTPHONE_O_LOSS","The orc crushed your phone with one step. Oops.","オークが一歩踏み出し、スマホを粉々に踏み砕いた。あーあ。","兽人一脚踩碎了你的手机。哎呀。"
"MSG_C_SMARTPHONE_P_WIN","The pixie was captured in an augmented reality app.","ARアプリを起動し、ピクシーを捕獲した。ゲットだぜ！","小精灵被一个增强现实应用捕捉了。"
"MSG_C_SMARTPHONE_Q_LOSS","The coeurl's static electricity wiped your phone's memory.","クアールの静電気でスマホのデータがすべて飛んだ。","灵猫的静电抹去了你手机的内存。"
"MSG_C_SMARTPHONE_R_LOSS","The rats gnawed through the charging cable. It's useless now.","ラットの群れに充電ケーブルを噛み千切られた。もうこれ単なる文鎮だ。","老鼠咬断了充电线。现在它没用了。"
"MSG_C_SMARTPHONE_S_LOSS","Your phone slipped and fell into the slime. Plop.","手が滑ってスマホがスライムの中に落ちた。ポチャッ。","你的手机滑落，掉进了史莱姆里。扑通。"
"MSG_C_SMARTPHONE_T_LOSS","The troll asked you what 'WiFi' is. While you were explaining, it punched you.","トロールに「ワイファイとは何か」と聞かれ、説明している隙に殴られた。","巨魔问你什么是‘WiFi’。在你解释的时候，它打了你。"
"MSG_C_SMARTPHONE_U_WIN","You read a digital holy text from an app. It actually worked on the undead.","アプリで神聖な経典を読み上げた。なぜかアンデッドに効果抜群だった。","你从一个应用里朗读了一段数字圣文。它居然对亡灵起效了。"
"MSG_C_SMARTPHONE_V_LOSS","The vampire cannot be photographed. Your camera app crashed.","吸血鬼は写真に写らない。カメラアプリがフリーズした。","吸血鬼无法被拍照。你的相机应用崩溃了。"
"MSG_C_SMARTPHONE_W_LOSS","The wolf doesn't care about your follower count.","狼はあなたのフォロワー数など気にしない。そのまま噛みついてきた。","狼不在乎你的粉丝数。它直接咬了过来。"
"MSG_C_SMARTPHONE_X_LOSS","Xalthis corrupted the software and sent you disturbing push notifications.","ザルシスはOSを汚染し、不気味なプッシュ通知を送りつけてきた。","札尔西斯损坏了软件并给你发送了令人不安的推送通知。"
"MSG_C_SMARTPHONE_Y_LOSS","It's too cold. The battery died instantly in front of the yeti.","寒すぎる。イエティの目の前でバッテリーが瞬時に0%になった。","太冷了。电池在雪人面前瞬间没电了。"
"MSG_C_SMARTPHONE_Z_LOSS","The zombie wants brains, not silicon chips.","ゾンビが求めているのは脳みそであって、シリコンチップではない。","丧尸想要的是脑子，而不是硅芯片。"
"MSG_C_SNIPERRIFLE_A_WIN","You sniped the ant from 1km away. It didn't even know what hit it.","1km先からアリを狙撃した。奴は何が起きたかも理解できなかった。","你从一公里外在这个蚂蚁身上开了一枪。它甚至不知道发生了什么。"
"MSG_C_SNIPERRIFLE_B_WIN","You shot the bat perfectly through the wing joint in mid-air.","空中のバットの翼の関節を正確に撃ち抜いた。","你在空中精准地射穿了蝙蝠的翅膀关节。"
"MSG_C_SNIPERRIFLE_C_WIN","The cobra was shot before it could even raise its head.","コブラは鎌首をもたげる前に頭を撃ち抜かれた。","眼镜蛇还没来得及抬头就被击中了。"
"MSG_C_SNIPERRIFLE_D_WIN","An anti-materiel round pierced the dragon's skull cleanly.","対物ライフル弾がドラゴンの頭蓋を綺麗に貫通した。","反器材子弹穿透了巨龙的头骨。"
"MSG_C_SNIPERRIFLE_E_WIN","You aimed for the exact center of the ent's core and fired.","エントの核の中心を正確に狙い撃った。","你瞄准了树精的核心中心并开火。"
"MSG_C_SNIPERRIFLE_F_WIN","It took 50 shots, but you finally sniped the tiny fly.","50発撃って、ようやく小さなハエを狙撃することに成功した。","开了50枪后，你终于狙击中了这只小苍蝇。"
"MSG_C_SNIPERRIFLE_G_WIN","The goblin was admiring a shiny rock before a bullet found him.","ゴブリンが光る石を眺めているところを長距離から仕留めた。","哥布林正在欣赏一块发光的石头时，一颗子弹击中了他。"
"MSG_C_SNIPERRIFLE_H_WIN","You sniped the harpy as she was taking off.","ハーピーが飛び立とうとした瞬間を狙撃した。","当哈比准备起飞时你狙击了她。"
"MSG_C_SNIPERRIFLE_I_WIN","The imp's teleportation was no match for a supersonic bullet.","インプのテレポートも超音速の銃弾には敵わなかった。","小恶魔的传送无法匹敌超音速子弹。"
"MSG_C_SNIPERRIFLE_J_LOSS","The bullet simply passed right through the jelly without doing anything.","銃弾はジェリーを完全に貫通したが、何のダメージもなかった。","子弹直接穿过了胶状体，没有造成任何伤害。"
"MSG_C_SNIPERRIFLE_K_WIN","You sniped the kobold leader, and the rest fled in terror.","コボルドのリーダーを狙撃すると、残りは恐怖で逃げ散った。","你狙击了狗头人首领，剩下的惊恐地逃跑了。"
"MSG_C_SNIPERRIFLE_L_WIN","A single well-placed shot stunned the lizard forever.","的確な一発がリザードを永遠に沈黙させた。","精准的一枪让蜥蜴永远沉睡了。"
"MSG_C_SNIPERRIFLE_M_WIN","You shot the mummy with an incendiary tracer round. It burned.","焼夷曳光弾を撃ち込むと、マミーはたちまち炎上した。","你用燃烧曳光弹射击了木乃伊。它烧了起来。"
"MSG_C_SNIPERRIFLE_N_LOSS","The naga slithered way too fast and avoided your line of sight.","ナーガの動きが速すぎてスコープに捉えることができなかった。","娜迦滑行得太快了，避开了你的视线。"
"MSG_C_SNIPERRIFLE_O_LOSS","The orc's armor actually stopped the bullet. It's charging at you!","信じられないことにオークの鎧が銃弾を弾き返した。突進してくる！","难以置信，兽人的盔甲挡住了子弹。它冲过来了！"
"MSG_C_SNIPERRIFLE_P_WIN","You used an infrared scope to easily spot the invisible pixie.","赤外線スコープで透明なピクシーを簡単に見つけて狙撃した。","你使用了红外夜视瞄准镜轻松找到了隐形的小精灵并狙击了她。"
"MSG_C_SNIPERRIFLE_Q_WIN","You sniped the coeurl while wearing rubber gloves.","ゴム手袋をはめてからクアールを安全な距離から狙撃した。","你戴着橡胶手套从安全的距离狙击了灵猫。"
"MSG_C_SNIPERRIFLE_R_LOSS","You sniped one rat, but there are thousands more. You need a machine gun.","ラットを1匹狙撃したが、まだ数千匹いる。マシンガンが必要だ。","你狙击了一只老鼠，但还有几千只。你需要一把机枪。"
"MSG_C_SNIPERRIFLE_S_LOSS","The bullet slowed down and got stuck inside the slime's body.","銃弾はスライムの体内で減速し、そのまま取り込まれてしまった。","子弹减速并留在了史莱姆的体内。"
"MSG_C_SNIPERRIFLE_T_LOSS","You shot the troll, but the wound healed instantly while it laughed.","トロールを撃ったが、傷は笑い声と共に一瞬で再生した。","你射中了巨魔，但伴随着它的笑声伤口瞬间愈合了。"
"MSG_C_SNIPERRIFLE_U_LOSS","Bullets are completely useless against a ghost.","物理的な銃弾は亡霊に対して全くの無力だった。","子弹对幽灵完全没用。"
"MSG_C_SNIPERRIFLE_V_LOSS","The vampire caught the sniper bullet with two fingers. Impossible.","吸血鬼は飛来する狙撃弾を指二本で挟み取った。ありえない。","吸血鬼用两根手指夹住了狙击子弹。这不可能。"
"MSG_C_SNIPERRIFLE_W_LOSS","The wolves flanked you while you were looking through the scope.","スコープを覗き込んでいる間に、狼の群れに背後を取られた。","当你通过瞄准镜看时，狼群包抄了你。"
"MSG_C_SNIPERRIFLE_X_LOSS","Your scope shattered by an unknown psychological force before you fired.","引き金を引く前に、未知の精神力でスコープが粉々に砕かれた。","在开火之前你的瞄准镜被未知的心理力量击碎了。"
"MSG_C_SNIPERRIFLE_Y_LOSS","The freezing temperature jammed the rifle mechanism entirely.","極寒の気温により、ライフルの機構が完全に凍りついてジャムった。","严寒的温度使步枪机构完全卡住了。"
"MSG_C_SNIPERRIFLE_Z_LOSS","You sniped the zombie's head off, but the headless body kept walking.","ゾンビの頭を吹き飛ばしたが、首なしの死体はそのまま歩き続けた。","你打爆了丧尸的头，但无头尸体继续行走。"
"MSG_C_SELFIESTICK_A_WIN","He extended his selfie stick to its maximum length and pinpointed the ant's antennae from a safe distance, crushing it.","自撮り棒を最大まで伸ばし、安全な距離からアリの触角をピンポイントで突いて潰した。","他将自拍杆伸到最大长度，从安全距离瞄准蚂蚁的触角，将其压碎。"
"MSG_C_SELFIESTICK_B_WIN","The flash from the end of the selfie stick was lit in the bat's face, blinding it and causing it to crash into the wall.","自撮り棒の先端のフラッシュをコウモリの顔面で焚き、目を眩ませて壁に激突させた。","自拍杆末端的闪光照射在蝙蝠的脸上，使其失明并撞到墙上。"
"MSG_C_SELFIESTICK_C_WIN","A cobra tried to bite you, but you used the length of your selfie stick to punch it in the head from outside the range of its poisonous fangs.","コブラが噛みついてきたが、自撮り棒の長さを活かして毒牙の間合いの外から頭を殴り抜いた。","一条眼镜蛇试图咬你，但你用自拍杆的长度从它的毒牙范围之外猛击它的头部。"
"MSG_C_SELFIESTICK_D_WIN","You stabbed the dragon's giant eye with the tip of a selfie stick, piercing it straight to the top of its brain.","ドラゴンの巨大な目を自撮り棒の先端で鋭く突き刺し、そのまま脳天まで一直線に貫いた。","你用自拍杆的尖端刺向龙的巨眼，直刺到它的脑顶。"
"MSG_C_SELFIESTICK_E_WIN","He deftly broke off a dead branch of an Ent with a selfie stick, causing him to lose his balance and fall to the ground.","エントの枯れ枝を自撮り棒で器用にへし折り、バランスを崩して地面に倒れ込ませた。","他巧妙地用自拍杆折断了树人的枯枝，导致他失去平衡摔倒在地。"
"MSG_C_SELFIESTICK_F_WIN","You flexed your selfie stick like a whip to flick the fly away as it continued to fly around, killing it with one blow.","ハエの執拗な飛び回りに自撮り棒を鞭のようにしならせて弾き飛ばし、一撃で仕留めた。","你像鞭子一样挥动自拍杆，将苍蝇甩开，苍蝇继续飞来飞去，一击将其杀死。"
"MSG_C_SELFIESTICK_G_WIN","He hooked the string of the jewelry bag that the goblin had stolen with the hook of a selfie stick and got it back in one go.","ゴブリンが盗んだ宝石袋の紐を自撮り棒のフックで引っ掛け、そのまま一気に取り返した。","他用自拍杆的钩子勾住妖精偷走的珠宝袋的绳子，一口气拿了回来。"
"MSG_C_SELFIESTICK_H_WIN","He thrust a selfie stick into the trajectory of a harpy attacking from the sky, skewered it, and succeeded in shooting it down.","ハーピーが空から襲い来る軌道に自撮り棒を突き立て、串刺しにして撃墜に成功した。","他将自拍杆插入空中攻击的鹰身女妖的轨迹，将其刺穿，并成功将其击落。"
"MSG_C_SELFIESTICK_I_LOSS","The imp easily teleported past your selfie stick and replaced your smartphone with a live grenade before disappearing into the shadows.","インプは自撮り棒を軽々と躱して背後に回り、スマホを本物の手榴弾にすり替えた。あなたが気付いた時には、彼は影の中へ消えていた。","小恶魔轻松地通过传送绕过了你的自拍杆，并在消失在阴影中之前将你的智能手机换成了实弹手榴弹。"
"MSG_C_SELFIESTICK_J_WIN","The precision-engineered carbon fiber pole was strong enough to pierce the jelly's core and hold it suspended in the air until it dissolved.","精密なカーボンファイバー製のポールがジェリーの核を正確に貫いた。そのまま宙に持ち上げられた怪物は、自重を支えきれず霧散していった。","精密制造的碳纤维杆强度足以刺穿果冻的核心，并将其悬挂在空中直到溶解。"
"MSG_C_SELFIESTICK_K_WIN","The length of the selfie stick exceeded the reach of the kobold horde's spear, and they unilaterally attacked them with octopuses and wiped them out.","コボルドの群れの槍のリーチを自撮り棒の長さで上回り、一方的にタコ殴りにして一網打尽にした。","自拍杆的长度超出了狗头人部落长矛的攻击范围，他们单方面用章鱼攻击他们，将他们消灭殆尽。"
"MSG_C_SELFIESTICK_L_WIN","While the lizard was sunbathing, he took a selfie with a selfie stick, and the flash startled him into unconsciousness.","リザードが日光浴している隙に自撮り棒で自撮りを行い、そのフラッシュで驚かせて気絶させた。","蜥蜴在晒日光浴时，用自拍杆自拍，闪光灯把他吓得不省人事。"
"MSG_C_SELFIESTICK_M_LOSS","You hooked the end of the selfie stick into the knot in Mommy's bandage and unwrapped it like a bicycle chain.","マミーの包帯の結び目に自撮り棒の先を引っ掛け、自転車のチェーンのように巻き取ってほどいた。","你把自拍杆的一端挂在妈妈绷带的结上，然后像自行车链条一样打开它。"
"MSG_C_SELFIESTICK_N_LOSS","The selfie stick was wrapped around the large body of the naga, and the stick was tightened around you, breaking your spine along with the stick.","ナーガの巨体に自撮り棒を絡められ、そのまま締め上げられて棒ごとあなたの背骨がへし折られた。","自拍杆缠住了纳迦庞大的身躯，棍子也紧紧地缠住了你，你的脊椎骨也跟着被棍子折断了。"
"MSG_C_SELFIESTICK_O_LOSS","By foolishly trying to block an orc's giant battle ax with a selfie stick, it was shattered into pieces.","オークの巨大な戦斧を自撮り棒で受け止めようとするという愚行により、木っ端微塵に粉砕された。","愚蠢地试图用自拍杆挡住兽人的巨型战斧，结果它被摔成了碎片。"
"MSG_C_SELFIESTICK_P_LOSS","Pixie's illusion magic made the selfie stick look like a venomous snake. You flung it away in panic and she swept past your undefended side before you could reclaim your weapon.","ピクシーの幻覚魔法で自撮り棒が毒蛇に見えた。パニックで投げ捨てたあなたの無防備な脇をすり抜け、武器を取り戻す間もなく彼女はかすめていった。","皮克西的幻觉魔法让自拍杆看起来像一条毒蛇。你惊慌之下将其甩掉，她趁你无法拿回武器之际从你的空门旁掠过。"
"MSG_C_SELFIESTICK_Q_WIN","As Coeurl released its death blow, you thrust the selfie stick into its open mouth, conducting the entire shock back into its own heart.","クアールの放った雷撃を自撮り棒で受け流し、そのエネルギーを奴の口内へと完璧に跳ね返して内部から焼き尽くした。","当科尔发出致命一击时，你将自拍杆插入它张开的嘴里，将整个电击导回它自己的心脏。"
"MSG_C_SELFIESTICK_R_LOSS","He mowed down a group of rats with a selfie stick, but many of them climbed up on the stick and gnawed off all his flesh.","ラットの群れを自撮り棒で薙ぎ払うも、多勢に無勢で棒をよじ登られ全身の肉を齧り取られた。","他用自拍杆打倒了一群老鼠，但很多老鼠爬上自拍杆，啃掉了他的肉。"
"MSG_C_SELFIESTICK_S_LOSS","You stuck a selfie stick inside the slime's body, but it wouldn't come out, and it was pulled out and swallowed.","スライムの体内に自撮り棒を突き刺したがそのまま抜けなくなり、引っ張られて飲み込まれた。","你把自拍杆插进史莱姆的身体里，但它拔不出来，就被拔出来吞了下去。"
"MSG_C_SELFIESTICK_T_LOSS","The troll's strength grabbed you by the end of the selfie stick, and you were swung around like a yo-yo.","トロールの怪力に自撮り棒の先端を掴まれ、そのままヨーヨーのようにあなた自身が振り回された。","巨魔的力量抓住了你的自拍杆末端，你像溜溜球一样被甩来甩去。"
"MSG_C_SELFIESTICK_U_LOSS","A ghost slips through your selfie stick, and you go crazy when you see a horrifying ghost photo on the camera.","亡霊に自撮り棒はすり抜けてしまい、カメラに映ったおぞましい心霊写真を見てあなたが発狂した。","鬼魂从你的自拍杆中溜走，当你在相机上看到一张可怕的鬼魂照片时，你会发疯。"
"MSG_C_SELFIESTICK_V_LOSS","The reach of the selfie stick was meaningless in the face of the vampire's unnoticeable movements, and he was suddenly attacked from behind.","吸血鬼の目にもとまらぬ動きの前に自撮り棒のリーチは何の意味もなく、背後から急襲された。","自拍杆的触及范围在吸血鬼难以察觉的动作面前毫无意义，突然就被从背后袭击了。"
"MSG_C_SELFIESTICK_W_LOSS","He tried to intimidate the wolf with a selfie stick, but the stick was easily bitten off and his throat was taken with him.","狼を自撮り棒で威嚇しようとしたが、あっさりと棒を噛みちぎられ、そのまま喉笛を持っていかれた。","他试图用自拍杆恐吓狼，但自拍杆很容易被咬断，喉咙也被夺走了。"
"MSG_C_SELFIESTICK_X_LOSS","With the power of Zarsis, the concept of a selfie stick has been reversed, and you have become the tip of a selfie stick in the form of a smartphone.","ザルシスの力によって自撮り棒の概念が反転し、あなた自身が自撮り棒の先端のスマホの形になった。","有了Zarsis的力量，自拍杆的概念被逆转，你变成了智能手机形态的自拍杆尖头。"
"MSG_C_SELFIESTICK_Y_LOSS","The hand holding the selfie stick became completely frostbitten due to the Yeti's frigid blizzard, and he was beaten to death without being able to do anything.","イエティの極寒の吹雪により自撮り棒を持つ手が完全に凍傷になり、何もできずに殴り殺された。","雪人拿着自拍杆的手被严寒的风雪彻底冻伤，无能为力，被活活打死。"
"MSG_C_SELFIESTICK_Z_LOSS","He swings his selfie stick at a horde of zombies, but it gets stuck in the rotten flesh and cannot be removed, and he is defeated by the horde.","ゾンビの大群に自撮り棒を振り回すが、腐肉に突き刺さったまま抜けなくなり、群れに押し負けた。","他向一群僵尸挥舞自拍杆，但自拍杆卡在腐肉中无法取出，他被僵尸群击败。"
"MSG_C_SEGWAY_A_LOSS","The ants swarmed up the Segway wheels and jammed the axle in seconds. Stranded and sinking under the mass of tiny bodies you were overwhelmed before you could dismount.","アリが一瞬でセグウェイの車輪によじ登り、車軸を詰まらせた。無数の小さな体の重みで身動きが取れなくなり、降りる間もなく圧倒された。","蚂蚁在瞬间爬上了赛格威的车轮，堵塞了车轴。被无数小小身躯的重量困住动弹不得，还没来得及下车就被压垮了。"
"MSG_C_SEGWAY_B_WIN","Riding around on a Segway, he ran over and killed bats flying overhead from out of the ultrasonic range.","セグウェイを乗り回し、上空に飛ぶコウモリの超音波射程外から一気に轢き殺した。","他骑着赛格威（Segway）代步车到处跑，跑过去杀死了从超声波范围外飞过头顶的蝙蝠。"
"MSG_C_SEGWAY_C_WIN","Before the Cobra could raise its sickle neck, you ran the Segway at top speed and knocked it away.","コブラが鎌首をもたげる前にセグウェイをトップスピードで走らせてはね飛ばした。","在眼镜蛇举起镰刀般的脖子之前，你以全速驾驶赛格威，将它撞开。"
"MSG_C_SEGWAY_D_WIN","He brilliantly sneaked under the dragon's giant arm on a Segway and dealt a fatal blow to Gyakurin.","ドラゴンの巨大な腕の下をセグウェイで華麗に潜り抜け、逆鱗に致命の一撃を与えた。","他骑着赛格威巧妙地潜入龙的巨臂之下，给了雅库林致命一击。"
"MSG_C_SEGWAY_E_WIN","The Ent's giant feet caused him to drift on a Segway, causing him to lose his balance and slam into the ground.","エントの巨大な足元をセグウェイでドリフトし、バランスを崩して地面に叩きつけた。","树人的巨脚使他在赛格威上漂流，失去平衡并摔在地上。"
"MSG_C_SEGWAY_F_WIN","The Segway's turning ability outstripped the predicted trajectory of the flying fly and deftly captured it mid-air.","飛び回るハエの予測軌道をセグウェイの旋回能力で上回り、空中で器用に捕獲した。","赛格威的转弯能力超出了飞行苍蝇的预测轨迹，并巧妙地在半空中捕捉到了它。"
"MSG_C_SEGWAY_G_WIN","He chased after the fleeing goblin on a Segway and crushed it neatly along with the gold coins he had stolen.","逃げるゴブリンの背中をセグウェイで猛追し、盗んだ金貨ごと綺麗に轢き潰した。","他骑着赛格威追赶逃跑的妖精，将它连同偷来的金币一起碾碎。"
"MSG_C_SEGWAY_H_LOSS","You tried to outrun the harpy on your Segway but the rough terrain caused the stabilizer to fail. You were thrown to the ground and easily snatched up by the diving monster.","セグウェイでハーピーから逃げ切ろうとしたが、足場の悪さでスタビライザーがエラーを起こした。無様に地面に投げ出されたところを、急降下してきた怪物の爪に捕らわれた。","你试图驾驶赛格威逃离鹰身女妖，但崎岖不平的地面导致平衡器发生故障。当你狼狈地被甩在地上时，被俯冲而来的怪物的利爪抓住了。"
"MSG_C_SEGWAY_I_WIN","You used a Segway to predict where the Imp would teleport, ambushing it, and running it over as soon as it appeared.","インプのテレポート先をセグウェイで先読みして待ち伏せし、出現と同時に轢いた。","你用赛格威来预测小恶魔会传送到哪里，伏击它，并在它出现时碾压它。"
"MSG_C_SEGWAY_J_WIN","Jerry's slime body was torn in two with the tires of the Segway, completely annihilating him.","ジェリーのスライム体をセグウェイのタイヤで二つに引き裂き、完全に消滅させた。","杰瑞的粘液身体被赛格威的轮胎撕成两半，彻底消灭了他。"
"MSG_C_SEGWAY_K_WIN","Using the high-speed maneuvers of the Segway, he passed through the spears of the Kobold horde and kicked them all at once from behind.","コボルドの群れの槍をセグウェイの高速機動ですり抜け、背後から一気に蹴散らした。","他利用赛格威的高速机动，穿过了狗头人大军的长矛，从后面一脚踢飞了他们。"
"MSG_C_SEGWAY_L_WIN","You ran over a lizard basking in the sun on your Segway and scraped its cold-blooded body against the asphalt.","日向ぼっこするリザードをセグウェイで轢き、その冷血な体をアスファルトに擦り付けた。","你骑着赛格威车碾过一只正在晒太阳的蜥蜴，它冷血的身体在柏油路上刮擦。"
"MSG_C_SEGWAY_M_WIN","Mummy's bandage gets caught in the Segway's wheels, and an ancient curse comes undone to pieces.","マミーの包帯がセグウェイの車輪に巻き込まれ、古代の呪いごと木っ端微塵にほどけた。","木乃伊的绷带被赛格威的轮子卡住，古老的诅咒被解散。"
"MSG_C_SEGWAY_N_LOSS","The Naga's massive tail whipped out and jammed into the Segway's wheels while you were in mid-sprint. The vehicle flipped violently sending you straight into the constricting coils of the monster.","最高速で突進するセグウェイの車輪に、ナーガの巨大な尾が叩き込まれた。車両は激しく横転し、あなたは投げ飛ばされた先で怪物の胴体に締め上げられた。","在赛格威全速冲锋时，娜迦巨大的尾巴抽进了车轮里。车辆剧烈翻滚，你被甩飞出去，正好落入怪物的躯干之中被紧紧缠住。"
"MSG_C_SEGWAY_O_WIN","You used the Segway's incredible torque to pull a nearby heavy trap right into the path of the Charging Orc. The monster was crushed instantly before it could even swing its axe.","セグウェイの強力なトルクを利用して付近の重い罠をオークの突進ルートに引き寄せた。斧を振り下ろす暇もなく、巨体は仕掛けの下敷きになって沈黙した。","你利用赛格威强劲的扭矩，将附近的重型陷阱拉到了兽人冲刺的路径上。兽人还没来得及挥动巨斧，庞大的身躯就被陷阱压垮，失去了气息。"
"MSG_C_SEGWAY_P_LOSS","Pixie's hallucinatory magic causes the Segway's brakes to fail, causing it to fall into a cliff.","ピクシーの幻覚魔法によりセグウェイのブレーキが効かなくなり、崖へ転落した。","小精灵的幻觉魔法导致赛格威的刹车失灵，导致其坠入悬崖。"
"MSG_C_SEGWAY_Q_WIN","While the Segway was charred by Coeurl's shock, you used the high-voltage explosion to propel yourself upward and deliver a decisive blow.","クアールの電撃でセグウェイは黒焦げになったが、その爆発の勢いを利用して空高く跳び上がり、敵の脳天を正確に撃ち抜いた。","虽然赛格威被科尔的电击烧焦了，但你利用高压爆炸的动力跳上半空，精准地击中了敌人的头顶。"
"MSG_C_SEGWAY_R_LOSS","He runs over a group of rats with his Segway, but is unable to move as the tires are chewed off by so many of them.","ラットの群れをセグウェイで轢くも、多勢に無勢でタイヤをかじり取られ動けなくなった。","他驾驶着赛格威平衡车碾过一群老鼠，但由于轮胎被这么多老鼠咬坏而无法移动。"
"MSG_C_SEGWAY_S_LOSS","You plunged the Segway into the slime's body and was swallowed up by the sticky slime.","スライムの体内にセグウェイごと突っ込み、そのままネバネバの粘液に飲み込まれた。","你把赛格威推入史莱姆的身体里，然后就被粘稠的史莱姆吞没了。"
"MSG_C_SEGWAY_T_LOSS","The troll's self-regeneration outweighs the Segway's blows, and he is bludgeoned to death by the stolen Segway.","トロールの自己再生はセグウェイの打撃を上回り、奪い取られたセグウェイで殴り殺された。","巨魔的自我再生能力盖过了赛格威的打击，他被偷来的赛格威打死了。"
"MSG_C_SEGWAY_U_LOSS","Because ghosts are transparent, the Segway's roadkill attack slips through, and a cold hand grasps your heart.","亡霊は透過するためセグウェイの轢殺攻撃はすり抜けられ、冷たい手であなたの心臓を握られた。","因为鬼魂是透明的，赛格威的路杀攻击会溜走，一只冰冷的手抓住了你的心。"
"MSG_C_SEGWAY_V_LOSS","The Segway's top speed was as if it had stopped before the vampire's movements went unnoticed.","吸血鬼の目にもとまらぬ動きの前にセグウェイの最高速度は止まっているも同然だった。","赛格威的最高速度就好像在吸血鬼的动作被忽视之前就停了下来。"
"MSG_C_SEGWAY_W_LOSS","Frightened by the howling wolves, he fled on a Segway, but tripped on a stone on a rough road and was eaten.","狼の遠吠えに怯えてセグウェイで逃走したが、悪路で石につまづいてそのまま食われた。","他被狼群的嚎叫吓坏了，于是骑着赛格威逃跑，却在崎岖不平的路上被石头绊倒，被吃掉了。"
"MSG_C_SEGWAY_X_LOSS","With a wave of Zarsis's hand, the tires of the Segway disappeared into the fourth dimension, and you crashed to the ground.","ザルシスが手を振るだけでセグウェイのタイヤが四次元に消え、あなたは地面に激突した。","扎尔西斯一挥手，赛格威的轮胎消失在第四维度，你摔在了地上。"
"MSG_C_SEGWAY_Y_LOSS","The Yeti's frigid snowstorm instantly froze the Segway, rendering it motionless and a mere weight.","イエティの極寒の吹雪によりセグウェイは瞬時に凍って動かず、ただの重りになった。","雪人的寒冷暴风雪立即冻结了赛格威，使它一动不动，只剩下重量。"
"MSG_C_SEGWAY_Z_LOSS","He rushes towards a horde of zombies on a Segway, but is unable to get on and off due to the number of corpses and is defeated.","ゾンビの大群に向かってセグウェイで突進するが、あまりの死体の数に乗り降りできず敗北した。","他骑着赛格威冲向一群僵尸，但由于尸体数量过多而无法上下车，最终被击败。"
"MSG_C_STREAMING_A_WIN","He provoked the viewers of the live stream to crush the entire colony of ants that were crawling towards them.","ライブ配信の視聴者たちをけしかけ、這い寄るアリの群れごと一斉に踏み潰させた。","他激怒了直播观众，将所有向他们爬过来的蚂蚁群碾碎。"
"MSG_C_STREAMING_B_WIN","You fired a flash at the bat flying in the darkness and sent it crashing into the wall with crazy sound waves.","暗闇を飛ぶコウモリに対してフラッシュを炊きながら配信し、狂った音波で壁に激突させた。","你向黑暗中飞翔的蝙蝠发射了闪光，然后用疯狂的音波将它撞到了墙上。"
"MSG_C_STREAMING_C_WIN","The moment Cobra threatened you, you physically hit him in the face with a wad of bills that was a storm of super chats.","コブラが威嚇してきた瞬間、スーパーチャットの嵐である札束で物理的に顔面をぶん殴った。","当眼镜蛇威胁你的那一刻，你用一叠钞票打了他的脸，这是一场超级聊天风暴。"
"MSG_C_STREAMING_D_WIN","The dragon's subjugation was broadcast in real time, and with the help of millions of viewers, it was subdued with overwhelming violence.","ドラゴンの討伐をリアルタイム配信し、数百万人の視聴者の力で圧倒的な数の暴力で制圧した。","龙之讨伐是实时直播的，在数百万观众的帮助下，以压倒性的暴力将其制服。"
"MSG_C_STREAMING_E_WIN","He made a prank delivery while clinging to a huge Ent tree, and defeated the enraged tree with a flaming special attack.","エントの巨大な木材にしがみつきながらドッキリ配信を行い、激怒する大木を炎上特攻で倒した。","他抓住一棵巨大的恩特树进行了恶作剧送货，并用火焰特殊攻击击败了愤怒的树。"
"MSG_C_STREAMING_F_LOSS","The overwhelming number of comments from viewers made it impossible to track the fly's movements, causing you to lose sight of it at the critical moment and letting it escape.","視聴者のコメントが多すぎてハエの動きを追いきれなくなり、肝心の瞬間を見失って逃げられてしまった。","因为观众的评论太多，你无法追踪苍蝇的动作，在关键时刻跟丢了，让它逃脱了。"
"MSG_C_STREAMING_G_LOSS","While showing off the live stream to the goblin, it snatched the smartphone and took over your channel.","ライブ配信の画面をゴブリンに見せびらかしていたら、スマホごと奪われてチャンネルを乗っ取られた。","正向地精炫耀直播画面时，手机被抢走，频道也遭到了霸占。"
"MSG_C_STREAMING_H_WIN","He completed an RTA broadcast where he plucked the wings of a harpy attacking from the sky, and knocked him down along with a world record.","空から襲い来るハーピーの羽を引きむしるRTA配信を完走し、世界記録と共に奴を叩き落とした。","他完成了一次 RTA 广播，其中他拔下了从天上攻击的鹰身女妖的翅膀，并将其击倒，并创下了世界纪录。"
"MSG_C_STREAMING_I_LOSS","While trying to predict the Imp's teleport with audience participation, the resulting lag caused you to miss the timing and get struck from behind.","インプのテレポート先を視聴者参加型で予測しようとしたが、配信のラグのせいでタイミングを誤り、背後から急襲された。","虽然想通过观众参与来预测小鬼的传送目的地，但由于直播延迟导致时机错误，从后面遭到了急袭。"
"MSG_C_STREAMING_J_LOSS","You tried a Mentos Cola prank with Jerry, but the resulting slime explosion was so large that it destroyed your camera and blinded you.","ジェリーのスライム体でメントスコーラ企画をやろうとしたが、想像を絶する大爆発が起きてカメラ機材が全損し、あなたも粘液まみれになって敗北した。","杰瑞的史莱姆体想要进行曼妥思可乐的企划，但发生了超乎想象的大爆炸，摄像器材全部损坏，你也变得满身粘液而失败了。"
"MSG_C_STREAMING_K_WIN","He let out a loud singing voice to the crowd of kobolds, destroying everyone's eardrums and rendering them powerless.","コボルドの群れに対して歌枠配信の要領で爆音の歌声を響かせ、全員の鼓膜を破壊して無力化した。","他对着一群狗头人发出响亮的歌声，震碎了所有人的耳膜，让他们变得无力。"
"MSG_C_STREAMING_L_LOSS","The lizard's movement transcended the live stream's frame rate, and while you were caught off guard looking through the screen, your vital point was struck.","リザードの動きが生配信のフレームレートを超越しており、画面越しに油断した隙に急所を突かれた。","蜥蜴的动作超越了直播帧率，在你盯着屏幕看时趁机击中了你的要害。"
"MSG_C_STREAMING_M_WIN","You offset Mummy's ancient curse with a live-stream coin throwing effect, and physically tore off the bandage.","マミーの古代の呪いをライブ配信の投げ銭エフェクトで相殺し、物理で包帯を引きちぎった。","你用直播投硬币的效果抵消了木乃伊古老的诅咒，并用身体撕下了绷带。"
"MSG_C_STREAMING_N_WIN","The Naga's beautiful appearance was broadcast live to the world, and the overwhelming gaze of millions caused it to lose its will to fight, securing victory.","ナーガの美しき容姿を全世界へライブ中継し、無数の視線による羞恥心で戦意を喪失させて勝利した。","将娜迦美丽的姿容向全世界进行实况转播，利用无数视线带来的羞耻心让其丧失斗志，赢得胜利。"
"MSG_C_STREAMING_O_WIN","The orc was so moved by the live stream's high-quality production that it pledged its loyalty to you as a moderator.","オークが配信の圧倒的なクオリティに感動し、あなたのチャンネルのモデレーターとして忠誠を誓ってくれた。","兽人被直播的高质量制作所感动，发誓效忠你作为版主。"
"MSG_C_STREAMING_P_WIN","The pixie got addicted to the viewer's live reactions and decided to become a YouTuber herself, leaving you in peace.","ピクシーがリスナーの反応の中毒になり、自分も配信者として活動するために森へ帰っていった。","小精灵迷上了观众的现场反应，决定自己做一名优兔，让你安心。"
"MSG_C_STREAMING_Q_LOSS","The entire distribution equipment short-circuited before Coeurl's tremendous electric shock, and was struck by intense lightning.","クアールの凄まじい電撃の前に配信機材一式がショートしてしまい、そのまま強烈な雷を落とされた。","整个配电设备在科尔巨大的电击面前短路，并被强烈的闪电击中。"
"MSG_C_STREAMING_R_LOSS","Intimidating a large group of rats through live streaming was so ineffective that a few of them were roasted and then devoured to death.","ラットの大量の群れに対してライブ配信の威嚇はあまりにも非効率で、数匹焼いたところで嚙み殺された。","通过直播恐吓一大群老鼠效果不佳，有几只老鼠被烤死，然后被吃掉。"
"MSG_C_STREAMING_S_WIN","The high-quality live stream of the slime slowly dissolving went viral, providing the momentum to surround and annihilate it.","スライムがゆっくりと溶ける様子を高画質で世界にライブ配信し、バズった勢いで周囲を包囲して殲滅した。","将史莱姆慢慢溶解的样子进行高画质全球直播，顺着爆红之势将周围包围并将其歼灭。"
"MSG_C_STREAMING_T_LOSS","The troll's terrifying self-regeneration ability could not be tamed by the viewer's power, and it crushed you with both hands while remaining completely unharmed. Primal rage overwhelmed the digital influence.","トロールの恐るべき自己再生能力は、視聴者の力をもってしても削りきれず、魔物は無傷のままあなたを両手で握り潰した。原始的な怒りが、デジタルの影響力を飲み込んだのである。","巨魔可怕的自我再生能力无法被观看者的力量所制服，它在毫发无损的情况下用双手将你捏碎。原始的愤怒压倒了数字化的影响力。"
"MSG_C_STREAMING_U_LOSS","Since ghosts do not have a physical body, they do not appear on the live streaming screen at all, and you are cursed as the comment section becomes a mess due to psychic phenomena.","亡霊は実体を持たないためライブ配信の画面には一切映らず、コメント欄が心霊現象で荒れる中あなたは呪われた。","由于鬼魂没有肉身，根本不会出现在直播画面上，评论区也会因灵异现象而乱七八糟，你会被诅咒。"
"MSG_C_STREAMING_V_LOSS","The camera's frame rate couldn't keep up with the vampire's unnoticeable movements, and his neck was bitten off along with the video of the streaming accident.","吸血鬼の目にもとまらぬ動きの前にカメラのフレームレートが追いつかず、配信事故の映像と共に首筋を噛みちぎられた。","摄像机的帧率跟不上吸血鬼难以察觉的动作，他的脖子随着流媒体事故的视频被咬掉了。"
"MSG_C_STREAMING_W_LOSS","The wild wolf didn't feel threatened by the light from the live streaming smartphone, and just jumped straight at you and bit your throat.","荒野の狼はライブ配信のスマホの光など全く威嚇だと感じず、ただ真っ直ぐにあなたに向かって跳躍し喉笛を噛み切った。","野狼并没有感受到手机直播的光芒的威胁，径直扑向你，咬住了你的喉咙。"
"MSG_C_STREAMING_X_LOSS","Zarsis took away the existence of the stream with a single fingertip, and your very existence was deemed to have never existed in the first place.","ザルシスが配信の存在を指先一つで摘み取り、あなたの存在自体が「最初から存在しなかった」ことにして終わった。","扎尔西斯一指就夺走了溪流的存在，你的存在就被视为“本来就不存在”。"
"MSG_C_STREAMING_Y_LOSS","The Yeti's frigid air instantly killed the phone's battery, turning it into a cold slab of dust.","イエティの極寒の冷気によってスマホのバッテリーが瞬時に死亡し、ただの冷たい板になったところを粉砕された。","雪人的寒冷空气立即耗尽了手机的电池，将其变成了冰冷的灰尘。"
"MSG_C_STREAMING_Z_LOSS","He swings his tripod at a horde of zombies and boils his brain, but there are so many of them that he is swallowed up by a pile of corpses before the stream can be cut off.","ゾンビの大群に向かって三脚を振り回し脳を沸騰させるも、あまりの数に配信が途切れる前に屍の山に飲まれた。","他对着一群丧尸挥舞着三脚架，烧开了他的大脑，但丧尸太多了，还没等水流被切断，他就被一堆尸体吞没了。"
"MSG_C_STOMP_A_WIN","A single thundering heel-strike against the dungeon floor sent shockwaves racing through every underground tunnel in the ant colony. The nest's internal architecture collapsed under its own weight as the earth answered your fury.","ダンジョンの石床への一回の轟くような踵打ちが、アリの群れの地下トンネル全体に衝撃波を走らせた。大地があなたの怒りに応え、巣の内部構造は自重で崩壊した。","对地牢石地板的一记雷鸣般的踵击，将冲击波送遍了蚁群地下隧道的每一条通路。大地回应了你的怒火，巢穴的内部结构在自身重压下发生了崩塌。"
"MSG_C_STOMP_B_WIN","Your stomp struck the precise resonant frequency that scrambled the bat's sonar from within. Blinded by its own chaotic echoes it smashed into the ceiling and tumbled silent to the dungeon floor.","踏みつけはコウモリのソナーを内側から乱す正確な共鳴周波数を打った。自らのエコーが混乱して視界を失い、天井に激突してそのままダンジョンの床に転落した。","你的踩踏击中了能从内部扰乱蝙蝠声呐的精确共鸣频率。蝙蝠被自身混乱的回声蒙蔽了视觉，撞上天花板后跌落在了地牢的地面上。"
"MSG_C_STOMP_C_WIN","You slammed your heel directly onto the cobra's body at the exact moment it reared to strike. The seismic impact along its full length stunned the viper before a single drop of venom could be released.","コブラが攻撃のために鎌首をもたげた瞬間、その体に直接踵を叩きつけた。全長にわたる地震のような衝撃が、一滴の毒も放たれる前に毒蛇を麻痺させた。","在眼镜蛇昂首攻击的那一瞬，你的踵部直接砸在了它的身体上。贯穿全身的地震般冲击力在它释放出一滴毒液之前便将毒蛇震晕了。"
"MSG_C_STOMP_D_WIN","Your stomp ignited a chain of underground fissures beneath the dragon's massive footing. Even legends must deal with vanishing earth and the great beast stumbled sideways with a roar of bewilderment.","あなたの踏みつけが竜の巨大な足下に地下亀裂の連鎖を点火した。伝説でさえ消える地面には対処しなければならず、大きな獣は困惑の咆哮を上げながら横によろめいた。","你的踩踏在巨龙庞大脚踝的正下方引发了一连串地下裂隙。即使是传说也必须应对消失的地面，那巨大的兽类发出困惑的咆哮，向一侧趔趄了过去。"
"MSG_C_STOMP_E_WIN","You repeatedly stomped in a deliberate pattern that severed the underground root network the tree spirit relied on for sensory input. Cut off from the soil's whispers the guardian stood dazed and slowly withdrew.","木の精霊が感覚情報として依存する地下の根のネットワークを断ち切るために、意図的なパターンで繰り返し踏みつけた。土の囁きから切り離された守護者は呆然として立ち尽くし、ゆっくりと引いていった。","你以刻意的节奏反复踩踏，将树精赖以获取感官信息的地下根系网络一一斩断。从土地的耳语中被切断的守护者茫然地呆立片刻，随后缓缓退去了。"
"MSG_C_STOMP_F_WIN","You stomped with sheer force enough to generate a localised upward shockwave that flung the fly into the far wall. The tiny body struck stone with a crack so small it was almost polite.","ハエを遠くの壁まで打ち飛ばす局所的な上向き衝撃波を生み出すほどの純粋な力で踏みつけた。小さな体が石に当たった音はあまりにも小さく、ほとんど礼儀正しいほどだった。","你以足以产生能将苍蝇打到远处石壁的局部向上冲击波的纯粹力量踩踏而下。那微小的身体撞上石头发出的声音小得几乎称得上彬彬有礼。"
"MSG_C_STOMP_G_WIN","A perfectly timed stomp just as the goblin drew back its throwing arm made it flinch and drop the weapon. The unexpected ground tremor shattered its nerve before it could ever recover.","ゴブリンが投擲腕を引いた瞬間の完璧なタイミングの踏みつけが、奴をひるませて武器を落とさせた。予期しない地の揺れが、立ち直る間もなく奴の度胸を砕いた。","就在哥布林拉开投掷手臂的瞬间，一记时机完美的踩踏让它一哆嗦掉落了武器。这意外的地面颤动在它来得及恢复之前就彻底碾碎了它的胆气。"
"MSG_C_STOMP_H_WIN","You stomped the floor so forcefully that stone debris flew upward into the harpy's dive corridor. Blinded by unexpected shrapnel she veered sharply and ploughed into a column with a hollow crash.","床をあまりに力強く踏みつけたため、石の破片がハーピーの急降下コースに向かって上方へ飛んだ。予期しない破片で目が見えなくなった彼女はコースを急激にそれ、中空の音を立てて柱に激突した。","你猛烈地踩踏地面，碎石向上飞入了哈皮的俯冲通道。被意外的碎片遮蔽了视野的她急转方向，伴随着一声空洞的巨响撞上了石柱。"
"MSG_C_STOMP_I_LOSS","The imp caught the rhythm of your stomping and began to dance to it with impish glee. It grabbed your feet into its own beat and waltzed you in dizzy circles until you were far too disoriented to continue fighting.","インプはあなたの踏みつけのリズムを掴み、嬉しそうに踊り始めた。奴はあなたの足を自分のビートに引き込み、戦えないほど目が回るまで目まぐるしい円を踊らせた。","小仙女抓住了你踩踏的节奏，兴高采烈地跳起了舞。它将你的双脚拉入自己的拍子，让你转圈起舞直到你晕头转向、再也无法继续战斗为止。"
"MSG_C_STOMP_J_LOSS","Every stomp sent harmless ripples undulating through the jelly's elastic mass. The harder you struck the more efficiently the creature absorbed the kinetic energy and the larger and more agitated it became.","踏みつけのたびに無害な波紋がジェリーの弾力体を揺れ渡るだけだった。強く打つほど効率よく運動エネルギーを吸収し、怪物はより大きく、より興奮した状態になっていった。","每一次踩踏都只是让无害的波纹在果冻怪弹性躯体中荡漾开来。打击越重，它吸收动能的效率就越高，怪物变得越来越大，也越来越躁动。"
"MSG_C_STOMP_K_WIN","Your stomp cracked open a long fissure in the old dungeon stone running directly beneath the kobold formation. The pack scattered in every direction as the floor buckled open beneath their feet.","あなたの踏みつけがコボルドの隊形の真下を走る古いダンジョンの石に長い亀裂を開いた。足下の床が波打ち裂けるにつれ、群れはあらゆる方向に散り散りになった。","你的踩踏在狗头人队形正下方的古老地牢石材上开出了一道长裂缝。随着脚下的地面翻卷裂开，群体四散奔逃。"
"MSG_C_STOMP_L_LOSS","Lizards perceive ground vibration through their lower body with the sensitivity of a precision instrument. Your stomp narrated your exact position and next movement a full second ahead and the predator's strike found nothing but air.","リザードは下部の体で地面の振動を精密機器のような感度で知覚する。あなたの踏みつけは一秒前に正確な位置と次の動きを語り、捕食者の攻撃は空振りに終わった。","蜥蜴以精密仪器般的灵敏度，通过下腹部感知地面振动。你的踩踏提前一秒道出了你的精确位置与下一步动作，掠食者的攻击扑了个空。"
"MSG_C_STOMP_M_WIN","Your stomp shattered the ancient foundation slab the mummy had drawn power from for three thousand years. Severed from the cursed bedrock it halted mid-stride and collapsed into a quiet heap.","あなたの踏みつけが、マミーが三千年間力を得ていた古代の土台石板を砕いた。呪われた岩盤から切り離された奴は歩行途中で立ち止まり、静かに崩れ落ちた。","你的踩踏粉碎了木乃伊三千年来汲取力量的古代奠基地砖。与诅咒基岩切断的它在行走途中停下了脚步，悄然四散崩塌。"
"MSG_C_STOMP_N_WIN","You sent a precise vibration through the floor that disrupted the naga's flowing movement pattern at its joints. Thrown off her own elegant rhythm she tangled mid-coil and struck the ground hard.","ナーガの流れるような動きのパターンを関節部で乱す正確な振動を床から送り込んだ。自分の優雅なリズムから外れた彼女は、とぐろを巻く途中で絡まって床に強く打ちつけた。","你通过地板传入了一道能在关节处扰乱纳迦流畅动作规律的精准振动。被抛出了自身优雅节奏的她，在盘绕途中自行缠住，竟重重摔在了地上。"
"MSG_C_STOMP_O_LOSS","You stomped to intimidate but the orc read the impact as a battle drum and welcomed it. It answered by slamming its own fists against the stone and charged before the echo had even finished rolling.","威圧のために踏みつけたが、オークは衝撃を戦いのドラムとして読み取り、歓迎した。奴は返答として石に拳を叩きつけ、こだまが響き終わる前に突撃してきた。","你踩踏以示威慑，然而兽人将这冲击声读作了战鼓而欣然接受。它以对石拳击作为回应，在回声还未消散之前便发起了突击。"
"MSG_C_STOMP_P_LOSS","Your stomp sent shockwaves upward but the pixie had long since abandoned the floor as a concept. The tremor only rattled the stones beneath her while she danced a full meter above it utterly unmoved.","あなたの踏みつけは衝撃波を上方へ送ったが、ピクシーはとっくの昔に床を概念として放棄していた。震えは彼女の下の石を揺らすだけで、彼女は1メートル上空で完全に揺れず踊っていた。","你的踩踏将冲击波向上传导，然而小仙女早已将地板作为一个概念抛诸脑后。震动只是把她脚下的石头晃了晃，而她则在整整一米的上空毫不为所动地翩翩起舞。"
"MSG_C_STOMP_Q_LOSS","The coeurl reads ground vibration as precisely as a blueprint. Every stomp you landed telegraphed your next stance a heartbeat ahead and the beast was already repositioned before each strike completed.","クアールは地面の振動を設計図の如く正確に読む。あなたが踏みつけるたびに次の体勢を一瞬先に知らせてしまい、獣は各打撃が完了する前にすでに場所を移していた。","夸尔将地面振动读得如同工程蓝图一般精确。你每一次踩踏都在片刻之先道出了下一个站位，那野兽在每次攻击完成之前已然移开了位置。"
"MSG_C_STOMP_R_LOSS","For every square foot your heel covered a dozen rats simply flowed around through the gap beneath the arc. Their sheer numerical density made ground-based attack a geometry problem with no available solutions.","あなたの踵が覆う一平方フィートごとに、十数匹のネズミがただ弧の下の隙間を迂回して流れた。奴らの数の多さそのものが、地面ベースの攻撃を解法のない幾何学問題にした。","你的踵部覆盖到的每一平方英尺，就有十来只老鼠从弧线下方的间隙绕了过来。它们数量的密集本身，将地面攻击变成了一道无解的几何难题。"
"MSG_C_STOMP_S_WIN","You drove your heel down with concentrated force directly onto the slime's hidden nucleus. The cell structure collapsed inward with a wet implosion and what remained was only a thin motionless puddle.","スライムの隠れた核の真上に集中した力で踵を踏み込んだ。細胞構造は湿った内側崩壊音とともに潰れ、残ったのはただ薄く動かない水たまりだけだった。","你将踵部以集中的力量直踩在了史莱姆隐藏核心的正上方。细胞结构伴随着湿润的内爆声向内崩塌，留下的只是一滩薄薄的、毫无动静的水洼。"
"MSG_C_STOMP_T_WIN","You kept stomping fissures across the stone floor faster than the troll could track. When it finally fell through a compromised section into the corridor below it vanished from the fight entirely with an indignant roar.","トロールが追いつける速さよりも速く石床に亀裂を踏み続けた。弱くなった区画から遂に下の廊下へ落ちたとき、怒る咆哮を上げながら戦いから完全に姿を消した。","你在巨魔追得上的速度之上持续踩踏出地面裂缝。当它终于从脆弱的地段坠入下层走廊，伴着一声愤怒的咆哮彻底从战场上消失了。"
"MSG_C_STOMP_U_WIN","You stomped out a sustained low-frequency pulse that disrupted the necrotic resonance binding the undead together. They faltered and fell in expanding rings around you like a wave moving outward from a stone.","アンデッドを繋ぎ止める壊死の共鳴を乱す持続的な低周波パルスを踏みつけで刻んだ。奴らは石が水に落ちたような波紋状に、あなたの周りに広がる輪の中でよろめいて次々倒れていった。","你以踩踏踏出了持续的低频脉冲，扰乱了束缚不死族的坏死共鸣。它们如同石入水中荡开的波纹，在你周围向外扩散的圆环中一个接一个地踉跄倒下。"
"MSG_C_STOMP_V_LOSS","The vampire moves by drifting through space without ever making contact with the floor. Your thundering stomps churned the earth beneath you while he floated at ceiling height and watched with cold amusement.","ヴァンパイアは床に一切触れることなく空間を漂って移動する。あなたの轟く踏みつけがその下の大地を揺らす一方、奴は天井近くに浮かんで冷ややかな楽しみとともに見下していた。","吸血鬼以从不接触地面的漂浮方式穿行于空间之中。你雷鸣般的踩踏只是撼动了脚下的大地，而他则漂浮于天花板附近，带着冷然的兴味俯视着你。"
"MSG_C_STOMP_W_LOSS","Wolves read ground vibration as fluently as spoken language. Each stomp dictated your precise angle and timing to the entire pack and they arranged themselves around every gap before your foot could fall.","狼は地面の振動を話し言葉と同じように流暢に読む。各踏みつけはあなたの正確な角度とタイミングを群れ全体に伝え、奴らはあなたの足が落ちる前に全ての隙間に配置した。","狼将地面振动读得如同口语一般流利。每一次踩踏都将你精确的角度与时机传达给了整个群体，在你的脚落下之前，它们便将自己布置在了每一个空隙之上。"
"MSG_C_STOMP_X_LOSS","Xalthis has more legs in ground contact at any one moment than you have stomps in you. Every impact you sent through the stone was intercepted by one limb and harmlessly rerouted before a second limb could feel it.","ザルティスはあなたの踏みつけの数より多い足を常に地面に接触させている。石を通じて送った全ての衝撃は一本の足で傍受され、次の足が感じる前に無害に迂回された。","扎尔提斯任何一刻与地面接触的足数，都比你的踩踏次数还要多。你通过石头传入的每一次冲击都被一条肢体截获，在下一条肢体感知到之前便无害地绕道而去了。"
"MSG_C_STOMP_Y_LOSS","The yeti stands on glacial ice deep enough to swallow a fortress. Your stomp registered as the equivalent of a pebble tapping a mountainside and the giant did not even trouble itself to look downward.","イエティは要塞を丸呑みにするほど深い氷河の上に立っている。あなたの踏みつけは山肌を小石が叩く程度として記録され、巨人は見下ろす手間さえかけなかった。","雪人站立于深厚得足以吞没一座要塞的冰川之上。你的踩踏被记录成了小石子叩击山岩的程度，那巨人甚至懒得低头张望。"
"MSG_C_STOMP_Z_LOSS","You crushed the zombie's foot flat under your heel but it noticed nothing and kept reaching. It simply dragged the collapsed limb behind it as it advanced with the same blank outstretched arms aimed at your face.","ゾンビの足をかかとで完全に潰したが、奴は何も気づかず伸ばし続けた。崩れた手足を引きずりながら、無表情に顔へ向けて伸ばした手で前進し続けた。","你用踵部将僵尸的脚彻底碾平，但它毫无所觉，继续向前伸着手。它只是拖着那截碎裂的肢体继续推进，面无表情地对着你的脸伸出一双双手。"
"MSG_C_SATELLITE_A_WIN","A beam from the heavens vaporized the ant colony instantly. Their tiny tunnels became glass under the intense heat. Not a single insect remained after the blinding light faded.","天から降り注いだ光の柱が、アリの巣を一瞬で蒸発させた。強烈な熱によって、地下のトンネルはガラス細工のように溶け落ちた。光が収まった後、そこには塵一つ残っていなかった。","从天而降的光柱瞬间蒸发了蚁巢。在强烈的热量下，地下隧道像玻璃制品一样熔化。光芒消失后，那里连一个尘埃都没有留下。"
"MSG_C_SATELLITE_B_WIN","The bat flying in the darkness was tracked by orbital sensors. A pinpoint laser struck it from the edge of space, ending its flight. Its wings turned to ash before it could even sense the danger.","暗闇を飛ぶコウモリは、軌道上のセンサーによって正確に追尾された。宇宙の彼方から放たれた精密レーザーが魔物を貫き、その飛行を終わらせた。危険を察知する暇もなく、翼は灰へと変わった。","在黑暗中飞行的蝙蝠被轨道传感器准确追踪。从宇宙尽头射出的精密激光贯穿了魔物，结束了它的飞行。甚至来不及感知危险，翅膀就化为了灰烬。"
"MSG_C_SATELLITE_C_WIN","The cobra raised its head to strike, but the sky itself opened fire. A concentrated energy beam scorched the ground and the serpent simultaneously. The only thing left was carbonized scales and a smell of ozone.","毒蛇が鎌首をもたげた瞬間、空そのものが牙を剥いた。凝縮されたエネルギー波が、地面と蛇を同時に焼き尽くした。後に残ったのは炭化した鱗と、強烈なオゾンの臭いだけだった。","毒蛇抬起头的瞬间，天空本身露出了獠牙。浓缩的能量波同时烧尽了地面和蛇。剩下的只有碳化的鳞片和强烈的臭氧味。"
"MSG_C_SATELLITE_D_WIN","The legendary dragon roared at the stars, only to be answered by a orbital strike. A divine pillar of fire pierced its ancient scales and heart. Even the sky-ruler was powerless against the weapon of the future.","伝説の巨竜が星々に向かって咆哮したが、応えたのは衛星からの砲撃だった。古の鱗をも貫く光の柱が、心臓を正確に射抜いた。空の支配者も、未来の兵器の前には無力だった。","传说中的巨龙向星辰咆哮，但回应它的却是卫星的炮击。贯穿古老鳞片的光柱准确地射穿了心脏。天空的支配者在未来的武器面前也无能为力。"
"MSG_C_SATELLITE_E_WIN","The giant Ent was engulfed in a column of solar energy from above. Its biological shell offered no resistance to the scientific fire. The forest guardian stood as a tall pillar of ash before crumbling to the earth.","巨大なエントが、天から降り注ぐ太陽エネルギーの奔流に飲み込まれた。その植物的な肉体は、科学の炎に対して何の抵抗もできなかった。森の守護者は灰の塔となり、静かに大地へ崩れ落ちた。","巨大的树精被从天而降的太阳能洪流所吞没。它的植物躯体对科学之火毫无抵抗。森林守护者化作灰塔，静静地崩塌在大地上。"
"MSG_C_SATELLITE_F_WIN","Even the tiny fly couldn't escape the precision of the celestial eye. A microscopic laser pulse vaporized it in mid-air. Its annoying buzzing was cut short by a burst of pure light.","羽虫一匹ですら、天上の瞳の精密さから逃れることはできなかった。極小のレーザーパルスが、空中でハエを瞬時に蒸発させた。耳障りな羽音は、純粋な光の奔流によって断ち切られた。","哪怕是一只羽虫，也无法逃脱天上之瞳的精密。极小的激光脉冲在空中瞬间蒸発了苍蝇。刺耳的翅鸣声被纯粹的光流切断了。"
"MSG_C_SATELLITE_G_WIN","The goblin pointed at the sky in confusion as a beam struck his head. Its cowardly laughter was silenced forever by a tactical strike. The energy impact left nothing but a smoking crater where the monster stood.","困惑して空を指さすゴブリンの頭上に、一筋の光が直撃した。卑屈な笑い声は、戦術的な砲火によって永遠に沈黙した。衝撃の後には、魔物がいた場所に煙を上げるクレーターが残るのみだった。","困惑地指着天空的哥布林头上直击了一道光。猥琐的笑声被战术炮火永远沈默了。冲击之后，怪物所在的地方只剩下一个冒烟的坑。"
"MSG_C_SATELLITE_H_WIN","The harpy queen was swatted out of the sky by an orbital laser. Her majestic feathers were scorched white by the intense radiation. She fell to the ground like a broken meteor, stripped of her grace.","ハーピーの女王は、軌道レーザーによって空から叩き落とされた。自慢の羽根は強烈な放射線で白く焼け焦げ、威厳を失った。彼女は壊れた流星のように、無残な姿で地表へと激突した。","哈皮女王被轨道激光从空中击落。引以为傲的羽毛被强烈的辐射烧得焦白，失去了威严。她像一颗破碎的流星，惨不忍睹地撞向地表。"
"MSG_C_SATELLITE_I_WIN","The imp thought its magic was supreme, until a beam of light dissolved it. The space-born energy bypassed its demonic resistances entirely. Its malicious whispers vanished into the roar of the atmospheric discharge.","インプは自らの魔力が最強だと信じていたが、光の奔流がそれを溶かした。宇宙由来のエネルギーは、悪魔的な耐性を完全に無視した。狡猾な囁きは、大気放電の轟音の中に消え去った。","小恶魔相信自己的魔力最强，但光流将其溶解。来自宇宙的能量完全忽略了其恶魔般的耐性。狡猾的低语消失在大气放电的轰鸣声中。"
"MSG_C_SATELLITE_J_LOSS","The jelly's transparent body refracted the orbital beam harmlessly. The light scattered in a beautiful but useless display. The monster simply pulsed with warmth and moved closer to its target.","ジェリーの透明な肉体が、衛星からのレーザーを無害に屈折させた。光は美しく散乱したが、魔物にダメージを与えることはなかった。怪物は逆にその熱を吸収して脈動し、ゆっくりと距離を詰めてきた。","果冻怪透明的肉体无害地折射了来自卫星的激光。光芒虽然美丽地散射开来，但没有对魔物造成伤害。怪物反而吸收了热量并脉动，慢慢缩短了距离。"
"MSG_C_SATELLITE_K_WIN","The kobold warrior raised its shield, but it was useless against a strike from above. The high-energy beam melted both the metal and the beast instantly. The pack leader fell before it could even issue a command.","コボルドの戦士が盾を掲げたが、天からの追撃には無力だった。高エネルギーの光線が、金属と魔物を瞬時に溶かし尽くした。群れのリーダーは、命令を下す暇もなく消滅した。","狗头人战士举起了盾牌，但对来自天空的追击无济于事。高能射线瞬间融化了金属和魔物。集群首领还没来得及下达命令就消灭了。"
"MSG_C_SATELLITE_L_WIN","The lizard's thick scales offered no protection against the heat of the orbital fire. It was pinned to the ground by a pillar of light that boiled its blood. Its cold eyes lost their light in a flash of pure white.","リザードの分厚い鱗も、軌道からの熱線には何の役にも立たなかった。沸騰する血液とともに、光の柱が魔物を地面に縫い付けた。冷酷な瞳は、純白の閃光の中で永遠にその光を失った。","蜥蜴厚实的鳞片对来自轨道的射线也毫无用处。伴随着沸腾的血液，光柱将魔物钉在了地面上。冷酷的瞳孔在纯白闪光中永远失去了光輝。"
"MSG_C_SATELLITE_M_LOSS","The ancient bandages of the mummy reflected the sacred light of the satellite. The celestial energy couldn't penetrate the depths of its millennia-old curse. The undead continued its slow, inexorable march through the light.","マミーが纏う古の包帯が、衛星の神聖な光を反射してしまった。天上のエネルギーといえど、数千年に及ぶ呪いの深淵を貫くことはできなかった。不死の怪物は光の中を、止めどなく歩み寄ってきた。","木乃伊缠绕的远古绷带反射了卫星的神圣之光。即使是上天能量，也无法贯穿长达数千年的诅咒深渊。不死的怪物在光芒中不断逼近。"
"MSG_C_SATELLITE_N_LOSS","The naga moved with such fluid grace that the orbital sensors lost lock. The beam struck the ground behind her, creating a curtain of dust. She used the confusion to close the gap and prepare her counterattack.","ナーガのしなやかな動きが、軌道上のセンサーのロックを外させた。レーザーは彼女の背後の地面を焼き、砂塵のカーテンを作っただけだった。彼女はその混乱を利用し、反撃のために一気に距離を詰めた。","纳迦灵活的动作让轨道上的传感器脱锁。激光只是烧焦了她背后的地面，扬起了沙尘帘。她利用那场混乱，为了反击一口气缩短了距离。"
"MSG_C_SATELLITE_O_LOSS","The orc warrior roared and held his massive axe aloft, absorbing the beam's edge. His brute force and sheer tenacity allowed him to withstand the peripheral impact. Charred but undeterred, he charged through the smoking ground.","オークの戦士が絶叫しながら巨大な斧を掲げ、光線の端を力任せに受け流した。その異常な生命力が、周辺への衝撃に耐えることを可能にした。全身を焦がしながらも、怪物は煙る大地を突き進んできた。","兽人战士一边尖叫一边举起巨斧，凭蛮力拨开了光线的边缘。其异常的生命力使其能够承受对周边的冲击。即使全身烧焦，怪物还是冲过了冒烟的大地。"
"MSG_C_SATELLITE_P_WIN","The elusive pixie was caught in a net of scanning lasers. A sudden burst of energy from the platform eliminated her from existence. Her light-bending magic was no match for real-time orbital calculations.","姿を消していたピクシーが、走査レーザーの網に捕らえられた。衛星プラットフォームからのエネルギー放射が、彼女の存在を抹消した。光をゆがめる魔法も、リアルタイムの軌道計算には通用しなかった。","失踪的小仙女被扫描激光网抓住了。来自卫星平台的能量放射抹杀了她的存在。扭曲光芒的魔法在实时轨道计算面前也无济于事。"
"MSG_C_SATELLITE_Q_LOSS","The coeurl detected the impending strike via its sensitive whiskers. It emitted a counter-pulse that destabilized the incoming orbital beam. The explosion occurred high in the air, leaving the predator unharmed and ready.","クアールは敏感な髭で、空からの予兆をいち早く察知した。奴が放った対抗パルスが、降り注ぐレーザーの軌道を見事に狂わせた。上空で爆散する光を尻目に、捕食者は悠々と次の牙を剥いた。","夸尔用敏感的胡须，率先察觉到了来自天空的预兆。它放出的对抗脉冲精采地扰乱了倾泻而下的激光轨道。无视在空中爆散的光芒，掠食者悠然地露出了下一颗獠牙。"
"MSG_C_SATELLITE_R_LOSS","The swarm of rats was too fragmented for the satellite to target effectively. Small laser pulses hit dozens of them, but the majority continued to surge forward. The hive-mind ignored the losses and localized the target.","ラットの群れはあまりに分散しており、衛星は目標を絞りきれなかった。数十匹がレーザーで焼かれたが、大部分はそのまま津波のように押し寄せた。群集心理に支配された鼠たちは、犠牲を厭わずあなたを包囲した。","老鼠群过于分散，卫星无法锁定目标。数十只被激光烧焦，但大部分还是像海啸一样涌来。受群众心理支配的老鼠们不惜牺牲包围了你。"
"MSG_C_SATELLITE_S_LOSS","The slime absorbed the energy of the satellite beam and used it to undergo rapid division. Each fragment that was struck simply became a new, smaller monster. The more you fired, the more the enemy multiplied in the light.","スライムは衛星ビームのエネルギーを吸収し、逆に急速な細胞分裂を開始した。光に焼かれた断片がそれぞれ新たな魔物となり、数は増え続けた。撃てば撃つほど、光の中で敵が倍増していく絶望にあなたは襲われた。","史莱姆吸收了卫星光束的能量，反而开始了快速的细胞分裂。被光烧焦的碎片各自变成了新的魔物，数量不断增加。越是射击，你就越是被光中敌人倍增的绝望所袭击。"
"MSG_C_SATELLITE_T_LOSS","The troll's incredible regeneration outpaced the damage from the secondary beam. His charred skin bubbled and reformed as fast as it was burnt away. He laughed at the sky as his strength only seemed to grow from the heat.","トロールの驚異的な再生速度が、衛星からの追撃によるダメージを上回った。焼けた皮膚は、焼失するそばから新たな肉へと再構築された。熱によって逆に活力を得たかのように、怪物は天に向かって嘲笑を浴びせた。","巨魔惊人的再生速度超过了卫星追击造成的伤害。烧焦的皮肤在烧失的同时被重构成新的肉。怪物仿佛因热量反倒获得了活力一样，对着天空大肆嘲笑。"
"MSG_C_SATELLITE_U_WIN","The incorporeal undead were illuminated and purified by the divine solar laser. The spiritual form offered no defense against the concentrated particles of light. They dissolved into a rain of golden sparks, finally at peace.","実体のないアンデッドが、神聖な太陽レーザーによって照らし出され、浄化された。霊的な体は、凝縮された光の粒子に対して何の防御も持たなかった。彼らは黄金の火花となって霧散し、ようやく安らぎを得た。","无实体的死灵被神圣的太阳激光照亮并净化。灵体对浓缩的光粒子毫无防御能力。它们化作金色的火花消散，终于得到了安宁。"
"MSG_C_SATELLITE_V_LOSS","The vampire transformed into a cloud of mist, letting the particle beam pass through harmlessly. The light scattered without finding a target in the darkness. He solidified again in the shadows, his presence more menacing than before.","ヴァンパイアは瞬時に霧へと姿を変え、粒子ビームを空しく通り抜けさせた。光は闇の中で目標を見失い、ただ虚空を照らすだけだった。影の中から再び現れた彼の存在感は、以前よりも増して不気味だった。","吸血鬼瞬间化作雾气，让粒子束徒劳地穿过。光在黑暗中失去了目标，只是照亮了虚空。从阴影中再次出现的他的存在感比以前更加诡异。"
"MSG_C_SATELLITE_W_LOSS","The wolf sensed the orbital targeting and executed a series of evasive maneuvers. The beam hit only the cold ground, sending up geysers of dirt. He howled to his pack, signaling a coordinated pounce from all sides.","ウルフは軌道追尾を本能で察知し、完璧な回避行動をとった。ビームは冷たい地面を叩き、泥の噴水を上げただけだった。彼は仲間に向かって遠吠えし、全方向からの同時攻撃を合図した。","狼凭本能察觉到了轨道追踪，采取了完美的回避行动。光束击中了冰冷的地面，只是扬起了泥浆喷泉。他对着同伴咆哮，示意从各个方向同时发起进攻。"
"MSG_C_SATELLITE_X_LOSS","Xalthis used its many limbs to scramble across the terrain faster than the satellite could track. The energy discharge missed repeatedly, only serving to illuminate the monster's terrifying speed. It closed the distance quickly.","ザルティスはその無数の肢を使い、追尾を上回る速度で地形を駆け抜けた。エネルギー放射は繰り返し空振りし、魔物の恐るべき機動力を際立たせるだけだった。怪物は一気に距離を詰め、あなたを追い詰めた。","扎尔提斯利用其无数的肢体，以超过追踪的速度跑过了地形。能量释放反复落空，只是突显了怪物可怕的机动力。怪物一口气缩短了距离，将你逼入绝境。"
"MSG_C_SATELLITE_Y_LOSS","The yeti invoked a massive blizzard that obscured the satellite's vision for split second. The beam missed its target and struck the mountain side, triggering a massive avalanche. The monster used the chaos to vanish into the white.","イエティは猛烈な吹雪を呼び起こし、衛星の視界を一瞬で遮った。光軸は目標を外れて山肌を撃ち、大規模な雪崩を引き起こした。魔物はこの混乱に紛れ、白い霧の中へと完全に姿を消した。","雪人引起了猛烈暴风雪，瞬间遮断了卫星的视线。光轴偏离目标击中山坡，引起大规模雪崩。怪物趁乱完全消失在白雾中。"
"MSG_C_STONEGAZE_A_WIN","The ant was frozen mid-stride as your gaze turned its chitin into solid granite. It became a perfect, grey statue on the forest floor. The small insect will now endure as a stone monument for centuries.","アリの甲殻があなたの視線によって硬い花崗岩へと変貌し、歩みの途中で静止した。森の地面に、完璧な灰色の石像が一つ取り残される。小さな虫は、数世紀にわたって石の記念碑としてその場に留まるだろう。","蚂蚁在跨步时就被冻住了，因为你的注视将它的几丁质变成了坚固的花岗岩。它在森林地面上变成了一座完美的灰色雕像。这只小昆虫现在将作为一座石碑屹立数个世纪。"
"MSG_C_STONEGAZE_B_WIN","The bat plummeted from the ceiling as its leathery wings petrified in an instant. It shattered into stone fragments upon hitting the cold dungeon floor. The creature of the air found its final weight in stone.","レザーのような翼が一瞬で石化し、コウモリは天井から真っ逆さまに墜落した。冷たい石畳に激突した衝撃で、魔物は無残な石の破片へと砕け散る。空を舞う生物は、石という名の重みと共にその生涯を終えた。","由于皮革般的双翼瞬间石化，蝙蝠从天花板上摔了下来。撞到冰冷的地板时，它碎成了石头碎片。这个天空中的生物在石头中找到了它最后的重量。"
"MSG_C_STONEGAZE_C_LOSS","The cobra sensed the magical buildup and shielded its eyes with its own hood. It struck blindly, guided by heat, while your petrifying gaze met only scales. The serpent's instinct bypassed your ancient power.","コブラは魔力の高まりを察知し、自らのフードでその目を覆い隠した。熱を頼りに盲目的な攻撃を仕掛け、あなたの石化の視線は鱗をなでるだけに終わる。毒蛇の生存本能が、古の魔力すらも凌駕したのだ。","眼镜蛇察觉到了魔法的积聚，用自己的头罩遮住了眼睛。它在热量的引导下盲目攻击，而你那令万物石化的注视只落在了鳞片上。蛇的本能绕过了你古老的力量。"
"MSG_C_STONEGAZE_D_WIN","Even the mighty dragon found its legendary scales turning to grey, unmoving rock. It roared one last time before its vocal cords stiffened into silence. The king of the sky fell as a mountain of stone.","強大なドラゴンの伝説的な鱗でさえ、灰色で動かぬ岩へと変貌していった。声帯が沈黙へと固まる前に、巨獣は最期の咆哮を上げる。空の王は、重い石の山となって大地へと戻った。","即使是强大的巨龙，它传奇般的鳞片也变成了灰色、静止的石头。在它的声带僵硬陷入沉默之前，它发出了最后一声咆哮。天空之王像一座石山一样陨落了。"
"MSG_C_STONEGAZE_E_WIN","The Ent's ancient bark petrified, trapping its wooden spirit in a cold, eternal shell. Its branches became brittle stone, snapping off in the wind as it ceased to breathe. The forest guardian became a silent monolith.","エントの古の樹皮が石化し、その木霊を冷たく永遠の殻の中へと閉じ込めた。枝は脆い石へと変わり、風に吹かれて音もなく折れていく。森の守護者は、意思を持たぬ静かなモノリスへと姿を変えた。","树精古老的树皮石化了，将其木之灵困在一个寒冷、永恒的壳里。它的树枝变成了脆弱的石头，在风中折断，呼吸也随之停止。森林守护者变成了一个沉默的巨石。"
"MSG_C_STONEGAZE_F_WIN","The fly turned into a tiny pebble in mid-air and hit the ground with a sharp klik. Its annoying buzzing was replaced by the silence of the minerals. The pest and its speed were conquered by a single look.","空中を飛んでいたハエは一瞬で小さな礫へと変わり、鋭い音を立てて地上に落ちた。目障りな羽音は失われ、鉱物の静寂がその場を支配する。一瞥の前に、害虫とその機動力は完全に屈服した。","苍蝇在半空中变成了一块小石子，发出了清脆的咔哒声落在地上。它那讨厌的嗡鸣声被矿物的沈默所取代。害虫及其速度被看了一眼就征服了。"
"MSG_C_STONEGAZE_G_WIN","The goblin was admiring a stolen gemstone and didn't notice your gaze until it was part of it. It froze in a pose of greedy delight, a permanent statue of its own sins. The thief finally became the treasure it coveted.","盗んだ宝石に見惚れていたゴブリンは、自身が石に変わるまであなたの視線に気づかなかった。強欲な笑みを浮かべたまま、奴は自らの罪を象徴する永遠の石像となる。泥棒は、ついに自ら望んだ「宝」そのものとなったのだ。","哥布林正在欣赏一颗偷来的宝石，直到自己成为它的一部分时才注意到你的目光。它冻结在一种贪婪喜悦的姿态中，成为了它自身罪孽的永久雕像。这个小偷终于成了它觊觎的珍宝。"
"MSG_C_STONEGAZE_H_LOSS","The harpy instinctively closed her eyes and relied on her keen hearing to evade you. She shrieked a mocking melody as she danced through the shadows beyond your sight. The queen of the heights knew better than to look at a gorgon.","ハーピーは本能的に瞳を閉じ、鋭い聴覚を頼りにあなたの攻撃をかわした。視界の外で影を舞いながら、彼女は嘲笑うかのような旋律を奏でる。空の女王は、不浄な視覚魔法に立ち向かう術を熟知していた。","哈皮本能地闭上眼睛，依靠敏锐的听力躲避你。当她在你视线之外的阴影中跳舞时，她发出了嘲讽的尖叫。天空女王懂得不该盯着蛇发女妖看。"
"MSG_C_STONEGAZE_I_WIN","The imp's mocking face was preserved forever in grey, unfeeling marble. It tried to cast a spell of illusion, but magic cannot save a body that is no longer flesh. The prankster met a heavy, silent end in the dungeon corner.","インプの嘲笑を浮かべた顔は、無機質な大理石の中に永遠に保存されることとなった。幻影の呪文を唱えようとしたが、肉体なき者に魔法を紡ぐ力は残っていない。悪戯っ子はダンジョンの隅で、重く静かな最期を迎えた。","小恶魔嘲弄的脸永远保存在灰色、无感的大理石中。它试图施展幻觉法术，但魔法无法拯救已经不再是肉体的身体。这位骗子在地牢角落里迎来了沉重、寂静的终结。"
"MSG_C_STONEGAZE_J_WIN","The jelly solidified from the bottom up, its translucent body turning into opaque quartz. It could no longer pulse or digest, its life extinguished by the cold mineral surge. The monster became a beautiful, deadly gem.","底部から凝固し始めたジェリーは、その半透明の肉体を不透明な石英へと変えていった。脈打つことも消化することも叶わず、生命の灯火は鉱物の奔流に呑み込まれる。怪物は、美しくも致命的な宝石へと成り果てた。","果冻怪从底部向上固化，其透明的身体变成了不透明的石英。它再也无法脉动或消化，生命被冰冷的矿物冲击所熄灭。怪物变成了一颗美丽而致命的宝石。"
"MSG_C_STONEGAZE_K_WIN","The kobold warrior growled as its fur turned to stone, trapping it in its own hide. It became a statue of defiance, forever pointing its weapon toward an enemy it can no longer see. The tribal guardian's watch ended in stone.","毛皮が石へと変わり、コボルドの戦士は自らの皮の中に閉じ込められた。もはや見えぬ敵へと武器を向けたまま、魔物は反抗の意志を宿した石像となる。部族を守る番人の監視は、石という永遠の中で終わりを迎えた。","狗头人战士因毛皮变石而发出低吼，它被困在自己的皮囊里。它成了一座反抗的雕像，永远将武器指向一个它再也看不见的敌人。部族守护者的守望在石头中结束了。"
"MSG_C_STONEGAZE_L_LOSS","The lizard's reflective scales bounced your gaze back toward you, causing a moment of blindness. It used the distraction to scuttle into a crevice, safe from your petrifaction. The predator's natural defenses were more than a match for your eyes.","リザードの反射する鱗があなたの視線を跳ね返し、一瞬の目眩を引き起こした。その隙に魔物は岩の裂け目へと逃げ込み、石化の魔の手を逃れる。捕食者の天性の防御は、あなたの魔眼ですら貫くことはできなかった。","蜥蜴的反光鳞片将你的目光弹回给你，造成了一瞬间的盲点。它利用这种干扰钻进缝隙，躲过了你的石化。掠食者的天生防御远胜于你的眼睛。"
"MSG_C_STONEGAZE_M_LOSS","The mummy's eyes were already missing, leaving your gaze with nothing to lock onto. It continued its relentless approach, unaffected by the magic of the living. The dead of the past have no vision for you to steal.","マミーには既に瞳がなく、あなたの視線が捉えるべき実体が存在しなかった。生者の魔法など意に介さず、魔物は執拗に死の足取りを進める。過去の死者から、奪い去るべき視界など持ち合わせてはいなかったのだ。","木乃伊的眼睛早就消失了，让你的目光无处落脚。它继续无情地靠近，不受生者魔法的影响。过去的死者没有可以让其偷走的视觉。"
"MSG_C_STONEGAZE_N_WIN","The naga was mesmerized by your eyes and couldn't look away as the transformation began. She turned into a masterpiece of sculpture, her beautiful coils frozen in eternal grace. The wise spirit was claimed by the very beauty she admired.","ナーガはあなたの瞳に魅了され、石化が始まっても視線を外すことができなかった。彼女は彫刻の傑作へと姿を変え、その蛇身は永遠の優雅さの中に留まる。賢き精霊は、自らが愛した美しさそのものに呑み込まれたのだ。","纳迦被你的眼睛迷住了，当转化开始时，她无法移开视线。她变成了一件雕塑杰作，她那美丽的盘身冻结在永恒的优雅中。这位聪慧的灵性存在被她所欣赏的美丽所占据。"
"MSG_C_STONEGAZE_O_WIN","The orc's brave charge ended in a dull thud as its feet turned to rock mid-step. It became a permanent monument of war, an unmoving sentinel in the dark dungeon. The brute force of the warrior was no match for the stillness of stone.","歩みの途中で足が岩へと変わり、オークの勇敢な突撃は鈍い音を立てて止まった。魔物は戦いの記念碑として、暗いダンジョンの中で動かぬ番人となる。戦士の怪力も、石がもたらす究極の静止には抗えなかった。","当兽人的脚在跨步中变成岩石时，它勇敢的冲锋以一声沉闷的撞击声结束。它成了一座永久的战争纪念碑，在黑暗的地牢里做一名静止的哨兵。战士的蛮力无法与石头的静止抗衡。"
"MSG_C_STONEGAZE_P_LOSS","The pixie created a wall of shimmering glitter that scattered your gaze into a thousand directions. She laughed from behind the sparkle, safe from your petrifying power. The light of the forest was too chaotic to be frozen into stone.","ピクシーは煌めく粉塵の壁を作り出し、あなたの視線を無数の方向へと霧散させた。輝きの向こう側で、彼女は石化の魔力を逃れて嘲笑を響かせる。森の灯火は、石へと変えるにはあまりに混沌としていた。","小仙女创造了一堵闪闪发光的墙，将你的目光分散到了上千个方向。她在闪光后大笑，避开了你让她石化的力量。森林之光太混乱了，无法被冻结成石头。"
"MSG_C_STONEGAZE_Q_LOSS","The coeurl sensed the static buildup in your eyes and disrupted it with its own electrical discharge. It struck before you could focus, sending you reeling from a sudden shock. The high-speed beast's senses were faster than your magic.","クアールはあなたの瞳に蓄積された静的な力を察知し、放電によってそれを打ち消した。焦点が合う前に魔物の一撃が走り、あなたは予期せぬ衝撃にたじろぐ。高速を誇る獣の感覚は、魔法の発動よりも一歩早かった。","夸尔感知到了你眼中的静电积聚，并用它自己的放电扰乱了它。它在你聚焦之前发起攻击，让你在突如其来的冲击中蹒跚不稳。高速野兽的感官比你的魔法更快。"
"MSG_C_STONEGAZE_R_LOSS","The rat swarm scurried in every direction, making it impossible to fix your gaze on any single one. You petrified a few bricks in the floor, but the pack was already upon you. Numbers proved to be the perfect counter to a gaze-based skill.","ラットの群れはあらゆる方向へと散らばり、単一の標的に焦点を合わせることを拒絶した。床のレンガを数個石化させたが、群れは既にあなたの足元に迫っている。数による暴力は、視線に頼るスキルの天敵だった。","鼠群四散奔逃，让你无法将目光固定在任何一只老鼠身上。你石化了地板上的几块砖，但鼠群已经扑到了你身上。事实证明，数量是基于目光技能的完美抗衡。"
"MSG_C_STONEGAZE_S_WIN","The slime's nucleus crystallized under your gaze, causing its entire body to harden into glass-like stone. It shattered into a thousand tiny pebbles as its internal pressure failed. The amorphous monster met a very solid end today.","あなたの視線によってスライムの核が結晶化し、全身がガラスのような石へと硬化した。内圧に耐えかねて、魔物は数千の小さな礫へと砕け散る。形なき怪物にとって、今日はあまりに「固い」最期となった。","史莱姆的核心在你注视下结晶，导致它的整个身体由于内压失效而硬化成类似玻璃的石头，碎成了上千块小石子。这种无定形的怪物今天迎接了一个非常坚固的终结。"
"MSG_C_STONEGAZE_T_WIN","The troll's massive heart turned to stone, stopping its legendary regeneration in an instant. It became a mountain of grey rock, a silent giant frozen in the mid of its final roar. Raw power succumbed to the absolute stillness of stone.","トロールの巨大な心臓が石に変わり、驚異的な再生能力は一瞬で停止した。魔物は灰色の岩山へと成り果て、最期の咆哮を上げたまま静かな巨像となる。剛勇の力も、石がもたらす絶対的な静寂の前には無力だった。","巨魔庞大的心脏变成了石头，瞬间停止了它传奇般的再生。它成了一座灰色的岩山，一个在最后咆哮中被冻结的沉默巨人。蛮力屈服于石头的绝对静止。"
"MSG_C_STONEGAZE_U_LOSS","The undead exist in a state between life and death that your petrification cannot touch. They moved through your gaze as if it were mere light, their spectral forms unyielding. You cannot turn to stone what is already of the void.","アンデッドは生と死の狭間に存在し、あなたの石化の魔法が届く領域にはいなかった。光の中を進むかのように、彼らは何の影響も受けずにあなたへと迫る。既に虚空に属する者を石に変えることなど、叶わぬ夢だった。","亡灵存在于生与死之间的状态，你的石化无法触及它们。它们穿过你的目光，就像那仅仅是光一样，它们幽灵般的形式毫不退缩。你无法让已经属于虚无的东西变成石头。"
"MSG_C_STONEGAZE_V_LOSS","The vampire matched your gaze with his own, his ancient power reflecting yours back through time. You found yourself struggling against your own petrification as he laughed at your audacity. The noble of the night was the master of eyes.","ヴァンパイアは正面からあなたの視線を受け止め、その古の魔力であなたの力を跳ね返した。自らの石化の魔法と戦う羽目になったあなたを、彼は嘲笑と共に睥睨する。夜の貴公子こそが、瞳に宿る魔力の真の主だった。","吸血鬼与你对视，他古老的力量穿越时空将你的力量反射了回来。当你挣扎着对抗自己的石化时，他嘲笑你的厚颜无耻。这位暗夜贵族才是眼睛的主人。"
"MSG_C_STONEGAZE_W_LOSS","The wolf leader kept its head low, its primal instincts sensing the danger in your eyes. It coordinated the attack from the shadows, never letting you fix a direct gaze. The pack shared the wisdom of the wild to defeat your magic.","ウルフのリーダーは頭を低く保ち、天性の直感であなたの瞳に宿る危険を察知していた。死角から群れを統率し、決してあなたと視線を合わせることはない。野生の知恵が、あなたの強力な魔眼を完全に無力化したのだ。","狼群首领低着头，它原始的本能感知到了你眼中的危险。它从阴影中协调攻击，绝不让你直接注视。狼群分享野性的智慧来击败你的魔法。"
"MSG_C_STONEGAZE_X_WIN","Xalthis's many complex eyes were all met with your gaze at once, turning the entire horror to jade. It became an intricate statue in the dungeon, its many legs frozen in a final, frantic dance. The ancient terror was silenced by stone.","ザルティスの無数の複眼の全てがあなたの視線を捉え、魔物全体が翡翠色の石へと変わった。複雑な脚を広げたまま凍りついたその姿は、ダンジョンを彩る不気味な彫像となる。古の恐怖は、石という名の沈黙によって封じられた。","扎尔提斯众多的复眼一下子全都被你的目光对上，将整个恐怖转变成了玉石。它成了地牢中的一座错综复杂的雕像，众多的腿冻结在最后的狂乱之舞中。古老的恐怖被石头沈没了。"
"MSG_C_STONEGAZE_Y_LOSS","The yeti used a sheet of magical ice as a mirror to redirect your gaze during the storm. You narrowly avoided petrifying your own reflection while the giant closed in. The mountain king was far more cunning than his appearance suggested.","イエティは嵐の中で氷の板を鏡として操り、あなたの視線をそのまま跳ね返した。危うく自らを石化させるところだったあなたの懐へ、巨人が容赦なく踏み込んでくる。山嶺の王は、その巨躯に似合わぬ狡猾さを備えていた。","雪人在风暴中利用一块魔法冰作为镜子，将你的目光反射了回去。当巨人靠近时，你勉强避免了石化你自己的倒影。这位山峰之王比他的外表看起来狡猾得多。"
"MSG_C_STONEGAZE_Z_LOSS","The zombie had no life left to be turned into stone, its rotting flesh unyielding to your magic. It dragged its heavy limbs through your gaze, driven by a hunger that transcended physical form. The dead are already part of the earth.","ゾンビには石へと変えるべき生命が残っておらず、腐敗した肉体は魔法を虚しく受け流した。あなたの視線の中を執拗に進み、魔物はただ本能のままにあなたへと手を伸ばす。死者は既に大地の一部であり、石も同然だったのだ。","僵尸已经没有生命可以变成石头，它腐烂的肉体不听从你的魔法。它拖着沉重的肢体穿过你的注视，被一种超越物理形式的饥饿所驱使。死者已经属于大地。"
"MSG_C_SHADOWBIND_A_LOSS","The ant moved too low to the ground, its shadow blending into the dark earth. Your stakes of darkness couldn't find a clear target to pin down. The tiny insect scurried past your trap with ease.","アリは地表すれすれを移動していたため、その影は湿った大地と同化していた。あなたの影の杭は固定すべき標的を見失い、空しく地面を突く。小さな虫は、仕掛けた罠を嘲笑うかのように通り過ぎていった。","蚂蚁移动得离地面太近，它的影子融入了黑暗的大地。你的黑暗之桩找不到明确的目标来固定。这只小昆虫轻松地溜过了你的陷阱。"
"MSG_C_SHADOWBIND_B_WIN","The bat's silhouette was pinned to the wall by long needles of solid shadow. It shrieked as it was jerked out of flight, unable to move a single wing. The sky-dweller was finally grounded by its own darkness.","コウモリの影は、漆黒の影の針によって壁へと縫い付けられた。飛行の自由を奪われた魔物は、一歩も動けずに悲鳴を上げる。空の住人は、皮肉にも自らの影によって地上に繋ぎ止められた。","蝙蝠的轮廓被长长的固体阴影针钉在墙上。当它被从飞行中拽出来时，它尖叫着，无法扇动一根翅膀。这位天空中的居民最终被自己产生的黑暗困在地上。"
"MSG_C_SHADOWBIND_C_WIN","The cobra's long shadow was stitched to the floor, trapping it in its coiled position. It struck at the air, unable to close the distance as the shadows held it fast. The fast predator was made slow by the dark.","コブラの長い影が床に縫い付けられ、とぐろを巻いた状態で固定された。どれほど空を撃とうとも、影の拘束が魔物の前進を許さない。俊敏な捕食者は、闇の力によってその機動力を奪い去られた。","眼镜蛇长长的影子被缝在了地板上，把它困在了盘绕的姿势里。它攻击着空气，由于阴影牢牢地抓住了它，它无法缩短距离。这位快速的掠食者被黑暗变慢了。"
"MSG_C_SHADOWBIND_D_WIN","The dragon's massive shadow proved to be its downfall, providing a huge target for your bind. It tried to fly but found its very light being pulled back toward the earth. The legendary king of the sky was pinned by the dark.","ドラゴンの巨大な影は、皮肉にも影縫いの格好の標的となってしまった。飛び立とうとする巨躯も、地表に繋がれた影によって引き戻される。伝説の空の王は、自らの巨大な影に裏切られ、地に伏した。","巨龙庞大的影子证明是它的软肋，为你的绑定提供了一个巨大的目标。它试图飞行，但发现它的光亮正被拉回大地。这位传奇的天空之王被黑暗钉住了。"
"MSG_C_SHADOWBIND_E_WIN","The Ent's many sprawling shadows were caught by your dark magic, freezing the ancient tree in place. It tried to shift its weight, but its roots were already part of the shadow realm. The forest guardian became a static monument.","エントの広大な影があなたの闇魔法に捕らえられ、古の巨樹は一歩も動けなくなった。体勢を変えようと足掻くが、根は既に影の世界の一部と化している。森の守護者は、動かぬ静止の記念碑へと変わった。","树精众多的蔓延影子被你的黑暗魔法抓住了，将这棵古树冻结在原地。它试图移动重心，但它的根已经成为了阴影领域的一部分。森林守护者变成了一座静态的纪念碑。"
"MSG_C_SHADOWBIND_F_LOSS","The fly darted so erratically that its shadow was a blur on the walls. Your binding needles missed every time, only hitting the cold stone. The small pest's mobility was too chaotic for the spell.","ハエはあまりに不規則に飛び回るため、その影は壁の上で激しく明滅していた。あなたの影の針は一度も捉えることができず、ただ虚しく石壁を打つ。小さな害虫の機動力は、呪文の精度を遥かに上回っていた。","苍蝇移动得如此飘忽不定，以至于它的影子在墙上只是一个模糊的印记。你的绑定针每次都落空，只击中了冰冷的石头。这个小害虫的机动性对于法术来说太混乱了。"
"MSG_C_SHADOWBIND_G_WIN","The goblin's sneaky movements were halted as you pinned its shadow to the dirty floor. It panicked as it felt its limbs grow heavy and cold under the influence of the dark. The thief was caught by its own silhouette.","汚れた床に影を縫い付けられ、ゴブリンの卑怯な動きは唐突に止まった。闇の影響で四肢が重く、冷たくなっていく感覚に、魔物はパニックに陥る。泥棒は、誰あろう自らの影によって捕らえられたのだ。","当你把哥布林的影子钉在肮脏的地板上时，它鬼鬼祟祟的动作停止了。当它感到四肢在黑暗的影响下变得沉重而寒冷时，它陷入了恐慌。这个小偷被它自己的轮廓抓住了。"
"MSG_C_SHADOWBIND_H_WIN","The harpy found her wings heavy as the darkness of the earth pulled at her shadow. She struggled against the invisible weight until she spiraled down to your feet. The queen of the sky was grounded by the dark web.","地上の闇が影を引くたびに、ハーピーは自らの翼が重くなっていくのを感じた。目に見えぬ重圧に抗い続けるが、やがて力尽き、あなたの足元へと墜落する。空の女王は、影の蜘蛛の巣に捕らえられた。","哈皮发现她的翅膀变得沉重，因为大地的黑暗拉扯着她的影子。她与这股无形的重量搏斗，直到她螺旋式坠落在你脚下。天空女王被黑暗之网困在地上。"
"MSG_C_SHADOWBIND_I_WIN","The imp's deceptive blinking was stopped cold when you struck its shadow mid-transition. It shrieked as its body was forcibly pulled back into reality, unable to vanish. The prankster realized the shadows are no longer its friend.","転移の最中に影を射抜かれ、インプの欺瞞に満ちた点滅は完全に沈黙した。消失することができず、強制的に現実へと引き戻された魔物が悲鳴を上げる。悪戯っ子は、影がもはや味方ではないことを悟った。","当你击中小恶魔转换过程中的影子时，它欺骗性的闪现被冷冷地制止了。当它的身体被强行拉回现实，无法消失时，它尖叫起来。骗子意识到阴影不再是它的朋友。"
"MSG_C_SHADOWBIND_J_WIN","The jelly's translucent shadow was subtle, but your magic found and anchored it easily. The liquid mass churned and pulsed, but it could not advance even an inch toward you. The slow monster became a permanent trap.","ジェリーの半透明な影は希薄だったが、あなたの魔法はそれを逃さず見事に射抜いた。粘液の塊は波打ち、脈打つが、あなたの方へは一歩も近づくことができない。緩慢な怪物は、完全に沈黙した罠と化した。","果冻怪透明的影子虽然微妙，但你的魔法轻易地发现并锚定了它。由于液体物质翻滚脉动，它无法向你靠近一寸。这个缓慢的怪物变成了一个永久的陷阱。"
"MSG_C_SHADOWBIND_K_LOSS","The kobold's quick reflexes allowed it to jump before your shadow needles could connect. It stayed in the light as much as possible, denying you a clear target to bind. The tribal hunter understood the danger of the dark.","コボルドの卓越した反射神経が、影の針が届くより早くその身を躍らせた。極力光の中に留まり、あなたに影を縫わせる隙を与えない。部族の狩人は、暗闇が孕む真の危険を熟知していたのだ。","狗头人极快的反应让它在你的阴影针连接之前就跳开了。它尽可能地呆在光亮处，拒绝让你有明确的绑定目标。部落猎人明白黑暗的危险。"
"MSG_C_SHADOWBIND_L_WIN","The lizard's desert-hardened shadow was pinned beneath it, stopping its scuttling cold. It hissed in confusion as it felt its body lock up under the weight of the dark magic. The cold-blooded predator fell into a silent stillness.","砂漠に鍛えられたリザードの影が縫い付けられ、その素早い這い回りは不自然に止まった。身体が闇の魔法に締め付けられる感覚に、魔物は混乱して威嚇の声を上げる。冷血な捕食者は、静かな沈黙の中に沈んだ。","蜥蜴在沙漠中磨炼出的影子被钉在了它身下，让它那急促的爬行戛然而止。当它感到身体在黑暗魔法的力量下被锁定时，它困惑地发出了嘶嘶声。这只冷血掠食者陷入了死一般的沉寂。"
"MSG_C_SHADOWBIND_M_WIN","The mummy's ancient shadow was as fragile as its bandages, yet it held firm under your spell. It struggled with its dusty limbs, but the dark nails were driven deep into the earth. The guardian of the past was finally anchored.","マミーの古の影は包帯と同じくらい脆かったが、あなたの呪文の下では鉄の鎖となった。埃っぽい四肢で抗うが、闇の釘は深く大地に打ち込まれている。過去を守り続けてきた番人は、ついにその場に繋がれた。","木乃伊古老的影子和它的绷带一样脆弱，但在你的法术下却异常牢固。它用布满灰尘的肢体挣扎，但黑暗的长钉已深深钉入大地。过去的守护者终于被锚定了。"
"MSG_C_SHADOWBIND_N_WIN","The naga's undulating movement made her shadow a complex target, but you caught it at the center. She lunged forward only to be jerked back by the invisible ties of the dark realm. The wise spirit was defeated by her own image.","うねるようなナーガの動きは影を狙いづらくさせたが、あなたはその中心を見事に射抜いた。前方へ飛び出そうとした彼女は、闇の不可視の鎖によって強引に引き戻される。賢き精霊は、自らの残像に屈した。","纳迦波浪般的移动使她的影子成了一个复杂的目标，但你击中了中心。她向前冲去，结果却被阴影领域的隐形纽带拽了回来。这位聪慧的灵性存在被她自己的影像打败了。"
"MSG_C_SHADOWBIND_O_LOSS","The orc's massive strength allowed it to rip its own shadow free from the ground. It laughed a guttural roar as your dark needles snapped like glass under its strain. The brute's power was too great to be bound by light or shadow.","オークの圧倒的な怪力は、縫い付けられた自らの影を地表から力任せに引き剥がした。影の針がガラスのように砕け散る中、魔物は不敵な咆哮を上げる。戦士の力は、光や影の鎖で縛るにはあまりに強大だった。","兽人庞大的力量让它能够强行将自己的影子从地面上撕扯出来。当你的黑针在它的压力下像玻璃一样折断时，它喉咙里发出了吼叫。这头蛮兽的力量太大了，无法用光或影子来束缚。"
"MSG_C_SHADOWBIND_P_LOSS","The pixie flew through many layers of light, creating multiple shadows that confused your aim. You pinned a false image while she vanished into the canopy above. The trickster of the forest was a master of misdirection.","ピクシーは重なり合う光の中を飛び回り、無数の影を生み出してあなたの狙いを狂わせた。虚像を縫い付けている間に、彼女は頭上の木々の中へと消えていく。森の悪戯っ子は、誘導と欺瞞の達人であった。","小仙女飞过许多层光线，创造了多个影子，扰乱了你的瞄准。当你钉住一个虚假图像时，她消失在了上方的树冠中。这位森林里的骗子是误导大师。"
"MSG_C_SHADOWBIND_Q_WIN","The coeurl's speed was its greatest weapon until its shadow was pinned in mid-pounce. It tumbled awkwardly to the floor, its electrical discharge fizzling out in confusion. The high-speed beast was slowed down forever.","飛びかかった瞬間に影を縫い付けられ、クアールの自慢の速さは最大の油断となった。床にぶざまに転がり落ち、自慢の電撃も混乱の中で霧散する。高速を誇った獣は、永遠の鈍足へと叩き落とされたのだ。","夸尔的速度是它最伟大的武器，直到它的影子在扑击的中途被钉住。它笨拙地摔倒在地板上，它的放电在混乱中化为乌有。高速的野兽永远慢了下来。"
"MSG_C_SHADOWBIND_R_LOSS","The rat swarm was too vast for shadow binding to be effective against the whole pack. You pinned a few rats to the floor, but the rest surged over them without missing a beat. The safety of a swarm lies in its fragmented shadows.","影を縫う戦術は、あまりに広大なラットの群れ全体には通用しなかった。数匹を床に固定したものの、残りの群れは何事もなかったかのようにその上を越えてくる。群れの強みは、分断された無数の影にこそあった。","鼠群太庞大了，影子绑定对整个鼠群无效。你把几只老鼠钉在了地板上，但其余的老鼠毫不犹豫地冲过它们。群落的安全就在于它破碎的影子。"
"MSG_C_SHADOWBIND_S_LOSS","The slime's shadow was as fluid as its body, constantly shifting and flowing under your needles. You could never get a firm anchor as the monster simply flowed around the points of impact. The dark magic found no purchase on the ooze.","スライムの影はその肉体と同じく流動的で、針を刺すたびにその形状を刻々と変えていった。衝撃をいなすように形を変える魔物に対し、確実な固定など不可能に近い。闇の魔法は、泥濘の前でその拠点を失った。","史莱姆的影子和它的身体一样具有流动性，在你的针下不断变化和流动。由于怪物只是围绕着撞击点流动，你永远无法得到一个牢固的锚点。黑暗魔法在软泥上找不到落脚点。"
"MSG_C_SHADOWBIND_T_LOSS","The troll used its massive club to smash the ground where you tried to pin its shadow. The raw impact disrupted your magical formation before it could take full effect. The giant's brute force broke the dark spell through sheer violence.","あなたが影を縫おうとしたその地面を、トロールは巨大な棍棒で叩き壊した。物理的な衝撃が魔法の展開を根底から狂わせ、術が完成することはなかった。巨人の蛮勇は、純粋な暴力によって闇の呪縛を打ち砕いたのだ。","巨魔用它那巨大的木棍砸碎了你试图钉住它影子的地面。原始的撞击在魔法阵产生完全效果之前就扰乱了它。巨人的蛮力通过纯粹的暴力打破了黑暗咒语。"
"MSG_C_SHADOWBIND_U_WIN","The undead's cold shadow was easier to manipulate than living flesh, drawing deep into the void. You anchored its existence to this realm, making its spectral defenses useless. The wandering soul was finally silenced by the dark ties.","生身の肉体よりもアンデッドの冷たい影の方が、虚空へと繋がる闇の術には馴染みが良かった。魔物の存在をこの次元に繋ぎ止めることで、霊的な防御を無効化する。彷徨える魂は、闇の絆によってついに沈黙した。","亡灵冰冷的影子比鲜活的肉体更容易操纵，因为它深陷虚空。你将它的存在锚定在这个领域，使它的幽灵防御无效。徘徊的灵魂最终被黑暗的纽带所沈默。"
"MSG_C_SHADOWBIND_V_LOSS","The vampire manipulated his own shadow into a weapon that parried your binding attempts. He laughed as the shadows in the room obeyed his will over yours. The prince of the dark was the true master of the silhouette.","ヴァンパイアは自らの影を武器へと変え、あなたの影縫いを軽々と受け流した。部屋中の影があなたの意志ではなく、彼の命に従う様に、夜の王は嗤う。闇の貴公子こそが、影を統べる真の主であることを思い知らされた。","吸血鬼将自己的影子操纵成一种武器，挡住了你的绑定尝试。由于房间里的影子听命于他而非听命于你，他大笑起来。黑暗王子才是影子的真正主人。"
"MSG_C_SHADOWBIND_W_LOSS","The wolf pack kept moving in a tight-knit formation that left no individual shadow exposed long enough. Your needles hit only empty space as the wolves coordinated their movements perfectly. The pack survived through constant motion.","ウルフの群れは密な隊列を組んで移動し続け、個々の影を捕捉される隙を一切与えなかった。針はただ虚空を突くだけで、狼たちの完璧な連携があなたを出し抜く。群れは絶え間ない移動によって、全滅を回避したのだ。","狼群保持着紧密的编队移动，没有留下任何足够长的个体影子。由于狼群完美地协调了它们的动作，你的针只击中了空地。狼群通过不断的运动幸存了下来。"
"MSG_C_SHADOWBIND_X_LOSS","Xalthis's multiple legs cast a complex web of shadows that disrupted your magical lock. It moved with a jittery speed that defied your attempts to pin it down to the earth. The ancient horror remained a mobile lethal threat.","ザルティスの無数の脚が生み出す複雑な影の網が、あなたの魔法的なロックを妨害した。地表に固定しようとする試みを嘲笑うかのような不規則な速さで、魔物は迫る。古の恐怖は、機動力を保ったまま致命的な脅威であり続けた。","扎尔提斯众多的腿投下了复杂的阴影网，扰乱了你的魔法锁定。它以一种无惧于你试图把它钉在地面上的抖动速度移动。古老的恐怖依然是个具有移动能力的致命威胁。"
"MSG_C_SHADOWBIND_Y_LOSS","The yeti's blizzard obscured the floor so much that its shadow became an indistinct blur. You couldn't find a target for your needles in the swirling white-out. The mountain king used the environment to mask his own darkness.","イエティの吹雪が地表を覆い尽くし、その影は判別不能なぼやけた塊となっていた。白銀の嵐の中では、針を刺すべき影すら見つけることができない。嶺の王は自らの環境を利用し、影という弱点を巧妙に隠したのだ。","雪人的暴风雪严重遮蔽了地面，以至于它的影子变成了一个模糊的斑块。你在旋转的一片白茫中找不到针的目标。雪山之王利用环境掩盖了自己的黑暗。"
"MSG_C_SHADOWBIND_Z_LOSS","The zombie moved with a slow, heavy pace that should have been easy to bind, but its mass was too great. Even pinned, it continued to lean forward, its sheer weight threatening to rip the shadows apart. The dead didn't care about their chains.","ゾンビの動きは緩慢で影を縫いやすかったが、その肉体の質量は想像を絶していた。固定されてもなお前傾姿勢を崩さず、その重みで影を無理やり引き裂こうとする。死者は、自らを繋ぐ鎖などお構いなしだった。","僵尸以缓慢沉重的步伐移动，原本应该很容易绑定，但它的质量太大了。即使被钉住，它仍继续向前倾，其纯粹的重量威胁着要撕裂阴影。死者并不在乎它们的锁链。"
"MSG_C_STEAMROLL_A_WIN","The ant was flattened into a tiny, indistinct smear as your massive weight rolled over it. It had no time to flee from the crushing cylinder of pure force. The small life was erased from the forest floor.","アリは巨大な圧力が通り過ぎた後、判別不能な微かな染みへと変わり果てた。押し寄せる力まかせの円柱から逃れる時間は、小さな生物には残されていなかった。その命は、跡形もなく地表から消し去られたのである。","随着你的庞大重量从它身上碾过，蚂蚁被压成了一块微小的、模糊的污迹。它没有时间从那纯粹力量的粉碎圆筒中逃脱。微小的生命从森林地面上被抹去了。"
"MSG_C_STEAMROLL_B_WIN","The bat crashed to the ground and was instantly crushed by the relentless forward motion of the steamroll. Its hollow bones offered no resistance to the crushing weight of the machine. The target was simplified into iron and dust.","撃ち落とされたコウモリは、容赦なく進む圧殺の動きによって瞬時に押し潰された。その中空の骨は、機械の圧倒的な重量の前には何の抵抗にもならない。標本は、ただの金属片と塵へとその姿を変えた。","由于这种无情的碾压向前运动，蝙蝠掉到了地上并瞬间被压扁。它中空的骨头对机器压倒性的重量没有任何抵抗力。目标被简化成了铁和尘土。"
"MSG_C_STEAMROLL_C_WIN","The cobra's long, sinuous body was flattened into a thin ribbon of scales and red. It couldn't slither fast enough to escape the wider, heavier doom descending upon it. The serpent's poison was squeezed out of existence.","しなやかで長いコブラの身体は、鱗と鮮血が混じり合う薄いリボンのように平らにされた。押し寄せる広大で重い終焉から逃れるほど、毒蛇の機動力は速くはなかった。その毒液さえも、存在ごと押し潰されたのである。","眼镜蛇长而弯曲的身体被压成了一条由鳞片和红色组成的窄带。它的爬行速度不够快，无法躲过降临在它身上的更宽、更重的厄运。蛇的毒液被挤压到消失。"
"MSG_C_STEAMROLL_D_WIN","Even the dragon's legendary scales were ground to powder under the absolute pressure of the steamroll. It roared in agony as its massive frame was flattened into the cold stone floor. The sky-king met a very heavy and permanent death.","ドラゴンの伝説的な鱗でさえ、圧殺の絶対的な重圧の前にはただの粉末へと成り果てた。巨躯が冷たい石畳へと押し潰される中、魔物は苦悶の咆哮を上げる。空の王は、重厚かつ永遠の死を受け入れた。","即使是巨龙传奇般的鳞片，在碾压的绝对压力下也被磨成了粉末。当它巨大的身躯被压扁在冰冷的石地板上时，它发出了痛苦的咆哮。天空之王迎来了一个非常沉重且永久的死亡。"
"MSG_C_STEAMROLL_E_WIN","The Ent's ancient bark shattered and collapsed as it was crushed into a flat layer of wood and sap. The forest guardian offered a moment of resistance before its heartwood splintered into nothingness. The spirit of the woods became sawdust.","エントの古の樹皮は砕け散り、木材と樹液が混じり合う平らな層へと崩壊した。一瞬の抵抗を見せたものの、核心部は無惨に引き裂かれ、虚無へと消える。森の守護者は、ただの木屑へと変わり果てた。","由于被压成了一层平坦的木头和汁液，树精古老的树皮破碎并坍塌了。在它的心材碎裂成虚无之前，这位森林守护者提供了一瞬间的抵抗。森林之灵变成了锯末。"
"MSG_C_STEAMROLL_F_WIN","The fly was too small for subtlety, simply ending its life as a microscopic smear on the roller. Its annoying wings were stilled by the absolute weight of your physical assault. The pest was finally and totally removed.","あまりに小さすぎたハエは、ローラー上の微小な染みとしてその生涯を終えた。物理的な猛攻がもたらす絶対的な重みが、目障りな羽ばたきを永遠に止める。害虫は、最終的かつ完全に排除されたのだ。","苍蝇太小而无法细微察觉，它的生命在滚筒上像微小的污渍一样结束了。它讨厌的翅膀被你物理攻击的绝对重量所静止。害虫终于被彻底清除了。"
"MSG_C_STEAMROLL_G_LOSS","The goblin managed to throw itself into a narrow crevice just as the steamroll passed over. It cowered in the shadows, shaken but unharmed by the massive weight. Your heavy attack missed its nimble, desperate target.","ゴブリンは圧殺のローラーが通り過ぎる直前、必死に狭い岩の裂け目へと身を投げ出した。巨大な重量に震え上がりながらも、闇の中で魔物は無傷で生き延びる。重厚な攻撃は、敏捷で必死な標的を逃したのだ。","当碾压机经过时，哥布林设法把自己投进了一道狭窄的缝隙中。它在阴影中蜷缩着，虽然被巨大的重量所震撼，但毫发无损。你的重型攻击错过了它敏捷、拼命的目标。"
"MSG_C_STEAMROLL_H_LOSS","The harpy soared high above the ground, watching your massive roller pass harmlessly below. She shrieked a mocking melody as she dodged the slow, heavy threat with ease. Gravity was not enough to catch the queen of the sky.","ハーピーは上空へと舞い上がり、足元を虚しく通り抜ける巨大なローラーを見下ろした。緩慢で重厚な脅威を嘲笑うかのように、彼女は優雅に空中を舞う。重力の暴力も、空の女王を捉えるには不十分だった。","哈皮在离地很高的地方滑过，看着你那巨大的滚筒在下方无害地经过。当她轻松躲过那缓慢、沉重的威胁时，她发出了嘲讽的旋律。引力不足以抓住天空中的女王。"
"MSG_C_STEAMROLL_I_WIN","The imp's deceptive whispers ended in a wet crunch as it was flattened into the dungeon floor. It tried to vanish, but the physical pressure was faster than its magical transition. The prankster became a permanent illustration of failure.","インプの欺瞞に満ちたささやきは、ダンジョンの床に押し潰される時の湿った音と共に途絶えた。消失を試みるも、物理的な圧力は魔法の転移よりも早かった。悪戯っ子は、敗北を象徴する無惨な模様と化した。","当小恶魔被压死在地牢地板上时，它欺骗性的低语以一声湿漉漉的碎裂声告终。它试图消失，但物理压力比它的魔法转换还要快。骗子成了失败的永久写照。"
"MSG_C_STEAMROLL_J_WIN","The jelly's liquid form was spread out over the floor, unable to reform under the continuous pressure. It was squeezed through the cracks in the stone until nothing was left. The monster became a thin, unmoving sheen of ooze.","押し寄せる執拗な圧力を前に、ジェリーの流動的な肉体は床一面に広がり、再構成を許されなかった。石の隙間から押し出され、やがて何も残らなくなる。怪物は、動くことのない薄い粘液の膜へと成り果てた。","果冻怪的液体形式铺满了地板，在持续的压力下无法重新组合。它被挤进了石头的裂缝，直到什么也没剩下。这个怪物变成了一层薄薄的、静止的黏液。"
"MSG_C_STEAMROLL_K_LOSS","The kobold warrior rolled several times to the side, narrowly avoiding the path of the steamroll. It panted in fear but regained its footing, ready to strike from your now-exposed flank. Your slow machine was outrun by the hunter.","コボルドの戦士は側方へと幾度も転がり、圧殺の軌道から間一髪で逃れた。恐怖に肩を揺らしながらも、奴は体勢を立て直し、無防備な側面を狙う。緩慢な機械は、熟練の狩人の足に追いつけなかったのだ。","狗头人战士向侧面翻滚了几次，勉强避开了碾压机的路径。它因恐惧而喘着粗气，但重新站稳了脚跟，准备从你现在暴露出来的侧翼发起攻击。你的慢机器跑不过这个猎人。"
"MSG_C_STEAMROLL_L_LOSS","The lizard used its desert speed to dart between the rollers, never letting the weight settle. It hissed a challenge as it positioned itself behind your machine, safe and angry. The cold predator was too fast for your heavy gear.","リザードは砂漠仕込みの速度を活かし、重量が掛かる前にローラーの間を通り抜けた。安全な場所へと逃れ、背後から威嚇の声を上げる。冷血な捕食者は、重厚な装備で捕らえるにはあまりに速すぎたのである。","蜥蜴利用它在沙漠中的速度在滚筒之间穿梭，绝不让重量落下。当它处于你的机器身后时，它发出了挑战般的嘶嘶声，既安全又愤怒。对于你的重型装备来说，这个冷血掠食者太快了。"
"MSG_C_STEAMROLL_M_LOSS","The mummy's ancient, dry body crumbled into dust as the weight passed, then reformed instantly behind you. It seemed to ignore the crushing force, its magic holding its fragile form together. The past cannot be crushed so easily.","重量が通り過ぎる際、マミーの古の肉体は一度塵と化したが、直後にあなたの背後で再構成された。物理的な圧力など意に介さぬかのように、魔法がその脆い姿を繋ぎ止める。過去の亡霊は、容易く押し潰せるものではない。","当重量经过时，木乃伊古老干燥的身体崩塌成灰尘，然后在你身后瞬间重组。它似乎无视了粉碎之力，它的魔法将它脆弱的形态维持在一起。过去不会这么轻易被摧毁。"
"MSG_C_STEAMROLL_N_WIN","The naga's powerful tail was flattened into a thin, bloody ribbon as the steamroll passed over it. She shrieked in mortal agony, unable to escape the wider path of the machine. The noble creature was reduced to a horrific ruin.","圧殺のローラーが通り過ぎ、ナーガの力強い蛇身は薄く鮮血に染まったリボンのように平らにされた。機械の広範な進撃から逃れられず、彼女は絶命の絶叫を上げる。高貴な生物は、見るも無惨な骸へと成り果てた。","当碾压机经过时，纳迦强有力的尾巴被碾成了一条又细又带血的彩带。她发出了致命的痛苦尖叫，无法逃脱机器那宽阔的路径。高贵的生物变成了一片可怕的废墟。"
"MSG_C_STEAMROLL_O_WIN","The orc tried to hold back the steamroll with its bare hands, but the absolute weight was too much. It gave a final, defiant roar before its massive strength was crushed into the earth. The mighty king fell under a cold, metal god.","オークは両手で圧殺を食い止めようとしたが、絶対的な重量はあまりに非情だった。最期の勇敢な咆哮を残し、その怪力は大地と共に押し潰される。強大な王は、冷たい金属の神の前に屈し、果てたのだ。","兽人试图用双手抵住碾压机，但绝对重量太重了。在它那巨大的力量被碾入大地之前，它发出了最后一声挑衅。这位强大的国王陨落在寒冷的金属之神下。"
"MSG_C_STEAMROLL_P_LOSS","The pixie flew right through the small gaps in the rolling mechanism, laughing at your clumsy attack. She fluttered about your head, completely unharmed by the massive weight. The forest spirit was too light to be crushed.","ピクシーは回転する機構の僅かな隙間を通り抜け、あなたの不器用な攻撃を嘲笑った。巨大な重量など意に介さず、彼女はあなたの周囲を優雅に舞い踊る。森の精霊は、押し潰すにはあまりに「軽い」存在だった。","小仙女飞过滚动装置的细小缝隙，嘲笑你笨拙的攻击。她绕着你的头飞舞，完全不受巨大重量的伤害。森林之灵太轻了，无法被压扁。"
"MSG_C_STEAMROLL_Q_LOSS","The coeurl's lightning-fast reflexes allowed it to leap over the high rollers with ease. It watched your machine pass from a safe distance, its eyes glowing with predatory intellect. The high-speed nightmare was not an easy target.","クアールの電光石火の如き反射神経が、高いローラーを易々と飛び越えさせた。安全な距離から機械が通り過ぎるのを見守り、捕食者の瞳は冷たく光る。高速を誇る悪夢を捉えるのは、至難の業であった。","夸尔闪电般的反应让它能够轻松跳过高处的滚筒。它从安全的距离看着你的机器经过，眼睛闪烁着掠食者的智慧。高速噩梦可不是一个容易的目标。"
"MSG_C_STEAMROLL_R_LOSS","The rat swarm scurried in opposite directions, leaving only a few casualties under the heavy weight. They turned the massive machine into an obstacle to climb over, eventually reaching your position. Numbers defeated the weight.","重圧が襲う中、ラットの群れは各方向へと散らばり、犠牲を最小限に抑えて逃げ延びた。巨大な機械を乗り越えるべき障害物として利用し、奴らはあなたへと迫る。数という物力が、単一の重量に打ち勝ったのだ。","鼠群反向冲去，在重压下只留下了少数伤亡。它们把那台巨大的机器变成了可以爬过的障碍，最终到达了你的位置。数量击败了重量。"
"MSG_C_STEAMROLL_S_WIN","The slime's simple structure was permanently flattened, its internal pressure failing under the assault. It spread out into a thin film that was then ground into the desert sand. The monster was erased by pure physical force today.","単純な構造を誇っていたスライムも、この猛攻の前には内圧を保てず永遠に沈黙した。薄い膜となって広がり、砂漠の砂の中へと無情に磨り潰されていく。怪物は、純粋な物理的破壊によってこの世から抹消された。","史莱姆简单的结构被永久压扁，它的内部压力在攻击下失效。它展开成一层薄薄的膜，然后被磨入沙漠的沙子里。怪物今天被纯粹的物理力量抹去了。"
"MSG_C_STEAMROLL_T_WIN","The troll's legendary toughness couldn't save its bone and organs from the crushing weight. It made one last, wet effort to growl before its massive frame was simplified into a flat layer. The giant succumbed to the machine.","伝説的な強靭さも、トロールの骨や内臓を圧殺の重みから守ることはできなかった。最期の湿った喘ぎを漏らし、地表へと押し潰された巨躯は平らな層へと姿を変える。巨人は、冷たい機械の前にその命を散らした。","巨魔传奇般的韧性无法将它的骨骼和器官从粉碎性的重量中解脱。在它巨大的身躯被简化成平坦的一层之前，它发出了最后一声湿漉漉的怒吼。巨人屈服于机器。"
"MSG_C_STEAMROLL_U_LOSS","The undead felt the weight but their spectral nature allowed them to reform instantly. They passed through the solid iron as if it were a memory, their cold eyes never leaving your position. You cannot squash what has no life.","重みこそ感じたものの、霊的な特性によってアンデッドの身体は瞬時に再構成された。強固な鉄をあたかも記憶のように通り抜け、冷たい瞳は執拗にあなたを狙う。命なき者を、押し潰すことなどできないのだ。","亡灵感受到了重量，但它们幽灵般的特性让它们瞬间重组。它们穿过坚实的铁块，仿佛那是记忆，它们冷漠的眼睛从未离开过你的位置。你无法压碎没有生命的东西。"
"MSG_C_STEAMROLL_V_LOSS","The vampire moved with a speed that defied the rolling momentum, stepping aside with clinical precision. He watched as your machine crashed into the debris, his expression one of polite boredom. The night lord was too fast for you.","ヴァンパイアはローラーの回転力を嘲笑うかのような速さで、極めて精密な動作によりその脇へと避難した。無残に瓦礫を砕く機械の横で、彼は退屈そうに優雅に伫む。夜の王にとって、あなたの攻撃はあまりに鈍重だった。","吸血鬼以无视滚动惯性的速度移动，以冷静的精度避开了。他看着你的机器撞向残骸，表情礼貌而厌倦。黑夜领主对你来说太快了。"
"MSG_C_STEAMROLL_W_LOSS","The wolf pack scattered into the shadows, leaving your heavy attack to crush only empty air. They circled around the slow massive weight, using their speed and coordination to outmaneuver you. The hunters were safe from the roller.","影の中へと散ったウルフの群れは、あなたの重厚な攻撃を虚空へと向けさせた。緩慢な重量を嘲笑うかのように包囲を縮め、連携と速度であなたを追い詰める。狩人たちにとって、このローラーは格好の遊び場でしかなかった。","狼群四散进入阴影，让你的重型攻击只压到了空气。它们绕着缓慢沉重的物体转圈，利用速度和配合让你措手不及。猎人们不受滚筒的伤害。"
"MSG_C_STEAMROLL_X_LOSS","Xalthis's multiple armored legs acted as struts that kept its main body safe from the roller. It scuttled over the machine with an unholy speed, its ancient frame unyielding to the pressure. The horror was too sturdy for your tool.","ザルティスの無数の装甲脚は頑強な支柱となり、ローラーの重圧から本体を完璧に守り抜いた。機械の上を不気味な速さで這い回り、古の肉体は微塵の揺るぎも見せない。あなたの道具で壊すには、この魔物はあまりに頑丈だった。","扎尔提斯众多的装甲腿充当了支杆，保护它的主体不受滚筒伤害。它以邪恶的速度爬过机器，它古老的骨架不屈服于压力。对于你的工具来说，这个恐怖之物太坚固了。"
"MSG_C_STEAMROLL_Y_LOSS","The yeti used his sheer massive strength to catch the roller, stopping its momentum mid-strike. He roared in challenge as he pushed back against the cold iron, his raw power equal to the machine. Today, the mountain king won.","イエティはその圧倒的な怪力でローラーを受け止め、その勢いを真っ向から押し止めた。冷たい鉄に抗い、自らの力を誇示するように咆哮を上げる。その原始の力は、機械と互角に渡り合った。今日、勝利したのは嶺の王だった。","雪人利用它纯粹巨大的力量抓住了滚子，在中途停止了它的动量。当它推开冷铁时，它咆哮着进行挑战，其原始力量与机器不相上下。今天，山峰之王赢了。"
"MSG_C_STEAMROLL_Z_LOSS","The zombie was flattened by the steamroll but its dead flesh continued to twitch and crawl. It slowly peeled itself off the floor like a gruesome decal, its hunger driving it forward despite the damage. The dead never stop coming.","ゾンビは圧殺のローラーの下で平らにされたが、腐肉は依然として蠢き、這い回り続けた。無惨なデカールのように床から剥がれ落ちると、魔物は飢えのままに再び前進を始める。死者は、決して歩みを止めないのだ。","僵尸被碾压机压平了，但它死去的肉仍继续抽搐和爬行。它像一个可怕的贴片一样慢慢地把自己从地板上揭下来，尽管受到了损伤，它的饥饿仍驱使它前进。死者从未停止过到来。"
"MSG_C_SOAP_A_WIN","The ant slipped on a massive bubble of suds, its frantic legs spinning in the slick white foam. It tried to climb the slippery surface, but only succeeded in cleaning the dusty floor. The tiny life was washed away by the tide.","巨大な泡の塊の上で足を滑らせ、アリの必死な四肢は真っ白な泡の中で空転した。滑りやすい表面を登ろうとするが、ただ床の塵を拭い取るだけに終わる。小さな命は、時代の奔流ならぬ石鹸の奔流に押し流されたのである。","蚂蚁滑倒在一个巨大的肥皂泡上，它狂乱的双腿在光滑的白沫中打转。它试图爬上湿滑的表面，但只成功地清洁了落满灰尘的地板。这个微小的生命被浪潮冲走了。"
"MSG_C_SOAP_B_WIN","The bat's sensitive sonar was scrambled by the popping of a thousand tiny, glistening bubbles. It crashed into the wall, its fur suddenly smelling of mountain spring and lavender. The night flyer was cleaned out of the sky.","千の微細な煌めく泡が弾ける音が、コウモリの敏感な超音波をかき乱した。壁へと激突したその毛皮からは、突如として山泉とラベンダーの香りが漂い始める。夜の飛行者は、空から「清掃」されたのである。","蝙蝠敏感的声呐被成千上万个微小的、闪烁的肥皂泡爆裂声打乱了。它撞到了墙上，它的毛皮突然散发出山泉和薰衣草的香味。深夜飞行者被从天空中清理出去了。"
"MSG_C_SOAP_C_WIN","The cobra found itself sliding uncontrollably through a path of pure, slick bubbles. Its defensive strike was ruined as it lost all friction, spinning into a corner of the rooms. The serpent was defeated by a fresh scent.","純白の滑らかな泡の道の上で、コブラは制御不能なまま滑り抜けていった。摩擦を失った攻撃は無惨に空振り、魔物は部屋の隅へと弾き飛ばされる。蛇は、爽やかな香りの前に敗北したのである。","眼镜蛇发现自己在一条纯净光滑的肥皂泡小径上失控地滑动。由于失去了所有的摩擦力，它的防御性攻击全毁了，旋转着撞进房间角落。蛇被一股清新的香味击败了。"
"MSG_C_SOAP_D_WIN","The dragon's legendary dragon-scales were polished to a brilliant shine by the divine suds. It roared in confusion as its fire was extinguished by a mountain of cool, cleansing foam. The flame-king was washed clean of his terror.","ドラゴンの伝説的な鱗は、神聖な泡の塊によって眩いばかりの輝きへと磨き上げられた。冷たく清浄な泡の山によって自慢の炎がかき消され、魔物は困惑の咆哮を上げる。炎の王は、その恐怖すらも洗い流されたのである。","巨龙传奇般的鳞片被神圣的肥皂沫擦拭得闪闪发光。随着它的火焰被一堆凉爽、洁净的泡沫熄灭，它困惑地咆哮着。火焰之王那令人恐惧的存在被洗刷得干干净净。"
"MSG_C_SOAP_E_WIN","The ancient Ent's moss was cleaned from its bark, revealing the smooth wood of ages past. It groaned as the bubbles seeped into its dry joints, providing a slickness it hadn't felt in centuries. The wood spirit slipped into a deep rest.","古のエントのから苔が洗い落とされ、数百年前の滑らかな木肌が姿を現した。乾いた関節に泡が染み込み、数世紀ぶりに感じる滑らかさに、魔物は呻き声を上げる。森の精霊は、深い安らぎの中へと滑り落ちたのだ。","古老树精身上的苔藓被清洗干净，露出了历经岁月、光滑的木质部。随着肥皂泡渗入它干燥的关节，它发出了呻吟，提供了一种几百年来从未有过的滑腻感。森林之灵滑入了一场深沉的休息。"
"MSG_C_SOAP_F_WIN","The fly hit a wall of suds that held it fast, a glistening prison of lemon-scented death. It buzzed in a low, wet tone until the bubbles completely encased its tiny body. The pest was cleaned from existence.","ハエは泡の壁に打ち当たって身動きを封じられた。それはレモンの香りが漂う、煌めく死の牢獄であった。泡がその小さな肉体を完全に包み込むまで、魔物は低く湿った羽音を立てる。害虫は、存在そのものを洗浄されたのである。","苍蝇撞上了一堵肥皂沫墙并被牢牢粘住，这是一个闪烁着柠檬香味的死亡监狱。它发出了低沈、潮湿的嗡鸣声，直到肥皂泡完全包裹了它微小的身体。这个害虫被从存在中清理掉了。"
"MSG_C_SOAP_G_WIN","The goblin slipped on a patch of wet floor and dropped its bag of heavy, dirty coins. It tried to grab them, but the bubbles made every stolen greed impossible to hold. The thief died of original cleanliness.","濡れた床で足を滑らせ、ゴブリンは重く汚れたコインの袋を落としてしまった。必死に掴もうとするが、泡はあらゆる強欲をその手からすり抜けさせる。泥棒は、根源的な「清潔さ」の前に果てたのである。","哥布林在湿滑的地板上滑倒，掉落了它由于装着又重又脏的金币而沈甸甸的袋子。它试图抓住它们，但肥皂泡让每一分偷来的贪欲都无法握住。小偷死于原始的洁净。"
"MSG_C_SOAP_H_WIN","A cloud of soapy mist coated the harpy's feathers, turning them into a useless, wet mess. She shrieked as she slid through the air, eventually crashing into a pile of fluffy white bubbles. The sky queen was washed from the clouds.","石鹸の霧がハーピーの羽を覆い尽くし、無残に濡れそぼらせた。空中で制御を失って滑り、やがてふわふわとした白い泡の山へと激突し、彼女は絶叫を上げる。空の女王は、雲の上から洗い落とされたのである。","一团浓密的肥皂雾涂满了哈皮的羽毛，使其变成了又湿又烂的废物。当她在空中打滑，最终撞进一堆毛茸茸的白色肥皂泡时，她尖叫了起来。天空女王被从云端洗刷了下来。"
"MSG_C_SOAP_I_WIN","The imp's magical circles were washed away by a sudden flood of soapy water. It tried to rewrite the runes, but the floor was too slick for even the dark arts to stick. The trickster was scrubbed from the floor.","石鹸水の突然の氾濫によって、インプの魔法陣は綺麗さっぱり洗い流された。ルーンを描き直そうとするが、暗黒魔法を留めるには床があまりに滑りすぎた。悪戯っ子は、床から「磨き落とされた」のである。","肥皂水的突然泛滥冲走了小恶魔的魔法圈。它试图重写符文，但地板太滑了，即使是黑暗艺术也无法附着。骗子被从地板上擦洗掉了。"
"MSG_C_SOAP_J_LOSS","The jelly found its internal impurities reacting violently to the purifying bubbles. It lost its structural integrity and dissolved into a clear, rose-scented puddle of liquid. The ooze became a mere cleaning agent.","ジェリーの体内の不純物が、浄化の泡に激しく反応した。構造的な結合を失い、魔物はバラの香りが漂う透明な水たまりへと溶け落ちていく。泥濘は、ただの洗浄剤へと姿を変えたのである。","果冻怪发现它内部的杂质对净化泡沫产生了剧烈反应。它失去了结构的完整性，溶解成了一滩透明、带有玫瑰香气的液体。软泥变成了一种纯粹的清洁剂。"
"MSG_C_SOAP_K_WIN","The kobold warrior found it impossible to stay on its feet as the floor became a slippery, white ocean. It slid helplessly through the suds, eventually falling into a deep, bubbly rest. The tribal hero meeting a clean end.","床が滑りやすい真っ白な海と化したため、コボルドの戦士は立っていることさえ不可能となった。なす術なく泡の中を滑り抜け、やがて深く泡立つ休息の中へと沈み込んでいく。部族の英雄は、清らかな最期を迎えたのである。","由于地板变成了湿滑的白色海洋，狗头人战士发现自己根本无法立足。它无奈地滑过肥皂沫，最终坠入一场深沉而多泡的休息。部族英雄迎来了一个洁净的终結。"
"MSG_C_SOAP_L_WIN","The lizard's scales were scrubbed of every trace of dust and grease until they gleamed like jewels. It hissed in surprise before realizing it was too slippery to even turn around on the spot. The predator was polished for failure.","リザードの鱗からあらゆる塵と脂が擦り落とされ、まるで宝石のような輝きを放った。驚きの声を上げるが、その場で向き直ることさえ叶わぬほどに滑りやすい。捕食者は、敗北のために磨き上げられたのである。","蜥蜴的鳞片被擦得不留一丝灰麈和油脂，直到像宝石一样闪闪发光。它惊讶地嘶叫了一声，随即便意识到由于太滑，连原地转身都做不到。掠食者为失败而擦拭。"
"MSG_C_SOAP_M_WIN","The mummy's ancient decay was finally washed away, leaving only pure, white linen behind. It collapsed as the bubbles erased the rot that provided its dark animation. The past was successfully sanitized by the suds.","マミーの古の腐敗はついに洗い流され、そこには純白の包帯だけが残された。不気味な生命力を与えていた腐敗が泡によって消し去られると、魔物は崩れ落ちる。過去は、石鹸の泡によって見事に消毒されたのである。","木乃伊古老的腐朽终于被洗刷干净，只剩下纯白的亚麻布。随着肥皂泡抹去了赋予其黑暗生命力的腐烂，它瘫倒在地。过去被这些泡泡成功消毒。"
"MSG_C_SOAP_N_LOSS","The naga glided effortlessly through the suds, her serpentine body adapted to the slick floor. The player's attacks missed wildly as they struggled to maintain their balance in the foam. The wise spirit struck from the bubbles with lethal precision.","ナーガは泡の中をいとも容易く滑り抜け、その蛇のような肉体は滑りやすい床に即座に適応した。泡の中でバランスを保とうともがくプレイヤーの攻撃は大きく外れる。賢き精霊は泡の中から、致命的な正確さで一撃を放った。","纳迦毫不费力地划过肥皂沫，她那如蛇般的身体适应了湿滑的地板。玩家在泡沫中努力保持平衡，攻击却大失水准。智者之灵在肥皂泡中发起了致命且精确的袭击。"
"MSG_C_SOAP_O_LOSS","The player tried to charge the orc, but the floor was covered in slippery bubbles. Their weapon slid harmlessly off the brute's wet skin as they lost their footing. The orc laughed as it swung its club at the unbalanced opponent.","プレイヤーはオークに突撃しようとしたが、床は滑りやすい泡で覆い尽くされていた。足元をすくわれ、武器は魔物の濡れた皮膚の上を空しく滑り抜ける。体勢を崩した相手を見下ろし、オークは嘲笑と共に棍棒を振り下ろした。","玩家试图冲击兽人，但地板上铺满了滑溜的肥皂泡。由于失去了平衡，他们的武器在那个蛮子湿润的皮肤上徒劳地滑开了。兽人看着失去平衡的对手，大笑着挥动木棒向下砸去。"
"MSG_C_SOAP_P_WIN","The pixie used the soap to create a grand display of multi-colored bubbles that lit up the air. She giggled as she rode a giant suds-cloud across the ceiling, leading others to safety. The forest trickster mastered the bubbles.","ピクシーは石鹸を使い、宙を彩る色鮮やかな巨大な泡の競演を作り出した。巨大な泡の雲に乗って天井を悠々と進み、彼女はくすくすと笑いながら皆を安全な場所へと導く。森の悪戯っ子は、泡の力を完全に従わせたのである。","小仙女利用肥皂制作了一场巨大的彩色气泡展示，点亮了空气。她咯咯笑着骑着一朵巨大的肥皂云划过天花板，引领他人到达安全地带。森林骗子掌握了这些泡泡。"
"MSG_C_SOAP_Q_WIN","The coeurl used the soap to reduce friction and bounce across the room like a projectile of light. It moved with terrifying speed, using the bubbles to mask its own lethal pounce. The high-speed hunter was a bubble of death.","クアールは石鹸を使い摩擦を減らし、光の弾丸のように部屋中を飛び跳ね回った。泡を致命的な突進の隠れ蓑にし、恐るべき速度で敵を翻弄する。高速の狩人は、死を運ぶ「泡」となったのだ。","夸尔利用肥皂减少摩擦，像一道光弹一样在房间里弹跳。它以可怕的速度移动，利用肥皂泡来掩护它致命的扑击。高速猎手成了一个死亡之泡。"
"MSG_C_SOAP_R_LOSS","The rats used the slippery bubbles to their advantage, skating across the room with unexpected speed. The player slipped and fell into the swarm, unable to fend off the dozens of tiny, biting predators. The floor became a trap of slick death.","ラットたちは滑りやすい泡を逆手に取り、予想外の速度で部屋中を滑り抜けた。プレイヤーは足を滑らせて群れの中に倒れ込み、数十匹もの小さな捕食者たちの牙を防ぐことができなかった。床は、滑らかな死の罠へと化したのだ。","老鼠利用湿滑的肥皂泡作为优势，以意想不到的速度在房间里滑行。玩家滑倒并跌入鼠群中，无法抵御数十只微小、啃咬着的掠食者。地板变成了一个湿滑的死亡陷阱。"
"MSG_C_SOAP_S_LOSS","The slime easily incorporated the soap into its mass, becoming even more slippery and hard to strike. The player's weapon bounced off the vibrating, sudsy surface as the ooze slowly engulfed their feet. The gelatinous threat was only amplified.","スライムは石鹸をいとも簡単に肉体へと取り込み、より滑りやすく、攻撃の困難な存在へとへと進化した。泡立つ表面でプレイヤーの武器は弾かれ、泥濘はゆっくりとその足を飲み込んでゆく。泥濘の脅威は、増幅されるばかりであった。","史莱姆轻而易举地将肥皂并入其质量中，变得更加滑腻且难以打击。玩家的武器在振动多泡的表面上弹开，随着软泥慢慢吞没他们的两只脚。胶状威胁只会进一步被放大。"
"MSG_C_SOAP_T_LOSS","The troll roared in amusement as it realized the soap made the player's movements clumsy and unstable. It simply stood its ground, watching the player slide helplessly toward its waiting, massive club. The giant met the challenge with a slippery laugh.","石鹸のせいでプレイヤーの動きが不格好で不安定になったことに気づき、トロールは楽しげに咆哮した。魔物はその場に踏み止まり、なす術なく滑ってくるプレイヤーを棍棒で待ち構える。巨人は、滑らかな笑いと共に挑戦を退けたのである。","巨魔开心地咆哮着，因为它意识到肥皂让玩家的动作变得笨拙且不稳定。它只是守在原地，看着玩家无奈地滑向它早已准备好的巨大木棒。巨人带着狡黠的笑声迎接了这次挑战。"
"MSG_C_SOAP_U_WIN","The undead stood still as the suds covered their cold grey forms, cleaning them of their ancient rot. For a moment, they looked like statues of pure white marble under the brilliant lights. The wandering souls were washed into the earth.","アンデッドは立ち尽くし、真っ白な泡がその冷たい灰色の肉体を覆って古の腐敗を洗い流した。眩い光の下で、彼らは一瞬だけ純白の大理石像のように見えた。彷徨う魂は、大地へと洗い流されたのである。","当肥皂沫覆盖了亡灵冷灰色的形态，清洗了它们古老的腐烂时，它们停了下来。在那灿烂的灯光下，有一瞬间它们看起来像是纯白大理石雕像。徘徊的灵魂被洗刷进了大地。"
"MSG_C_SOAP_V_LOSS","The vampire glided over the soapy floor with unnatural grace, his boots barely touching the suds. The player, however, scrambled for balance as they tried to avoid his cold, precise strikes. The night prince danced through the bubbles toward victory.","ヴァンパイアは人知を超えた優雅さで泡の床を滑り、そのブーツはほとんど泡に触れることさえなかった。対照的にプレイヤーは足元のバランスを保つのが精一杯で、彼の冷徹で正確な一撃を避ける余裕さえない。夜の王子は、泡の中を勝利へと舞い踊ったのだ。","吸血鬼以超自然的优雅划过布满肥皂的地板，他的靴子几乎没有碰到肥皂沫。然而，玩家在躲避他寒冷而精确的打击时，却在拼命寻求平衡。黑夜王子穿过肥皂泡向着胜利起舞。"
"MSG_C_SOAP_W_LOSS","The wolf pack surrounded the player, their claws providing unexpected traction on the slippery floor. The player's weapon missed its mark as they slid into the path of the alpha's jaws. The forest predators mastered the sudsy terrain.","ウルフの群れがプレイヤーを包囲し、その鋭い爪は滑りやすい床で予想外の牽引力を発揮した。アルファの顎が待つ場所へと滑り込み、プレイヤー의 武器は標的を大きく外れる。森の捕食者たちは、泡立つ地形を完全に従わせたのである。","狼群包围了玩家，它们的爪子在湿滑的地板上提供了意想不到的抓地力。玩家的武器错失了目标，由于他们滑向了头狼的巨口。森林里的掠食者们掌握了这片多泡的地形。"
"MSG_C_SOAP_X_LOSS","Xalthis's multiple legs acted like dozens of tiny skates, allowing it to move across the foam with terrifying speed. The player's attempt to strike was met with a flurry of blurred strikes from the multi-legged nightmare. The speed master was untouchable.","ザルティスの無数の脚は数十もの小さなスケート靴のように機能し、恐るべき速度で泡の中を移動することを可能にした。プレイヤーの攻撃は、多足の悪夢による目にも止まらぬ連続攻撃によって阻まれる。高速の支配者は、もはや不可侵の存在であった。","扎尔提斯众多的腿就像几十个微小的溜冰鞋，让它能以可怕的速度划过泡沫。玩家的打击企图遭到了多肢噩梦一阵模糊打击的迎接。速度大师是不可战胜的。"
"MSG_C_SOAP_Y_LOSS","The yeti thought the white bubbles were a special kind of warm mountain snow and reached up. His fur was soon scrubbed to a brilliant white, shining like the peaks of his home. The mountain king was fascinated by the suds.","イエティは真っ白な泡を、山の「温かい雪」だと思い込んで手を伸ばした。その毛皮は瞬く間に眩いばかりの白へと磨き上げられ、故郷の山頂のように輝き始める。嶺の王は、泡の魅力に心を奪われたのである。","雪人以为白色的肥皂泡是一种特殊的温暖山雪并举手去接。它的毛皮很快被擦得洁白无瑕，像它家乡的山峰一样闪耀。雪山之王被肥皂沫迷住了。"
"MSG_C_SOAP_Z_LOSS","The zombie paid no mind to the soap, its heavy, unfeeling limbs dragging through the suds with relentless persistence. The player's own instability became their downfall as they slipped right into the undead's waiting grasp. The dead were immune to the slippery inconvenience.","ゾンビは石鹸になど目もくれず、重く感覚のない四肢を執念深く動かし、泡の中を突き進んできた。プレイヤーの不安定さが自らの命取りとなり、アンデッドの待ち構える手の中へと滑り落ちてしまう。死者には、滑りやすさなどという不都合は無意味であったのだ。","僵尸并不理会肥皂，它沈重且无知觉的肢体以无情的毅力穿过肥皂沫。玩家自身的不稳定成了他们的末日，由于他们直接滑入了亡灵早已准备好的抓捕中。死者对湿滑造成的不便免疫。"
"MSG_C_SPONGE_A_WIN","The ant was gently picked up and absorbed into the pores of the sponge. It found itself trapped in a soft, yellow maze, unable to scuttle away. Your delicate approach cleared the pest without any mess.","小さなアリがスポンジの気孔の中に優しく吸い込まれ、閉じ込められた。柔らかい黄色い迷宮の中で、魔物は逃げ出す術を失って沈黙した。あなたの繊細なアプローチは、汚れ一つ残さず害虫を処理した。","小小的蚂蚁被轻轻吸入海绵的孔隙并被困在其中。在柔软的黄色迷宫里，魔物失去了逃跑的手段，陷入沉默。你细腻的处理方式在处理害虫时不仅没有造成任何混乱，还处理得很干净。"
"MSG_C_SPONGE_B_WIN","The bat's wings were damped by a wet sponge, making it impossible to take off. It fluttered its heavy membranes in frustration as you scrubbed away its' dark energy. The night hunter was grounded and cleaned.","湿ったスポンジがコウモリの翼を濡らし、飛び立つための浮力を奪った。暗黒のエネルギーをこすり落とされ、魔物は床の上で虚しく羽ばたくしかなかった。夜の狩人は、地に落とされ、浄化された。","湿润的海绵弄湿了蝙蝠的双翼，夺走了它起飞所需的升力。黑暗能量被擦亮剥离，魔物只能在地板上徒劳地扇动。黑夜猎手被拽回地面并被净化。"
"MSG_C_SPONGE_C_WIN","The cobra's slippery scales were treated with a rough sponge, stripping it of its' flexibility. It hissed as the friction hindered its' strike, leaving it exposed and vulnerable. The predator was easily handled and stored.","コブラの滑りやすい鱗を粗いスポンジで磨き、そのしなやかな柔軟性を奪った。摩擦が攻撃の邪魔をすることに驚愕した魔物は、なす術なくその場に崩れ落ちた。捕食者は容易に処理され、片付けられた。","用粗糙的海绵摩擦眼镜蛇湿滑的鳞片，夺走了其灵动的柔软性。摩擦力阻碍了攻击，对此感到惊愕的魔物当场瘫倒。掠食者被轻而易举地处理并收纳。"
"MSG_C_SPONGE_D_WIN","You used the sponge to absorb the dragon's fiery saliva, neutralizing its' breath. The massive beast looked on in confusion as its' primary weapon was literally wiped away. The legend met a soft, absorbent end.","ドラゴンの火炎の源となる唾液をスポンジに吸収させ、その息吹を完璧に封じ込めた。最強の武器が文字通り「拭き取られた」ことに巨体は困惑し、その場に立ち尽くした。伝説は、柔らかい吸水力の前に屈した。","用海绵吸收了作为巨龙火焰源泉的唾液，完美封锁了其吐息。眼看着最强的武器被字面意思上“擦掉”，庞大的躯体陷入困惑，呆立当场。传说在柔软的吸水力面前屈服了。"
"MSG_C_SPONGE_E_WIN","The sponge soaked up the excess sap from the Ent, stabilizing the forest spirit. It felt so refreshed that it stopped its' attack and settled into a peaceful slumber. The guardian was cleaned into tranquility.","スポンジがエントから溢れ出す過剰な樹液を吸い取り、森の精霊の状態を安定させた。あまりの爽快感に魔物は攻撃の手を止め、穏やかな眠りへとついた。守護者は、洗浄によって静寂を手に入れた。","海绵吸走了树精身上溢出的过剩树液，使其状态趋于稳定。极度的清爽感让魔物停止了攻击，进入了安稳的睡眠。守护者通过洗涤获得了沈静。"
"MSG_C_SPONGE_F_WIN","The fly was swatted from the air by a quick swipe of a water-logged sponge. The impact and the sudden soaking ended the annoying buzzing for good. The dungeon air felt fresh and bug-free.","水を含ませたスポンジの一振りが、空飛ぶハエを的確に叩き落とした。衝撃と浸水のダブルパンチに、不快な羽音は永遠に消え去った。地牢の空気は洗浄され、害虫のいない快適な空間が戻った。","浸透水的海绵随手一挥，精准击落了飞行的苍蝇。冲击与浸水的双重打击下，那令人不快的嗡鸣声永远消失了。地牢的空气得到了净化，恢复了无害虫的舒适空间。"
"MSG_C_SPONGE_G_WIN","The goblin's stinking ears were scrubbed clean with a soapy sponge, breaking its' focus. It dropped its' weapon to scratch its' now-itchy, clean skin, leaving it wide open. The dungeon grew a little more pleasant.","ゴブリンの不洁な耳を石鹸のついたスポンジで磨き上げ、奴の集中力を根こそぎ奪った。清潔になった肌の痒さに耐えきれず、魔物は武器を捨てて身をよじった。地牢の不快感は、少しだけ和らいだ。","用蘸有肥皂的海绵揉搓哥布林肮脏的耳朵，夺走了它的注意力。由于无法忍受变干净后的皮肤瘙痒，魔物扔下武器扭动身体。地牢的不快感稍微缓解了一点。"
"MSG_C_SPONGE_H_WIN","A wet sponge caught the harpy's feathers and grounded her with sheer weight. She shrieked as her aerodynamic advantage was washed away by the water. The sky queen was cleaned and defeated.","湿ったスポンジがハーピーの羽を捉え、その自重によって彼女を地上へと引きずり下ろした。空力学的な優位性を水で洗い流され、彼女は絶望の叫びと共に地に伏した。空の女王は、清浄の前に敗北を認めた。","湿润的海绵捉住了哈皮的羽毛，并凭自重将其拽到了地面。空气动力学优势被水冲刷殆尽，她在绝望的哀鸣中俯伏于地。天空之女王在清净面前认输了。"
"MSG_C_SPONGE_I_WIN","The imp's magical grime was absorbed into the sponge, leaving the demon vulnerable. It screeched as its' dark shield vanished, leaving it exposed to the harsh light of sanitation. The prankster was scrubbed out.","インプの放つ魔力の垢がスポンジに吸い取られ、悪魔の無防備な姿が露呈した。闇の盾が消滅したことに驚愕し、小悪魔は悲鳴を上げて消失した。魔界の悪戯っ子は、綺麗にこすり落とされた。","小恶魔散发的魔力垢污被海绵吸走，暴露了恶魔毫无防备的身姿。黑暗之盾消失令它惊愕，小恶魔尖叫着消失了。魔界的捣蛋鬼被擦洗得干干净净。"
"MSG_C_SPONGE_J_LOSS","The jelly's liquid center proved too much for the sponge to handle, soaking it until it was part of its' mass. The monster grew larger as it used the sponge as a scaffolding for its' core. Your cleaning attempt only fed the slime.","ジェリーの流動的な肉体は、スポンジの吸水能力を遥かに超えていた。道具は逆に魔物の体液を吸い込んで重くなり、核を守る装甲の一部となってしまった。清掃の試みは、スライムを肥大化させる結果を招いた。","果冻怪流动的肉体远超海绵的吸水极限。工具反而吸入魔物的体液变沉，成了保护核心装甲的一部分。清理的尝试招致了史莱姆肥大化的结果。"
"MSG_C_SPONGE_K_WIN","The kobold's sensitive nose was tickled and then scrubbed by a soft sponge, distracting the warrior. It sneezed violently and dropped its' guard, unable to maintain its' fighting stance. The canine threat was neutralized.","コボルドの敏感な鼻先をスポンジでこすぐり、戦士の注意を完全に散漫させた。激しいくしゃみの連発に魔物は守りを解き、戦う意志を失ってその場に崩れ落ちた。犬面の脅威は、静かに取り除かれた。","用海绵揉搓狗头人敏感的鼻尖，完全分散了战士的注意力。接连不断的剧烈喷嚏让魔物卸下了防备，丧失战意当场瘫倒。犬面威胁被静静地排除了。"
"MSG_C_SPONGE_L_WIN","The lizard's scales were treated with a special degreasing agent from the sponge, making them dry and brittle. It could no longer slip away through the shadows and was easily caught. The cold-blooded hunter was cleaned from the map.","リザードの鱗をスポンジに含まれた特殊な洗剤で磨き、そのぬめりを完全に除去した。カサカサになった鱗では影に逃げ込むこともできず、魔物は容易に捕らえられた。冷血な狩人は、クリーンに処理された。","用海绵里含有的特殊洗涤剂揉搓蜥蜴的鳞片，完全去除了其粘液。干巴巴的鳞片让它无法遁入阴影，被轻而易举地捕获了。冷血猎手遭到了干净利落的处理。"
"MSG_C_SPONGE_M_WIN","The mummy's fragile bandages caught in the sponge's texture and were torn away. It crumbled as the absorbent material removed the dust that held it together. The ancient monarch was scrubbed into history.","マミーの脆い包帯がスポンジの表面に絡まり、無残に剥ぎ取られていった。吸水性の高い素材が身体を繋ぎ止めていた塵を吸い取り、不浄な死体は霧散した。古の君主は、歴史の闇へと綺麗に磨き上げられた。","木乃伊脆弱的绷带勾在了海绵表面，被无情地剥落了。高吸水性的材质吸走了维系身体的尘土，不洁的尸体消散了。古老的君主被磨砺进了历史的黑暗中。"
"MSG_C_SPONGE_N_LOSS","The naga's water magic allowed her to instantly dilute any cleaning agent in the sponge. She laughed as your tool only served to polish a small part of her beautiful serpent skin. The wise one remained pristinely dangerous.","ナーガの高度な水魔法は、スポンジに含まれた洗剤を瞬時に無効化してしまった。道具が彼女の美しい蛇身を磨く輝きに変える様を見て、彼女は優雅に嘲笑った。賢き蛇の女王に、スポンジ程度の攻撃は届かなかった。","纳迦高超的水魔法顺时化解了海棉里含有的洗涤剂。看着工具只是把她美丽的蛇身磨得更亮，她优雅地嘲笑了。对于聪慧蛇之女王，海绵程度的攻击根本触及不到。"
"MSG_C_SPONGE_O_LOSS","The orc ignored the gentle scrub and charged through the sponge with its' heavy axe. It didn't mind the soapy bubbles and used its' raw power to crush your cleaning supplies. Your domestic tools were a joke to the brute.","オークはスポンジによる「清掃」など無視し、蛮勇と共に斧を振り下ろしてきた。石鹸の泡など怪物の怒りを消すにはあまりに無力で、道具は無造作に粉砕された。日用品の武器では、怪物の猛攻を止めることは叶わなかった。","兽人无视了海绵带来的“清理”，携蛮勇挥下了战斧。肥皂泡对于消除怪物的怒火实在是太无力了，工具被随手粉碎。日用品武器无法阻止怪物的猛攻。"
"MSG_C_SPONGE_P_WIN","The pixie dodged the sponge and used her magic to turn the soapy water into a cloud of glitter. She laughed from the air as the glitter blinded you, leaving her free to continue her tricks. The forest prankster was too fast for scrubbing.","ピクシーはスポンジを軽々とかわし、魔法で石鹸水を煌めく鱗粉の雲へと変えた。視界を奪われたあなたを尻目に、彼女は空中から愉快そうに笑い声を上げた。森の悪戯好きを捕らえるには、スポンジはあまりに鈍重だった。","小仙女轻巧地躲过海绵，用法法术将肥皂水变成了闪烁的鳞粉云。盯着被夺走视线的你，她在空中愉快地放声大笑。想要捕捉森林里的捣蛋鬼，海绵实在是太迟钝了。"
"MSG_C_SPONGE_Q_WIN","The coeurl's electric field created a high-voltage short circuit in the wet sponge. The spark hit you instantly, leaving you stunned while the monster closed in. You learned that water and monsters don't always mix.","クアールの持つ電磁場が濡れたスポンジに導電し、強力なショートを引き起こした。不意の電撃に痺れるあなたを、高速の捕食者は冷酷な瞳で見つめ、トドメを刺した。水と怪物を同時に扱う危うさを、あなたは思い知った。","夸尔持有的电磁场在湿润的海绵上导电，引发了强力的短路。趁你被突如其来的电击麻痹时，高速掠食者用冷酷的双眼盯着你并给出了致命一击。你切身体会到了同时处理水与怪物的危险性。"
"MSG_C_SPONGE_R_LOSS","The rat swarm simply tore the sponge to pieces before you could even use it. They used the fragments to build a soft nest while their dirty fangs found your ankles. The pack was too numerous for a simple cleaning tool.","ラットの群れは、あなたが使うよりも速くスポンジをバラバラに食いちぎった。奴らは道具の破片で巣を作り、その間に不潔な牙があなたの足を狙った。数に勝る群れに対し、一つのスポンジなど何の役にも立たなかった。","鼠群甚至在你使用之前就把海绵咬得支离破碎。它们用工具碎片筑巢，同时用肮脏的毒牙瞄准了你的脚。面对在数量上占优的鼠群，一个海绵毫无用武之地。"
"MSG_C_SPONGE_S_LOSS","The slime absorbed the sponge and its' chemical agents, turning them into a toxic expanding gelatin. It grew larger and more aggressive, using the sponge's texture to trap you. Your attempt to clean was a biological disaster.","スライムはスポンジとその洗浄成分を飲み込み、毒を帯びた巨大なゼリーへと成長した。怪物はより攻撃的になり、スポンジの質感を模した粘液であなたを絡め取った。清掃の試みは、悲劇的な事態を招いただけだった。","史莱姆吞噬了海绵及其洗涤成分，成长为了带有毒性的巨大果冻。怪物变得更具攻击性，用模拟海绵质感的粘液缠住了你。清理的尝试仅仅招致了悲剧性的事态。"
"MSG_C_SPONGE_T_LOSS","The troll found the sponge to be a handy back-scratcher until it got bored and crushed it. Its' thick skin was immune into any cleaning agents you threw at it. The giant's rampage continued, unbothered by its' own hygiene.","トロールにとってスポンジはせいぜい「便利な背中掻き」程度で、すぐに飽きて握り潰された。分厚い皮膚には洗剤の刺激など一切通用せず、魔物は不潔なままであなたを蹂躙した。怪物の猛威の前に、衛生観念など無意味だった。","对于巨魔来说海绵充其量只是“方便的挠痒耙”，很快玩腻了就随手捏碎。肥厚皮肤完全无视洗涤剂的刺激，魔物保持着那一身肮脏蹂躏了你。在怪物的猛威面前，卫生观念毫无意义。"
"MSG_C_SPONGE_U_LOSS","The spectral Undead were too ethereal for the solid sponge to affect. Your tool passed right through their ghostly forms, leaving only a cold chill in your hand. The dead didn't have any stains to scrub away.","実体のないアンデッドに、物理的なスポンジによる洗浄は通用しなかった。道具は亡霊の身体を音もなく通り抜け、あなたの手元には虚しさと冷気だけが残った。死者には、こすり落とすべき「生きた汚れ」などなかった。","对于没有实态的不死族，物理海绵的洗涤完全行不通。工具无声地穿过亡灵的身躯，你的手中只剩下了空虚和冷气。死者身上不存在任何需要擦掉的“鲜活污垢”。"
"MSG_C_SPONGE_V_LOSS","The vampire used his noble magic to turn the soapy water in the sponge into frozen shards of ice. He stood calmly as you held a uselessly cold tool, then ended the fight with a single strike. The night prince refused to be scrubbed.","ヴァンパイアは高貴な魔力を使い、スポンジに染み込んだ石鹸水を鋭い氷の礫へと変えた。冷たくなった道具を握りしめ立ち尽くすあなたを、彼は冷笑と共に葬り去った。夜の王は、一滴の洗剤による侮辱すら許さなかった。","吸血鬼使用高贵的魔力，将渗入海绵的肥皂水变成了尖锐的碎冰。对于握着冷冰冰的工具呆立当场的你，他在冷笑中将其葬送。夜之王决不允许哪怕一滴洗涤剂带来的侮辱。"
"MSG_C_SPONGE_W_LOSS","The wolf's agile movement easily kept it clear of the sponge's grasp. It and its' pack mates circled you, waiting for a moment when you focused on the cleaning instead of the hunt. The predators remained wild, dirty, and victorious.","ウルフの俊敏な回避運動を前に、スポンジは虚しく空を切り続けた。あなたが清掃に気を取られている間に完璧な包囲網が完成し、鋭い牙があなたの喉元に迫った。森の狩人たちは、不潔な野性のまま勝利を収めた。","在狼敏捷的躲避动作面前，海绵只能徒劳地一次次挥空。当你分心于清理时，完美的包围网已经形成，利齿逼近了你的咽喉。森林里的掠食者们以不洁野性的姿态夺取了胜利。"
"MSG_C_SPONGE_X_WIN","Xalthis's complex exoskeleton was expertly scrubbed clean, removing several parasitic pests. Surprisingly, the creature felt so refreshed by the grooming that it stopped its' attack and scuttled away. The multi-legged terror was neutralised by a gentle scrub.","ザルティスの複雑な外骨格が丁寧に磨き上げられ、寄生していた不快な虫たちが一掃された。あまりの心地よさに怪物は毒気を抜かれ、戦うのをやめて闇の中へと去っていった。多足の恐怖は、意外にも徹底的な「洗浄」によって鎮められた。","扎尔提斯复杂的外骨骼被仔细打磨，寄生在上面的不快虫子被一扫而空。极度的舒适感拔除了怪物的毒气，它放弃了战斗退入了黑暗之中。多肢的恐怖意外地因彻底的“洗涤”而平定。"
"MSG_C_SPONGE_Y_LOSS","The yeti focused its' internal cold, freezing the wet sponge into a solid block of ice. It then shattered the frozen tool with its' massive fists, roaring in a blizzard of shards. The king of the mountains would not be washed.","イエティが放つ絶大な冷気が、濡れたスポンジを一瞬で硬い氷の塊へと変えた。魔物はその氷の塊を巨大な拳で粉々に砕き、雪崩のような咆哮を上げた。雪山の王にとって、入浴の誘いは死の宣告に等しかった。","雪人散发的强大冷气瞬间将湿润的海绵变成了硬梆梆的冰块。魔物用巨大的拳头将冰块砸得粉碎，发出了如雪崩般的咆哮。对于雪山之王来说，入浴的邀请无异于死刑宣告。"
"MSG_C_SPONGE_Z_LOSS","The zombie's rotting flesh was too delicate to be effectively scrubbed and only tore away. It ignored the sponge and continued its' silent, inevitable crawl toward your ankles. The living dead couldn't be stopped by a simple cleaning.","ゾンビの腐敗した肉体にとって、スポンジによる洗浄はただ肉を削ぎ落とすだけの無意味な行為だった。奴は肉片を散らしながらも歩みを止めず、無感情にあなたの喉元へと食らいついた。動く死体を止めるには、洗剤の浄化能力はあまりに無力だった。","对于僵尸腐烂的肉体，用海绵洗涤不过是削落皮肉的无意义行为。它一边散播着肉片一边从未停下脚步，毫无感情地咬断了你的喉咙。想要阻止会动的尸体，洗涤剂的净化能力实在是太无力了。"
"MSG_C_STYLUS_A_WIN","The sharp stylus drew a thin line across the ant's eyes, blinding it instantly. It panicked and ran in circles until it fell. The master of the trail was lost in a silent void.","鋭いスタイラスがアリの目をかすめ、一瞬で視界を奪った。パニックに陥った魔物は円を描いて走り続け、やがて力尽きた。追跡の達人は、静寂な虚無の中に姿を消した。","锋利的触控笔在蚂蚁的眼睛上划出了一条细纹，使其瞬间失明。它惊慌失措地转圈跑，最后倒下。追踪大师在大沉默的虚空中失踪了。"
"MSG_C_STYLUS_B_WIN","The bat's delicate ears were pierced by the high-pitch sound of the stylus on glass. It lost its sense of location and crashed into stone. The pilot of the dark was grounded by digital noise.","コウモリの繊細な耳が、ガラスを擦るスタイラスの高周波音によって貫かれた。位置感覚を失った魔物は、逃れられぬ石壁に激突した。闇の操縦士は、電子的な雑音の前に地に堕ちた。","触控笔在玻璃上发出的尖细声音刺穿了蝙蝠灵敏的耳朵。它失去了位置感，撞在了石头上。黑暗的领航员被数字噪音击落在地。"
"MSG_C_STYLUS_C_WIN","The stylus redrew the patterns on the cobra's back, confusing its sense of self. It was so distracted by the changing colors that it failed to see the attack. The serpent died as a masterpiece of misdirection.","スタイラスがコブラの背中の紋様を書き換え、魔物の自己認識を混乱させた。変化し続ける色彩に気を取られ、真の攻撃を見極めることは叶わなかった。毒蛇は、誤誘導の傑作として果てた。","触控笔重新绘制了眼镜蛇背部的图案，迷惑了它的自我意识。它被不断变化的颜色分散了注意力，以至于未能察觉攻击。这条蛇作为一件误导性的杰作死去了。"
"MSG_C_STYLUS_D_WIN","A magical stylus 'deleted' parts of the dragon's scales, exposing its soft underbelly. It roared in agony as its defense failed. The sky-king was edited out of existence.","魔法のスタイラスがドラゴンの鱗の一部を「消去」し、その柔らかい腹部を露呈させた。伝説の防御が小さな道具の前に崩れ去り、魔物は激痛の中で咆哮した。空の王は、存在そのものを編集された。","一支神奇的触控笔“删除了”巨龙的部分鳞片，露出了它柔软的下腹部。它在防御失效时痛苦地咆哮着。天空之王被编辑掉了。"
"MSG_C_STYLUS_E_WIN","The stylus carved intricate glyphs into the ent's bark, controlling its elemental power. It stood frozen as its life force was rerouted. The forest sentinel was mastered by precise script.","スタイラスがエントの樹皮に複雑な紋章を刻み込み、その属性の力を支配した。生命線が別のルートへと作り替えられ、魔物は硬直したまま絶命した。森の番人は、芸術家の正確な文字によって操られた。","触控笔在树精的树皮上刻下了复杂的符文，控制了它的元素力量。当它的生命力被重新引导时，它僵立原地。森林哨兵被精准的手稿控制了。"
"MSG_C_STYLUS_F_WIN","The stylus swiped the fly out of the sky with the precision of a master surgeon. It was pinned with a single, sharp point that ended its buzzing life. The insect was captured in a high-resolution end.","スタイラスが名医のような正確さで、空中のハエを一閃した。鋭い先端が魔物を縫い付け、その羽音を永遠に止めた。小さな虫は、高解像度の終焉の中に捉えられた。","触控笔像一位外科大师一样，精准地将苍蝇从空中拍落。尖锐的一点将其钉住，结束了它嗡嗡作响的生命。昆虫在高清的结局中被捕获。"
"MSG_C_STYLUS_G_WIN","The goblin's face was redrawn with a target mark by the glowing stylus. It tried to run, but every shadow was instantly highlighted with light. The coward was hunted by digital vision.","ゴブリンの面に、輝くスタイラスが標的の印を書き加えた。逃げようとするが、飛び込む影はすべて光によって即座に強調された。臆病者は、正確で電子的な視界によって狩られた。","哥布林脸上被发光的触控笔重新画了一个目标标记。它试图逃跑，但每一个阴影都会立刻被光线突出。这名懦夫被数字视野猎杀了。"
"MSG_C_STYLUS_H_LOSS","The harpy's wings were amplified by the stylus's accidental digital feedback, making her even faster and more unyielding. She shrieked as she used the artist's own focus to mask her strike, ending the duel before a single line could be finished. The queen of the sky was immune to any script.","スタイラスが放った電子信号が予期せぬフィードバックを起こし、ハーピーの翼をさらに速く、力強いものへと強化してしまった。彼女は芸術家の集中力を逆に利用して死角を生み出し、一筋の描線が完成する前に決闘を終わらせる。天空の女王に、いかなる電子の記述も通用しなかった。","哈皮的翅膀被触控笔意外的数字反馈放大了，使她变得更快、更不屈。她利用艺术家自己的专注掩护其攻击，在一行还没画完前就结束了决斗。天空女王免疫任何脚本。"
"MSG_C_STYLUS_I_LOSS","The imp recognized the stylus as a digital toy and used its magic to infect the tool with a mischievous virus. It laughed as the artist's screen glitched and faded, leaving them helpless while it vanished into a cloud of binary soot. The prankster won the digital duel.","インプはスタイラスを電子の玩具と見抜き、自らの魔力で悪質ないたずらウイルスを感染させた。芸術家のスクリーンがノイズにまみれて消えていくのを見て魔物は嘲笑い、二進法の煤の雲となって姿を消す。悪戯っ子は、電子の決闘に勝利したのである。","小恶魔认出触控笔是一个数字玩具，并利用其魔法使工具感染了恶作剧病毒。它看着艺术家的屏幕出现故障并变暗，笑着逃进了一团二进制煤烟云中，让对方束手无策。淘气鬼赢得了这场数字对决。"
"MSG_C_STYLUS_J_WIN","The stylus cut through the jelly's surface tension, causing it to spill uncontrollably. It tried to reform, but the sharp tool kept erasing its edges. The monster vanished into a digital puddle.","スタイラスがジェリーの表面張力を切り裂き、その流動的な身体は制御不能に流れ出した。再構築しようとするが、鋭い道具はその端を消去し続けた。怪物は電子的な水たまりの中に消えた。","触控笔切断了果冻怪的表面张力，导致它不可控地溢出。它试图重组，但锋利的工具不断擦掉它的边缘。怪物消失在一个数字水洼中。"
"MSG_C_STYLUS_K_WIN","The kobold mistook the stylus for a bone and tried to bite it, only to have its jaw locked by magic. It was easily defeated while the artist redrew the ground. The warrior was caught by a digital lie.","コボルドはスタイラスを骨と勘違いして噛みつこうとしたが、魔法によって顎を固定された。芸術家がその足元の地面を書き換える中、魔物は容易く倒された。部族の戦士は、電子的な嘘によって捕らえられた。","狗头人误以为触控笔是骨头并试图咬它，结果下巴被魔法锁住了。当艺术家重新绘制地面时，它被轻易击败。战士被数字虚假抓住了。"
"MSG_C_STYLUS_L_LOSS","The lizard's heat-sensing eyes were overwhelmed by a burst of high-energy light from the stylus. It retreated, blinded and confused by the unnatural brightness. The predator was useless against a different light.","リザードの熱感知の瞳は、スタイラスから放たれた高エネルギーの光に焼き尽くされた。不自然な輝きに盲目となり困惑した魔物は、当惑しながら退却した。捕食者の本能は、異世界の光の前には無力だった。","蜥蜴感温的眼睛被触控笔爆发的高能光束淹没了。它在不自然的明亮中失明并困惑地撤退。掠食者在另一种光面前毫无用处。"
"MSG_C_STYLUS_M_LOSS","The mummy saw the stylus as a celestial needle and allowed it to touch its heart. The magic instantly unwound the centuries of bandages, leaving only dust. The eternity was finished by a sharp point.","マミーはスタイラスを天空の針と思い込み、自らの古の心臓に触れることを許した。道具の魔力は瞬時に数世紀の包帯を解き、後には塵だけが残された。墓所の永遠は、鋭い一撃によって幕を閉じた。","木乃伊将触控笔视为天针，允许它触碰心脏。魔法瞬间解开了数个世纪的绷带，只留下了尘土。永恒就在这一尖锐的瞬间终结。"
"MSG_C_STYLUS_N_LOSS","The naga gracefully avoided the stylus with a single, flowing movement. She countered with a strike that almost shattered the artist's digital tool. The noble serpent was far too quick to be edited out.","ナーガは一筋の流れるような動作で、優雅にスタイラスを回避した。芸術家の電子的な道具を砕かんばかりの一撃を見舞い、彼女はその場を去った。高潔な蛇人を編集で消し去るには、あまりにその動きは速すぎた。","纳迦以一串流畅的动作优雅地避开了触控笔。她发起的反击几乎碎裂了艺术家的电子工具。高贵的蛇人速度太快，无法被编辑掉。"
"MSG_C_STYLUS_O_WIN","The glowing stylus redrew the orc's muscles into fragile lines of ink, stripping him of his raw power. He roared in confusion as he withered into a flat, harmless sketch on a giant screen. The brute's rage was finally edited out of reality.","輝くスタイラスがオークの筋肉を脆いインクの線へと書き換え、その強大な膂力を剥ぎ取った。魔物は巨大なスクリーン上の無害なスケッチへと朽ち果てていくことに驚愕し、絶叫する。蛮勇の怒りは、ついに現実から「編集」によって抹消されたのである。","发光的触控笔将兽人的肌肉重新绘制成脆弱的墨线，剥夺了其原始力量。当他在巨大的屏幕上枯萎成一幅扁平、无害的速写时，他困惑地咆哮着。畜生的愤怒最终被从现实中编辑掉了。"
"MSG_C_STYLUS_P_WIN","The stylus redrew the patterns on the pixie's wings, making her glowing body even more vibrant. She dodged every attack, laughing as she led the artist on a chase through the forest. The spirit could not be caught by digital lines.","スタイラスはピクシーの翼の紋様を書き換え、その輝く身体をさらに鮮やかにした。彼女はあらゆる攻撃をかわし、芸術家を翻弄しながら森の中を駆け抜けた。精霊は、電子の線で捕らえられるような存在ではなかった。","触控笔重新绘制了小仙女翅膀上的图案，使她发光的身体更加充满活力。她躲过每一次攻击，笑着带着艺术家在森林里追逐。精灵无法被数字线条捕捉。"
"MSG_C_STYLUS_Q_LOSS","A quick stroke of the stylus redefined the shadows around the coeurl, exposing its hiding place. It snarled and retreated, its advantage taken away by the artist's focus. The predator decided this wasn't its night for a hunt.","スタイラスの素早い一振りがクアールの周囲の影を再定義し、その潜伏場所を露呈させた。優位を奪われた魔物は唸り声を上げて退却し、芸術家の集中力の前に屈した。捕食者は、今夜は狩りの時ではないと悟った。","触控笔快速一划，重新定义了夸尔周围的阴影，暴露了其藏身之处。它咆哮着退缩，优势被艺术家的专注夺走。掠食者判定今晚不适合狩猎。"
"MSG_C_STYLUS_R_LOSS","The rat swarm bit and scratched at the glowing tip of the stylus until the light died. The artist's tool was broken into digital fragments by the collective hunger of the pack. The hunger of the void was absolute.","ラットの群れがスタイラスの輝く先端に噛みつき、その光が絶えるまで引っかき続けた。芸術家の道具は群れの集団的な飢えによって、電子の破片へと砕け散った。虚無の飢えは、すべてにおいて絶対だった。","鼠群咬并抓着触控笔的发光尖端，直到光芒熄灭。艺术家的工具在成群鼠类的集体饥饿下碎裂成了数字碎片。虚空的饥饿感是绝对的。"
"MSG_C_STYLUS_S_LOSS","The slime absorbed the stylus and began to glow with a strange blue light. It used the magical tool's power to strengthen its own form against the artist's attacks. The monster turned the creative tool into a weapon.","スライムはスタイラスを吸収し、奇妙な青い光を帯びて輝き始めた。魔法の道具の力を利用して自らの形態を強化し、芸術家の攻撃を跳ね返した。怪物は、創造のための道具を己の武器へと変えた。","史莱姆吸收了触控笔，开始发出奇异的蓝光。它利用神奇工具的力量强化了自己的形态以抵御攻击。怪物将创意工具变成了武器。"
"MSG_C_STYLUS_T_WIN","The sharp point of the glowing stylus found the single weak point in the troll's ancient hide, injecting a burst of destabilizing magic. The massive brute let out a confused grunt as his prehistoric strength was rewritten into brittle glass. The king of mountains was finally defeated by a single pixel.","輝くスタイラスの鋭い先端が、トロールの古の皮膚にある唯一の弱点を貫き、その存在を不安定化させる魔法を注入した。先史時代の怪力が脆いガラスへと書き換えられ、巨大な魔物は困惑の唸りを上げて崩れ落ちる。山嶺の王は、ついに一つのピクセルの前に敗れ去ったのである。","发光触控笔的锋利尖端找到了巨魔古老皮肤上的唯一弱点，注入了一股不稳定的魔法。当他史前的力量被改写成脆玻璃时，这头庞大的畜生发出了困惑的哼声。山岭之王最终败给了一个像素。"
"MSG_C_STYLUS_U_LOSS","The undead saw the stylus as a tool to rewrite their fate and stood frozen in anticipation. However, the art failed to give them back their life, leaving them only more hollow than before. The dead continued their cold march.","アンデッドたちはスタイラスを運命を書き換える道具と見なし、期待に胸を膨らませて硬直した。しかし、芸術は彼らに命を還すことは叶わず、魔物たちの心は以前にも増して空虚となった。死者たちは前進を続けた。","亡灵把触控笔看作重写命运的工具，在期待中僵立。然而，艺术没能给它们生命，反而让它们比以前更加空洞。死者继续冷酷行进。"
"MSG_C_STYLUS_V_LOSS","The vampire gracefully stood on the top edge of the digital tablet, mocking the artist's skill. He moved with a speed that defied the stylus's ability to track his form. The prince of night was far above any digital art.","ヴァンパイアは電子タブレットの縁に優雅に立ち、芸術家の技量を嘲笑った。スタイラスの追跡が追いつかぬほどの速さで移動し、魔物は夜の闇の中へと消えていった。夜の貴公子は、いかなる電子芸術をも超越した存在だった。","吸血鬼优雅地站在数位板顶端，嘲笑艺术家的技巧。他的速度超出了触控笔追踪其形态的能力。暗夜王子远高于任何数字艺术。"
"MSG_C_STYLUS_W_LOSS","The wolf recognized the stylus as a high-tech threat and crushed it between its powerful jaws. It stood over the broken fragments, growling with a primitive protective instinct. The beast refused to be edited.","ウルフはスタイラスを高度な脅威と認識し、強力な顎の間にそれを挟んで粉砕した。砕け散った破片の上で、魔物は縄張りを守る原初的な本能を剥き出しにした。獣が編集によって支配されることは、決してなかった。","狼认出触控笔是高科技威胁，用强有力的下巴将其夹碎。它站在碎片上方，带着原本的保护本能低吼。野兽拒绝被编辑。"
"MSG_C_STYLUS_X_LOSS","Xalthis avoided the stylus by moving its many legs in a blur of motion that outpaced the artist's focus. It watched from the ceiling, its predatory intent never wavering for even a second. The nightmare was far beyond the screen.","ザルティスは多足を高速で動かして芸術家の焦点を欺き、スタイラスを容易く回避した。天井から獲物を狙い続け、魔物の捕食者の執念が一瞬たりとも揺らぐことはなかった。悪夢は、スクリーンの向こう側から迫っていた。","扎尔提斯通过多人运动避开了触控笔，其速度超过了艺术家的焦点。它从天花板上注视着，掠夺意图从未动摇过。噩梦远在屏幕之外。"
"MSG_C_STYLUS_Y_LOSS","The yeti was annoyed by the stylus's weak strokes and threw it into the frozen abyss. It let out a roar that caused an avalanche, dismissing the artist's attempt to edit the cold. The king of peaks ruled the reality.","イエティはスタイラスの弱々しい筆致に苛立ち、それを極寒の深淵へと投げ捨てた。雪崩を引き起こすような咆哮を上げ、現実を編集しようとする芸術家の試みを一蹴した。山嶺の王は、自らの現実の支配者だった。","雪人对触控笔虚弱的笔触感到懊恼，将其扔进冰冻深渊。它发出了引发雪崩的咆哮，回绝了艺术家编辑寒冷的企图。山岭之王统治着现实。"
"MSG_C_STYLUS_Z_LOSS","The zombie stood blankly as the stylus tried to redraw its life essence, which was already gone. It felt no pain or transition, only the mindless hunger that drove it despite the digital magic. The dead could not be edited.","ゾンビはスタイラスが既に失われた生命の源を書き換えようとしても、ただぼんやりと立ち尽くしていた。痛みも変化もなく、魔法の中でもただ飢えだけが魔物を突き動かした。死体は、編集不可能な存在だった。","当触控笔试图重绘其早已消失的生命本质时，僵尸茫然地站着。它没有感到痛苦或转换，只有无意识的饥饿驱动着它。死者无法被编辑。"
"MSG_C_SPRAY_A_WIN","The thick cloud of spray paint filled the ant's nest, blinding it instantly with vibrant colors. It lost all direction and wandered into a toxic fog until it collapsed. The worker was silenced by a neon cloud.","スプレー絵具の濃厚な雲がアリの巣を満たし、鮮やかな色彩が魔物から一瞬で視界を奪った。方向感覚を失った魔物は毒の霧の中へと彷徨い出し、やがて力尽きた。働き者は、ネオンの雲に沈黙させられた。","浓厚的喷漆云填满了蚁巢，瞬间让蚂蚁失明。它失去了方向感，走进了有毒的雾气直到倒下。工蚁被霓虹云震住了。"
"MSG_C_SPRAY_B_WIN","The bat's sonar was confused by the dense mist of spray paint that coated its surroundings. It crashed into the stone walls as its wings became heavy and waxy with paint. The night flyer met a colorful, suffocating end.","コウモリの超音波は、周囲を覆い尽くすスプレー絵具の濃密な霧によって攪乱された。翼は絵具で重く蝋のようになり、魔物は逃れられぬ石壁に激突した。夜の飛翔者は、色鮮やかで息詰まる最期を迎えた。","蝙蝠的声呐被周围厚厚的喷漆雾气迷惑。随着它的翅膀因油漆变得沉重，它撞在了石墙上。夜间飞行者迎来了绚烂而窒息的终结。"
"MSG_C_SPRAY_C_WIN","The cobra hissed as a cloud of vibrant green spray paint covered its hood, mocking its natural colors. It lost its intimidating edge and was easily struck down by the artist. The serpent was mastered by a mist of art.","鮮やかな緑のスプレーが鎌首を覆い、コブラは自らの警告色を嘲笑うかのような光景に憤慨した。威圧感を奪われた魔物は芸術家の前に屈服し、一撃を許した。毒蛇は、芸術の霧によって征服された。","当一团鲜亮的绿色喷漆覆盖在它的头罩上时，眼镜蛇发出了嘶嘶声，嘲笑着它的天然色彩。它失去了威慑力并被艺术家轻易击败。蛇被艺术之雾制服。"
"MSG_C_SPRAY_D_WIN","A giant spray can created a blinding gold cloud that masked the dragon's entire vision. The sky-king roared and thrashed in the toxic mist, unable to focus its fire on anything. The king of legends was overwhelmed by art.","巨大なスプレー缶が黄金の雲を作り出し、ドラゴンの視界を完全に遮蔽した。空の王は毒の霧の中で咆哮し、暴れ回ったが、その火炎はどこにも向かうことはなかった。伝説の王は、芸術の前に敗北した。","一个巨大的喷雾罐喷出了金色的云雾，遮蔽了巨龙的整个视野。天空之王在有毒的雾气中咆哮挣扎，无法向任何目标吐火。传记之王被艺术压倒了。"
"MSG_C_SPRAY_E_WIN","The ancient ent was covered in a mist of vibrant autumn colors that it mistook for the changing seasons. It allowed its life force to fade into the colorful landscape and peacefully returned to earth forever. The guardian was finished.","古のエントは、移ろう季節と見紛うような鮮やかな秋色の霧に包まれた。魔物は生命の脈動が風景に溶け込むのを感じ、安らかにその魂を大地へと還した。守護者は、その役目を永久に終えた。","古老的树精被一团生动的秋色雾气覆盖，它将其误认为是季节的更替。它让生命力淡入多彩的景观中，和平地归还大地。守护者结束了。"
"MSG_C_SPRAY_F_WIN","The fly hit a heavy cloud of spray paint and became a tiny, colorful bump on the artist's studio floor. It struggled to move its wings through the thick mist before it finally went still forever. The pest's flight ended.","ハエはスプレー絵具の濃厚な雲に激突し、スタジオの床の上の小さく色鮮やかな隆起となった。厚い霧の中で空しく羽を震わせ、魔物はやがて永遠の静止へと至った。小さな害虫の飛行は、ここに絶たれた。","苍蝇撞上一团厚重的喷漆云，变成了工作室地板上微小的彩色凸起。它在厚雾中挣扎着振动翅膀，最后终结。小虫的飞行结束了。"
"MSG_C_SPRAY_G_WIN","The goblin saw a shiny chrome spray can and tried to find gold inside its magical mist. It was caught in a toxic cloud of silver that made it visible in the darkest cave. The coward was hunted by a metallic mark.","ゴブリンは輝くクロム色のスプレー缶を見つけ、その魔法の霧の中に金があると思い込んだ。銀色の毒の雲に捕らえられた魔物は、最も暗い洞窟の中でもその姿を晒した。臆病者は、金属の跡によって狩られた。","哥布林看到一个闪亮的铬制喷雾罐，试图在它的魔法雾气中寻找金子。它陷入了一团银色的有毒云雾中。这名懦夫被标记猎杀。"
"MSG_C_SPRAY_H_WIN","A few thick clouds of spray paint pinned the harpy's feathers to the mountain sky. She shrieked as the weight of the chemicals held her down against the rocks forever. The sky-queen was marked for all to see.","数回の濃厚なスプレーの雲がハーピーの羽を山嶺の空に縫い付けた。化学薬品の重みに押さえ込まれ、彼女は岩肌に叩きつけられながら絶叫した。天空の女王は、誰もが目にする敗北の印を刻まれた。","几团厚重的喷漆云将哈皮的羽毛钉在山间天空下。当化学物质的重量将她永远压在岩石上时，她发出了尖叫。天空女王被所有人看到了。"
"MSG_C_SPRAY_I_WIN","The imp laughed and tried to create its own toxic clouds, only to find itself blinded by the artist's spray. It panicked and fled, leaving a trail of vibrant colors that led straight to its home. The prankster was marked.","インプは笑って自らの毒の雲を作ろうとしたが、芸術家のスプレーによって逆に視界を奪われた。パニックに陥り逃げ出した魔物の背後には、住処へと続く鮮やかな足跡が残された。悪戯っ子は、完全にマークされた。","小恶魔大笑着试图创造自己的有毒云雾。它惊慌失措地逃跑了，留下一串直通其巢穴的鲜艳痕迹。淘气鬼被打上了标记。"
"MSG_C_SPRAY_J_WIN","The spray paint reacted with the jelly's surface, creating a hard, colorful shell that couldn't be absorbed. It could no longer flow and became a rigid ornamnet on the arena floor. The monster met a chemical end.","スプレー絵具がジェリーの表面と反応し、吸収不能な硬い色鮮やかな殻を作り出した。魔物は流動性を失い、競技場の床の上でただの装飾品へと成り果てた。怪物は、化学反応による最期を迎えた。","喷漆与果冻怪的表面发生反应，产生了一个无法吸收的彩色硬壳。它再也无法流动，变成了竞技场地板上的僵硬装饰品。怪物迎来了化学终结。"
"MSG_C_SPRAY_K_WIN","The kobold mistook the spray paint for a cloud of sweet nectar and stepped forward incautiously. It was caught in a trap of toxic silver that held its paws firmly to the dusty ground. The warrior was captured by appetite.","コボルドはスプレー絵具を甘い蜜の雲と勘違いし、不用意に足を踏み出した。銀色の毒の罠に足を奪われ、魔物は埃っぽい地面に縫い付けられた。部族の戦士は、自らの単純な食欲によって捕らえられた。","狗头人误以为喷漆是一团甜美的花蜜并走上前。它掉进了银色有毒陷阱中，爪子被牢牢抓地。战士被它的胃口捕获了。"
"MSG_C_SPRAY_L_LOSS","The lizard's scales absorbed the spray paint's fine mist, turning its body into a shimmering, toxic blue that blended perfectly with the desert mirage. It was so well hidden that the artist's focus could find no target. The predator was improved by the mist.","リザードの鱗はスプレー絵具の微細な霧を吸収し、その身体を砂漠の陽炎に完璧に溶け込む輝く青色へと変えた。魔物はあまりに見事に隠れ、芸術家の集中力は標的を見失ってしまう。捕食者は、霧によってその能力を向上させたのである。","蜥蜴的鳞片吸收了喷漆的微细雾气，使其身体变成了闪烁的有毒蓝色，与沙漠的海市蜃楼完美融合。它隐藏得太好了，艺术家的专注找不到目标。掠食者被薄雾改进了。"
"MSG_C_SPRAY_M_WIN","The mummy saw the spray paint as a message from the gods and allowed its ancient bandages to be colored. The chemicals permanently sealed its body, ending its curse in a neon glow. The eternity was finished.","マミーはスプレー絵具を神託と思い込み、自らの古の包帯が彩られるのを許した。化学薬品が身体を完全に密封し、魔物の呪いはネオンの輝きの中で終わりを告げた。墓所の永遠は、ここで完結した。","木乃伊将喷漆视为神谕并允许其为绷带上色。化学物质永久封存了它的身体。永恒结束了。"
"MSG_C_SPRAY_N_LOSS","The naga gracefully stood behind a shielding tail, letting the spray paint pass harmlessly by her. She mocked the artist's attempt to cover her beauty with cheap chemicals, turning the duel into a performance. The noble serpent refused.","ナーガは尾を盾にして優雅に立ち、安っぽい化学薬品のスプレーを無害にやり過ごした。自らの美を汚そうとする芸術家の試みを嘲笑い、彼女はこの決闘を自らのための舞台へと変えた。高潔な蛇人は屈しなかった。","纳迦优雅地站在一根保护性的尾巴后面，让喷漆无害地从她身边经过。她嘲笑艺术家试图用廉价化学品覆盖她美丽的企图。高贵的蛇人拒绝了。"
"MSG_C_SPRAY_O_LOSS","The orc found the spray can to be a annoying insect and crushed it into small pieces with its massive hand. It then threw the remains into the desert, dismissive of the artist's modern attempt. The brute had no time for art.","オークはスプレー缶を煩わしい羽虫と見なし、その巨大な手で粉々に握り潰した。残骸を砂漠へと投げ捨て、自らへの不敬な試みを一蹴した。野蛮な怪物に、芸術の粋を解する時間などなかった。","兽人发现喷漆罐是一只恼人的昆虫，用大手将其捏成碎片。随后它将残骸扔进沙漠，轻视艺术。禽兽没有时间。"
"MSG_C_SPRAY_P_LOSS","The pixie used the spray paint to create colorful patterns in the forest air, laughing at the chaos. She avoided the traps easily, turning the tool of capture into a source of forest magic. The spirit was never caught.","ピクシーはスプレー絵具で森の空気に色鮮やかな模様を描き出し、その混沌に歓喜した。芸術家の罠を容易くかわし、捕獲の道具を森の魔術の源へと変えた。精霊を捕らえることは、誰にもできなかった。","小仙女用喷漆在森林的空气中创造了多彩的图案。她轻松避开了陷阱，将捕捉工具变成了森林魔法。精灵从未被抓住。"
"MSG_C_SPRAY_Q_LOSS","The coeurl recognized the chemical smell as a threat and retreated into the deepest shadows of the cave. It watched from afar, its predatory instincts kept sharp despite the artistic fog. The hunter was far too wise.","クアールは化学薬品の臭いを即座に脅威と認識し、洞窟の最深部の影へと退却した。遠くから観察を続け、芸術的な霧の中でも捕食者の本能を鋭敏に保った。狩人は、未知の霧を警戒するほどに賢明だった。","夸尔认出化学气味是威胁并退回到洞穴深处。它从远处观察，尽管有艺术雾气但其掠食本能依然锐利。猎手太明智了。"
"MSG_C_SPRAY_R_LOSS","The rat swarm found the plastic cap of the spray can to be a challenge and chewed it into pieces. Within minutes, only colorful fragments and toxic smells remained on the dirty floor. The collective hunger was never satisfied.","ラットの群れはスプレー缶のキャップを格好の標的とし、粉々に噛み砕いた。数分のうちに汚れた床には毒々しい臭いと破片だけが残され、魔物は次の獲物を求めた。集団的な飢えは、決して満たされなかった。","鼠群发现喷雾罐的塑料盖是个挑战并将其咬碎。几分钟内肮脏的地板上只剩下彩色碎片和有毒气味。集体的饥饿从未满足。"
"MSG_C_SPRAY_S_LOSS","The slime absorbed the spray paint, which made its body acidic and toxic to anything it touched. It moved with a new aggressive strength, its transparency replaced by a vibrant, deadly neon glow. The monster was improved.","スライムはスプレー絵具を吸収し、その身体は接触するものすべてを溶かす猛毒と化した。透明感は消え去ったが、ネオンの輝きを放つ死の流動体として魔物は新たな力を得た。怪物は、道具によって完成された。","史莱姆吸收了喷漆，使其身体变得酸性且有毒。它以全新的侵略性移动，致命的霓虹光泽取代了透明感。怪物被改进了。"
"MSG_C_SPRAY_T_LOSS","The troll thought the spray can was a small fire-starter and tried to eat it whole. It grunted in annoyance when the chemicals merely stained its massive teeth, but ignored the artist's tools. The brute had no understanding.","トロールはスプレー缶を小さな火種と勘違いし、丸ごと飲み込もうとした。化学薬品で巨大な歯が汚れるのを見て不快そうに唸ったが、芸術家の道具にそれ以上の関心を持つことはなかった。野蛮な怪物に理解は不要だった。","巨魔认为喷漆罐是一个小引火物并试图整个吞下。它恼火地哼了一声，但随后无视了艺术家的工具。禽兽没有理解力。"
"MSG_C_SPRAY_U_LOSS","The undead stood blankly as the spray paint covered their rotting skin with vibrant, modern colors. They felt no comfort or joy, their spirits already long gone from the world forever. The dead continued their slow march.","アンデッドたちは、腐敗した肌に鮮やかで近代的な色が吹き付けられても、ただぼんやりと立ち尽くしていた。喜びも安らぎも感じることはなく、魂を失った魔物たちは目的もなく歩み続けた。死者たちの行進は止まらない。","当喷漆覆盖了色彩时亡灵站着。它们感受不到安慰。死者继续缓慢行进。"
"MSG_C_SPRAY_V_LOSS","The vampire gracefully stood behind a shield of mist, letting the spray paint pass harmlessly through his form. He reappeared with a mocking smile, his dark cloak swirling in the midnight air. The prince was above art.","ヴァンパイアは霧の盾の背後に優雅に佇み、スプレーの霧を無害にやり過ごした。嘲笑と共に再び姿を現し、マントを翻して夜の闇の中へと消えていった。夜の貴公子は、いかなる俗世の芸術をも超越していた。","吸血鬼优雅地站在迷雾护盾后面。他带着嘲弄的微笑重新出现，玄色斗篷在深夜的空气中旋转。王子超脱于艺术。"
"MSG_C_SPRAY_W_LOSS","The wolf recognized the chemical smell as a human intrusion and ripped the spray can into pieces. It stood over the broken remains, growling with defensive instinct for its territory. The beast refused to be colored.","ウルフは化学薬品の臭いを人間の侵入と認識し、スプレー缶を粉々に引き裂いた。壊れた残骸の上で、縄張りを守る本能的な咆哮を上げ、魔物は芸術家を威嚇した。獣が、人間に己の色を染めさせるはずがなかった。","狼认出化学气味并撕碎了喷漆罐。它站在残骸上方低吼。野兽拒绝被上色。"
"MSG_C_SPRAY_X_LOSS","Xalthis's many legs snapped the spray can before it could create a single cloud of color. It moved forward with a cold, multi-eyed focus toward the artist, ignoring the silver stains. The nightmare was far beyond the screen.","ザルティスは霧が放たれる前に、その多足でスプレー缶を容易く粉砕した。身体に付着した銀色のシミを気にかけることもなく、冷却な複眼で芸術家を捉え続けた。悪夢は、画面の向こう側から現れた。","扎尔提斯在彩色云雾产生前就折断了喷罐。它无视银色污迹。噩梦远在屏幕之外。"
"MSG_C_SPRAY_Y_LOSS","The yeti thought the spray can was a colorful stone and included it in its mountain display. It let out a roar that caused an avalanche, dismissing the artist's attempt to cover the cold. The king of peaks was unmoved.","イエティはスプレー缶を色鮮やかな石だと思い込み、山のディスプレイに加えた。雪崩を引き起こすような咆哮を上げ、極寒を覆おうとする芸術家の試みを一蹴した。山嶺の王が、芸術に心を動かされることはない。","雪人把喷漆罐视为彩石。它发出了地震般的哮声，回绝了艺术家。山岭之王不为所动。"
"MSG_C_SPRAY_Z_LOSS","The zombie blankly stared at the spray as it coated its rotting body with vibrant, modern colors. It felt no pain or transitions, only the mindless drive to consume the living despite the chemicals. The dead were finalized.","ゾンビは腐敗した身体が鮮やかで近代的な色に染められても、ただぼんやりと見つめていた。痛みも変化もなく、ただ生者を喰らうという本能が、魔物を突き動かした。死者は、芸術の完成を待つこともなかった。","僵尸盯着喷雾，当时颜色覆盖了它的身体。它没感到转变，只有无意识的驱动。死者终结了。"
"MSG_C_SCULPTINGKNIFE_A_WIN","The sharp sculpting knife carved a target into the ant's exoskeleton, weakening its armor. It struggled to remain whole as the artist precisely removed its thin legs one by one. The worker was dismantled.","鋭い彫刻刀がアリの外骨格に標的を刻み込み、その装甲を脆弱にした。薄い脚が一本ずつ正確に切り離され、魔物は形を保つことさえ困難となった。働き者は、静かに解体された。","锋利的雕刻刀在蚂蚁的外骨骼上刻了一个目标。它在薄腿被一根根切除时努力保持完整。工蚁被拆解了。"
"MSG_C_SCULPTINGKNIFE_B_WIN","The bat's wings were sliced clean by the precise movements of the sculpting knife. It tumbled from the air, its ability to glide carved away in an instant by the master's hand. The pilot of night was grounded.","彫刻刀の精密な動きが、コウモリの翼を鮮やかに切り裂いた。滑空する能力を一瞬にして巨匠の手によって削ぎ落とされ、魔物は宙を舞う石のように墜落した。闇の操縦士は、地に堕ちた。","蝙蝠的翅膀被精准移动的雕刻刀切开了。滑翔的能力瞬间被切除，它从空中坠落。暗夜领航员落地了。"
"MSG_C_SCULPTINGKNIFE_C_WIN","The cobra hissed in agony as the knife carved a new path through its venomous heart. It writhed in pain, but the artist's blade was faster than its legendary strikes. The serpent was mastered by sharp art.","コブラの猛毒の心臓を彫刻刀が貫き、新たな苦悶の軌跡を刻んだ。魔物は激痛に悶えたが、芸術家の刃は伝説的な牙の速度をも凌駕していた。毒蛇は、鋭利なる芸術の前に敗れ去った。","当雕刻刀在眼镜蛇带毒的心脏中开辟一条新路时，它痛苦地发出嘶嘶声。艺术家的刀比其传说中的攻击更快。蛇被锋利的艺术征服。"
"MSG_C_SCULPTINGKNIFE_D_WIN","A magical sculpting knife carved away the dragon's legendary scales, exposing its soft flesh. The beast roared as its defense was removed piece by piece by the tiny, lethal tool. The king of legends was sculpted.","魔法の彫刻刀がドラゴンの伝説的な鱗を削り取り、その柔らかい肉を露呈させた。小さな、しかし致命的な道具によって防御が剥がされていく中、魔物は咆哮した。伝説の王は、芸術へと造形された。","神奇的雕刻刀劈开了巨龙传奇般的鳞片。当这件致命的工具将其防御一件件移除时这头野兽在咆哮。传记之王被雕刻。"
"MSG_C_SCULPTINGKNIFE_E_WIN","The ancient ent's bark was carved into a beautiful statue of the forest's first protector. It felt the honor of the transformation and allowed its spirit to rest in the wood forever. The guardian was immortalized.","古のエントの樹皮は、森の初代守護者を象った美しい像へと彫り上げられた。魔物はその変化を名誉と感じ、魂を永遠にその木の中に留めることを選んだ。守護者は、彫像として永遠の存在となった。","古老树精的树皮被雕成了一尊美丽的森林首任保护者像。它感受到了这份荣誉。守护者获得了永恒。"
"MSG_C_SCULPTINGKNIFE_F_WIN","The fly was sliced in half by the sculpting knife mid-flight, ending its buzzing life instantly. It became two tiny, colorful fragments on the artist's table, a testament to precision. The pest's flight was finished.","彫刻刀の一閃が空中を舞うハエを両断し、羽音を一瞬で絶った。芸術家のテーブルの上で二つの小さな断片となり、それは精密さの証左として残された。小さな害虫の飛行は、ここに完結した。","苍蝇在飞行中被雕刻刀切成两半，瞬间结束了生命。它成了桌子上的两块碎片。小虫的飞行结束了。"
"MSG_C_SCULPTINGKNIFE_G_WIN","The goblin's face was carved with a permanent snarl by the glowing sculpting knife. It tried to run, but its clumsy feet were no match for the artist's sharp and precise movements. The coward was sculpted for terror.","ゴブリンの面に、輝く彫刻刀が永遠の威嚇の表情を刻み込んだ。逃げようとするが、芸術家の鋭く正確な動きの前に、その無様な足取りは無力だった。臆病者は、恐怖の像へと造り替えられた。","哥布林的脸上被发光的雕刻刀刻下了一道永恒的咆哮。它试图逃脱，但躲不开艺术家的精准动作。懦夫被雕刻成了恐怖。"
"MSG_C_SCULPTINGKNIFE_H_WIN","The harpy's wings were carved from the mountain wall, trapping her in a stone embrace. She shrieked as the magic of the knife turned her feathers into hard, unmoving rock. The queen was framed for the ages.","彫刻刀が山嶺の岩からハーピーの翼を彫り出し、彼女を石の抱擁の中へと閉じ込めた。魔力の刃が羽を動かぬ硬い岩へと変える中、彼女は絶叫した。天空の女王は、万古不えの石像となった。","哈皮的翅膀被从山墙上雕刻出来，将其困在石头的怀抱中。随着刀的魔力将羽毛变成坚硬不动的岩石她尖叫。女王被囚禁。"
"MSG_C_SCULPTINGKNIFE_I_WIN","The imp laughed and tried to dodge, but the sculpting knife carved its magic into useless vapor. It found itself unable to cast a single spell as its essence was sculpted away. The prankster was defeated by art.","インプは避けようとして笑ったが、彫刻刀はその魔力を無益な霧へと削り落とした。本性を造形し直され、魔物は一つの呪文を唱えることさえ叶わなかった。悪戯っ子は、芸術の前に完敗した。","小恶魔大笑着试图躲闪，但雕刻刀将其魔法雕成了无用的蒸汽。当它的本源被剔除时它无法施展咒语。淘气鬼被艺术击败。"
"MSG_C_SCULPTINGKNIFE_J_WIN","The sculpting knife cut through the jelly's liquid form, carving it into several distinct shapes. It could no longer reform and became a set of colorful ornaments on the studio floor. The monster met a sharp end.","彫刻刀がジェリーの流動的な身体を切り裂き、いくつかの明確な形状へと造り変えた。再構築は叶わず、魔物はスタジオの床に並ぶ色鮮やかな装飾品となった。怪物は、鋭利な一撃の終焉を迎えた。","雕刻刀切开了果冻怪。它再也无法重组并成了地板上的装饰品。怪物迎来了锋利的终结。"
"MSG_C_SCULPTINGKNIFE_K_WIN","The kobold mistook the knife for a bone and tried to snap it, only to have its paws cut. It was easily defeated while the artist carved a trap into the ground beneath its feet. The warrior was captured by sharp art.","コボルドは彫刻刀を骨と勘違いして折ろうとしたが、逆にその前足を深く切り裂かれた。芸術家が足元の地面に罠を刻む中、魔物は容易く倒された。部族の戦士は、鋭利なる芸術の前に捕らえられた。","狗头人误以为刀是骨头并试图将其折断。当艺术家在其脚下刻下一个陷阱时它被轻易击败。战士被锋利的艺术捕捉。"
"MSG_C_SCULPTINGKNIFE_L_LOSS","The lizard's hide was too tough for any knife to leave a mark without magic. It grunted as the blade slipped, then swiped the artist aside with a powerful tail. The predator preferred survival over being sculpted.","魔法なき彫刻刀では、リザードの頑丈な皮に傷一つつけることは叶わなかった。刃が滑る感触に魔物は不快そうに唸り、強力な尾で芸術家を薙ぎ払った。捕食者は、造形されるよりも生存を選んだ。","对于任何没有魔法的刀来说蜥蜴的皮都太硬了无法留下痕迹。由于刀滑落了它哼了一声。掠食者比起被雕刻更喜欢生存。"
"MSG_C_SCULPTINGKNIFE_M_LOSS","The mummy saw the knife as a tool of ritual and allowed its bandages to be carved. The blade permanently sealed its ancient heart, ending the curse in a stone-hard silence. The eternity was finished by art.","マミーは彫刻刀を儀式の道具と思い込み、自らの包帯が刻まれるのを許した。刃は古の心臓を永久に封印し、石のごとき沈黙の中で魔物の呪いは終わりを迎えた。墓所の永遠は、ここで終焉した。","木乃伊将刀视为仪式工具并允许对其绷带进行雕刻。刀刃永久封存了它的心脏。永恒被艺术终结。"
"MSG_C_SCULPTINGKNIFE_N_LOSS","The naga's scales were so hard that the sculpting knife snapped without leaving a trace. She laughed as the broken tool fell, mocking the artist's attempt to carve her beauty. The noble serpent was unmatched.","ナーガの鱗はあまりに硬く、彫刻刀は跡を残すこともなく粉々に砕け散った。壊れた道具が落ちるのを見て彼女は嘲笑い、自らを刻もうとする試みを一蹴した。高潔な蛇人は、何者にも屈さなかった。","纳迦的鳞片非常坚硬，雕刻刀在没留下任何痕迹的情况下就断了。当损坏的工具落下时她笑了。高贵的蛇人是无与伦比的。"
"MSG_C_SCULPTINGKNIFE_O_LOSS","The orc found the knife to be a annoying toy and crushed it into dust with its bare hand. It stood over the sharp remains, roaring a challenge to the artist and their tools. The brute had no time for fine art.","オークは彫刻刀を煩わしい玩具と見なし、素手で粉々に握り潰した。鋭利な残骸の上で、魔物は芸術家とその道具に向けて傲慢な咆哮を上げた。野蛮な怪物に、芸術を解する時間などなかった。","兽人发现刀是一个烦人的玩具，用手将其捏成碎片。它站在残骸上发出咆哮。禽兽没有时间。"
"MSG_C_SCULPTINGKNIFE_P_LOSS","The pixie used the small knife to carve intricate patterns into the trees, laughing at the art. She avoided the traps easily, turning the tool of capture into a source of forest fun. The spirit was never caught.","ピクシーは小さな彫刻刀を使い、木々に複雑な模様を刻み込んでその美しさを笑った。芸術家の罠を容易くかわし、捕獲の道具を森の楽しみの源へと変えた。精霊を捕らえることは、誰にもできなかった。","小仙女用小刀在树上刻下了复杂的图案。她轻松避开了陷阱。精灵从未被抓住。"
"MSG_C_SCULPTINGKNIFE_Q_LOSS","The coeurl recognized the sharp scent of steel and stone and avoided the knife entirely. It watched from the shadows, its predatory instincts kept sharp despite the artist's tools. The hunter was far too wise.","クアールは鋼と石の鋭い気配を即座に察知し、彫刻刀を完全に回避した。影から観察を続け、芸術家の道具が放つ殺気を鋭敏に察知し続けた。狩人は、鋭利なる罠に近づくほどに賢明だった。","夸尔认出了钢铁和石头的味道并完全避开了刀。它在阴影中注视着。猎手太明智了。"
"MSG_C_SCULPTINGKNIFE_R_LOSS","The rat swarm found the wooden handle of the knife to be a challenge and chewed it into pieces. Within seconds, only a sharp blade and wooden splinters remained on the dirty floor. The collective hunger was absolute.","ラットの群れは彫刻刀の木製の柄を格好の標的とし、粉々に噛み砕いた。数秒のうちに汚れた床には鋭い刃と破片だけが残され、魔物は次の獲物を求めた。集団的な飢えは、すべてにおいて絶対だった。","鼠群发现刀的木柄是个挑战并将其咬碎。几秒钟内地板上只剩下锋利刀刃。集体的饥饿是绝对的。"
"MSG_C_SCULPTINGKNIFE_S_LOSS","The slime absorbed the sculpting knife, which made its body sharp and dangerous to anything it touched. It moved with a new aggressive strength, its transparency replaced by a metallic glow. The monster was improved.","スライムは彫刻刀を吸収し、その身体は接触するものすべてを切り裂く凶器と化した。透明感は消え去ったが、金属的な輝きを放つ死の流動体として魔物は新たな力を得た。怪物は、道具によってその能力を向上させた。","史莱姆吸收了雕刻刀，使其身体变得锋利。它以全新的侵略性移动，金属光泽取代了透明感。怪物被改进了。"
"MSG_C_SCULPTINGKNIFE_Z_LOSS","The zombie blankly stared at the knife as it carved on its rotting flesh. It felt no transition or wonder, only the mindless drive to consume the living despite the sharp blade. The dead could not be carved easily.","ゾンビは腐敗した肉体に彫刻刀で刻まれても、ただぼんやりと見つめていた。変化も驚きもなく、刃の中でもただ生者を喰らうという本能が魔物を突き動かした。死者は、容易に刻まれる存在ではなかった。","当刀在它腐烂的肉体上写字时僵尸茫然盯着。它没有感到转变。死者无法轻易被雕刻。"
"MSG_C_SCULPTINGKNIFE_T_LOSS","The troll thought the knife was a small toothpick and tried to clean its teeth with the tool. It grunted in annoyance when the blade merely chipped its massive stone-like hide, but ignored the artist. The brute had no understanding.","トロールは彫刻刀を小さな爪楊枝だと思い込み、それを使って歯の掃除をしようとした。刃が巨大な石のような皮を掠めるのを見て不快そうに唸ったが、芸術家を気にかけることはなかった。野蛮な怪物に理解は不要だった。","巨魔认为刀是小牙签并试图用它清洁牙齿。当刀刃仅仅擦过它石般的厚皮时它哼了一声。禽兽没有理解力。"
"MSG_C_SCULPTINGKNIFE_U_LOSS","The undead stood blankly as the knife carved ancient sigils into their rotting bones. They felt no pain, only the cold permanence of the underworld that bound them to the world forever. The dead were finalized by the blade.","アンデッドたちは、自らの朽ちた骨に古の印を彫り込まれても、ただ静かに佇んでいた。痛みはなく、ただこの世に繋ぎ止める冥界の永劫の冷たさが彼らを包んだ。死者たちは、刃によってその運命を完結させた。","当小刀在它们腐烂的骨头上刻下古老的符文时亡灵站着。它们没有感到痛苦。死者被刀刃终结。"
"MSG_C_SCULPTINGKNIFE_V_LOSS","The vampire gracefully stood on the sharp edge of a giant sculpting knife, mocking the artist's attempt. He moved with a speed that left the lethal tool far behind in the midnight air. The prince of night was above art.","ヴァンパイアは巨大な彫刻刀の鋭い刃の上に優雅に立ち、芸術家の試みを嘲笑った。致命的な道具を夜の空気に置き去りにするほどの速さで移動し、魔物は闇へと消えていった。夜の貴公子は、いかなる芸術をも超越していた。","吸血鬼优雅地站在巨大雕刻刀的锋利边缘上。他以极快的速度移动，在空气中留下致命工具。暗夜王子超脱于艺术。"
"MSG_C_SCULPTINGKNIFE_W_LOSS","The wolf recognized the steel of the knife as a hunter's trap and ripped the tool apart with its teeth. It stood over the broken remains, growling with a primitive protective instinct. The beast refused to be carved.","ウルフは彫刻刀の鋼を狩人の罠と認識し、鋭い牙でそれを粉々に引き裂いた。壊れた残骸の上で、縄張りを守る原初的な本能を剥き出しにして唸り声を上げた。獣が、人間に刻まれることを許すはずがなかった。","狼认出刀的钢铁并撕碎了它。它站在残骸上方低吼。野兽拒绝被雕刻。"
"MSG_C_SCULPTINGKNIFE_X_LOSS","Xalthis's many legs snapped the sculpting knife before it could complete a single outline. It moved forward toward the artist, ignoring the sharp stains on its hard carapace. The nightmare was far beyond the reach of art.","ザルティスは輪郭が描き切られる前に、その多足で彫刻刀を容易くへし折った。硬い甲殻についた傷跡を気にかけることもなく、冷却な複眼で芸術家を捉え続けた。悪夢は、芸術の届かぬ場所から迫っていた。","扎尔提斯在记号笔完成一划前就用众多的腿将其折断。它无视硬壳上的痕迹向艺术家迈进。噩梦远在艺术力所能及之外。"
"MSG_C_SCULPTINGKNIFE_Y_LOSS","The yeti thought the knife was a strange icicle and tried to eat it. It grunted in annoyance when the blade chipped its massive teeth, but ignored the artist's fragile tools otherwise. The king of peaks was unmoved.","イエティは彫刻刀を奇妙なつららだと思い込み、かじりついた。刃が巨大な歯を傷つけても不快そうに唸るだけで、芸術家の脆弱な道具をそれ以上相手にすることはなかった。山嶺の王は不変だった。","雪人把雕刻刀视为冰柱。当刀刃擦过它的牙齿时它哼了一声。山岭之王不为所动。"
"MSG_C_SPRAY_B_LOSS","The bat used its advanced sonar to navigate through the spray paint's mist, its wings moving with a precision that cleared a path. It screeched as it struck the artist, blinded by their own neon cloud. The night hunter was the master of the fog.","コウモリは高度な超音波を利用してスプレー絵具の霧の中を自在に飛び回り、羽ばたきによって自らの進む道を作り出した。自らが放ったネオンの雲に視界を奪われた芸術家に対し、魔物は鋭い叫びと共に一撃を見舞う。夜の狩人は、霧の支配者であった。","蝙蝠利用其先进的声呐在喷漆的雾气中导航，其翅膀的扇动精准地清出了一条道路。当它击中因自己的霓虹云而失明的艺术家时，它发出了尖叫。黑夜猎手是迷雾的主人。"
"MSG_C_SPRAY_G_LOSS","The goblin used the spray can's blinding cloud to its advantage, disappearing into the mist with a cackle. It used the chaos to strike from the shadows, eventually making off with the artist's supplies. The coward was faster than any metallic mark.","ゴブリンはスプレー缶が放つ目くらましの雲を逆に利用し、嘲笑と共に霧の中へと姿を消した。混乱に乗じて影から一撃を見舞い、ついには芸術家の道具を奪って逃げ去っていく。臆病者は、いかなる金属の印よりも速かったのである。","哥布林利用喷漆罐发出的令人目眩的云雾发挥自己的优势，嘎嘎笑着消失在迷雾中。它利用混乱从阴影中发动攻击，最终抢走了艺术家的用品逃走了。这名懦夫比任何金属标记都快。"
"MSG_C_SPRAY_N_WIN","The naga was overwhelmed by the sudden cloud of toxic, neon spray that filled the cave, her legendary senses failing her. She hissed in pain as the chemicals coated her eyes, leaving her vulnerable to the final stroke. The noble serpent was finally brought down by art.","洞窟を満たした中毒性の高いネオンのスプレーの雲に、ナーガは圧倒され、その伝説的な感覚は麻痺した。目に染み入る化学薬品の痛みに魔物は絶叫し、とどめの一撃に対して無防備となる。高潔な蛇人は、ついに芸術の前に倒れたのである。","纳迦被突然充满洞穴的有毒霓虹喷雾云淹没了，她那传奇般的感官失效了。由于化学物质涂满了她的眼睛，她痛苦地发出嘶嘶声，在最后一击面前毫无还手之力。高贵的蛇人最终被艺术击倒了。"
"MSG_C_SPRAY_O_WIN","The massive orc found his legendary momentum slowed by the thick, slippery coat of neon spray paint that covered the floor. He roared in frustration as he slid helplessly into a waiting trap of magical colors. The brute was finally painted into defeat.","オークの野蛮な勢いは、床一面を覆ったネオンのスプレー絵具の厚く滑りやすい層によって無残にも削がれた。魔物は苛立ちの咆哮を上げるが、そのまま魔法の色彩が待ち構える罠の中へと虚しく滑り込んでいく。野蛮な怪物は、ついに敗北へと彩られたのである。","魁梧的兽人发现，随着地面被铺上了一层厚实而湿滑的霓虹喷漆，他那传奇般的动量减慢了。由于无助地滑入了彩色魔法的待机陷阱中，他沮丧地咆哮着。这名畜生最终因涂满油漆而失败。"
"MSG_C_SPRAY_P_WIN","The pixie found herself caught in a heavy mist of glowing spray paint that made her wings too sticky for flight. She shrieked as her legendary agility was stripped away, leaving her captured by the artist's focus. The forest spirit was finally silenced by neon magic.","ピクシーは輝くスプレー絵具の濃厚な霧に捕らえられ、その羽は粘着性の汚れのために飛翔能力を失った。伝説的な敏捷性を剥ぎ取られ、魔物は絶叫しながら芸術家の集中力の前に捕獲される。森の精霊は、ついにネオンの魔法によって沈黙させられた。 ","小仙女发现自己陷入了一团发光喷漆的浓厚雾气中，使她的翅膀变得太粘而无法飞行。随着她那传奇般的敏捷被剥夺，她尖叫着，并被艺术家的专注所捕获。森林精灵最终被霓虹魔法沈默了。"
"MSG_C_SPRAY_S_WIN","The spray paint's chemical composition reacted violently with the slime's fluid body, causing it to harden into a brittle neon sculpture. It pulsed weakly as its core was systematically neutralized by the vibrant fog. The monster was finally finished by art.","スプレー絵具の化学組成がスライムの流動的な身体と激しく反応し、魔物を脆いネオンの彫像へと変質させた。鮮やかな霧によって核が組織的に無効化され、拍動は弱まっていく。怪物は、ついに芸術の前に完敗したのである。","喷漆的化学成分与史莱姆流动的身体发生了剧烈反应，使其硬化成了一个脆脆的霓虹雕塑。由于其核心被充满活力的雾气系统地中和，它的脉动变弱了。怪物最终被艺术终结了。"
"MSG_C_SCULPTINGKNIFE_D_LOSS","The dragon's legendary scales were far too thick for the sculpting knife to leave more than a shallow scratch. It roared in amusement as it swiped the artist aside with a single claw, dismissing the attempt to carve its ancient form. The king of flames was unmatched by steel.","ドラゴンの伝説的な鱗はあまりに厚く、彫刻刀では浅い擦り傷を残すのが精一杯だった。魔物は芸術家の試みをあざ笑うかのように咆哮し、巨大な爪で彼らを容易く薙ぎ払う。炎の王にとって、鋼の刃など羽虫の羽ばたきに等しかった。","巨龙传奇般的鳞片太厚了，雕刻刀只能留下浅浅的划痕。在它用一只爪子将艺术家扫到一边时，它觉得很有趣地咆哮着，回绝了对其古老形态进行雕刻。火之王无法被钢铁匹配。"
"MSG_C_SCULPTINGKNIFE_R_WIN","The sculpting knife was used to carve a complex series of traps into the very floor the rat swarm occupied. They shrieked as the wood and stone beneath them shifted into lethal angles, capturing the collective hunger in a permanent cage of sharp lines. The swarm was finally sculpted.","彫刻刀は、ラットの群れが占拠する床そのものに複雑な罠の回路を刻み込んだ。足元の木材や石畳が致命的な角度へと変貌していくことに魔物は絶叫し、その集団的な飢えは鋭利な描線の檻の中に永久に封じ込められた。群れは、ついに芸術へと造形されたのである。","雕刻刀被用来在鼠群占据的地板上刻下一系列复杂的陷阱。随着它们脚下的木头和石头变成致命的角度，它们尖叫着，将集体的饥饿囚禁在一个永久的锋利线条笼子里。鼠群最终被雕刻了。"
