"keys","en","ja","zh","ru","es","pt","de","ko"
"MSG_C_LAWSUIT_A_WIN","You sued the ant for trespassing. It was crushed by legal fees.","不法侵入でアリを提訴した。莫大な訴訟費用でアリは破産した。","你以非法入侵起诉了蚂蚁。它被昂贵的法律费用压垮了。","Вы подали в суд на муравья за вторжение. Он был раздавлен судебными издержками.","Demandaste a la hormiga por invasión de propiedad. Fue aplastada por los gastos legales.","Processou a formiga por invasão de propriedade. Foi esmagada pelos custos legais.","Sie haben die Ameise wegen Hausfriedensbruchs verklagt. Sie wurde von den Anwaltskosten erdrückt.","당신은 무단 침입으로 개미를 고소했습니다. 개미는 막대한 소송 비용으로 파산했습니다."
"MSG_C_LAWSUIT_B_WIN","You filed a noise complaint against the bat. It was evicted.","騒音被害でバットを訴え、住処から立ち退かせた。","你对蝙蝠提出了噪音投诉。它被驱逐了。","Вы подали жалобу на шум против летучей мыши. Ее выселили.","Presentaste una queja por ruido contra el murciélago. Fue desalojado.","Apresentou uma queixa de ruído contra o morcego. Foi despejado.","Sie haben eine Lärmbeschwerde gegen die Fledermaus eingereicht. Sie wurde zwangsgeräumt.","당신은 박쥐를 소음 피해로 신고했습니다. 박쥐는 서식지에서 쫓겨났습니다."
"MSG_C_LAWSUIT_C_WIN","You served the cobra with a restraining order. It can't approach you.","コブラに接近禁止命令を突きつけた。奴はもう近づけない。","你向眼镜蛇下达了限制令。它不能靠近你。","Вы предъявили кобре судебный запрет. Она не может к вам приближаться.","Le entregaste a la cobra una orden de alejamiento. No puede acercarse a ti.","Entregou à cobra uma ordem de restrição. Ela não se pode aproximar de si.","Sie haben der Kobra eine einstweilige Verfügung zugestellt. Sie darf sich Ihnen nicht nähern.","당신은 코브라에게 접근 금지 명령을 내렸습니다. 이제 코브라는 당신에게 접근할 수 없습니다."
"MSG_C_LAWSUIT_D_WIN","You sued the dragon for property damage and won the settlement.","器物損壊でドラゴンを提訴し、巨額の賠償金をもぎ取った。","你以财产损失起诉了巨龙并赢得了和解。","Вы подали в суд на дракона за порчу имущества и выиграли компенсацию.","Demandaste al dragón por daños a la propiedad y ganaste el acuerdo.","Processou o dragão por danos materiais e ganhou a indemnização.","Sie haben den Drachen wegen Sachbeschädigung verklagt und den Vergleich gewonnen.","당신은 드래곤을 기물 파손으로 고소하여 거액의 배상금을 받아냈습니다."
"MSG_C_LAWSUIT_E_LOSS","The ent has no legal standing. The case was dismissed.","エントに法的な法人格が存在せず、訴えは棄却された。","树精没有合法的地位。案件被驳回了。","У энта нет правового статуса. Дело было закрыто.","El ent no tiene personalidad jurídica. El caso fue desestimado.","O ent não tem personalidade jurídica. O caso foi arquivado.","Der Ent hat keine Rechtsfähigkeit. Die Klage wurde abgewiesen.","엔트에게는 법적 권리가 없어 소송이 기각되었습니다."
"MSG_C_LAWSUIT_F_WIN","You reported the fly for health code violations. It's gone.","保健所にハエの衛生違反を通報した。営業停止だ。","你举报苍蝇违反了卫生规定。它被处理了。","Вы сообщили о нарушении мухой санитарных норм. Она исчезла.","Denunciaste a la mosca por violaciones del código de salud. Se ha ido.","Denunciou a mosca por violações do código de saúde. Ela foi-se.","Sie haben die Fliege wegen Verstößen gegen die Gesundheitsvorschriften gemeldet. Sie ist weg.","당신은 파리를 위생법 위반으로 신고했습니다. 파리는 영업 정지를 당했습니다."
"MSG_C_LAWSUIT_G_WIN","You sued the goblin for copyright infringement of his own face.","ゴブリンを肖像権の侵害で訴え、完全に黙らせた。","你起诉哥布林侵犯了他自己脸部的版权。","Вы подали в суд на гоблина за нарушение авторских прав на его собственное лицо.","Demandaste al goblin por infracción de derechos de autor de su propia cara.","Processou o goblin por violação de direitos de autor do seu próprio rosto.","Sie haben den Goblin wegen Urheberrechtsverletzung an seinem eigenen Gesicht verklagt.","당신은 고블린을 초상권 침해로 고소하여 완전히 침묵시켰습니다."
"MSG_C_LAWSUIT_H_WIN","You slapped the harpy with a defamation suit. She stopped singing.","名誉毀損でハーピーを訴えた。彼女はもう歌えない。","你用诽谤诉讼打击了哈比。她停止了唱歌。","Вы впаяли гарпии иск за клевету. Она перестала петь.","Le pusiste a la arpía una demanda por difamación. Dejó de cantar.","Processou a harpia por difamação. Ela parou de cantar.","Sie haben die Harpyie mit einer Verleumdungsklage überzogen. Sie hat aufgehört zu singen.","당신은 하피를 명예훼손으로 고소했습니다. 하피는 더 이상 노래를 부를 수 없습니다."
"MSG_C_LAWSUIT_I_WIN","The imp was audited by the IRS at your request.","あなたの要請により、インプの元に国税庁の査察が入った。","应你的要求，国税局对小恶魔进行了审计。","По вашему запросу налоговая служба провела аудит беса.","El imp fue auditado por el fisco a petición tuya.","O imp foi auditado pelas finanças a seu pedido.","Der Imp wurde auf Ihren Wunsch hin vom Finanzamt geprüft.","당신의 요청으로 국세청이 임프에 대해 세무 조사를 실시했습니다."
"MSG_C_LAWSUIT_J_LOSS","You tried to sue the jelly, but it slipped through the legal loopholes.","ジェリーを訴えようとしたが、法の網目をすり抜けられた。","你试图起诉胶状体，但它钻了法律的空子。","Вы пытались подать в суд на медузу, но она проскользнула сквозь юридические лазейки.","Intentaste demandar a la gelatina, pero se escabulló por los resquicios legales.","Tentou processar a geleia, mas ela escapou pelas lacunas legais.","Sie haben versucht, die Qualle zu verklagen, aber sie ist durch juristische Schlupflöcher geschlüpft.","당신은 젤리를 고소하려 했지만, 젤리는 법망을 교묘히 빠져나갔습니다."
"MSG_C_LAWSUIT_K_WIN","You out-lawyered the kobold. Now you own his dungeon.","コボルドとの法廷闘争に勝利し、ダンジョンの所有権を奪った。","你在法庭上击败了狗头人。现在你拥有了他的地牢。","Вы переиграли кобольда в суде. Теперь вы владеете его подземельем.","Venciste legalmente al kobold. Ahora eres el dueño de su mazmorra.","Venceu legalmente o kobold. Agora é dono da sua masmorra.","Sie haben den Kobold juristisch ausgestochen. Jetzt gehört Ihnen sein Kerker.","당신은 코볼트와의 법정 싸움에서 승리하여 던전 소유권을 빼앗았습니다."
"MSG_C_LAWSUIT_L_WIN","You sued the lizard for public indecency. It fled the jurisdiction.","公然わいせつ罪でリザードを告訴した。奴は国外逃亡した。","你以有伤风化起诉了蜥蜴。它逃离了管辖区。","Вы подали в суд на ящерицу за непристойное поведение. Она скрылась от правосудия.","Demandaste al lagarto por indecencia pública. Huyó de la jurisdicción.","Processou o lagarto por atentado ao pudor. Ele fugiu da jurisdição.","Sie haben die Eidechse wegen Erregung öffentlichen Ärgernisses verklagt. Sie ist aus dem Zuständigkeitsbereich geflohen.","당신은 리자드를 공연음란죄로 고소했습니다. 리자드는 국외로 도주했습니다."
"MSG_C_LAWSUIT_M_WIN","You hired a lawyer to contest the mummy's ancient curse. You won.","弁護士を雇い、マミーの呪いの無効を訴えて勝訴した。","你雇了一名律师对木乃伊的远古诅咒提出异议。你赢了。","Вы наняли адвоката, чтобы оспорить древнее проклятие мумии. Вы выиграли.","Contrataste a un abogado para impugnar la antigua maldición de la momia. Ganaste.","Contratou um advogado para contestar a maldição antiga da múmia. Ganhou.","Sie haben einen Anwalt angeheuert, um den uralten Fluch der Mumie anzufechten. Sie haben gewonnen.","당신은 변호사를 고용해 미라의 고대 저주가 무효임을 주장했고 승소했습니다."
"MSG_C_LAWSUIT_N_LOSS","The naga's lawyer was a literal shark. You lost everything.","ナーガの弁護士は比喩ではなく本物のサメだった。あなたは法廷で敗北した。","娜迦的律师是一条真正的鲨鱼。你输掉了一切。","Адвокат наги был буквально акулой. Вы потеряли все.","El abogado de la naga era literalmente un tiburón. Lo perdiste todo.","O advogado da naga era literalmente um tubarão. Perdeu tudo.","Der Anwalt der Naga war buchstäblich ein Hai. Sie haben alles verloren.","나가의 변호사는 비유가 아니라 진짜 상어였습니다. 당신은 소송에서 패해 모든 것을 잃었습니다."
"MSG_C_LAWSUIT_O_LOSS","The orc doesn't recognize human laws. He answered with his axe.","オークは人間の法律など知ったことではない。奴は斧で答えた。","兽人不承认人类的法律。他用斧头作答。","Орк не признает человеческих законов. Он ответил топором.","El orco no reconoce las leyes humanas. Respondió con su hacha.","O orc não reconhece as leis humanas. Respondeu com o seu machado.","Der Ork erkennt menschliche Gesetze nicht an. Er antwortete mit seiner Axt.","오크는 인간의 법 따위는 알 바 아니라는 듯 도끼로 응답했습니다."
"MSG_C_LAWSUIT_P_WIN","You hit the pixie with a cease and desist order. She stopped glowing.","ピクシーに内容証明郵便を送りつけ、魔法の使用を差し止めた。","你向小精灵发出停止侵权通知。她停止了发光。","Вы предъявили пикси требование о прекращении противоправных действий. Она перестала светиться.","Le enviaste a la pixie una orden de cese y desistimiento. Dejó de brillar.","Enviou à pixie uma ordem de cessar e desistir. Ela parou de brilhar.","Sie haben der Pixie eine Unterlassungserklärung geschickt. Sie hat aufgehört zu leuchten.","당신은 픽시에게 법적 통지문을 보내 마법 사용을 중단시켰습니다. 이제 픽시는 빛나지 않습니다."
"MSG_C_LAWSUIT_Q_WIN","You sued the coeurl for generating electricity without a license.","無許可での発電行為により、クアールを提訴した。","你起诉灵猫无证发电。","Вы подали в суд на куэрла за производство электроэнергии без лицензии.","Demandaste al coeurl por generar electricidad sin licencia.","Processou o coeurl por gerar eletricidade sem licença.","Sie haben den Coeurl verklagt, weil er ohne Lizenz Strom erzeugt hat.","당신은 무허가 발전 행위로 쿠알을 고소했습니다."
"MSG_C_LAWSUIT_R_LOSS","You can't serve a subpoena to a swarm of rats.","ラットの群れに召喚状を直接手渡すことは不可能だった。","你无法向一群老鼠发送传票。","Вы не можете вручить повестку рою крыс.","No puedes entregar una citación a un enjambre de ratas.","Não se pode entregar uma intimação a um enxame de ratos.","Man kann einem Rattenschwarm keine Vorladung zustellen.","당신은 래트 무리에게 소환장을 직접 전달할 수 없었습니다."
"MSG_C_LAWSUIT_S_LOSS","The slime dissolved all your legal documents before the trial.","裁判の前に、スライムはすべての法的書類を溶かしてしまった。","在审判前，史莱姆溶解了你所有的法律文件。","Слизь растворила все ваши юридические документы до начала суда.","El slime disolvió todos tus documentos legales antes del juicio.","O slime dissolveu todos os seus documentos legais antes do julgamento.","Der Schleim hat vor dem Prozess alle Ihre juristischen Dokumente aufgelöst.","재판이 열리기 전, 슬라임이 모든 법적 서류를 녹여버렸습니다."
"MSG_C_LAWSUIT_T_LOSS","The troll demanded a trial by combat. This didn't go well for your lawyer.","トロールが決闘裁判を要求した。あなたの弁護士は木端微塵になった。","巨魔要求进行比武审判。这对你的律师来说并不顺利。","Тролль потребовал судебного поединка. Для вашего адвоката это кончилось плохо.","El trol exigió un juicio por combate. Esto no salió bien para tu abogado.","O troll exigiu um julgamento por combate. Isto não correu bem para o seu advogado.","Der Troll verlangte einen gerichtlichen Zweikampf. Das ging für Ihren Anwalt nicht gut aus.","트롤이 결투 재판을 요구했습니다. 당신의 변호사는 비참한 최후를 맞이했습니다."
"MSG_C_LAWSUIT_U_WIN","You presented a divine legal loophole to the ghost. It passed on.","神聖な法の抜け道を活用し、亡霊を強制的に成仏させた。","你向幽灵展示了一个神圣的法律漏洞。它超度了。","Вы предъявили призраку божественную юридическую лазейку. Он ушел в мир иной.","Presentaste un vacío legal divino al fantasma. Pasó al otro lado.","Apresentou uma lacuna legal divina ao fantasma. Ele partiu.","Sie haben dem Geist ein göttliches juristisches Schlupfloch präsentiert. Er ist verschieden.","당신은 신성한 법의 허점을 이용해 유령을 강제로 성불시켰습니다."
"MSG_C_LAWSUIT_V_LOSS","The vampire has been a lawyer for 300 years. You never stood a chance.","吸血鬼は300年間も弁護士をやっている。最初から勝ち目はなかった。","吸血鬼已经当了300年的律师。你毫无胜算。","Вампир работает адвокатом уже 300 лет. У вас не было ни единого шанса.","El vampiro ha sido abogado durante 300 años. Nunca tuviste oportunidad.","O vampiro é advogado há 300 anos. Nunca teve hipótese.","Der Vampir ist seit 300 Jahren Anwalt. Sie hatten nie eine Chance.","흡혈귀는 300년 동안 변호사로 활동해 왔습니다. 처음부터 이길 승산은 없었습니다."
"MSG_C_LAWSUIT_W_LOSS","The wolf represents itself in court. It howled obscenities. You lost.","狼は本人訴訟で法廷に立ち、遠吠えで威嚇した。法廷はパニックになりあなたは負けた。","狼在法庭上为自己辩护。它嚎叫着脏话。你输了。","Волк сам представлял себя в суде. Он выл непристойности. Вы проиграли.","El lobo se representó a sí mismo en la corte. Aulló obscenidades. Perdiste.","O lobo representou-se a si próprio no tribunal. Uivou obscenidades. Perdeu.","Der Wolf vertritt sich vor Gericht selbst. Er heulte Obszönitäten. Sie haben verloren.","늑대는 본인 소송으로 법정에 섰고, 울음소리로 위협했습니다. 법정은 패닉에 빠졌고 당신은 패배했습니다."
"MSG_C_LAWSUIT_X_LOSS","Xalthis simply deleted the court from existence.","ザルシスは『裁判所』という概念そのものを存在から消し去った。","札尔西斯直接将法庭从存在中抹除了。","Залтис просто удалил суд из реальности.","Xalthis simplemente borró la corte de la existencia.","Xalthis simplesmente apagou o tribunal da existência.","Xalthis hat das Gericht einfach aus der Existenz gelöscht.","자르티스는 '재판소'라는 개념 자체를 존재에서 지워버렸습니다."
"MSG_C_LAWSUIT_Y_LOSS","The trial was moved to the yeti's jurisdiction. The judge froze to death.","裁判はイエティの管轄区に移された。裁判長は凍死した。","审判转移到了雪人的管辖区。法官冻死了。","Суд был перенесен под юрисдикцию йети. Судья замерз насмерть.","El juicio se trasladó a la jurisdicción del yeti. El juez murió congelado.","O julgamento foi transferido para a jurisdição do yeti. O juiz morreu congelado.","Der Prozess wurde in die Zuständigkeit des Yeti verlegt. Der Richter ist erfroren.","재판은 예티의 관할 구역으로 옮겨졌습니다. 재판장은 동사했습니다."
"MSG_C_LAWSUIT_Z_LOSS","You sued the zombie for assault, but it wasn't alive to stand trial.","暴行でゾンビを訴えたが、被告が死亡しているため裁判にならなかった。","你因袭击起诉了丧尸，但它不具备受审能力。","Вы подали в суд на зомби за нападение, но он не был жив, чтобы предстать перед судом.","Demandaste al zombie por asalto, pero no estaba vivo para ser juzgado.","Processou o zombie por agressão, mas ele não estava vivo para ser julgado.","Sie haben den Zombie wegen Körperverletzung verklagt, aber er war nicht am Leben, um vor Gericht zu stehen.","당신은 폭행으로 좀비를 고소했지만, 피고인이 사망한 상태라 재판이 진행되지 않았습니다."
"MSG_C_LASERPOINTER_A_LOSS","The ant colony swarmed the laser pointer from all angles at once. Dozens bit into your hands before you could even aim and the device skittered away into the dark.","アリの群れが四方からレーザーポインターに殺到した。狙いを定める前に何十匹もが手を噛み、機器は暗闇の中へと転がり消えた。","蚂蚁群从四面八方同时袭来。还没来得及瞄准，几十只蚂蚁就咬上了你的手，设备也在黑暗中滚落消失了。","Колония муравьев облепила лазерную указку со всех сторон одновременно. Десятки муравьев впились в ваши руки еще до того, как вы успели прицелиться, и устройство укатилось в темноту.","La colonia de hormigas rodeó el puntero láser desde todos los ángulos a la vez. Decenas mordieron tus manos antes de que pudieras siquiera apuntar y el dispositivo se deslizó hacia la oscuridad.","A colónia de formigas enxameou o ponteiro laser de todos os ângulos ao mesmo tempo. Dezenas morderam as suas mãos antes de conseguir sequer apontar e o dispositivo escorregou para a escuridão.","Die Ameisenkolonie stürzte sich von allen Seiten gleichzeitig auf den Laserpointer. Dutzende bissen in Ihre Hände, noch bevor Sie zielen konnten, und das Gerät schlitterte in die Dunkelheit.","개미 무리가 사방에서 레이저 포인터로 몰려들었습니다. 조준하기도 전에 수십 마리가 손을 물었고, 기기는 어둠 속으로 굴러가 사라졌습니다."
"MSG_C_LASERPOINTER_B_WIN","A bat flies in the dark, and its retinas are completely blinded by a laser beam, which is then completely blinded, causing them to fall headlong to the ground.","暗闇を飛ぶコウモリの網膜にレーザーの光を直接当てて視力を完全に奪い、地面に真っ逆さまに落とした。","一只蝙蝠在黑暗中飞行，它的视网膜被激光束完全弄瞎，然后彻底失明，导致它们一头栽倒在地上。","Летучая мышь летит в темноте, ее сетчатка полностью ослеплена лазерным лучом, что заставляет ее упасть головой вниз на землю.","Un murciélago vuela en la oscuridad y sus retinas quedan completamente cegadas por un rayo láser, lo que provoca que caiga de cabeza al suelo.","Um morcego voa no escuro e as suas retinas são completamente cegadas por um feixe de laser, fazendo-os cair de cabeça no chão.","Eine Fledermaus fliegt in der Dunkelheit, und ihre Netzhaut wird durch einen Laserstrahl vollständig geblendet, was dazu führt, dass sie kopfüber zu Boden fällt.","어둠 속을 나는 박쥐의 망막에 레이저 빛을 직접 비추어 시력을 완전히 빼앗아 땅으로 추락시켰습니다."
"MSG_C_LASERPOINTER_C_WIN","You slashed the cobra's sickle neck in half with the hot rays of a laser pointer, completely silencing its eerie threat.","コブラの鎌首をレーザーポインターの熱線で真っ二つに焼き斬り、不気味な威嚇ごと完全に黙らせた。","你用激光笔的热射线将眼镜蛇的镰刀脖子切成两半，完全消除了它可怕的威胁。","Вы разрезали шею кобры пополам горячими лучами лазерной указки, полностью заставив замолчать ее жуткую угрозу.","Cortaste el cuello de la cobra por la mitad con los rayos calientes de un puntero láser, silenciando completamente su extraña amenaza.","Cortou o pescoço da cobra ao meio com os raios quentes de um ponteiro laser, silenciando completamente a sua ameaça sinistra.","Sie haben den Hals der Kobra mit den heißen Strahlen eines Laserpointers in zwei Hälften geschnitten und damit ihre unheimliche Drohung vollständig zum Schweigen gebracht.","당신은 코브라의 머리를 레이저 포인터의 열선으로 반으로 갈라 기괴한 위협과 함께 완전히 침묵시켰습니다."
"MSG_C_LASERPOINTER_D_WIN","You accurately shot through the dragon's giant eyes with a laser pointer, and while its sight was taken away, you accurately killed it in its vital points.","ドラゴンの巨大な目をレーザーポインターで正確に射抜き、視界を奪われた隙に急所を正確に仕留めた。","你用激光笔精准地射穿了巨龙的巨眼，在视线被夺走的同时，精准地将其杀死在要害处。","Вы точно прострелили гигантские глаза дракона лазерной указкой и, пока он был ослеплен, точно поразили его в жизненно важные точки.","Disparaste con precisión a través de los ojos gigantes del dragón con un puntero láser y, mientras su vista le era arrebatada, lo mataste con precisión en sus puntos vitales.","Disparou com precisão através dos olhos gigantes do dragão com um ponteiro laser e, enquanto a sua visão lhe era retirada, matou-o com precisão nos seus pontos vitais.","Sie haben dem Drachen mit einem Laserpointer präzise durch seine riesigen Augen geschossen und ihn, während ihm die Sicht genommen wurde, präzise an seinen lebenswichtigen Punkten getötet.","드래곤의 거대한 눈을 레이저 포인터로 정확히 꿰뚫어 시야를 빼앗은 틈을 타 급소를 정확히 노려 처치했습니다."
"MSG_C_LASERPOINTER_E_LOSS","The ent absorbed the laser's energy to accelerate its growth, and its countless roots burst through the ground to entangle and crush you.","エントがレーザーの光エネルギーを吸い取って異常成長し、地中から無数の根を伸ばしてあなたをがんじがらめに締め上げた。","树人吸收激光的光能异常生长，从地下伸出无数根部，将你紧紧勒住。","Энт поглотил энергию лазера, чтобы ускорить свой рост, и его бесчисленные корни прорвались сквозь землю, чтобы запутать и раздавить вас.","El ent absorbió la energía del láser para acelerar su crecimiento, y sus innumerables raíces brotaron del suelo para enredarte y aplastarte.","O ent absorveu a energia do laser para acelerar o seu crescimento e as suas inúmeras raízes rebentaram pelo chão para o enredar e esmagar.","Der Ent absorbierte die Energie des Lasers, um sein Wachstum zu beschleunigen, und seine unzähligen Wurzeln brachen durch den Boden, um Sie zu verstricken und zu zerquetschen.","엔트가 레이저의 빛 에너지를 흡수해 이상 성장했고, 지면을 뚫고 나온 무수한 뿌리로 당신을 옥죄었습니다."
"MSG_C_LASERPOINTER_F_WIN","You perfectly read the predicted trajectory of a flying fly and perfectly burned it in the air with a thin beam of light from a laser pointer.","飛び回るハエの予測軌道を完璧に読み切り、レーザーポインターの細い光の線で空中で完璧に焼き払った。","你完美地读取了飞行的苍蝇的预测轨迹，并用激光笔发出的细光束在空气中将其完美地烧毁。","Вы идеально просчитали предсказанную траекторию полета мухи и идеально сожгли ее в воздухе тонким лучом света от лазерной указки.","Leíste perfectamente la trayectoria prevista de una mosca voladora y la quemaste perfectamente en el aire con un delgado haz de luz de un puntero láser.","Leu perfeitamente a trajetória prevista de uma mosca voadora e queimou-a perfeitamente no ar com um fino feixe de luz de um ponteiro laser.","Sie haben die vorhergesagte Flugbahn einer fliegenden Fliege perfekt gelesen und sie mit einem dünnen Lichtstrahl eines Laserpointers perfekt in der Luft verbrannt.","당신은 날아다니는 파리의 예상 궤적을 완벽히 읽어내어 레이저 포인터의 가느다란 빛줄기로 공중에서 완벽히 태워버렸습니다."
"MSG_C_LASERPOINTER_G_LOSS","The goblin noticed the red dot and sent its pack of allies in from all sides while it danced the dot around the room. You were surrounded before you could retarget.","ゴブリンは赤い光点に気づき、自分は部屋中に光点を踊らせながら仲間の群れを四方から差し向けた。狙いを定め直す間もなく包囲されていた。","哥布林注意到了红点，在它将光点晃来晃去的同时，将同伙从四面八方派了过来。还没来得及重新瞄准，你就已经被包围了。","Гоблин заметил красную точку и послал своих союзников со всех сторон, пока сам водил точкой по комнате. Вы были окружены до того, как успели переприцелиться.","El goblin notó el punto rojo y envió a su manada de aliados desde todos los lados mientras hacía bailar el punto por la habitación. Estabas rodeado antes de que pudieras volver a apuntar.","O goblin reparou no ponto vermelho e enviou o seu bando de aliados de todos os lados enquanto fazia o ponto dançar pela sala. Estava cercado antes de conseguir mudar o alvo.","Der Goblin bemerkte den roten Punkt und schickte seine Verbündeten von allen Seiten los, während er den Punkt im Raum tanzen ließ. Sie waren umzingelt, bevor Sie das Ziel neu anvisieren konnten.","고블린은 빨간 점을 알아차렸고, 방 안에서 점을 이리저리 움직이며 동료 무리를 사방에서 보냈습니다. 조준을 다시 하기도 전에 당신은 포위되었습니다."
"MSG_C_LASERPOINTER_H_WIN","Just before the harpy attacks from the sky, a laser hits her in the head, boiling her brain and causing her to fall from the sky.","ハーピーが空から襲い来る直前にレーザーを脳天に直撃させ、脳を沸騰させてそのまま空から墜落させた。","就在哈皮从空中攻击之前，一束激光击中了她的头部，烧灼了她的头部并使其从空中坠落。","Прямо перед тем, как гарпия атаковала с неба, лазер попал ей в голову, вскипятив ее мозг и заставив ее упасть с небес.","Justo antes de que la arpía atacara desde el cielo, un láser la golpeó en la cabeza, hirviendo su cerebro y haciendo que cayera del cielo.","Mesmo antes de a harpia atacar do céu, um laser atingiu-a na cabeça, fervendo o seu cérebro e fazendo-a cair do céu.","Kurz bevor die Harpyie aus der Luft angreift, trifft sie ein Laser am Kopf, bringt ihr Gehirn zum Kochen und lässt sie aus der Luft fallen.","하피가 하늘에서 습격해 오기 직전, 레이저를 머리에 직격시켜 뇌를 비등하게 만들어 그대로 추락시켰습니다."
"MSG_C_LASERPOINTER_I_WIN","You predicted the imp's teleport destination and fired a laser pointer at the distortion in space, turning it into charcoal as soon as it appeared.","インプのテレポート先を予測し、空間の歪みに向けてレーザーポインターを放射して出現と同時に消し炭にした。","你预测了小鬼的传送目的地，并向扭曲的空间发射了激光笔，将其一出现就化为木炭。","Вы предсказали место телепортации беса и направили лазерную указку на искажение в пространстве, превратив его в уголь, как только он появился.","Predijiste el destino de la teletransportación del imp y disparaste un puntero láser a la distorsión en el espacio, convirtiéndolo en carbón tan pronto como apareció.","Previu o destino da teletransportação do imp e disparou um ponteiro laser contra a distorção no espaço, transformando-o em carvão assim que apareceu.","Sie haben das Teleportationsziel des Imps vorhergesagt und mit einem Laserpointer auf die Verzerrung im Raum geschossen, wodurch er zu Kohle wurde, sobald er auftauchte.","당신은 임프의 텔레포트 지점을 예측하여 공간의 왜곡을 향해 레이저 포인터를 발사했고, 임프가 나타나자마자 숯으로 만들어 버렸습니다."
"MSG_C_LASERPOINTER_J_WIN","Jerry's slime body was heated and boiled with a laser beam, causing a steam explosion that blew it to every corner of the room.","ジェリーのスライム体をレーザーの熱線で炙って煮沸し、水蒸気爆発を起こさせて部屋の隅々まで吹き飛ばした。","杰瑞的史莱姆身体被激光束加热煮沸，引发蒸汽爆炸，将其吹到房间的每个角落。","Тело слизняка Джерри было нагрето и вскипячено лазерным лучом, что вызвало паровой взрыв, разбросавший его по всем углам комнаты.","El cuerpo de slime de Jerry fue calentado e hervido con un rayo láser, causando una explosión de vapor que lo lanzó a todos los rincones de la habitación.","O corpo de slime do Jerry foi aquecido e fervido com um feixe de laser, causando uma explosão de vapor que o lançou para todos os cantos da sala.","Jerrys Schleimkörper wurde mit einem Laserstrahl erhitzt und zum Kochen gebracht, was eine Dampfexplosion auslöste, die ihn in alle Ecken des Raumes schleuderte.","제리의 슬라임 몸체를 레이저 열선으로 가열해 끓여서 수증기 폭발을 일으켰고, 방 구석구석으로 날려버렸습니다."
"MSG_C_LASERPOINTER_K_LOSS","The kobolds were merely distracted by the red dot, and while you were playing around, they surrounded you and began their feast.","赤色のレーザーポインターの光にコボルドたちは一瞬気を取られたが、あなたが油断している隙に包囲され、無残な最期を遂げた。","狗头人们被红色的激光笔光芒吸引了注意力，但在你大意的时候被包围，迎来了凄惨的末路。","Кобольды лишь отвлеклись на красную точку, и пока вы забавлялись, они окружили вас и начали свой пир.","Los kobolds simplemente se distrajeron con el punto rojo y, mientras tú jugabas, te rodearon y comenzaron su festín.","Os kobolds foram meramente distraídos pelo ponto vermelho e, enquanto brincava, cercaram-no e começaram o seu banquete.","Die Kobolde wurden lediglich durch den roten Punkt abgelenkt, und während Sie herumspielten, umzingelten sie Sie und begannen ihr Festmahl.","코볼트들은 레이저 포인터의 빨간 빛에 잠시 한눈을 팔았지만, 당신이 방심한 사이 당신을 포위해 비참한 최후를 맞이하게 했습니다."
"MSG_C_LASERPOINTER_L_LOSS","The lizard's scales scattered the laser's beam in every direction before it could concentrate. Reflected light seared your own eyes and the predator struck while you were temporarily blinded.","リザードの鱗がレーザーを集中させる前に四方へ乱反射させた。反射光があなた自身の目を灼き、一時的に盲目になった隙に捕食者が襲いかかった。","蜥蜴的鳞片在激光集中前就将光束四散反射。反射光灼伤了你自己的眼睛，你暂时失明的空档捕食者扑了过来。","Чешуя ящерицы рассеяла лазерный луч во всех направлениях до того, как он смог сфокусироваться. Отраженный свет обжег ваши глаза, и хищник нанес удар, пока вы были временно ослеплены.","Las escamas del lagarto dispersaron el haz del láser en todas las direcciones antes de que pudiera concentrarse. La luz reflejada quemó tus propios ojos y el depredador atacó mientras estabas temporalmente cegado.","As escamas do lagarto dispersaram o feixe de laser em todas as direções antes de este se conseguir concentrar. A luz refletida queimou os seus próprios olhos e o predador atacou enquanto estava temporariamente cego.","Die Schuppen der Eidechse zerstreuten den Laserstrahl in alle Richtungen, bevor er sich konzentrieren konnte. Das reflektierte Licht verbrannte Ihre eigenen Augen und das Raubtier schlug zu, während Sie vorübergehend blind waren.","리자드의 비늘이 레이저가 집중되기 전에 사방으로 난반사시켰습니다. 반사된 빛이 당신의 눈을 자극했고, 일시적으로 눈이 먼 사이 포식자가 습격했습니다."
"MSG_C_LASERPOINTER_M_LOSS","The mummy's bandages absorbed the laser's heat without igniting and the ancient curse reflected the beam back through the air. The rebounded light charred a hole in your own sleeve and the undead kept advancing.","マミーの包帯はレーザーの熱を燃えずに吸収し、古代の呪いがビームを空中へ跳ね返した。反射光があなた自身の袖に穴を焦がし、不死者はそのまま前進し続けた。","木乃伊的绷带吸收了激光的热量却没有燃烧，古老的诅咒将光束反弹回了空中。反射光在你自己的袖子上烧出一个洞，而不死者继续朝你走来。","Бинты мумии поглотили тепло лазера, не воспламенившись, а древнее проклятие отразило луч обратно. Отраженный свет прожег дыру в вашем рукаве, а нежить продолжала наступать.","Las vendas de la momia absorbieron el calor del láser sin encenderse y la antigua maldición reflejó el rayo de vuelta a través del aire. La luz rebotada carbonizó un agujero en tu propia manga y el no muerto siguió avanzando.","As ligaduras da múmia absorveram o calor do laser sem inflamar e a maldição antiga refletiu o feixe de volta pelo ar. A luz refletida carbonizou um buraco na sua própria manga e o morto-vivo continuou a avançar.","Die Bandagen der Mumie absorbierten die Hitze des Lasers, ohne sich zu entzünden, und der uralte Fluch reflektierte den Strahl zurück durch die Luft. Das zurückgeworfene Licht verkohlte ein Loch in Ihren eigenen Ärmel, und der Untote rückte weiter vor.","미라의 붕대는 레이저의 열을 타지 않고 흡수했고, 고대의 저주가 광선을 공중으로 튕겨냈습니다. 반사된 빛이 당신의 소매에 구멍을 냈고, 불사자는 그대로 계속 전진했습니다."
"MSG_C_LASERPOINTER_N_WIN","The laser beam perfectly reflected off the Naga's smooth scales into its own eyes and permanently blinded the monster in its moment of attack.","レーザーの光がナーガの滑らかな鱗で完璧に反射し、襲いかかる怪物の目へと突き刺さった。光を奪われた巨体は、のたうち回りながら敗走した。","激光束完美地从娜迦光滑的鳞片反射到它自己的眼睛里，在它攻击的瞬间使其永久失明。","Лазерный луч идеально отразился от гладкой чешуи наги прямо ей в глаза, навсегда ослепив монстра в момент атаки.","El rayo láser se reflejó perfectamente en las escamas suaves de la naga hacia sus propios ojos y cegó permanentemente al monstruo en su momento de ataque.","O feixe de laser refletiu perfeitamente nas escamas lisas da naga para os seus próprios olhos e cegou permanentemente o monstro no seu momento de ataque.","Der Laserstrahl reflektierte perfekt an den glatten Schuppen der Naga in ihre eigenen Augen und blendete das Monster im Moment seines Angrifts dauerhaft.","레이저 빛이 나가의 매끄러운 비늘에 완벽하게 반사되어 습격해 오던 괴물의 눈에 박혔습니다. 빛을 잃은 거구는 몸부림치며 패주했습니다."
"MSG_C_LASERPOINTER_O_WIN","You precisely targeted the orc's pressure points with the high-intensity heat ray causing its massive muscular structure to collapse instantly.","高出力の熱線をオークの急所へと正確に照射した。鋼のような筋肉の鎧は一瞬で崩れ、巨体は大地にひれ伏した。","你用高强度热射线精确瞄准了兽人的压力点，导致其庞大的肌肉结构瞬间崩溃。","Вы точно нацелили высокоинтенсивный тепловой луч на болевые точки орка, что привело к мгновенному коллапсу его массивной мышечной структуры.","Apuntaste con precisión a los puntos de presión del orco con el rayo de calor de alta intensidad, causando que su enorme estructura muscular colapsara instantáneamente.","Alvejou com precisão os pontos de pressão do orc com o raio de calor de alta intensidade, fazendo com que a sua enorme estrutura muscular colapsasse instantaneamente.","Sie haben die Druckpunkte des Orks mit dem hochintensiven Hitzestrahl präzise ins Visier genommen, was dazu führte, dass seine massive Muskelstruktur augenblicklich zusammenbrach.","고출력 열선으로 오크의 급소를 정확히 조준하여 거대한 근육 조직을 순식간에 붕괴시켰습니다."
"MSG_C_LASERPOINTER_P_LOSS","The pixie used her dust to scatter the laser into a kaleidoscope of mesmerizing colors, luring you into a daze while she struck from the shadows.","ピクシーが粉を使い、レーザーの光を魅惑的な色の万華鏡へと変えてしまった。あなたがその美しさに目を奪われている隙に、彼女は影から致命的な一撃を放った。","小精灵用她的粉末将激光散射成万花筒般迷人的色彩，诱使你发呆，而她则从阴影中发起攻击。","Пикси использовала свою пыльцу, чтобы рассеять лазер в калейдоскоп завораживающих цветов, вводя вас в оцепенение, пока она наносила удар из тени.","La pixie usó su polvo para dispersar el láser en un calidoscopio de colores fascinantes, distrayéndote mientras ella atacaba desde las sombras.","A pixie usou o seu pó para dispersar o laser num caleidoscópio de cores fascinantes, atraindo-o para um torpor enquanto ela atacava das sombras.","Die Pixie benutzte ihren Staub, um den Laser in ein Kaleidoskop aus faszinierenden Farben zu zerstreuen, was Sie in Benommenheit versetzte, während sie aus dem Schatten heraus angriff.","픽시가 가루를 사용해 레이저 빛을 매혹적인 색깔의 만화경으로 바꾸어 놓았습니다. 당신이 그 아름다움에 넋을 잃은 사이, 그녀는 어둠 속에서 치명적인 일격을 날렸습니다."
"MSG_C_LASERPOINTER_Q_WIN","The laser pointer functioned as an optical surge protector and neutralized the coeurl's lightning before it could reach you.","レーザーポインターが光学的なサージ保護器として機能し、クアールの放った雷撃を中和して消滅させた。無防備な怪物を光の刃が貫いた。","激光笔充当了光学浪涌保护器，在科阿尔的闪电击中你之前将其中和。","Лазерная указка сработала как оптический сетевой фильтр и нейтрализовала молнию куэрла до того, как она достигла вас.","El puntero láser funcionó como un protector contra sobretensiones óptico y neutralizó el rayo del coeurl antes de que pudiera alcanzarte.","O ponteiro laser funcionou como um protetor contra sobretensões ótico e neutralizou o relâmpago do coeurl antes que este o pudesse atingir.","Der Laserpointer fungierte als optischer Überspannungsschutz und neutralisierte die Blitze des Coeurls, bevor sie Sie erreichen konnten.","레이저 포인터가 광학 서지 보호기 역할을 하여 쿠알의 번개를 당신에게 닿기 전에 중화시켜 소멸시켰습니다. 무방비 상태의 괴물을 빛의 칼날이 꿰뚫었습니다."
"MSG_C_LASERPOINTER_R_WIN","You swept the high-intensity beam across the floor creating a burning line of fire that the rat swarm could not cross. The few that tried were instantly incinerated while the rest fled in terror.","床に向けて高出力のレーザーを水平に掃射し、ラットの群れが越えられない「火の境界線」を作り出した。強行突破を図った数匹は一瞬で焼き尽くされ、残りは恐怖に駆られて逃げ出した。","你对着地面水平扫出高强度激光，制造出了一条老鼠群无法逾越的“火之源泉”。几只试图强行突破的老鼠瞬间被烧成了灰烬，其余的则被恐惧驱赶而逃。","Вы провели высокоинтенсивным лучом по полу, создав горящую линию огня, которую стая крыс не могла пересечь. Те немногие, что попытались, были мгновенно испепелены, а остальные в ужасе бежали.","Pasaste el haz de alta intensidad por el suelo creando una línea de fuego ardiente que la plaga de ratas no pudo cruzar. Las pocas que lo intentaron fueron incineradas instantáneamente mientras el resto huía aterrorizado.","Varreu o chão com o feixe de alta intensidade, criando uma linha de fogo ardente que o enxame de ratos não conseguiu atravessar. Os poucos que tentaram foram instantaneamente incinerados, enquanto os restantes fugiram aterrorizados.","Sie fegten mit dem hochintensiven Strahl über den Boden und schufen eine brennende Feuerlinie, die der Rattenschwarm nicht überqueren konnte. Die wenigen, die es versuchten, wurden sofort verbrannt, während der Rest in Panik floh.","바닥을 향해 고출력 레이저를 수평으로 소사하여 래트 무리가 넘을 수 없는 '불의 경계선'을 만들었습니다. 강행 돌파를 시도한 몇 마리는 순식간에 타버렸고, 나머지는 공포에 질려 도망쳤습니다."
"MSG_C_LASERPOINTER_S_LOSS","You tried to pierce the slime's body with a laser pointer and burn it from the inside, but it was deflected by the slime and the body was completely unharmed.","スライムの体内にレーザーポインターを突き刺して内部から焼こうとしたが、粘液で屈折し本体には全くの無傷だった。","你试图用激光笔刺穿史莱姆的身体，从内部烧毁它，但它被史莱姆偏转，身体毫发无伤。","Вы попытались проткнуть тело слизня лазерной указкой и сжечь его изнутри, но луч был отклонен слизью, и тело осталось совершенно невредимым.","Intentaste atravesar el cuerpo del slime con un puntero láser y quemarlo desde adentro, pero fue desviado por el slime y el cuerpo quedó completamente ileso.","Tentou perfurar o corpo do slime com um ponteiro laser e queimá-lo por dentro, mas este foi desviado pelo slime e o corpo ficou completamente ileso.","Sie versuchten, den Körper des Schleims mit einem Laserpointer zu durchstechen und ihn von innen heraus zu verbrennen, aber der Strahl wurde vom Schleim abgelenkt und der Körper blieb völlig unversehrt.","슬라임의 체내에 레이저 포인터를 찔러 넣어 내부에서 태우려 했으나, 점액에 굴절되어 본체는 전혀 상처를 입지 않았습니다."
"MSG_C_LASERPOINTER_T_WIN","You focused the concentrated beam on the troll's forehead and increased the output until its regenerative cells could no longer keep up with the heat. The monster collapsed into a pile of ash.","トロールの額に集中ビームを浴びせ続け、再生細胞が熱に追いつかなくなるまで出力を高めた。無敵と思われた再生能力も限界を迎え、怪物は灰の山となって崩れ落ちた。","你将集中的激光光束持续照射在巨魔的额头，并不断提高输出，直到其再生细胞无法赶上热量。看起来无敌的再生能力也迎来了极限，怪物崩塌成了一堆灰烬。","Вы сфокусировали концентрированный луч на лбу тролля и увеличивали мощность до тех пор, пока его регенерирующие клетки больше не могли справляться с жаром. Монстр превратился в кучу пепла.","Enfocaste el haz concentrado en la frente del trol y aumentaste la potencia hasta que sus células regenerativas ya no pudieron soportar el calor. El monstruo colapsó en una pila de cenizas.","Focou o feixe concentrado na testa do troll e aumentou a potência até que as suas células regenerativas já não conseguissem acompanhar o calor. O monstro colapsou numa pilha de cinzas.","Sie richteten den konzentrierten Strahl auf die Stirn des Trolls und erhöhten die Leistung, bis seine regenerativen Zellen der Hitze nicht mehr standhalten konnten. Das Monster zerfiel zu einem Haufen Asche.","트롤의 이마에 집중 광선을 계속 비추어, 재생 세포가 열기를 견디지 못할 때까지 출력을 높였습니다. 무적이라 여겨졌던 재생 능력도 한계에 달했고, 괴물은 재더미가 되어 무너져 내렸습니다."
"MSG_C_LASERPOINTER_U_LOSS","Since ghosts have no physical body, the laser pointer, which is a heat ray, simply passes through the void, and a cold hand grasps your heart.","亡霊は実体を持たないため熱線であるレーザーポインターはただ虚空を通り抜けるのみで、冷たい手であなたの心臓を握られた。","由于鬼魂没有肉身，激光笔这种热射线只是穿过虚空，一只冰冷的手抓住了你的心。","Поскольку у призраков нет физического тела, лазерная указка, являющаяся тепловым лучом, просто проходит сквозь пустоту, и холодная рука сжимает ваше сердце.","Como los fantasmas no tienen cuerpo físico, el puntero láser, que es un rayo de calor, simplemente atraviesa el vacío, y una mano fría atrapa tu corazón.","Como os fantasmas não têm corpo físico, o ponteiro laser, que é um raio de calor, simplesmente atravessa o vazio, e uma mão fria aperta o seu coração.","Da Geister keinen physischen Körper haben, geht der Laserpointer, der ein Hitzestrahl ist, einfach durch die Leere hindurch, und eine kalte Hand packt Ihr Herz.","망령은 실체가 없기 때문에 열선인 레이저 포인터는 그저 허공을 뚫고 지나갈 뿐이었고, 차가운 손이 당신의 심장을 움켜쥐었습니다."
"MSG_C_LASERPOINTER_V_LOSS","It was impossible to aim the laser pointer in front of the vampire's invisible movements, and his neck was bitten off from behind.","吸血鬼の目にもとまらぬ動きの前にレーザーポインターで狙いをつけることは一切不可能であり、背後から首筋を噛みちぎられた。","在吸血鬼无形的动作面前根本无法将激光笔瞄准，他的脖子就被从后面咬断了。","Невозможно было прицелиться лазерной указкой перед невидимыми движениями вампира, и он перекусил вам шею сзади.","Fue imposible apuntar el puntero láser ante los movimientos invisibles del vampiro, y te mordió el cuello por detrás.","Foi impossível apontar o ponteiro laser perante os movimentos invisíveis do vampiro, e o seu pescoço foi mordido por trás.","Es war unmöglich, den Laserpointer vor den unsichtbaren Bewegungen des Vampirs auszurichten, und sein Hals wurde von hinten abgebissen.","흡혈귀의 눈부신 움직임 앞에서 레이저 포인터로 조준하는 것은 불가능했고, 등 뒤에서 목덜미를 물어뜯겼습니다."
"MSG_C_LASERPOINTER_W_LOSS","The wild wolf didn't see the red dot as a threat at all, and simply leapt straight at you, tearing your throat out in an instant with its strong jaws.","荒野の狼は赤い光点など全く威嚇だと感じず、ただ真っ直ぐにあなたに向かって跳躍し、その強靭な顎で喉笛を瞬時に引きちぎった。","野狼根本没有把那个红点视为威胁，只是径直向你扑来，用它强有力的下颚瞬间撕开了你的喉咙。","Дикий волк вообще не видел в красной точке угрозы и просто прыгнул прямо на вас, мгновенно вырвав вам горло своими сильными челюстями.","El lobo salvaje no vio el punto rojo como una amenaza en absoluto, y simplemente saltó directamente hacia ti, desgarrándote la garganta en un instante con sus fuertes mandíbulas.","O lobo selvagem não viu o ponto vermelho como uma ameaça e simplesmente saltou diretamente para si, arrancando-lhe a garganta num instante com as suas mandíbulas fortes.","Der wilde Wolf sah den roten Punkt überhaupt nicht als Bedrohung an und sprang einfach direkt auf Sie zu, wobei er Ihnen mit seinen starken Kiefern im Handumdrehen die Kehle herausriss.","황야의 늑대는 빨간 점을 전혀 위협으로 느끼지 않았고, 그저 당신을 향해 똑바로 도약하여 강인한 턱으로 순식간에 목을 물어뜯었습니다."
"MSG_C_LASERPOINTER_X_LOSS","The moment Zarsis did something outrageous by picking off a laser beam and bending it with a single fingertip, you were completely unable to understand it and went insane.","ザルシスがレーザーの光を指先一つで摘み取り折り曲げてしまうという暴挙に出た瞬間、あなたは完全に理解不能に陥り発狂した。","当扎尔西斯做出如此令人发指的举动，用指尖摘下激光束并使其弯曲时，你完全无法理解并陷入疯狂。","В тот момент, когда Залтис совершил нечто возмутительное, поймав лазерный луч и согнув его одним кончиком пальца, вы совершенно не смогли этого понять и сошли с ума.","En el momento en que Zarsis hizo algo escandaloso al atrapar un rayo láser y doblarlo con la punta de un dedo, fuiste completamente incapaz de entenderlo y te volviste loco.","No momento em que Xalthis fez algo ultrajante ao apanhar um feixe de laser e dobrá-lo com a ponta de um dedo, foi completamente incapaz de o compreender e enlouqueceu.","In dem Moment, als Zarsis etwas Ungeheuerliches tat, indem er einen Laserstrahl abfing und ihn mit einer einzigen Fingerspitze verbog, waren Sie völlig unfähig, es zu verstehen, und wurden wahnsinnig.","자르티스가 레이저 빛을 손가락 하나로 잡아 구부려 버리는 폭거를 저지른 순간, 당신은 완전히 이해 불능 상태에 빠져 발광했습니다."
"MSG_C_LASERPOINTER_Y_LOSS","The yeti's frigid cold instantly killed the laser pointer's battery, shattering it to just a cold pen.","イエティの極寒の冷気によってレーザーポインターの電池が瞬時に死亡し、ただの冷たいペンのようなものになったところを粉砕された。","雪人的严寒立即耗尽了激光笔的电池，将其粉碎成一支冰冷的钢笔。","Ледяной холод йети мгновенно убил батарейку лазерной указки, превратив ее в простую холодную ручку.","El frío gélido del yeti mató instantáneamente la batería del puntero láser, rompiéndolo y convirtiéndolo en solo una pluma fría.","O frio gélido do yeti matou instantaneamente a bateria do ponteiro laser, transformando-o apenas numa caneta fria.","Die eisige Kälte des Yetis tötete augenblicklich die Batterie des Laserpointers und zertrümmerte ihn zu nichts weiter als einem kalten Stift.","예티의 극심한 냉기로 인해 레이저 포인터의 배터리가 즉사했고, 그저 차가운 펜 같은 상태가 된 것을 분쇄당했습니다."
"MSG_C_LASERPOINTER_Z_LOSS","You swing a laser pointer at a horde of zombies and boil their brains, but there are so many that your battery runs out first and you are swallowed up by a pile of corpses.","ゾンビの大群に向かってレーザーポインターを振り回し脳を沸騰させるも、あまりの数に充電が先に切れてしまい屍の山に飲まれた。","你向一群僵尸挥舞着激光笔，烧开了它们的大脑，但僵尸太多了，你的电池先耗尽了，你被一堆尸体吞没了。","Вы размахиваете лазерной указкой перед ордой зомби и кипятите им мозги, но их так много, что ваша батарейка садится первой, и вас поглощает гора трупов.","Mueves un puntero láser ante una horda de zombies e hirves sus cerebros, pero hay tantos que tu batería se agota primero y eres tragado por una pila de cadáveres.","Abana um ponteiro laser contra uma horda de zombies e ferve-lhes os cérebros, mas são tantos que a sua bateria acaba primeiro e é engolido por uma pilha de cadáveres.","Sie schwingen einen Laserpointer vor einer Horde Zombies und bringen deren Gehirne zum Kochen, aber es sind so viele, dass Ihre Batterie zuerst leer ist und Sie von einem Leichenhaufen verschlungen werden.","좀비 대군을 향해 레이저 포인터를 휘둘러 뇌를 끓게 만들었지만, 숫자가 너무 많아 충전이 먼저 다 되었고 시체 더미에 삼켜졌습니다."
"MSG_C_LASER_A_LOSS","The ant colony's complex underground architecture dispersed the laser's thermal energy across multiple dead-end tunnels. The beam hit only a few workers while the queen remained safe in the deep insulation of the soil. The laser battery overheated before the job was done.","蟻のコロニーの複雑な地下構造が、レーザーの熱エネルギーを複数の行き止まりトンネルへ分散させた。ビームは数匹の働き蟻に当たっただけで、女王は土の断熱層の奥で無事だった。作業が終わる前に、レーザー砲はオーバーヒートした。","蚂蚁巢穴复杂的地下结构将激光的热能分散到了多个死胡同隧道中。光束仅击中了少数工蚁，而蚁后在厚实的土壤隔热层深处安然无恙。激光炮在任务完成前就过热了。","Сложная подземная архитектура колонии муравьев рассеяла тепловую энергию лазера по многочисленным тупиковым туннелям. Луч задел лишь нескольких рабочих, в то время как королева осталась в безопасности в глубокой изоляции почвы. Лазерная батарея перегрелась до завершения работы.","La compleja arquitectura subterránea de la colonia de hormigas dispersó la energía térmica del láser a través de múltiples túneles sin salida. El rayo golpeó solo a unos pocos obreros mientras la reina permanecía a salvo en el profundo aislamiento del suelo. La batería del láser se sobrecalentó antes de terminar el trabajo.","A complexa arquitetura subterrânea da colónia de formigas dispersou a energia térmica do laser por vários túneis sem saída. O feixe atingiu apenas alguns obreiros, enquanto a rainha permaneceu segura no isolamento profundo do solo. A bateria do laser sobreaqueceu antes de o trabalho estar concluído.","Die komplexe unterirdische Architektur der Ameisenkolonie verteilte die thermische Energie des Lasers auf mehrere Sackgassen-Tunnel. Der Strahl traf nur wenige Arbeiter, während die Königin in der tiefen Isolierung des Bodens sicher blieb. Die Laserbatterie überhitzte, bevor die Arbeit getan war.","개미 군락의 복잡한 지하 구조가 레이저의 열 에너지를 여러 막다른 터널로 분산시켰습니다. 광선은 몇 마리의 일개미에게만 닿았을 뿐, 여왕은 흙의 단열층 깊숙한 곳에서 무사했습니다. 작업이 끝나기도 전에 레이저 포는 과열되었습니다."
"MSG_C_LASER_B_WIN","A high-frequency laser swept across the cave ceiling, catching the bats before they could drop. The focused light vaporized their delicate wings in a fraction of a second. The colony fell as a rain of charred remains.","高周波レーザーが洞窟の天井を一掃し、コウモリが飛び立つ前に捉えた。収束された光は、一瞬で彼らの繊細な翼を蒸発させた。炭化した残骸が、雨のように地上へ降り注いだ。","高频激光横扫洞穴顶部，在蝙蝠起飞前就将其捕捉。聚焦的光束在不到一秒内便蒸发了它们脆弱的翅膀。狂群化作一阵焦黑的残骸雨落下。","Высокочастотный лазер пронесся по потолку пещеры, поймав летучих мышей до того, как они успели спрыгнуть. Сфокусированный свет испарил их нежные крылья за долю секунды. Колония пала дождем из обугленных останков.","Un láser de alta frecuencia barrió el techo de la cueva, atrapando a los murciélagos antes de que pudieran caer. La luz enfocada vaporizó sus delicadas alas en una fracción de segundo. La colonia cayó como una lluvia de restos carbonizados.","Um laser de alta frequência varreu o teto da caverna, apanhando os morcegos antes que estes pudessem cair. A luz focada vaporizou as suas asas delicadas numa fração de segundo. A colónia caiu como uma chuva de restos carbonizados.","Ein Hochfrequenzlaser fegte über die Höhlendecke und erwischte die Fledermäuse, bevor sie sich fallen lassen konnten. Das fokussierte Licht verdampfte ihre zarten Flügel in Sekundenbruchteilen. Die Kolonie fiel wie ein Regen aus verkohlten Überresten herab.","고주파 레이저가 동굴 천장을 휩쓸어 고우모리가 날아오르기 전에 포착했습니다. 수렴된 빛은 순식간에 그들의 섬세한 날개를 증발시켰습니다. 탄화된 잔해들이 비처럼 지상으로 쏟아졌습니다."
"MSG_C_LASER_C_WIN","The laser beam tracked the cobra's heat signature with electronic speed. It pierced the serpent's hood from a distance, cauterizing the wound instantly but ending its life just as fast. The predator never even saw the light.","レーザービームは、電子的な速度でコブラの熱源を追跡した。遠距離から蛇のフードを貫き、傷口を即座に焼き切りながら命を奪った。捕食者は、その光を見る暇さえなかった。","激光束以电子般的速度追踪着眼镜蛇的热特征。它从远处穿透了蛇的颈部，瞬间灼烧了伤口并夺走了其生命。直到死，这头掠食者都没见过那道光。","Лазерный луч отследил тепловой след кобры с электронной скоростью. Он пронзил капюшон змеи с расстояния, мгновенно прижег рану, но так же быстро прервал ее жизнь. Хищник даже не увидел света.","El rayo láser rastreó la firma térmica de la cobra con velocidad electrónica. Atravesó la capucha de la serpiente desde la distancia, cauterizando la herida instantáneamente pero terminando con su vida igual de rápido. El depredador ni siquiera vio la luz.","O feixe de laser rastreou a assinatura térmica da cobra com velocidade eletrónica. Perfurou o capuz da serpente à distância, cauterizando a ferida instantaneamente, mas pondo fim à sua vida com a mesma rapidez. O predador nem sequer viu a luz.","Der Laserstrahl verfolgte die Hitzesignatur der Kobra mit elektronischer Geschwindigkeit. Er durchbohrte das Schild der Schlange aus der Ferne, versiegelte die Wunde sofort, beendete aber ebenso schnell ihr Leben. Das Raubtier hat das Licht nicht einmal gesehen.","레이저 빔은 전자적인 속도로 코브라의 열원을 추적했습니다. 원거리에서 뱀의 후드를 뚫고 상처 부위를 즉시 태워버리면서 목숨을 앗아갔습니다. 포식자는 그 빛을 볼 틈조차 없었습니다."
"MSG_C_LASER_D_WIN","A concentrated beam of pure energy found the narrow gap between the dragon's armored scales. It bored into the beast's core at the speed of light, bypassing its legendary fire resistance. The golden dragon collapsed as its internal organs were vaporized.","純粋なエネルギーの集中ビームが、ドラゴンの装甲鱗のわずかな隙間を見つけ出した。光速で急所に穴を開け、伝説的な火炎耐性を無効化した。内部器官を蒸発させられた黄金の龍は、その場に崩れ落ちた。","纯能量的集中光束找到了龙甲鳞片间的微小缝隙。它以光速钻入巨龙的核心，绕过了其传奇般的火焰抗性。当内脏被蒸发时，金龙轰然倒塌。","Концентрированный луч чистой энергии нашел узкую щель между бронированными чешуйками дракона. Он вонзился в ядро зверя со скоростью света, минуя его легендарную огнестойкость. Золотой дракон рухнул, когда его внутренние органы испарились.","Un haz concentrado de energía pura encontró el estrecho hueco entre las escamas acorazadas del dragón. Perforó el núcleo de la bestia a la velocidad de la luz, pasando por alto su legendaria resistencia al fuego. El dragón dorado colapsó mientras sus órganos internos se vaporizaban.","Um feixe concentrado de energia pura encontrou a pequena fenda entre as escamas blindadas do dragão. Perfurou o núcleo da besta à velocidade da luz, contornando a sua lendária resistência ao fogo. O dragão dourado colapsou enquanto os seus órgãos internos eram vaporizados.","Ein konzentrierter Strahl aus reiner Energie fand die schmale Lücke zwischen den gepanzerten Schuppen des Drachens. Er bohrte sich mit Lichtgeschwindigkeit in den Kern der Bestie und umging dabei ihren legendären Feuerwiderstand. Der goldene Drache brach zusammen, als seine inneren Organe verdampften.","순수 에너지의 집중 광선이 드래곤의 장갑 비늘 사이의 좁은 틈을 찾아냈습니다. 광속으로 급소에 구멍을 뚫어 전설적인 화염 내성을 무효화했습니다. 내부 장기가 증발한 황금룡은 그 자리에 무너져 내렸습니다."
"MSG_C_LASER_E_WIN","The laser acted as a high-powered precision saw, slicing through the ent's ancient trunk. The wood was so dry it ignited instantly, turning the forest guardian into a towering torch. The ent fell, its groans silenced by the roar of the fire.","レーザーは高出力の精密ノコギリとして機能し、エントの古びた幹を切り裂いた。乾燥した木材は即座に発火し、森の守護者を巨大な松明へと変えた。エントは倒れ、その呻き声は炎の轟音にかき消された。","激光如同一把高能精密锯，切开了树精古老的树干。干燥的木材瞬间被点燃，将森林守护者变成了一个巨大的火炬。树精倒下了，呻吟声淹没在烈火的咆哮中。","Лазер сработал как мощная прецизионная пила, прорезая древний ствол энта. Дерево было настолько сухим, что мгновенно воспламенилось, превратив лесного стража в возвышающийся факел. Энт упал, его стоны заглушил рев огня.","El láser actuó como una sierra de precisión de alta potencia, cortando el antiguo tronco del ent. La madera estaba tan seca que se encendió instantáneamente, convirtiendo al guardián del bosque en una antorcha imponente. El ent cayó, sus gemidos silenciados por el rugido del fuego.","O laser funcionou como uma serra de precisão de alta potência, cortando o tronco antigo do ent. A madeira estava tão seca que se incendiou instantaneamente, transformando o guardião da floresta numa tocha imponente. O ent caiu, os seus gemidos silenciados pelo rugir do fogo.","Der Laser fungierte als Hochleistungs-Präzisionssäge und schnitt durch den uralten Stamm des Ents. Das Holz war so trocken, dass es sich sofort entzündete und den Waldwächter in eine hochragende Fackel verwandelte. Der Ent fiel, sein Stöhnen wurde vom Brüllen des Feuers übertönt.","레이저는 고출력 정밀 톱으로 작용하여 엔트의 고목 줄기를 절단했습니다. 나무가 매우 건조하여 즉시 발화했고, 숲의 수호자를 거대한 횃불로 만들었습니다. 엔트는 쓰러졌고, 그 신음 소리는 불길의 굉음에 묻혔습니다."
"MSG_C_LASER_F_LOSS","The fly was too small and moved too erratically for the laser's tracking system. The beam carved patterns into the background scenery but could not lock onto its tiny target. The fly buzzed away, safely outside the focal point.","ハエはあまりに小さく、動きが不規則すぎて、レーザーの追跡システムが追いつかなかった。ビームは背景に模様を刻むだけで、小さな標的をロックオンできなかった。ハエは焦点の外へと、安全に飛び去った。","苍蝇太小且移动过于随机，激光追踪系统无法锁定。光束在背景景物上刻下了图案，却没能击中微小的目标。苍蝇嗡嗡叫着，安全地飞出了焦点区。","Муха была слишком мала и двигалась слишком хаотично для системы слежения лазера. Луч вырезал узоры на фоне, но не смог зафиксироваться на крошечной цели. Муха улетела, находясь в безопасности за пределами фокуса.","La mosca era demasiado pequeña y se movía de forma demasiado errática para el sistema de seguimiento del láser. El haz talló patrones en el paisaje de fondo pero no pudo fijarse en su diminuto objetivo. La mosca se alejó zumbando, a salvo fuera del punto focal.","A mosca era demasiado pequena e movia-se de forma demasiado errática para o sistema de rastreio do laser. O feixe esculpiu padrões no cenário de fundo, mas não conseguiu fixar-se no seu alvo minúsculo. A mosca fugiu, em segurança fora do ponto focal.","Die Fliege war zu klein und bewegte sich zu unberechenbar für das Verfolgungssystem des Lasers. Der Strahl ritzte Muster in die Hintergrundkulisse, konnte sein winziges Ziel aber nicht erfassen. Die Fliege summte davon, sicher außerhalb des Brennpunkts.","파리는 너무 작고 움직임이 불규칙하여 레이저 추적 시스템이 따라가지 못했습니다. 빔은 배경에 무늬를 새길 뿐 작은 표적을 고정하지 못했습니다. 파리는 초점 밖으로 안전하게 날아가 버렸습니다."
"MSG_C_LASER_G_WIN","The laser vaporized the goblin's crude metal armor and the wearer within it. The beam left a clean, smoldering hole through his chest before he could raise his stolen blade. He fell without realizing he had been hit.","レーザーはゴブリンの粗末な金属鎧と、その中の着用者を蒸発させた。ビームは奴が捕捉する前に、胸にきれいな煙を吐く穴を開けた。奴は自分が撃たれたことさえ気づかずに倒れた。","激光蒸发了哥布林破烂的金属盔甲及其使用者。在它还没来及举起偷来的剑之前，光束就在它胸口留下了一个冒烟的圆洞。它甚至没意识到中弹就倒下了。","Лазер испарил грубую металлическую броню гоблина и того, кто был в ней. Луч оставил чистое, дымящееся отверстие в его груди до того, как он успел поднять свой украденный клинок. Он упал, даже не осознав, что в него попали.","El láser vaporizó la tosca armadura de metal del goblin y al que la llevaba dentro. El haz dejó un agujero limpio и humeante en su pecho antes de que pudiera levantar su hoja robada. Cayó sin darse cuenta de que había sido golpeado.","O laser vaporizou a armadura de metal rudimentar do goblin e quem a usava. O feixe deixou um buraco limpo e fumegante no seu peito antes que ele pudesse erguer a sua lâmina roubada. Ele caiu sem se aperceber de que tinha sido atingido.","Der Laser verdampfte die rohe Metallrüstung des Goblins und den Träger darin. Der Strahl hinterließ ein sauberes, schwelendes Loch in seiner Brust, noch bevor er seine gestohlene Klinge heben konnte. Er fiel um, ohne zu merken, dass er getroffen worden war.","레이저는 고블린의 조잡한 금속 갑옷과 그 안의 착용자를 증발시켰습니다. 빔은 그가 훔친 검을 들기도 전에 가슴에 깔끔하게 연기가 나는 구멍을 뚫었습니다. 그는 자신이 맞았다는 사실조차 깨닫지 못한 채 쓰러졌습니다."
"MSG_C_LASER_H_WIN","The harpy was caught in mid-air by a tracking laser that predicted her erratic flight path. The beam sliced through her left wing, sending her into an uncontrollable spiral. She hit the jagged rocks below with a final, broken shriek.","不規則な飛行経路を予測する追跡レーザーが、ハーピーを空中で捉えた。ビームは彼女の左翼を切り裂き、制御不能な螺旋へと追い込んだ。彼女は最後の悲鳴を上げ、眼下の尖った岩に叩きつけられた。","追踪激光预测了哈皮随机的飞行路径并在空中将其击中。光束切断了她的左翼，使其陷入无法控制的螺旋。她发出一声破碎的惨叫，撞在了下方的礁石上。","Гарпия была поймана в воздухе следящим лазером, который предсказал ее хаотичную траекторию полета. Луч прорезал ее левое крыло, отправив ее в неконтролируемую спираль. Она ударилась о зазубренные скалы внизу с последним прерывистым воплем.","La arpía fue atrapada en el aire por un láser de seguimiento que predijo su errática trayectoria de vuelo. El haz cortó su ala izquierda, enviándola a una espiral incontrolable. Golpeó las rocas dentadas de abajo con un grito final y entrecortado.","A harpia foi apanhada no ar por um laser de rastreio que previu a sua trajetória de voo errática. O feixe cortou a sua asa esquerda, enviando-a numa espiral incontrolável. Ela atingiu as rochas irregulares em baixo com um último grito quebrado.","Die Harpyie wurde in der Luft von einem Verfolgungslaser erfasst, der ihre unberechenbare Flugbahn vorausberechnete. Der Strahl schnitt durch ihren linken Flügel und versetzte sie in eine unkontrollierbare Spirale. Mit einem letzten, gebrochenen Schrei schlug sie auf den zerklüfteten Felsen unter ihr auf.","불규칙한 비행 경로를 예측하는 추적 레이저가 하피를 공중에서 포착했습니다. 빔은 그녀의 왼쪽 날개를 절단하여 제어 불능의 나선형 추락으로 몰아넣었습니다. 그녀는 마지막 비명을 지르며 아래의 뾰족한 바위에 부딪혔습니다."
"MSG_C_LASER_I_WIN","The imp's teleportation left a heat trail that the laser's sensors could follow. Each time it reappeared, a beam was already waiting to greet it. The final burst caught it mid-blink, leaving only a puff of sulfurous smoke.","インプの転移は、レーザーのセンサーが追跡可能な熱の痕跡を残した。奴が再出現するたびに、ビームがすでに待ち構えていた。最後の一撃は転移の瞬間に直撃し、硫黄臭い煙だけを残した。","小恶魔的传送留下了激光传感器可以追踪的热迹。每当它重新出现，一道光束早已在那等候。最后的爆发在它闪现的瞬间击中了它，只留下一抹硫磺味的烟雾。","Телепортация беса оставляла тепловой след, за которым могли следовать датчики лазера. Каждый раз, когда он появлялся снова, луч уже ждал его. Последняя вспышка застала его в момент перемещения, оставив лишь облачко серного дыма.","La teletransportación del imp dejó un rastro de calor que los sensores del láser pudieron seguir. Cada vez que reaparecía, un haz ya lo estaba esperando. El estallido final lo atrapó en pleno parpadeo, dejando solo una bocanada de humo sulfuroso.","A teletransportação do imp deixou um rastro de calor que os sensores do laser conseguiram seguir. De cada vez que reaparecia, um feixe já estava à espera de o saudar. O estalido final apanhou-o a meio do piscar de olhos, deixando apenas uma lufada de fumo sulfuroso.","Die Teleportation des Imps hinterließ eine Hitzespur, der die Sensoren des Lasers folgen konnten. Jedes Mal, wenn er wieder auftauchte, wartete bereits ein Strahl auf ihn. Der letzte Ausbruch erwischte ihn mitten im Blinzeln und hinterließ nur eine Wolke aus schwefelhaltigem Rauch.","임프의 전이는 레이저 센서가 추적 가능한 열 흔적을 남겼습니다. 그가 다시 나타날 때마다 빔이 이미 기다리고 있었습니다. 마지막 일격은 전이의 순간에 직격하여 황 화합물 냄새가 나는 연기만을 남겼습니다."
"MSG_C_LASER_J_WIN","The laser's intense heat turned the jelly's liquid body into a cloud of boiling steam. The monster was literally cooked from the inside out in seconds. By the time the beam stopped, only a faint, sweet-smelling vapor remained.","レーザーの強烈な熱が、ジェリーの液状の体を沸騰する蒸気の雲に変えた。怪物は数秒で文字通り内側から煮え繰り返った。ビームが止まった時、そこには甘い香りのするかすかな水蒸気しか残っていなかった。","激光的剧烈高温将果冻怪的液态身体变成了沸腾的蒸汽云。怪物在几秒钟内被彻底煮熟。当光束停止时，只剩下一丝带有甜味的蒸汽。","Интенсивное тепло лазера превратило жидкое тело желе в облако кипящего пара. Монстр был буквально приготовлен изнутри за считанные секунды. К тому времени, как луч остановился, остался лишь слабый пар со сладковатым запахом.","El intenso calor del láser convirtió el cuerpo líquido de la gelatina en una nube de vapor hirviendo. El monstruo fue literalmente cocinado de adentro hacia afuera en segundos. Para cuando el haz se detuvo, solo quedaba un vapor tenue de olor dulce.","O calor intenso do laser transformou o corpo líquido da geleia numa nuvem de vapor a ferver. O monstro foi literalmente cozinhado de dentro para fora em segundos. Quando o feixe parou, restava apenas um vapor ténue com cheiro adocicado.","Die intensive Hitze des Lasers verwandelte den flüssigen Körper des Gelees in eine Wolke aus kochendem Dampf. Das Monster wurde in Sekundenschnelle buchstäblich von innen nach außen gekocht. Als der Strahl stoppte, blieb nur ein schwacher, süßlich riechender Dampf zurück.","레이저의 강렬한 열기가 젤리의 액체 몸을 끓어오르는 증기 구름으로 만들었습니다. 괴물은 몇 초 만에 말 그대로 안팎으로 삶아졌습니다. 빔이 멈췄을 때, 거기에는 달콤한 향이 나는 희미한 수증기만 남았습니다."
"MSG_C_LASER_K_LOSS","The kobold had stolen a set of polished mirrors from a nearby caravan and used them to redirect the beam. The reflected laser demolished your own equipment instead of the target. They yipped in triumph from behind their reflective barricade.","コボルドたちは近くの隊商から盗んだ磨かれた鏡を使い、ビームを反射させた。反射したレーザーは標的ではなく、あなた自身の装備を破壊した。彼らは反射バリケードの裏で、勝利の叫びを上げた。","狗头人从附近的商队偷了一套磨光的镜子，并用它们改变了光束的方向。反射的激光摧毁了你自己的设备而非目标。它们在反射栅栏后发出了胜利的吠叫。","Кобольд украл набор полированных зеркал у проходящего мимо каравана и использовал их для отклонения луча. Отраженный лазер разрушил ваше собственное оборудование вместо цели. Они торжествующе тявкали из-за своей зеркальной баррикады.","El kobold había robado un juego de espejos pulidos de una caravana cercana y los usó para redirigir el haz. El láser reflejado demolió tu propio equipo en lugar del objetivo. Ladraron en triunfo desde detrás de su barricada reflectante.","O kobold tinha roubado um conjunto de espelhos polidos de uma caravana próxima e usou-os para redirecionar o feixe. O laser refletido demoliu o seu próprio equipamento em vez do alvo. Eles ladraram em triunfo por trás da sua barricada refletora.","Der Kobold hatte einer nahe gelegenen Karawane einen Satz polierter Spiegel gestohlen und benutzte sie, um den Strahl umzulenken. Der reflektierte Laser zertrümmerte Ihre eigene Ausrüstung anstelle des Ziels. Hinter ihrer reflektierenden Barrikade jaulten sie triumphierend.","코볼트들이 근처 상단에서 훔친 연마된 거울을 사용하여 빔을 반사시켰습니다. 반사된 레이저는 표적이 아닌 당신의 장비를 파괴했습니다. 그들은 반사 바리케이드 뒤에서 승리의 함성을 질렀습니다."
"MSG_C_LASER_L_WIN","The laser caught the lizard while it was motionless on a rock. The beam sliced the predator in two before its neurons could even transmit a warning. The two halves remained on the rock, perfectly cauterized and still.","岩の上で静止していたリザードを、レーザーが正確に捉えた。ニューロンが警告を発する前に、ビームは捕食者を真っ二つに切り裂いた。二つに分かれた体は、完全に焼き切られた状態で岩の上に残された。","激光击中了在岩石上静止不动的蜥蜴。在神经元还没来及传递警報前，光束就将叙首者切成了两半。两半身体留在岩石上，伤口被完美灼封，动弹不得。","Лазер поймал ящерицу, пока она неподвижно лежала на камне. Луч разрезал хищника надвое еще до того, как его нейроны успели передать предупреждение. Две половины остались на камне, идеально прижженные и неподвижные.","El láser atrapó al lagarto mientras estaba inmóvil sobre una roca. El haz cortó al depredador en dos antes de que sus neuronas pudieran siquiera transmitir una advertencia. Las dos mitades permanecieron en la roca, perfectamente cauterizadas e inmóviles.","O laser apanhou o lagarto enquanto este estava imóvel sobre uma rocha. O feixe cortou o predador em dois antes mesmo de os seus neurónios conseguirem transmitir um aviso. As duas metades permaneceram na rocha, perfeitamente cauterizadas e imóveis.","Der Laser erwischte die Eidechse, während sie bewegungslos auf einem Felsen lag. Der Strahl schnitt das Raubtier in zwei Hälften, noch bevor seine Neuronen eine Warnung aussenden konnten. Die beiden Hälften blieben auf dem Felsen liegen, perfekt ausgebrannt und unbeweglich.","바위 위에서 정지해 있던 리자드를 레이저가 정확히 포착했습니다. 뉴런이 경고를 보내기도 전에 빔은 포식자를 두 동강 냈습니다. 두 동강 난 몸은 완전히 타버린 상태로 바위 위에 남겨졌습니다."
"MSG_C_LASER_M_WIN","The laser burned through the mummy's dry wrappings with ease. The ancient linen acted as fuel for the beam's heat, turning the undead into a walking inferno. The curse was broken by the purity of the concentrated light.","レーザーはマミーの乾燥した包帯を容易に焼き尽くした。古びた麻布はビームの熱を増幅させる燃料となり、アンデッドを歩く地獄へと変えた。凝縮された光の純粋さが、古の呪いを打ち破った。","激光轻易地烧穿了木乃伊干燥的裹尸布。古老的亚麻布成了光束热量的燃料，将亡灵变成了行走的炼狱。浓缩之光的纯度打破了那古老的诅咒。","Лазер с легкостью прожег сухие пелены мумии. Древний лен послужил топливом для жара луча, превратив нежить в ходячий инферно. Проклятие было разрушено чистотой концентрированного света.","El láser quemó las vendas secas de la momia con facilidad. El lino antiguo actuó como combustible para el calor del haz, convirtiendo al no muerto en un infierno andante. La maldición se rompió por la pureza de la luz concentrada.","O laser queimou as ligaduras secas da múmia com facilidade. O linho antigo serviu de combustível para o calor do feixe, transformando o morto-vivo num inferno andante. A maldição foi quebrada pela pureza da luz concentrada.","Der Laser brannte sich mühelos durch die trockenen Wickel der Mumie. Das uralte Leinen diente als Brennstoff für die Hitze des Strahls und verwandelte den Untoten in ein wandelndes Inferno. Der Fluch wurde durch die Reinheit des konzentrierten Lichts gebrochen.","레이저는 미라의 건조한 붕대를 쉽게 태워버렸습니다. 오래된 삼베는 빔의 열기를 증폭시키는 연료가 되어 언데드를 걸어 다니는 지옥으로 만들었습니다. 농축된 빛의 순수함이 고대의 저주를 타파했습니다."
"MSG_C_LASER_N_WIN","The laser beam sliced through the naga's long body multiple times in one continuous sweep. The high-energy light ignored the water surrounding her and struck with surgical precision. She dissolved into a cloud of steam and scales.","レーザービームは一連のスイープで、ナーガの長い体を何度も切り裂いた。高エネルギーの光は彼女の周囲の水を無視し、外科的な精度で命中した。彼女は蒸気と鱗の雲となって霧散した。","激光束在一次连续扫射中多次切开了纳迦长长的身体。高能光线无视了她周围的水分，以手术般的精度精准命中。她化作一团蒸汽与鳞片的云雾消散了。","Лазерный луч многократно прорезал длинное тело наги за один непрерывный проход. Высокоэнергетический свет проигнорировал окружающую ее воду и поразил цель с хирургической точностью. Она растворилась в облаке пара и чешуи.","El rayo láser cortó el largo cuerpo de la naga varias veces en un barrido continuo. La luz de alta energía ignoró el agua que la rodeaba y golpeó con precisión quirúrgica. Se disolvió en una nube de vapor y escamas.","O feixe de laser cortou o corpo longo da naga várias vezes numa varredura contínua. A luz de alta energia ignorou a água que a rodeava e atingiu-a com precisão cirúrgica. Ela dissolveu-se numa nuvem de vapor e escamas.","Der Laserstrahl schnitt in einem durchgehenden Feger mehrmals durch den langen Körper der Naga. Das hochenergetische Licht ignorierte das sie umgebende Wasser und traf mit chirurgischer Präzision. Sie löste sich in eine Wolke aus Dampf und Schuppen auf.","레이저 빔은 한 번의 스윕으로 나가의 긴 몸을 몇 번이나 베어냈습니다. 고에너지 빛은 그녀를 둘러싼 물을 무시하고 외과적인 정밀도로 명중했습니다. 그녀는 증기와 비늘 구름이 되어 흩어졌습니다."
"MSG_C_LASER_O_WIN","The orc's massive chest was no match for a steady, focused laser beam. The light carved a symmetrical path through his heavy muscles and bone, cauterizing the giant's heart instantly. He fell forward, a pillar of smoke rising from his back.","オークの巨大な胸も、安定した収束レーザービームの敵ではなかった。光はその重厚な筋肉と骨を左右対称に切り進み、巨人の心臓を一瞬で焼き切った。彼は背中から煙を立ち昇らせながら、前方に倒れ込んだ。","兽人宽厚的胸膛在稳定聚焦的激光束面前不堪一击。光线对称地穿透了它厚实的肌肉与骨骼，瞬间灼烧了巨人的心脏。他向前倒下，背部升起了一根烟柱。","Массивная грудь орка не могла противостоять устойчивому сфокусированному лазерному лучу. Свет прорезал симметричный путь сквозь его тяжелые мышцы и кости, мгновенно прижигая сердце гиганта. Он упал вперед, а из его спины поднялся столб дыма.","El enorme pecho del orco no fue rival para un rayo láser constante y enfocado. La luz trazó un camino simétrico a través de sus pesados músculos y huesos, cauterizando el corazón del gigante al instante. Cayó hacia adelante, con una columna de humo saliendo de su espalda.","O peito maciço do orc não era páreo para um feixe de laser constante e focado. A luz esculpiu um caminho simétrico através dos seus músculos e ossos pesados, cauterizando o coração do gigante instantaneamente. Ele caiu para a frente, com uma coluna de fumo a subir das suas costas.","Die gewaltige Brust des Orks war kein Gegner für einen stetigen, fokussierten Laserstrahl. Das Licht bahnte sich einen symmetrischen Weg durch seine schweren Muskeln und Knochen und verbrannte augenblicklich das Herz des Riesen. Er fiel nach vorne, während eine Rauchsäule von seinem Rücken aufstieg.","오크의 거대한 가슴도 안정된 수렴 레이저 빔의 상대가 되지 않았습니다. 빛은 그 두꺼운 근육과 뼈를 좌우 대칭으로 가르고 거인의 심장을 순식간에 태워버렸습니다. 그는 등에서 연기를 내뿜으며 앞으로 쓰러졌습니다."
"MSG_C_LASER_P_LOSS","The pixie used her magic to refract the laser into a harmless rainbow of colors. The beam that should have been lethal became a beautiful light show for the forest. She danced through the colorful rays, laughing at your futile technology.","ピクシーは魔法を使い、レーザーを無害な虹色の配列へと屈折させた。致命的であるはずのビームは、森のための美しいライトショーへと変わった。彼女は色鮮やかな光線の中を踊り、あなたの無力なテクノロジーをあざ笑った。","小仙女用魔法将激光折射成了无害的彩虹色阵列。原本致命的光束变成了森林里的一场璀璨灯光秀。她在色彩斑斓的光影中起舞，嘲笑着你那徒劳的科技。","Пикси использовала свою магию, чтобы преломить лазер в безвредную радугу цветов. Луч, который должен был быть смертоносным, стал красивым световым шоу для леса. Она танцевала сквозь разноцветные лучи, смеясь над вашей бесполезной технологией.","La pixie usó su magia para refractar el láser en un arcoíris de colores inofensivo. El haz que debería haber sido letal se convirtió en un hermoso espectáculo de luces para el bosque. Ella bailó a través de los rayos coloridos, riéndose de tu tecnología inútil.","A pixie usou a sua magia para refratar o laser num arco-íris de cores inofensivo. O feixe que deveria ter sido letal tornou-se um belo espetáculo de luzes para a floresta. Ela dançou através dos raios coloridos, rindo-se da sua tecnologia inútil.","Die Pixie nutzte ihre Magie, um den Laser in einen harmlosen Regenbogen aus Farben zu brechen. Der Strahl, der eigentlich tödlich hätte sein sollen, wurde zu einer wunderschönen Lichtshow für den Wald. Sie tanzte durch die bunten Strahlen und lachte über Ihre nutzlose Technologie.","피크시는 마법을 사용하여 레이저를 무해한 무지개 색상 배열로 굴절시켰습니다. 치명적이어야 했던 빔은 숲을 위한 아름다운 조명 쇼로 변했습니다. 그녀는 화려한 광선 사이로 춤을 추며 당신의 무력한 기술을 비웃었습니다."
"MSG_C_LASER_Q_WIN","The coeurl's biological electricity was overcharged by the laser's photon energy. Its nervous system short-circuited in a massive surge of sparks and heat. The beast collapsed, its whiskers still twitching with dying current.","クアールの生体電気は、レーザーの光子エネルギーによって過充電された。神経システムは火花と熱の巨大なサージを引き起こし、ショートした。猛獣は崩れ落ち、その髭は死に際の電流でまだぴくぴく震えていた。","夸尔的生物电流被激光的光子能量过载。它的神经系统在一阵剧烈的火花和热浪冲动下短路了。猛兽倒下，它的胡须在残余电流中仍在不停抽动。","Биологическое электричество куэрла было перегружено фотонной энергией лазера. Его нервная система закоротила в мощном всплеске искр и жара. Зверь рухнул, его усы все еще подергивались от затухающего тока.","La electricidad biológica del coeurl se sobrecargó con la energía fotónica del láser. Su sistema nervioso sufrió un cortocircuito en una enorme oleada de chispas y calor. La bestia colapsó, con sus bigotes aún temblando por la corriente moribunda.","A eletricidade biológica do coeurl foi sobrecarregada pela energia fotónica do laser. O seu sistema nervoso entrou em curto-circuito num enorme surto de faíscas e calor. A besta colapsou, com as suas vibrissas ainda a tremer com a corrente moribunda.","Die biologische Elektrizität des Coeurls wurde durch die Photonenenergie des Lasers überladen. Sein Nervensystem erlitt einen Kurzschluss durch einen massiven Anstieg von Funken und Hitze. Bestie brach zusammen, ihre Schnurrhaare zuckten noch immer im sterbenden Strom.","쿠알의 생체 전기는 레이저의 광자 에너지에 의해 과충전되었습니다. 신경 시스템은 불꽃과 열기의 거대한 서지를 일으키며 쇼트되었습니다. 맹수는 쓰러졌고, 그 수염은 죽어가는 전류로 인해 여전히 파르르 떨리고 있었습니다."
"MSG_C_LASER_R_WIN","The laser turret calculated the movement of the entire rat swarm and fired in a high-speed staccato. Each beam found a target with mathematical perfection until the floor was clear. The surviving rats fled into the darkness, leaving their kin behind.","レーザー砲塔はラットの群れ全体の動きを計算し、高速のスタッカートで発射した。各ビームが数学的な完璧さで標的を射抜き、床を浄化した。生き残ったラットたちは同族を捨て、暗闇の中へと逃げ去った。","激光炮塔计算了整个鼠群的移动轨迹，并以极速的断奏式连发进行射击。每一道光束都以数学般的完美命中了目标，直到地面被清扫干净。幸存者们抛弃同类，逃入了黑暗中。","Лазерная турель рассчитала движение всей крысиной стаи и открыла огонь в скоростном темпе. Каждый луч находил цель с математическим совершенством, пока пол не очистился. Выжившие крысы бежали во тьму, бросив сородичей.","La torreta láser calculó el movimiento de toda la plaga de ratas y disparó en un staccato de alta velocidad. Cada haz encontró un objetivo con perfección matemática hasta que el suelo quedó despejado. Las ratas sobrevivientes huyeron a la oscuridad, dejando atrás a sus congéneres.","A torre laser calculou o movimento de todo o enxame de ratos e disparou num staccato de alta velocidade. Cada feixe encontrou um alvo com perfeição matemática até o chão ficar limpo. Os ratos sobreviventes fugiram para a escuridão, deixando os seus parentes para trás.","Der Laserturm berechnete die Bewegung des gesamten Rattenschwarms und feuerte in einem Hochgeschwindigkeits-Stakkato. Jeder Strahl fand sein Ziel mit mathematischer Perfektion, bis der Boden frei war. Die überlebenden Ratten flohen in die Dunkelheit und ließen ihre Artgenossen zurück.","레이저 포탑은 래트 무리 전체의 움직임을 계산하여 고속 스타카토로 발사했습니다 각 비빔이 수학적인 완벽함으로 표적을 사격하여 바닥을 정화했습니다. 살아남은 래트들은 동족을 버리고 어둠 속으로 도망쳤습니다."
"MSG_C_LASER_S_LOSS","The slime's translucent body acted as a giant lens, focusing and dispersing the laser harmlessly through its mass. The energy was redirected into the ground, leaving the monster completely untouched. It hummed with a strange, internal glow from the experience.","スライムの半透明の体は巨大なレンズとして機能し、レーザーをその体内に無害に集束・分散させた。エネルギーは地面へと偏向され、怪物は完全に無傷だった。奴はその経験から、奇妙な内光を放って唸っていた。","史莱姆半透明的身躯犹如一个巨大的透镜，将激光在其体内无害地聚焦并消散。能量被导向地面，怪物毫发无伤。经历过这一切后，它因体内散发出的奇特光芒而发出嗡嗡声。","Полупрозрачное тело слизня сработало как гигантская линза, безвредно фокусируя и рассеивая лазер сквозь свою массу. Энергия была перенаправлена в землю, оставив монстра совершенно нетронутым. Он гудел со странным внутренним свечением от полученного опыта.","El cuerpo translúcido del slime actuó como una lente gigante, enfocando y dispersando el láser inofensivamente a través de su masa. La energía fue redirigida al suelo, dejando al monstruo completamente intacto. Zumbaba con un extraño brillo interno tras la experiencia.","O corpo translúcido do slime funcionou como uma lente gigante, focando e dispersando o laser inofensivamente através da sua massa. A energia foi redirecionada para o solo, deixando o monstro completamente intacto. Ele zumbia com um brilho interno estranho devido à experiência.","Der durchsichtige Körper des Schleims fungierte als riesige Linse, die den Laser harmlos durch seine Masse fokussierte und zerstreute. Die Energie wurde in den Boden umgeleitet, sodass das Monster völlig unberührt blieb. Er summte mit einem seltsamen, inneren Leuchten nach dieser Erfahrung.","슬라임의 반투명한 몸은 거대한 렌즈로 작용하여 레이저를 체내에서 무해하게 집속 및 분산시켰습니다. 에너지는 지면으로 편향되었고 괴물은 완전히 무사했습니다. 그는 그 경험으로 인해 묘한 내광을 내뿜으며 웅웅거렸습니다."
"MSG_C_LASER_T_WIN","The laser's thermal output was sustained long enough to overcome the troll's legendary regeneration. The wounds were cauterized so deep that new flesh could not find a foothold. The giant eventually crumbled into a pile of scorched, lifeless tissue.","レーザーの熱出力は、トロールの伝説的な再生能力を凌駕するほど長く持続した。傷口は非常に深く焼き切られ、新しい肉が足がかりを得ることはできなかった。巨人は最終的に、焦げた命なき組織の山となって崩れ去った。","激光的热输出持续时长足以压制巨魔那传奇般的再生能力。伤口被灼烧得极深，以至于新肉无法生长。巨人最终崩塌，成了一堆焦黑且毫无生气的组织。","Тепловая мощность лазера поддерживалась достаточно долго, чтобы преодолеть легендарную регенерацию тролля. Раны были прижжены настолько глубоко, что новая плоть не могла найти опору. Гигант в конце концов рассыпался в кучу обгоревшей безжизненной ткани.","La salida térmica del láser se mantuvo lo suficiente como para superar la legendaria regeneración del trol. Las heridas fueron cauterizadas tan profundamente que la carne nueva no pudo encontrar apoyo. El gigante finalmente se desmoronó en una pila de tejido quemado y sin vida.","A saída térmica do laser foi mantida durante tempo suficiente para superar a lendária regeneração do troll. As feridas foram cauterizadas tão profundamente que a nova carne não conseguiu encontrar apoio. O gigante acabou por se desmoronar numa pilha de tecido queimado e sem vida.","Die thermische Leistung des Lasers wurde lange genug aufrechterhalten, um die legendäre Regeneration des Trolls zu überwinden. Die Wunden wurden so tief ausgebrannt, dass neues Fleisch keinen Halt finden konnte. Der Riese zerfiel schließlich in einen Haufen verbrannten, leblosen Gewebes.","레이저의 열 출력은 트롤의 전설적인 재생 능력을 능가할 정도로 길게 지속되었습니다. 상처 부위가 매우 깊게 타버려 새로운 살이 돋아날 틈이 없었습니다. 거인은 결국 타버린 생명 없는 조직 더미가 되어 무너져 내렸습니다."
"MSG_C_LASER_U_WIN","The high-energy photons interacted with the undead's spectral essence on a molecular level. The light literally unraveled the necrotic bonds holding the remains together. What was once a monster became a peaceful drift of white ash.","高エネルギー光子が、アンデッドの幽霊的な本質と分子レベルで相互作用した。光は文字通り、遺骸を繋ぎ止めている壊死した結合を解いた。かつて怪物だったものは、穏やかに漂う白い灰となった。","高能光子在分子水平上与亡灵的幽灵本质发生了相互作用。光线从字面上解开了维持遗骸的坏死紐帯。曾经的怪物变成了一缕祥和漂浮的白灰。","Высокоэнергетические фотоны взаимодействовали со спектральной сущностью нежити на молекулярном уровне. Свет буквально распутал некротические узы, удерживающие останки вместе. То, что когда-то было монстром, превратилось в мирно плывущий белый пепел.","Los fotones de alta energía interactuaron con la esencia espectral del no muerto a nivel molecular. La luz literalmente desentrañó los vínculos necróticos que mantenían unidos los restos. Lo que una vez fue un monstruo se convirtió en una pacífica deriva de ceniza blanca.","Os fotões de alta energia interagiram com a essência espetral do morto-vivo a um nível molecular. A luz literalmente desfez os laços necróticos que mantinham os restos unidos. O que outrora fora um monstro tornou-se uma deriva pacífica de cinzas brancas.","Die hochenergetischen Photonen interagierten auf molekularer Ebene mit der spektralen Essenz des Untoten. Das Licht entwirrte buchstäblich die nekrotischen Bindungen, die die Überreste zusammenhielten. Was einst ein Monster war, wurde zu einem friedlichen Hauch aus weißer Asche.","고에너지 광자가 언데드의 유령 같은 본질과 분자 수준에서 상호 작용했습니다. 빛은 말 그대로 유해를 유지하고 있던 괴사한 결합을 풀어헤쳤습니다. 한때 괴물이었던 것은 평화롭게 떠다니는 하얀 재가 되었습니다."
"MSG_C_LASER_V_LOSS","The vampire amplified his speed to near-light velocity, making the tracking laser's adjustments seem sluggish. He moved through the gaps between the pulses with a hunter's grace. He ended the fight by severing the laser's power source with a single claw.","ヴァンパイアは光速に近い速度まで加速し、追跡レーザーの調整を遅く見せた。奴はハンターの優雅さでパルス間の隙間を縫って移動した。奴は一振りの爪でレーザーの電源を切断し、戦いを終わらせた。","吸血鬼加速到了接近光速，使追踪激光的调整显得迟钝不堪。他以猎人般的优雅在脉冲间隙中穿梭，最后一爪切断了激光的电源，结束了战斗。","Вампир увеличил свою скорость до околосветовой, из-за чего корректировки следящего лазера казались вялыми. Он двигался сквозь промежутки между импульсами с грацией охотника. Он закончил бой, перерезав источник питания лазера одним когтем.","El vampiro amplificó su velocidad hasta casi la de la luz, haciendo que los ajustes del láser de seguimiento parecieran lentos. Se movió a través de los huecos entre los pulsos con la gracia de un cazador. Terminó la pelea cortando la fuente de alimentación del láser con una sola garra.","O vampiro amplificou a sua velocidade para uma velocidade próxima da luz, fazendo com que os ajustes do laser de rastreio parecessem lentos. Moveu-se através das lacunas entre os impulsos com a graça de um caçador. Terminou o combate cortando a fonte de alimentação do laser com uma única garra.","Der Vampir erhöhte seine Geschwindigkeit auf Fast-Lichtgeschwindigkeit, wodurch die Anpassungen des Verfolgungslasers träge erschienen. Er bewegte sich mit der Anmut eines Jägers durch die Lücken zwischen den Impulsen. Er beendete den Kampf, indem er die Stromquelle des Lasers mit einer einzigen Kralle durchtrennte.","뱀파이어는 광속에 가까운 속도로 가속하여 추적 레이저의 조정을 느리게 보이게 만들었습니다. 그는 사냥꾼의 우아함으로 펄스 사이의 틈을 통해 이동했습니다. 그는 단 한 번의 손톱 질로 레이저 전원을 차단하여 전투를 끝냈습니다."
"MSG_C_LASER_W_LOSS","The wolf pack split into two groups, forcing the laser to switch between targets. Each time the turret rotated, the wolves on the other side closed the distance. They reached the equipment before it could neutralize more than a single scout.","ウルフの群れは二つのグループに分かれ、レーザーに標的の切り替えを強いた。砲塔が回転するたびに、反対側のウルフたちが距離を詰めた。彼らは一匹の偵察個体が無力化される前に、装備に到達した。","狼群分成两组，迫使激光在目标间来回切换。每当炮塔旋转，另一侧的狼群便拉近距离。在仅有一头侦察狼被瘫痪前，它们就冲到了设备跟前。","Волчья стая разделилась на две группы, заставив лазер переключаться между целями. Каждый раз, когда турель поворачивалась, волки с другой стороны сокращали дистанцию. Они добрались до оборудования раньше, чем оно смогло нейтрализовать больше одного разведчика.","La manada de lobos se dividió en dos grupos, obligando al láser a cambiar entre objetivos. Cada vez que la torreta giraba, los lobos del otro lado acortaban la distancia. Llegaron al equipo antes de que pudiera neutralizar a más de un solo explorador.","A alcateia de lobos dividiu-se em dois grupos, forçando o laser a alternar entre alvos. De cada vez que a torre rodava, os lobos do outro lado encurtavam a distância. Chegaram ao equipamento antes que este conseguisse neutralizar mais do que um único batedor.","Das Wolfsrudel teilte sich in zwei Gruppen auf und zwang den Laser, zwischen den Zielen hin- und herzuschalten. Jedes Mal, wenn sich der Turm drehte, verringerten die Wölfe auf der anderen Seite den Abstand. Sie erreichten die Ausrüstung, bevor sie mehr als einen einzelnen Späher neutralisieren konnte.","울프 무리는 두 그룹으로 나뉘어 레이저가 표적을 전환하도록 강제했습니다. 포탑이 회전할 때마다 반대편의 울프들이 거리를 좁혔습니다. 그들은 정찰 개체 한 마리 이상이 무력화되기 전에 장비에 도달했습니다."
"MSG_C_LASER_X_LOSS","Xalthis's many legs allowed it to jitter in a frequency that matched the laser's pulse rate. The beam hit only the empty air where the monster had been milliseconds before. It lunged from the shadows, its chitinous armor reflecting the useless light.","ザルティスの無数の脚は、レーザーのパルスレートに合わせた周波数で小刻みに動くことを可能にした。ビームは、怪物が数ミリ秒前にいた空っぽの空間を撃つだけだった。奴は影から飛び出し、キチン質の装甲で無益な光を反射した。","扎尔希斯的多条腿让它能以匹配激光脉冲频率的节奏震颤。光束击中的只是怪物在几毫秒前停留过的空气。它从阴影中扑出，几丁质装甲反射着那无用的光芒。","Множество ног Залтиса позволяло ему дрожать с частотой, соответствующей частоте импульсов лазера. Луч попадал лишь в пустой воздух, где монстр был миллисекунды назад. Он бросился из тени, его хитиновый панцирь отражал бесполезный свет.","Las numerosas patas de Xalthis le permitieron vibrar a una frecuencia que coincidía con la frecuencia de pulso del láser. El haz golpeó solo el aire vacío donde el monstruo había estado milisegundos antes. Saltó desde las sombras, su armadura de quitina reflejando la luz inútil.","As muitas pernas de Xalthis permitiram-lhe vibrar numa frequência que correspondia à taxa de pulso do laser. O feixe atingiu apenas o ar vazio onde o monstro estivera milissegundos antes. Ele saltou das sombras, a sua armadura quitinosa refletindo a luz inútil.","Die vielen Beine von Xalthis erlaubten es ihm, in einer Frequenz zu zittern, die der Pulsrate des Lasers entsprach. Der Strahl traf nur die leere Luft, in der sich das Monster Millisekunden zuvor befunden hatte. Er stürzte sich aus dem Schatten hervor, während sein Chitinpanzer das nutzlose Licht reflektierte.","자르티스의 무수한 다리는 레이저의 펄스 레이트에 맞춘 주파수로 소스라치게 움직일 수 있게 했습니다. 빔은 괴물이 몇 밀리초 전에 있던 빈 공간만 맞힐 뿐이었습니다. 그는 어둠 속에서 튀어나왔고, 키틴질 장갑은 쓸모없는 빛을 반사했습니다."
"MSG_C_LASER_Y_LOSS","The yeti's dense, ice-embedded fur reflected the laser back toward its source. The intense light was scattered by the frost crystals, losing its lethality as it blinded the operator. The monster roared in the blinding glare, its domain still secure.","イエティの密集した、氷の埋まった毛皮はレーザーを光源へと反射した。強烈な光は霜の結晶によって散乱され、操作者の目をくらませながら殺傷力を失った。怪物は目も眩むような閃光の中で咆哮し、その領土はまだ安泰だった。","雪人浓密且嵌入冰晶的毛皮将激光反射回了光源。强烈的光线被霜晶散射，在令操作员致盲的同时丧失了杀伤力。怪物在刺眼的闪光中咆哮，领地依然稳固。","Густой, покрытый льдом мех йети отразил лазер обратно к его источнику. Интенсивный свет был рассеян кристаллами инея, теряя свою смертоносность и ослепляя оператора. Монстр взревел в слепящем сиянии, его владения все еще в безопасности.","El pelaje denso e incrustado de hielo del yeti reflejó el láser hacia su fuente. La luz intensa fue dispersada por los cristales de escarcha, perdiendo su letalidad mientras cegaba al operador. El monstruo rugió bajo el resplandor cegador, con su dominio aún a salvo.","O pelo denso e incrustado de gelo do yeti refletiu o laser de volta para a sua fonte. A luz intensa foi dispersada pelos cristais de geada, perdendo a sua letalidade enquanto cegava o operador. O monstro rugiu no brilho ofuscante, o seu domínio ainda seguro.","Das dichte, in Eis eingebettete Fell des Yetis reflektierte den Laser zurück zu seiner Quelle. Das intensive Licht wurde von den Frostkristallen gestreut und verlor seine Tödlichkeit, während es den Bediener blendete. Das Monster brüllte im gleißenden Licht, sein Revier war immer noch sicher.","예티의 밀집되고 얼음이 박힌 털이 레이저를 광원으로 반사시켰습니다. 강렬한 빛은 서리 결정에 의해 산란되어 살상력을 잃고 조작자의 눈을 멀게 했습니다. 괴물은 눈부신 섬광 속에서 포효했고, 그의 영토는 여전히 안전했습니다."
"MSG_C_LASER_Z_LOSS","The zombie continued its slow advance even as the laser carved large sections from its torso. It had no internal organs left to fail and no blood to lose. It eventually reached the laser battery and crushed it with unfeeling hands.","ゾンビはレーザーが胴体を大きく削り取っても、ゆっくりと前進を続けた。奴には機能不全に陥る内臓も、失うべき血液も残っていなかった。奴は最終的にレーザーバッテリーに到達し、無感情な手でそれを粉砕した。","僵尸即便被激光削去了躯干的大部分，依然缓慢地推进。它早已没有可以衰竭的内脏，也没有可以流失的血液。它最终走到了激光电池前，用无感的手将其捏碎。","Зомби продолжал свое медленное продвижение, даже когда лазер вырезал большие куски из его туловища. У него не осталось внутренних органов, которые могли бы отказать, и крови, которую можно было бы потерять. В конце концов он добрался до лазерной батареи и раздавил ее бесчувственными руками.","El zombie continuó su lento avance incluso cuando el láser talló grandes secciones de su torso. No le quedaban órganos internos que pudieran fallar ni sangre que perder. Finalmente llegó a la batería del láser y la aplastó con manos insensibles.","O zombie continuou o seu avanço lento mesmo quando o laser cortou grandes secções do seu tronco. Já não tinha órgãos internos para falhar nem sangue para perder. Acabou por chegar à bateria do laser e esmagou-a com mãos insensíveis.","Der Zombie rückte unaufhaltsam vor, selbst als der Laser große Teile seines Torsos herausschnitt. Er hatte keine inneren Organe mehr, die versagen konnten, und kein Blut mehr, das er verlieren konnte. Schließlich erreichte er die Laserbatterie und zertrümmerte sie mit gefühllosen Händen.","좀비는 레이저가 몸통을 크게 깎아내도 천천히 전진을 계속했습니다. 그에게는 기능 부전에 빠질 장기도, 잃을 혈액도 남아 있지 않았습니다. 그는 결국 레이저 배터리에 도달하여 무정한 손으로 그것을 분쇄했습니다."
"MSG_C_LAUNDRY_A_WIN","You tossed the ant colony into a whirlpool of high-performance detergent and water. The tiny creatures were washed away along with the unwanted dirt. Their social structure dissolved into a sea of foam.","アリの軍団を高性洗剤の渦巻く洗濯槽へと放り込んだ。小さな命は不要な汚れと共に一気に洗い流された。彼らの強固な組織図は、石鹸の泡の中に消え、浄化された。","你将蚁群投入了强力洗涤剂漩涡翻滚的洗衣槽。这些微小的生命连同不必要的污垢一起被冲刷殆尽。它们稳固的组织架构在肥皂泡中消失并得到了净化。","Вы бросили муравьиную колонию в водоворот высокоэффективного моющего средства и воды. Крошечные существа были смыты вместе с ненужной грязью. Их социальная структура растворилась в море пены.","Lanzaste la colonia de hormigas a un remolino de detergente de alto rendimiento y agua. Las diminutas criaturas fueron arrastradas junto con la suciedad no deseada. Su estructura social se disolvió en un mar de espuma.","Atirou a colónia de formigas para um redemoinho de detergente de alto rendimento e água. As minúsculas criaturas foram levadas juntamente com a sujidade indesejada. A sua estrutura social dissolveu-se num mar de espuma.","Sie warfen die Ameisenkolonie in einen Wirbel aus Hochleistungswaschmittel und Wasser. Die winzigen Kreaturen wurden zusammen mit dem unerwünschten Schmutz weggespült. Ihre soziale Struktur löste sich in einem Meer aus Schaum auf.","개미 군단을 고성능 세제가 소용돌이치는 세탁조에 던져 넣었습니다. 작은 생명체들은 불필요한 먼지와 함께 한꺼번에 씻겨 내려갔습니다. 그들의 강고한 조직도는 비누 거품 속에 사라져 정화되었습니다."
"MSG_C_LAUNDRY_B_WIN","The bat's wings were stained with magical residue, but the laundry cycle stripped it away. The sudden soaking weighed it down, and it couldn't fly anymore. The beast was cleaned into submission.","魔力の残滓で汚れていたコウモリの翼が、強力な洗浄サイクルによって白く洗い直された。急激な浸水によって翼は重くなり、もはや飛ぶことは叶わなかった。魔物は清潔さと引き換えに自由を失った。","蝙蝠那沾染着魔力残渣的双翼在强力洗涤周期下被重新洗得洁白。由于突然的浸水，双翼变得沉重，再也无法飞翔。魔物以清洁为代价失去了自由。","Крылья летучей мыши были испачканы магическим осадком, но цикл стирки удалил его. Внезапное замачивание утяжелило их, и она больше не могла летать. Зверь был принужден к покорности чистотой.","Las alas del murciélago estaban manchadas de residuos mágicos, pero el ciclo de lavado los eliminó. El remojo repentino las hizo pesadas y ya no pudo volar. La bestia fue limpiada hasta someterla.","As asas do morcego estavam manchadas com resíduos mágicos, mas o ciclo de lavagem removeu-os. A imersão repentina tornou-as pesadas e ele já não conseguia voar. A besta foi limpa até à submissão.","Die Flügel der Fledermaus waren mit magischen Rückständen befleckt, aber der Waschgang streifte sie ab. Das plötzliche Einweichen machte sie schwerfällig, und sie konnte nicht mehr fliegen. Die Bestie wurde in die Unterwerfung gereinigt.","마력의 잔해로 더러워졌던 박쥐의 날개가 강력한 세탁 사이클에 의해 하얗게 세탁되었습니다. 급격한 침수로 인해 날개가 무거워졌고, 더 이상 날 수 없게 되었습니다. 마물은 청결함과 맞바꾸어 자유를 잃었습니다."
"MSG_C_LAUNDRY_C_WIN","The cobra found itself caught in a high-speed spin cycle. Its scales were polished to a shine, but its internal organs couldn't handle the centrifugal force. The serpent was left sparkling and motionless.","コブラはいつの間にか、高速回転する洗濯槽の中に閉じ込められていた。鱗は美しく磨き上げられたが、内臓は遠心力の暴力に耐えられなかった。蛇は宝石のような輝きを放ったまま、静かに沈黙した。","眼镜蛇不知不觉间被困在了高速旋转的洗衣槽里。鳞片被磨砺得十分美丽，但内脏无法承受离心力的暴力。长蛇闪耀着如宝石般的光辉，静静地陷入了沈默。","Кобра оказалась в цикле высокоскоростного отжима. Ее чешуя была отполирована до блеска, но внутренние органы не выдержали центробежной силы. Змея осталась сверкающей и неподвижной.","La cobra se vio atrapada en un ciclo de centrifugado de alta velocidad. Sus escamas fueron pulidas hasta brillar, pero sus órganos internos no pudieron soportar la fuerza centrífuga. La serpiente quedó reluciente e inmóvil.","A cobra viu-se apanhada num ciclo de centrifugação de alta velocidade. As suas escamas foram polidas até brilharem, mas os seus órgãos internos não aguentaram a força centrífuga. A serpente ficou cintilante e imóvel.","Die Kobra geriet in einen Hochgeschwindigkeits-Schleudergang. Ihre Schuppen wurden auf Hochglanz poliert, aber ihre inneren Organe hielten der Zentrifugalkraft nicht stand. Die Schlange blieb funkelnd und regungslos zurück.","코브라는 어느새 고속 회전하는 세탁조 안에 갇혀 있었습니다. 비늘은 아름답게 연마되었지만, 내장은 원심력의 폭력을 견디지 못했습니다. 뱀은 보석 같은 광채를 발산한 채 조용히 침묵했습니다."
"MSG_C_LAUNDRY_D_WIN","You washed away the soot and ash from the dragon's scales, revealing its hidden weakness. The detergent reacted with its magical fire, extinguishing its breath forever. The legend ended with a fresh, floral scent.","ドラゴンの鱗にこびりついた煤と灰を洗い流し、隠されていた弱点を露呈させた。洗剤が魔力の炎と化学反応を起こし、その息吹を永遠に封じ込めた。伝説の怪物は、清潔な花の香りと共にその幕を閉じた。","洗净了巨龙鳞片上附着的煤烟和灰烬，使其隐藏的弱点暴露。洗涤剂与魔力之火发生化学反应，永远封印了它的吐息。传说中的怪物随着清新的花香落下了帷幕。","Вы смыли сажу и пепел с чешуи дракона, обнажив его скрытую слабость. Моющее средство вступило в реакцию с его магическим огнем, навсегда потушив его дыхание. Легенда закончилась свежим цветочным ароматом.","Lavaste el hollín y la ceniza de las escamas del dragón, revelando su debilidad oculta. El detergente reaccionó con su fuego mágico, extinguiendo su aliento para siempre. La leyenda terminó con un aroma fresco y floral.","Lavou a fuligem e a cinza das escamas do dragão, revelando a sua fraqueza oculta. O detergente reagiu com o seu fogo mágico, extinguindo o seu sopro para sempre. A lenda terminou com um aroma fresco e floral.","Sie wuschen den Ruß und die Asche von den Schuppen des Drachens ab und enthüllten so seine verborgene Schwäche. Das Waschmittel reagierte mit seinem magischen Feuer und löschte seinen Atem für immer aus. Die Legende endete mit einem frischen, blumigen Duft.","드래곤의 비늘에 들러붙은 그을음과 재를 씻어내어 숨겨져 있던 약점을 노출시켰습니다. 세제가 마력의 불꽃과 화학 반응을 일으켜 그 숨결을 영원히 봉쇄했습니다. 전설의 괴물은 청결한 꽃향기와 함께 막을 내렸습니다."
"MSG_C_LAUNDRY_E_LOSS","The Ent absorbed the laundry water and the detergent acted like a growth booster. It flourished and grew even larger, its branches reaching out to crush you. Your attempt to 'clean' the forest only made it stronger.","エントは洗濯水をすべて吸収し、洗剤はまるで成長促進剤のような役割を果たした。古木はさらに巨大化し、その枝は怒りとともにあなたを押し潰した。森を「掃除」しようとした無謀な試みは、逆効果に終わった。","树精吸收了所有的洗涤水，洗涤剂反而起到了类似助长剂的作用。古树变得更加庞大，其枝条带着愤怒将你碾碎。想要“清理”森林的鲁莽尝试适得其反。","Энт впитал мыльную воду, и моющее средство сработало как стимулятор роста. Он расцвел и стал еще больше, его ветви потянулись, чтобы раздавить вас. Ваша попытка «очистить» лес только сделала его сильнее.","El ent absorbió el agua del lavado y el detergente actuó como un potenciador del crecimiento. Floreció y creció aún más, con sus ramas extendiéndose para aplastarte. Tu intento de 'limpiar' el bosque solo lo hizo más fuerte.","O ent absorveu a água da lavagem e o detergente funcionou como um estimulante de crescimento. Floresceu e cresceu ainda mais, com os seus ramos a estenderem-se para o esmagar. A sua tentativa de 'limpar' a floresta apenas a tornou mais forte.","Der Ent absorbierte das Waschwasser, und das Waschmittel wirkte wie ein Wachstumsbeschleuniger. Er blühte auf und wurde noch größer, seine Äste streckten sich aus, um Sie zu zerquetschen. Ihr Versuch, den Wald zu „reinigen“, machte ihn nur noch stärker.","엔트는 세탁수를 모두 흡수했고, 세제는 마치 성장 촉진제와 같은 역할을 했습니다. 고목은 더욱 거대해졌고, 그 가지는 분노와 함께 당신을 짓눌렀습니다. 숲을 '청소'하려던 무모한 시도는 역효과로 끝났습니다."
"MSG_C_LAUNDRY_F_WIN","The fly tried to dodge the soapy droplets, but was caught in a tsunami of foam. It was drowned in the refreshing lather and washed down the drain. The pest met a bubbly and efficient end.","ハエは飛び交う石鹸の滴を避けようとしたが、迫りくる泡の津波に飲み込まれた。洗剤のラザー（泡）に溺れ、排水口へと無残に姿を消した。害虫の最期は、清潔で、それでいて効率的なものだった。","苍蝇试图躲避飞溅的肥皂水滴，却被逼近的泡沫海啸所吞噬。它溺亡在洗涤剂的泡沫中，凄惨地消失在排水口。害虫的终焉既清洁又高效。","Муха пыталась увернуться от мыльных капель, но попала в цунами из пены. Она утонула в освежающей пене и была смыта в канализацию. Вредитель встретил пузырящийся и эффективный конец.","La mosca intentó esquivar las gotas de jabón, pero fue atrapada por un tsunami de espuma. Se ahogó en la refrescante espuma y fue arrastrada por el desagüe. La plaga tuvo un final burbujeante y eficiente.","A mosca tentou esquivar-se das gotas de sabão, mas foi apanhada por um tsunami de espuma. Morreu afogada na espuma refrescante e foi levada pelo ralo. A praga teve um fim borbulhante e eficiente.","Die Fliege versuchte, den Seifentropfen auszuweichen, wurde aber von einem Tsunami aus Schaum erfasst. Sie ertrank im erfrischenden Schaum und wurde in den Abfluss gespült. Der Schädling fand ein schaumiges und effizientes Ende.","파리는 날아다니는 비누 방울을 피하려 했지만, 다가오는 거품 해일 속으로 빨려 들어갔습니다. 세제 거품에 빠져 배수구로 비참하게 사라졌습니다. 해충의 최후는 청결하면서도 효율적이었습니다."
"MSG_C_LAUNDRY_G_WIN","The goblin's stinking rags were thoroughly laundered while it was still wearing them. The shock of being clean was too much for its vile spirit, and it collapsed in a pile of fresh cotton. The dungeon smelled better for a moment.","ゴブリンが身に纏っていた不潔なボロ布が、着衣のまま徹底的に洗濯された。身体が受けてしまった「清潔さ」の衝撃に奴の邪悪な精神は耐えられず、その場に崩れ落ちた。地牢には一瞬だけ、柔軟剤の香りが漂った。","哥布林身上裹着的肮脏破布在它还穿着的情况下被彻底洗涤了。它的邪恶精神无法承受身体受到的“清洁”冲击，当场瘫倒。地牢里瞬间飘荡起一抹柔顺剂的清香。","Вонючие лохмотья гоблина были тщательно выстираны прямо на нем. Шок от чистоты был слишком силен для его подлого духа, и он рухнул в кучу свежего хлопка. В подземелье на мгновение стало пахнуть лучше.","Los harapos pestilentes del goblin fueron lavados a fondo mientras aún los llevaba puestos. El impacto de estar limpio fue demasiado para su espíritu vil, y colapsó en una pila de algodón fresco. El calabozo olió mejor por un momento.","Os farrapos fedorentos do goblin foram cuidadosamente lavados enquanto ele ainda os usava. O choque de estar limpo foi demais para o seu espírito vil e ele colapsou numa pilha de algodão fresco. A masmorra cheirou melhor por um momento.","Die stinkenden Lumpen des Goblins wurden gründlich gewaschen, während er sie noch trug. Der Schock, sauber zu sein, war zu viel für seinen abscheulichen Geist, und er brach auf einem Haufen frischer Baumwolle zusammen. Der Kerker roch für einen Moment besser.","고블린이 몸에 걸치고 있던 불결한 누더기가 입은 채로 철저히 세탁되었습니다. 신체가 겪게 된 '청결함'의 충격에 그의 사악한 정신은 견디지 못하고 그 자리에 쓰러졌습니다. 던전에는 아주 잠깐 동안 섬유 유연제 향기가 감돌았습니다."
"MSG_C_LAUNDRY_H_WIN","A wave of high-speed spray soaked the harpy's feathers to the core. She found herself unable to maintain her balance in the air as her wings became sodden. The sky queen was cleaned and grounded simultaneously.","高速で噴射された水流が、ハーピーの羽を芯まで濡らし尽くした。水を含んで重くなった翼では均衡を保つことができず、彼女は空中から見苦しく墜落した。空の女王は、清掃と同時にその翼をも奪われた。","高速喷射的水流将哈皮的羽毛彻底淋湿。由于双翼含水变沉而无法维持平衡，她从空中狼狈坠落。天空之女王在被清理的同时，也被夺走了双翼。","Волна высокоскоростных брызг пропитала перья гарпии до самого основания. Она не смогла удерживать равновесие в воздухе, так как ее крылья намокли. Королева небес была одновременно очищена и приземлена.","Una ola de rocío a alta velocidad empapó las plumas de la arpía hasta la médula. Se vio incapaz de mantener el equilibrio en el aire mientras sus alas se empapaban. La reina del cielo fue limpiada y derribada simultáneamente.","Uma vaga de spray de alta velocidade ensopou as penas da harpia até ao âmago. Ela viu-se incapaz de manter o equilíbrio no ar à medida que as suas asas ficavam encharcadas. A rainha do céu foi limpa e imobilizada simultaneamente.","Eine Welle aus Hochgeschwindigkeits-Gischt durchtränkte die Federn der Harpyie bis auf die Haut. Sie war nicht mehr in der Lage, ihr Gleichgewicht in der Luft zu halten, da ihre Flügel klatschnass wurden. Die Himmelskönigin wurde gleichzeitig gereinigt und auf den Boden gezwungen.","고속으로 분사된 수류가 하피의 깃털을 속까지 적셨습니다. 물을 머금어 무거워진 날개로는 균형을 잡을 수 없었고, 그녀는 공중에서 꼴사납게 추락했습니다. 하늘의 여왕은 청소와 동시에 그 날개마저 빼앗겼습니다."
"MSG_C_LAUNDRY_I_LOSS","The imp used the soapy water to create a field of slippery illusions that confused your aim. He laughed as you stumbled over the foam, the detergent only serving to mask the prankster's true location.","インプは石鹸水を媒介にして滑りやすい幻覚のフィールドを作り出し、あなたの狙いを狂わせた。泡に足を取られてよろめくあなたを奴は嘲笑い、洗剤は悪戯っ子の真の居場所を隠すカーテンへと成り下がった。","小恶魔利用肥皂水制造了一片滑溜的幻觉场，扰乱了你的瞄准。它嘲笑着在泡沫中踉跄的你，洗涤剂仅沦为了掩盖这个捣蛋鬼真实位置的屏障。","Бес использовал мыльную воду для создания поля скользких иллюзий, которые сбили ваш прицел. Он смеялся, пока вы спотыкались о пену, а моющее средство лишь помогало скрыть истинное местоположение шутника.","El imp usó el agua jabonosa para crear un campo de ilusiones resbaladizas que confundieron tu puntería. Se rió mientras tropezabas con la espuma, el detergente solo servía para ocultar la verdadera ubicación del bromista.","O imp usou a água com sabão para criar um campo de ilusões escorregadias que confundiram a sua pontaria. Ele riu-se enquanto você tropeçava na espuma, o detergente servindo apenas para mascarar a verdadeira localização do brincalhão.","Der Imp nutzte das Seifenwasser, um ein Feld aus schlüpfrigen Illusionen zu erschaffen, die Ihr Ziel verwirrten. Er lachte, während Sie über den Schaum stolperten, wobei das Waschmittel nur dazu diente, den wahren Aufenthaltsort des Schelms zu verschleiern.","임프는 비눗물을 매개로 미끄러운 환각 필드를 만들어 당신의 조준을 방해했습니다. 거품에 발이 걸려 비틀거리는 당신을 비웃으며, 세제는 장난꾸러기의 진짜 위치를 숨기는 커튼이 되어 버렸습니다."
"MSG_C_LAUNDRY_J_LOSS","The jelly's translucent body absorbed the detergent and turned into a toxic, bubbling soup. While it lost its solid form, the chemical reaction released poisonous gases that overwhelmed you. The laundry attempt created a biohazard.","ジェリーの半透明な身体が洗剤を吸収し、不気味に泡立つ有毒なスープへと変貌した。形は失われたものの、化学反応によって発生した有毒ガスがあなたを包み込んだ。洗濯の試みは、最悪のバイオハザードを招いた。","果冻怪半透明的身体吸收了洗涤剂，变异成了诡异冒泡的有毒浓汤。虽然失去了形状，但化学反应产生的有毒气体将你包围。洗衣的尝试招致了最严重的生化危机。","Полупрозрачное тело желе впитало моющее средство и превратилось в токсичный, пузырящийся суп. Хотя оно потеряло твердую форму, химическая реакция высвободила ядовитые газы, которые одолели вас. Попытка стирки создала биологическую опасность.","El cuerpo translúcido de la gelatina absorbió el detergente y se convirtió en una sopa tóxica y burbujeante. Aunque perdió su forma sólida, la reacción química liberó gases venenosos que te abrumaron. El intento de lavado creó un riesgo biológico.","O corpo translúcido da geleia absorveu o detergente e transformou-se numa sopa tóxica e borbulhante. Embora tenha perdido a sua forma sólida, a reação química libertou gases venenosos que o sobrecarregaram. A tentativa de lavagem criou um perigo biológico.","Der durchsichtige Körper des Gelees absorbierte das Waschmittel und verwandelte sich in eine giftige, sprudelnde Suppe. Obwohl er seine feste Form verlor, setzte die chemische Reaktion giftige Gase frei, die Sie überwältigten. Der Waschversuch verursachte eine Biogefährdung.","젤리의 반투명한 신체가 세제를 흡수하여 불길하게 거품이 이는 유독한 수프로 변했습니다. 형태는 잃었지만 화학 반응으로 인해 발생한 유독 가스가 당신을 덮쳤습니다. 세탁 시도는 최악의 바이오하자드를 초래했습니다."
"MSG_C_LAUNDRY_K_WIN","The kobold's dense fur took in the soapy water, making it too heavy to move. It struggled to stand as its natural oils were stripped away by the detergent. The warrior was defeated by its' own hygiene.","コボルドの密集した体毛が石鹸水をたっぷりと含分、動くことすら不可能な重荷となった。天然の皮脂を洗剤で奪われ、魔物は戦う意志を失って震え上がった。戦士は、自分自身の清潔さによって敗北した。","狗头人密集的体毛吸收了充足的肥皂水，变成了甚至无法动弹的重担。由于天然皮脂被洗涤剂夺走，魔物失去了战斗意志，瑟瑟发抖。战士败在了它自己的清洁度上。","Густой мех кобольда впитал мыльную воду, став слишком тяжелым для движения. Он с трудом стоял, так как моющее средство смыло его естественные жиры. Воин был побежден собственной гигиеной.","El denso pelaje del kobold absorbió el agua jabonosa, volviéndose demasiado pesado para moverse. Luchó por mantenerse en pie mientras el detergente eliminaba sus aceites naturales. El guerrero fue derrotado por su propia higiene.","O pelo denso do kobold absorveu a água com sabão, tornando-se demasiado pesado para se mover. Ele lutou para se manter em pé enquanto os seus óleos naturais eram removidos pelo detergente. O guerreiro foi derrotado pela sua própria higiene.","Das dichte Fell des Kobolds saugte das Seifenwasser auf, wodurch es zu schwer zum Bewegen wurde. Er hatte Mühe zu stehen, da seine natürlichen Fette durch das Waschmittel entzogen wurden. Der Krieger wurde durch seine eigene Hygiene besiegt.","코볼트의 밀집된 체모가 비눗물을 듬뿍 머금어 움직이는 것조차 불가능한 짐이 되었습니다. 천연 피지를 세제에 빼앗기자 마물은 전의를 상실하고 벌벌 떨었습니다. 전사는 자기 자신의 청결함 때문에 패배했습니다."
"MSG_C_LAUNDRY_L_WIN","The lizard's scales were treated with a special degreasing agent, making them dry and brittle. It could no longer slip through your grasp and was easily handled. The cold-blooded hunter was cleaned out of the fight.","リザードの鱗が特殊な脱脂剤で洗われ、カサカサに乾いて脆くなった。もはや獲物のようにすり抜けることはできず、魔物は容易に捕らえられた。冷血な狩人は、清掃作業の一環として処理された。","蜥蜴的鳞片被特种脱脂剂洗涤，变得干巴巴且脆弱。它再也不能像以前那样滑溜溜地逃走，而是被轻而易举地捕获了。冷血猎手作为清理工作的一部分被处理掉了。","Чешуя ящерицы была обработана специальным обезжиривающим средством, что сделало ее сухой и ломкой. Она больше не могла выскользнуть из ваших рук, и с ней было легко справиться. Хладнокровный охотник был выбит из боя чисткой.","Las escamas del lagarto fueron tratadas con un agente desengrasante especial, volviéndolas secas y quebradizas. Ya no podía escabullirse de tu agarre y fue manejado fácilmente. El cazador de sangre fría fue eliminado del combate por la limpieza.","As escamas do lagarto foram tratadas com um agente desengordurante especial, tornando-as secas e quebradiças. Ele já não conseguia escapar do seu aperto e foi facilmente manuseado. O caçador de sangue frio foi eliminado do combate pela limpeza.","Die Schuppen der Eidechse wurden mit einem speziellen Entfettungsmittel behandelt, wodurch sie trocken und brüchig wurden. Sie konnte Ihnen nicht mehr entgleiten und wurde leicht überwältigt. Der kaltblütige Jäger wurde aus dem Kampf herausgereinigt.","리자드의 비늘이 특수 탈지제로 세척되어 푸석푸석하게 마르고 부서지기 쉬워졌습니다. 이제 먹잇감처럼 빠져나갈 수 없게 된 마물은 쉽게 사로잡혔습니다. 냉혈한 사냥꾼은 청소 작업의 일환으로 처리되었습니다."
"MSG_C_LAUNDRY_M_LOSS","The mummy's ancient bandages absorbed the laundry water and turned into a heavy, sodden mass that it used as a crushing weapon. It lunged forward, the weight of the wet wrappings making its' strike even more devastating.","マミーの古びた包帯は洗濯水を吸収し、重く湿った打撃武器へと変貌した。魔物はその重圧を乗せて突進し、濡れた包帯の重みは皮肉にもその一撃をより破壊的なものへと変えた。","木乃伊古老的绷带吸收了洗衣水，变成了重而湿润的打击武器。魔物带着这份重压冲锋，湿透绷带的重量讽刺地令其一击变得更具破坏性。","Древние бинты мумии впитали воду для стирки и превратились в тяжелую, промокшую массу, которую она использовала как дробящее оружие. Она рванулась вперед, и вес мокрых обмоток сделал ее удар еще более разрушительным.","Las antiguas vendas de la momia absorbieron el agua del lavado y se convirtieron en una masa pesada y empapada que usó como arma contundente. Se lanzó hacia adelante, y el peso de las vendas mojadas hizo que su golpe fuera aún más devastador.","As antigas ligaduras da múmia absorveram a água da lavagem e transformaram-se numa massa pesada e ensopada que ela usou como arma de esmagamento. Ela avançou, e o peso das ligaduras molhadas tornou o seu golpe ainda mais devastador.","Die uralten Bandagen der Mumie saugten das Waschwasser auf und verwandelten sich in eine schwere, durchnässte Masse, die sie als Schlagwaffe einsetzte. Sie stürmte vorwärts, wobei das Gewicht der nassen Umwicklungen ihren Schlag noch verheerender machte.","미라의 낡은 붕대는 세탁수를 흡수하여 무겁고 젖은 타격 무기로 변모했습니다. 마물은 그 중압감을 싣고 돌진했고, 젖은 붕대의 무게는 아이러니하게도 그 일격을 더욱 파괴적으로 만들었습니다."
"MSG_C_LAUNDRY_N_LOSS","The naga's magical power allowed her to manipulate the laundry water into a defensive shield. Your attempt to clean her only provided more ammunition for her wave attacks. The serpent queen remained pristinely dangerous.","ナーガの魔力は、洗濯水を自在に操り防御シールドへと変えてしまった。彼女を洗おうという試みは、結果として強力な水流攻撃の弾薬を提供したに過ぎなかった。蛇の女王は、汚れ一つなく、そして致命的だった。","纳迦的魔力可以自在地操控洗衣水并将其转化为防御护盾。想要清洗她的尝试，其结果不过是为她提供了强力水流攻击的弹药。蛇之女王不仅一尘不染，而且致命。","Магическая сила наги позволила ей превратить мыльную воду в защитный щит. Ваша попытка очистить ее лишь дала ей больше боеприпасов для ее волновых атак. Королева змей осталась безупречно опасной.","El poder mágico de la naga le permitió manipular el agua del lavado para formar un escudo defensivo. Tu intento de limpiarla solo le proporcionó más munición para sus ataques de olas. La reina serpiente siguió siendo prístinamente peligrosa.","O poder mágico da naga permitiu-lhe manipular a água da lavagem para formar um escudo defensivo. A sua tentativa de limpá-la apenas forneceu mais munições para os seus ataques de ondas. A rainha serpente permaneceu pristinamente perigosa.","Die magische Kraft der Naga erlaubte es ihr, das Waschwasser in einen Verteidigungsschild zu verwandeln. Ihr Versuch, sie zu reinigen, lieferte ihr nur noch mehr Munition für ihre Wellenangriffe. Die Schlangenkönigin blieb makellos gefährlich.","나가의 마력은 세탁수를 자유자재로 다루어 방어 실드로 바꾸어 버렸습니다. 그녀를 씻기려던 시도는 결과적으로 강력한 수류 공격의 탄약을 제공한 셈이 되었습니다. 뱀의 여왕은 티끌 하나 없이 깨끗했고, 그리고 치명적이었습니다."
"MSG_C_LAUNDRY_O_LOSS","The orc ignored the torrent of soapy water and charged straight through the foam. The detergent only served to sting your own eyes in the humid air of the dungeon. Your laundry tactic failed against raw, unwashed strength.","オークは石鹸水の激流を無視し、泡の壁を力任せに突き破ってきた。洗剤は湿った空気の中であなたの目に入り、視界を奪うという皮肉な結果を招いた。不潔な怪力の前では、洗濯という戦術は何の役にも立たなかった。","兽人无视了肥皂水的激流，凭蛮力冲破了泡沫墙。洗涤剂在潮湿的空气中进入了你的眼睛，讽刺地夺走了你的视线。在不洁的怪力面前，洗衣服这种战术毫无用武之地。","Орк проигнорировал поток мыльной воды и бросился прямо сквозь пену. Моющее средство лишь щипало ваши собственные глаза во влажном воздухе подземелья. Ваша тактика стирки не сработала против грубой, немытой силы.","El orco ignoró el torrente de agua jabonosa y cargó directamente a través de la espuma. El detergente solo sirvió para irritar tus propios ojos en el aire húmedo del calabozo. Tu táctica de lavado falló contra la fuerza bruta sin lavar.","O orc ignorou a torrente de água com sabão e investiu diretamente através da espuma. O detergente serviu apenas para irritar os seus próprios olhos no ar húmido da masmorra. A sua tática de lavagem falhou contra a força bruta não lavada.","Der Ork ignorierte den Schwall Seifenwasser und stürmte direkt durch den Schaum. Das Waschmittel diente nur dazu, in Ihren eigenen Augen in der feuchten Luft des Kerkers zu brennen. Ihre Waschtaktik scheiterte an roher, ungewaschener Kraft.","오크는 비눗물의 격류를 무시하고 거품 벽을 힘으로 돌파해 왔습니다. 세제는 던전의 습한 공기 속에서 당신의 눈에 들어가 시야를 가리는 비극적인 결과를 초래했습니다. 불결한 괴력 앞에서는 세탁이라는 전술이 아무런 소용이 없었습니다."
"MSG_C_LAUNDRY_P_WIN","The pixie's delicate gossip wings were cleared of fairy dust by the laundry cycle. She found herself unable to stabilize her flight and spun into a pile of clean laundry. The mischievous sprite's tricks were washed out.","ピクシーの繊細な翼に付着した妖精の粉が、洗濯サイクルによって徹底的に洗い流された。彼女は飛行の安定を保てなくなり、綺麗な洗濯物の山へと墜落した。お茶目な妖精の悪戯は、水と共に流れ去った。","小仙女纤细双翼上附着的妖精粉末被洗涤周期彻底冲刷干净。她再也无法保持飞行稳定，坠落进了一堆洁净的衣物里。爱闹腾的妖精的恶作劇随水而逝。","Нежные крылья пикси были очищены от волшебной пыльцы циклом стирки. Она не смогла стабилизировать свой полет и влетела в кучу чистого белья. Трюки озорного духа были смыты.","Las delicadas alas de la pixie fueron limpiadas de polvo de hadas por el ciclo de lavado. Se vio incapaz de estabilizar su vuelo y giró hasta caer en un montón de ropa limpia. Los trucos de la traviesa duendecilla fueron lavados.","As asas delicadas da pixie foram limpas do pó de fada pelo ciclo de lavagem. Ela viu-se incapaz de estabilizar o seu voo e caiu numa pilha de roupa limpa. Os truques da fada traquina foram lavados.","Die zarten Flügel der Pixie wurden durch den Waschgang vom Feenstaub befreit. Sie war nicht mehr in der Lage, ihren Flug zu stabilisieren, und trudelte in einen Haufen sauberer Wäsche. Die Tricks der schelmischen Elfe wurden weggewaschen.","픽시의 섬세한 날개에 묻어 있던 요정 가루가 세탁 사이클에 의해 철저히 씻겨 나갔습니다. 그녀는 비행 안정을 유지할 수 없게 되어 깨끗한 세탁물 더미 위로 추락했습니다. 장난꾸러기 요정의 장난은 물과 함께 흘러갔습니다."
"MSG_C_LAUNDRY_Q_LOSS","The coeurl's conductive fur and the soapy water created a lethal short circuit. Lightning sparked unpredictably, striking you instead of the monster. The high-speed beast thrived in the electrical chaos you created.","クアールの導電性の毛皮と石鹸水が、致命的なショートを引き起こした。稲妻は予期せぬ方向へと走り、あなたを直撃した。高速の捕食者は、あなたが作り出した電気的な混乱の中を悠々と泳ぎ回った。","夸尔的导电皮毛与肥皂水引发了致命的短路。雷光向着预料之外的方向狂奔，直击了你。高速掠食者在你制造出的电气混乱中悠然自得地游走。","Проводящий мех куэрла и мыльная вода создали смертоносное короткое замыкание. Молнии вспыхивали непредсказуемо, поражая вас вместо монстра. Скоростной зверь процветал в созданном вами электрическом хаосе.","El pelaje conductor del coeurl y el agua jabonosa crearon un cortocircuito letal. Los rayos saltaron de forma impredecible, golpeándote a ti en lugar de al monstruo. La bestia veloz prosperó en el caos eléctrico que creaste.","O pelo condutor do coeurl e a água com sabão criaram um curto-circuito letal. O relâmpago faiscou de forma imprevisível, atingindo-o a si em vez do monstro. A besta de alta velocidade prosperou no caos elétrico que criou.","Das leitfähige Fell des Coeurls und das Seifenwasser verursachten einen tödlichen Kurzschluss. Blitze sprühten unvorhersehbar und trafen Sie anstelle des Monsters. Die Hochgeschwindigkeits-Bestie blühte in dem von Ihnen geschaffenen elektrischen Chaos förmlich auf.","쿠알의 전도성 모피와 비눗물이 치명적인 쇼트를 일으켰습니다. 번개는 예기치 않은 방향으로 달려 당신을 직격했습니다. 고속 포식자는 당신이 만들어낸 전기적 혼란 속을 여유롭게 헤엄쳐 다녔습니다."
"MSG_C_LAUNDRY_R_LOSS","The rats simply paddled through the foam and used the detergent to sharpen their scent. Your attempt to drown them in bubbles only created a more efficient breed of clean scavenger. The pack swarmed you through the suds.","ラットの群れは易々と泡の中を泳ぎ、むしろ洗剤で自身の嗅覚を研ぎ澄ませた。泡に沈めようという試みは、清潔でより抜け目のないスカベンジャーを生んだだけだった。群れは泡をかき分け、あなたへと殺到した。","鼠群轻易地在泡沫中游泳，反而利用洗涤剂磨砺了自己的嗅觉。试图让它们沈入泡沫的尝试，仅仅产生了一群更洁净也更狡黠的清道夫。鼠群拨开泡沫，向你杀来。","Крысы просто плыли сквозь пену и использовали моющее средство, чтобы обострить свое обоняние. Ваша попытка утопить их в пузырьках лишь создала более эффективную породу чистых стервятников. Стая окружила вас сквозь мыльную пену.","Las ratas simplemente nadaron a través de la espuma y usaron el detergente para agudizar su olfato. Tu intento de ahogarlas en burbujas solo creó una raza más eficiente de carroñeros limpios. La manada te rodeó a través de la espuma.","Os ratos simplesmente nadaram através da espuma e usaram o detergente para aguçar o seu olfato. A sua tentativa de os afogar em bolhas apenas criou uma linhagem mais eficiente de necrófagos limpos. A alcateia enxameou-o através da espuma.","Die Ratten paddelten einfach durch den Schaum und nutzten das Waschmittel, um ihren Geruchssinn zu schärfen. Ihr Versuch, sie in Blasen zu ertränken, schuf nur eine effizientere Art von sauberen Aasfressern. Das Rudel umschwärmte Sie durch die Seifenlauge.","래트 무리는 유유히 거품 속을 헤엄쳤고, 오히려 세제로 자신의 후각을 연마했습니다. 거품 속에 가두려던 시도는 청결하고 더 영리한 스캐빈저를 낳았을 뿐이었습니다. 무리는 거품을 헤치고 당신에게 쇄도했습니다."
"MSG_C_LAUNDRY_S_LOSS","The slime absorbed the detergent into its mass and grew into an even larger pile of bubbles. The chemical reaction made the monster more elastic and harder to contain. Your laundry day became a sticky disaster.","スライムは洗剤をその身体に取り込み、さらに巨大な泡の塊へと成長した。化学反応によって怪物の弾力性は増し、もはや誰にも止めることはできなかった。洗濯の日は、粘ついて手に負えない大惨事と化した。","史莱姆将洗涤剂吸入体内，成长为了一团更庞大的泡沫。化学反应增强了怪物的弹性，再也无人能阻。洗衣日化作了一场粘稠且无法收拾的大灾难。","Слизень впитал моющее средство в свою массу и превратился в еще более огромную гору пузырей. Химическая реакция сделала монстра более эластичным и трудным для удержания. Ваш день стирки превратился в липкую катастрофу.","El slime absorbió el detergente en su masa y creció hasta convertirse en una pila de burbujas aún más grande. La reacción química hizo al monstruo más elástico y difícil de contener. Tu día de lavandería se convirtió en un desastre pegajoso.","O slime absorveu o detergente na sua massa e cresceu numa pilha de bolhas ainda maior. A reação química tornou o monstro mais elástico e difícil de conter. O seu dia de lavandaria tornou-se um desastre pegajoso.","Der Schleim absorbierte das Waschmittel in seine Masse und wuchs zu einem noch größeren Haufen Blasen heran. Die chemische Reaktion machte das Monster elastischer und schwerer zu bändigen. Ihr Waschtag wurde zu einer klebrigen Katastrophe.","슬라임은 세제를 신체에 받아들여 더욱 거대한 거품 덩어리로 성장했습니다. 화학 반응으로 인해 괴물의 탄력은 더해졌고, 이제 누구도 막을 수 없게 되었습니다. 세탁하는 날은 끈적거려 감당할 수 없는 대참사로 변했습니다."
"MSG_C_LAUNDRY_T_LOSS","The troll found the soapy floors to be a minor annoyance as it stomped toward you. Its skin was so thick that the chemicals couldn't even cause a rash. The regenerating brute crushed your supplies with ease.","トロールにとって石鹸まみれの床など、あなたの元へ進む際の僅かな障害に過ぎなかった。その皮膚はあまりに頑丈で、化学薬品によるかぶれさえも受け付けない。再生する怪物は、あなたの洗濯用具を容易に踏み潰した。","对于巨魔来说，落满肥皂的地板不过是向你走来时的微小阻碍。它的皮肤极其坚韧，连化学药品引发的皮疹都一概不理。再生的怪物轻而易举地踩碎了你的洗衣用具。","Тролль счел мыльные полы лишь незначительной помехой, пока топал к вам. Его кожа была настолько толстой, что химикаты не могли вызвать даже сыпи. Регенерирующий громила с легкостью раздавил ваши запасы.","El trol consideró los suelos jabonosos como una molestia menor mientras avanzaba hacia ti. Su piel era tan gruesa que los químicos ni siquiera pudieron causarle un sarpullido. El bruto regenerador aplastó tus suministros con facilidad.","O troll considerou os pisos com sabão uma pequena irritação enquanto marchava na sua direção. A sua pele era tão espessa que os produtos químicos nem sequer conseguiram causar uma erupção cutânea. O bruto regenerador esmagou os seus mantimentos com facilidade.","Der Troll empfand die seifigen Böden als geringfügiges Ärgernis, während er auf Sie zustampfte. Seine Haut war so dick, dass die Chemikalien nicht einmal einen Ausschlag verursachen konnten. Der regenerierende Unhold zertrümmerte mühelos Ihre Vorräte.","트롤에게 비누투성이 바닥 따위는 당신에게 다가가는 길의 사소한 장애물에 불과했습니다. 그 피부는 너무나 튼튼해서 화학 약품으로 인한 발진조차 일어나지 않았습니다. 재생하는 괴물은 당신의 세탁 도구를 쉽게 짓밟아 버렸습니다."
"MSG_C_LAUNDRY_U_LOSS","The spectral Undead were only made more visible by the bubbles, but were otherwise unhurt. They drifted through the water as if it were air, their malice unaffected by soap. You tried to clean the dead, but only washed your own fear.","実体のないアンデッドは泡によってその姿が強調されただけで、何のダメージも受けなかった。彼らは水の中を空気であるかのように漂い、石鹸など意にも留めない。あなたは死者を洗おうとしたが、洗われたのは自分の恐怖だけだった。","不死族虚幻的身影仅仅因泡沫而变得鲜明，并未受到任何伤害。它们在水中漂浮如在空气之中，根本不把肥皂放在眼里。你试图清洗死者，但洗掉的只有你自己的恐惧。","Призрачная нежить лишь стала более заметной из-за пузырьков, но в остальном не пострадала. Они плыли сквозь воду, как сквозь воздух, их злоба не зависела от мыла. Вы пытались очистить мертвых, но лишь отмыли собственный страх.","Los No Muertos espectrales solo se hicieron más visibles por las burbujas, pero por lo demás resultaron ilesos. Se desplazaban a través del agua como si fuera aire, su malicia no se vio afectada por el jabón. Intentaste limpiar a los muertos, pero solo lavaste tu propio miedo.","Os Mortos-Vivos espetrais apenas se tornaram mais visíveis devido às bolhas, mas de resto não sofreram danos. Flutuaram através da água como se fosse ar, a sua malícia não foi afetada pelo sabão. Tentou limpar os mortos, mas apenas lavou o seu próprio medo.","Die spektralen Untoten wurden durch die Blasen nur sichtbarer, blieben aber ansonsten unversehrt. Sie trieben durch das Wasser, als wäre es Luft, wobei ihre Bosheit von Seife unbeeinflusst blieb. Sie versuchten, die Toten zu reinigen, aber wuschen nur Ihre eigene Angst weg.","실체가 없는 언데드는 거품에 의해 그 모습이 강조되었을 뿐, 아무런 대미지도 입지 않았습니다. 그들은 물속을 공기인 것처럼 떠다니며 비누 따위는 안중에도 없었습니다. 당신은 죽은 자를 씻기려 했지만, 씻겨 나간 것은 자신의 공포뿐이었습니다."
"MSG_C_LAUNDRY_V_LOSS","The vampire shifted into mist and the laundry water simply passed through his form. He reappeared instantly, dry and immaculately dressed, to mock your hygiene-based combat. The noble refused to be washed away.","ヴァンパイアが霧へと変化すると、洗濯水は虚しくその身体を通り抜けていった。彼は一瞬で元の姿に戻り、一点の汚れもない服を整えて、あなたの稚拙な戦法を嘲笑った。貴族は、洗われることを拒絶した。","当吸血鬼化作雾气，洗衣水只能徒劳地穿过它的身体。它瞬间恢复原状，整理好纤尘不染的衣物，嘲笑着你那幼稚的战法。贵族拒绝被洗涤。","Вампир превратился в туман, и вода для стирки просто прошла сквозь него. Он мгновенно появился снова, сухой и безупречно одетый, чтобы высмеять ваш бой на основе гигиены. Дворянин отказался быть смытым.","El vampiro se transformó en niebla y el agua del lavado simplemente pasó a través de su forma. Reapareció instantáneamente, seco e inmaculadamente vestido, para burlarse de tu combate basado en la higiene. El noble se negó a ser lavado.","O vampiro transformou-se em névoa e a água da lavagem passou simplesmente através da sua forma. Reapareceu instantaneamente, seco e impecavelmente vestido, para gozar com o seu combate baseado na higiene. O nobre recusou ser lavado.","Der Vampir verwandelte sich in Nebel, und das Waschwasser ging einfach durch seine Gestalt hindurch. Er tauchte sofort wieder auf, trocken und tadellos gekleidet, um Ihren auf Hygiene basierenden Kampf zu verspotten. Der Adlige weigerte sich, weggewaschen zu werden.","뱀파이어가 안개로 변하자 세탁수는 허무하게 그 신체를 통과해 버렸습니다. 그는 순식간에 원래 모습으로 돌아와 한 점의 더러움도 없는 옷을 정돈하고는 당신의 치졸한 전법을 비웃었습니다. 귀족은 씻기는 것을 거부했습니다."
"MSG_C_LAUNDRY_W_LOSS","The wolf pack avoided the soapy puddles and circled you with predatory intent. Your focus on the laundry cycle left your blind spots wide open for their coordinated attack. The hunters remained dirty, wild, and victorious.","ウルフの群れは石鹸水の水たまりを巧妙に避け、捕食の意志を持ってあなたを包囲した。あなたが洗濯に気を取られている間に、死角は完全な無防備をさらけ出してしまった。狩人たちは、不潔な野性のまま勝利を収めた。","狼群巧妙地避开了肥皂水洼，满怀捕食意志地将你包围。当你在为洗衣服分神时，死角已彻底暴露在无防備之下。掠食者们以不洁野性的姿态夺取了胜利。","Волчья стая избегала мыльных луж и окружила вас с хищными намерениями. Ваше внимание к циклу стирки оставило ваши слепые зоны полностью открытыми для их скоординированной атаки. Охотники остались грязными, дикими и победившими.","La manada de lobos evitó los charcos jabonosos y te rodeó con intención depredadora. Tu enfoque en el ciclo de lavado dejó tus puntos ciegos abiertos para su ataque coordinado. Los cazadores permanecieron sucios, salvajes y victoriosos.","A alcateia de lobos evitou as poças de sabão e cercou-o com intenção predatória. O seu foco no ciclo de lavagem deixou os seus pontos cegos abertos para o ataque coordenado deles. Os caçadores permaneceram sujos, selvagens e vitoriosos.","Das Wolfsrudel mied die seifigen Pfützen und kreiste Sie mit räuberischer Absicht ein. Ihr Fokus auf den Waschgang ließ Ihre blinden Flecken offen für ihren koordinierten Angriff. Die Jäger blieben schmutzig, wild und siegreich.","울프 무리는 비눗물 웅덩이를 교묘히 피하며 포식의 의지를 가지고 당신을 포위했습니다. 당신이 세탁에 정신이 팔려 있는 동안 사각지대는 완전히 무방비 상태가 되었습니다. 사냥꾼들은 불결한 야성 그대로 승리를 거두었습니다."
"MSG_C_LAUNDRY_X_LOSS","Xalthis's exoskeleton was completely resistant to the corrosive nature of the detergent. It scuttled through the foam, its many legs providing perfect traction on the slippery floor. The predator cleaned you off the dungeon map.","ザルティスの外骨格は、洗剤の腐食性に対して完全な耐性を持っていた。奴は泡の中を自在に駆け抜け、無数の足が滑りやすい床でも完璧なグリップを発揮した。捕食者は、掃除される代わりにあなたをこの世から抹消した。","扎尔提斯的外骨骼对洗涤剂的腐蚀性具有完全的抗力。它在泡沫中自在穿梭，众多的足部即使在湿滑的地板上也能发挥完美的抓地力。掠食者非但没有被清理，反而将你从这世上抹除了。","Экзоскелет Залтиса был полностью устойчив к коррозийной природе моющего средства. Он метался сквозь пену, его многочисленные ноги обеспечивали идеальное сцепление на скользком полу. Хищник стер вас с карты подземелья.","El exoesqueleto de Xalthis era completamente resistente a la naturaleza corrosiva del detergente. Se escabulló a través de la espuma, sus muchas patas proporcionando una tracción perfecta en el suelo resbaladizo. El depredador te borró del mapa del calabozo.","O exoesqueleto de Xalthis era completamente resistente à natureza corrosiva do detergente. Ele esgueirou-se através da espuma, as suas muitas pernas proporcionando uma tração perfeita no chão escorregadio. O predador eliminou-o do mapa da masmorra.","Das Exoskelett von Xalthis war völlig resistent gegen die korrosive Natur des Waschmittels. Es huschte durch den Schaum, wobei seine vielen Beine auf dem rutschigen Boden perfekten Halt boten. Das Raubtier fegte Sie von der Karte des Kerkers.","자르티스의 외골격은 세제의 부식성에 대해 완전한 내성을 가지고 있었습니다. 그는 거품 속을 자유롭게 달려 나갔고, 무수한 다리는 미끄러운 바닥에서도 완벽한 접지력을 발휘했습니다. 포식자는 청소당하는 대신 당신을 이 세상에서 말소했습니다."
"MSG_C_LAUNDRY_Y_LOSS","The yeti's internal temperature froze the laundry water into a solid block of ice. It gripped the frozen mass and hurled it back at you with terrifying force. The king of the peaks didn't need a bath today.","イエティが放つ絶大な冷気が、洗濯水を一瞬で巨大な氷塊へと変えてしまった。魔物はその氷の塊を掴み、凄まじい力であなたへと投げ返してきた。雪山の王にとって、今日は入浴の日ではなかったようだ。","雪人散发的强大冷气瞬间将洗衣水变成了巨大的冰块。魔物抓起那团冰块，以惊人的力量向你投掷回来。对于雪山之王来说，今天似乎并不是个洗澡的日子。","Внутренняя температура йети мгновенно превратила воду для стирки в твердый блок льда. Он схватил замерзшую массу и швырнул ее обратно в вас с ужасающей силой. Королю пиков сегодня не нужна была ванна.","La temperatura interna del yeti congeló el agua del lavado en un bloque sólido de hielo. Agarró la masa congelada y te la lanzó de vuelta con una fuerza aterradora. El rey de las cumbres no necesitaba un baño hoy.","A temperatura interna do yeti congelou a água da lavagem num bloco sólido de gelo. Ele agarrou na massa congelada e atirou-a de volta para si com uma força aterradora. O rei dos picos não precisava de um banho hoje.","Die Innentemperatur des Yetis ließ das Waschwasser zu einem soliden Eisblock gefrieren. Er packte die gefrorene Masse und schleuderte sie mit schrecklicher Kraft auf Sie zurück. Der König der Gipfel brauchte heute kein Bad.","예티가 뿜어내는 엄청난 냉기가 세탁수를 순식간에 거대한 얼음 덩어리로 바꾸어 버렸습니다. 마물은 그 얼음 덩어리를 움켜쥐고 무시무시한 힘으로 당신에게 다시 던졌습니다. 설산의 왕에게 오늘은 목욕하는 날이 아니었던 모양입니다."
"MSG_C_LAUNDRY_Z_LOSS","The zombie's dead flesh only became more slippery and harder to grab as it was washed. It ignored the detergent and continued its slow, inevitable advance toward your throat. The living dead didn't mind being a little cleaner as it fed.","ゾンビの腐肉は洗われることでさらに滑りやすくなり、捕らえることが困難になった。奴は洗剤など気に留めず、ゆっくりと、しかし確実にあなたの喉元へと歩み寄り。動く死体は、清潔になりながらあなたの命を奪っていった。","僵尸的腐肉被洗涤后变得更加湿滑，更加难以抓捕。它根本不把洗涤剂放在眼里，缓慢但确实地向你的咽喉步步逼近。会动的尸体在一边变干净的同时一边夺走了你的性命。","Мертвая плоть зомби после мытья стала еще более скользкой и ее стало труднее схватить. Он игнорировал моющее средство и продолжал свое медленное, неизбежное продвижение к вашему горлу. Живой мертвец не возражал против того, чтобы стать немного чище во время еды.","La carne muerta del zombie solo se volvió más resbaladiza y difícil de agarrar mientras se lavaba. Ignoró el detergente y continuó su lento e inevitable avance hacia tu garganta. Al muerto viviente no le importó estar un poco más limpio mientras se alimentaba.","A carne morta do zombie apenas se tornou mais escorregadia e difícil de agarrar à medida que era lavada. Ele ignorou o detergente e continuou o seu avanço lento e inevitável em direção à sua garganta. O morto-vivo não se importou de estar um pouco mais limpo enquanto se alimentava.","Das tote Fleisch des Zombies wurde durch das Waschen nur noch schlüpfriger und schwerer zu greifen. Er ignorierte das Waschmittel und setzte seinen langsamen, unvermeidlichen Vormarsch auf Ihre Kehle fort. Den lebenden Toten störte es nicht, beim Fressen ein wenig sauberer zu sein.","좀비의 부패한 살점은 씻겨지면서 더욱 미끄러워졌고 붙잡기가 힘들어졌습니다. 그는 세제 따위는 아랑곳하지 않고 천천히, 하지만 확실하게 당신의 목을 향해 다가왔습니다. 움직이는 시체는 청결해지면서 당신의 목숨을 앗아갔습니다."
