"keys","en","ja","zh","ru","es","pt","de","ko"
"MSG_C_INTIMIDATE_A_WIN","You mimicked the sounds of a giant anteater. The ant colony panicked and retreated in chaos.","アリの天敵である巨大な捕食者の鳴き声を模倣し、群れの恐怖を煽った。規律正しかった虫たちはパニックに陥り、散り散りに逃げ出した。","你模仿蚂蚁天敌——巨大掠食者的叫声，煽动了蚁群的恐惧。原本纪律严明的昆虫们陷入了恐慌，四散奔逃。","Вы имитировали звуки гигантского муравьеда. Колония муравьев запаниковала и в хаосе отступила.","Imitaste los sonidos de un oso hormiguero gigante. La colonia de hormigas entró en pánico y se retiró en el caos.","Você imitou os sons de um tamanduá-bandeira. A colônia de formigas entrou em pânico e recuou em caos.","Du hast die Geräusche eines Riesenameisenbären nachgeahmt. Die Ameisenkolonie geriet in Panik und zog sich im Chaos zurück.","당신은 거대 개미핥기의 소리를 흉내 냈습니다. 개미 군집은 패닉에 빠져 혼란 속에서 퇴각했습니다."
"MSG_C_INTIMIDATE_B_WIN","You emitted a high-frequency roar that shook the bat. Terrified it lost flight and fled.","コウモリの感覚を揺さぶる強烈な咆哮を放ち、その精神を圧倒した。恐怖に震える魔物はバランスを崩し、闇へと這い逃げていった。","你发出了动摇蝙蝠感官的强烈咆哮，压倒了它的精神。因恐惧而颤抖的魔物失去了平衡，爬向黑暗逃走了。","Вы издали высокочастотный рев, который потряс летучую мышь. Напуганная, она потеряла управление полетом и скрылась.","Emitiste un rugido de alta frecuencia que sacudió al murciélago. Aterrorizado, perdió el vuelo y huyó.","Você emitiu um rugido de alta frequência que sacudiu o morcego. Apavorado, ele perdeu o voo e fugiu.","Du hast ein hochfrequentes Gebrüll ausgestoßen, das die Fledermaus erschütterte. Verängstigt verlor sie den Flug und floh.","당신은 박쥐를 뒤흔드는 고주파 포효를 내뱉었습니다. 겁에 질린 박쥐는 비행 중심을 잃고 도망쳤습니다."
"MSG_C_INTIMIDATE_C_WIN","You projected an aura of predator superiority. The cobra coiled back in fear and fled.","自らの中に眠る闘争本能を剥き出しにし、圧倒的な威圧感を放った。毒蛇はその覇気に気圧され、戦うことなく森へ消えた。","你展露了沉眠于体内的斗争本能，散发出压倒性的威慑感。毒蛇在那份霸气面前败下阵来，尚未战斗便消失在了森林里。","Вы проецировали ауру превосходства хищника. Кобра сжалась от страха и убежала.","Proyectaste un aura de superioridad depredadora. La cobra se replegó de miedo y huyó.","Você projetou uma aura de superioridade de predador. A cobra se encolheu de medo e fugiu.","Du hast eine Aura der Überlegenheit eines Raubtiers ausgestrahlt. Die Kobra wich verängstigt zurück und floh.","당신은 포식자의 우월한 기운을 내뿜었습니다. 코브라는 겁에 질려 몸을 웅크리고 도망쳤습니다."
"MSG_C_INTIMIDATE_D_WIN","You stood firm against the dragon's presence. Respecting your steel will it left you alone.","伝説の怪物を前にしても微塵も揺らがぬ不屈の意志を、剣の切っ先に込めた。巨竜はあなたの魂の輝きを認め、静かに首を振って去った。","即使在传说的怪物面前，你的剑尖也饱含着不曾动摇分毫的不屈意志。巨龙认可了你灵魂的光辉，静静地摇头离去。","Вы твердо стояли перед лицом дракона. Уважая вашу стальную волю, он оставил вас в покое.","Te mantuviste firme ante la presencia del dragón. Respetando tu voluntad de acero, te dejó en paz.","Você se manteve firme contra a presença do dragão. Respeitando sua vontade de aço, ele o deixou em paz.","Du bist der Präsenz des Drachen standhaft begegnet. Da er deinen stählernen Willen respektierte, ließ er dich in Ruhe.","당신은 용의 위압감에 맞서 굳건히 섰습니다. 당신의 강철 같은 의지를 존중한 용은 당신을 내버려 두고 떠났습니다."
"MSG_C_INTIMIDATE_E_WIN","You showed the tree spirit the power of destructive fire. The ancient guardian yielded to stay alive.","古き精霊に対し、森を焼き尽くす「破壊の象徴」としての決意を示した。木の守護者はあなたの内に秘めた猛火を恐れ、枝を畳んで道を開けた。","你向古老的精灵展示了作为烧尽森林的“破坏象征”的决心。树精由于畏惧你内心潜藏的猛火，收起枝条让开了道路。","Вы показали лесному духу силу разрушительного огня. Древний страж уступил, чтобы остаться в живых.","Le mostraste al espíritu del árbol el poder del fuego destructivo. El antiguo guardián cedió para seguir con vida.","Você mostrou ao espírito da árvore o poder do fogo destrutivo. O antigo guardião cedeu para permanecer vivo.","Du hast dem Baumgeist die Macht des zerstörerischen Feuers gezeigt. Der uralte Wächter gab nach, um am Leben zu bleiben.","당신은 나무 정령에게 파괴적인 불꽃의 힘을 보여주었습니다. 고대의 수호자는 살아남기 위해 굴복했습니다."
"MSG_C_INTIMIDATE_F_WIN","You swatted the air with enough force to create a vacuum. The fly fled for its tiny life.","真空を作り出すほどの凄まじい風圧で、ハエの逃げ道を完全に塞いだ。小さな羽音は死の予感に震え、一目散にその場から逃走した。","你以足以产生真空间的惊人风压制，彻底封锁了苍蝇的退路。微小的翅鸣声因死亡预感而颤抖，头也不回地逃离了现场。","Вы ударили по воздуху с такой силой, что создали вакуум. Муха улетела, спасая свою крошечную жизнь.","Golpeaste el aire con tanta fuerza que creaste un vacío. La mosca huyó para salvar su diminuta vida.","Você golpeou o ar com força suficiente para criar um vácuo. A mosca fugiu para salvar sua vida minúscula.","Du hast mit so viel Kraft in die Luft geschlagen, dass ein Vakuum entstand. Die Fliege floh um ihr winziges Leben.","당신은 진공이 생길 정도의 힘으로 공기를 내리쳤습니다. 파리는 작은 목숨을 부지하기 위해 도망쳤습니다."
"MSG_C_INTIMIDATE_G_WIN","You stared down the goblin with the cold eyes of a killer. It dropped its weapon and ran away.","一寸の迷いもない処刑人の瞳で、ゴブリンの卑屈な精神を射抜いた。魔物は恐怖のあまり武器を投げ出し、情けない悲鳴を上げて逃げた。","你用毫不迟疑的处刑人之瞳，刺穿了哥布林卑下的精神。魔物因极度恐惧扔下了武器，发出难听的惨叫逃走了。","Вы посмотрели на гоблина холодными глазами убийцы. Он уронил оружие и убежал.","Miraste al duende con los ojos fríos de un asesino. Soltó su arma и salió corriendo.","Você encarou o goblin com os olhos frios de um assassino. Ele deixou cair a arma e fugiu.","Du hast den Goblin mit den kalten Augen eines Killers niedergestarrt. Er ließ seine Waffe fallen und rannte weg.","당신은 살인마의 차가운 눈빛으로 고블린을 노려보았습니다. 고블린은 무기를 떨어뜨리고 도망쳤습니다."
"MSG_C_INTIMIDATE_H_LOSS","The harpy shrieked back louder and dove. Your threats only fueled her hunting instinct.","あなたの威嚇をハーピーは激しい叫びで返し、さらに速度を上げて降下した。空の女王にとって、あなたの強気はただの「新鮮な刺激」でしかなかった。","哈皮以剧烈的尖嚎回敬了你的威吓，并以更快的速度降下。对于天之女王来说，你的强势不过是“新鲜的刺激”。","Гарпия закричала в ответ еще громче и спикировала. Ваши угрозы только разожгли ее охотничий инстинкт.","La arpía gritó más fuerte и se lanzó. Tus amenazas solo alimentaron su instinto de caza.","A harpia gritou de volta ainda mais alto e mergulhou. Suas ameaças apenas alimentaram o instinto de caça dela.","Die Harpyie schrie noch lauter zurück und stürzte herab. Deine Drohungen stachelten ihren Jagdinstinkt nur noch mehr an.","하피는 더 크게 비명을 지르며 달려들었습니다. 당신의 위협은 그녀의 사냥 본능을 자극했을 뿐입니다."
"MSG_C_INTIMIDATE_I_LOSS","The imp found your serious threats hilarious. It danced around mockingly giggling at you.","インプはあなたの威嚇を最高に面白い「見世物」として受け取った。小悪魔はあなたの怒りを嘲笑うように、奇怪なステップで空中を舞う。","小恶魔将你的威吓视作最有趣的“表演”。它仿佛在嘲笑你的愤怒，踏着奇怪的舞步在空中飞舞。","Бес нашел ваши серьезные угрозы забавными. Он танцевал вокруг, насмешливо хихикая над вами.","El imp encontró tus serias amenazas hilarantes. Bailó burlonamente burlándose de ti.","O imp achou suas ameaças sérias hilárias. Ele dançou ao redor zombando de você.","Der Imp fand deine ernsthaften Drohungen urkomisch. Er tanzte spöttisch um dich herum und kicherte über dich.","임프는 당신의 진지한 위협을 아주 우습게 여겼습니다. 임프는 당신을 비웃으며 주위를 춤추듯 돌아다녔습니다."
"MSG_C_INTIMIDATE_J_WIN","You stomped the ground creating a shockwave. The jelly dispersed in fear and fled.","大地を揺らす力強い踏み込みで、凄まじい振動波をジェリーに浴びせた。怪物の肉体は恐怖の共鳴に耐えきれず、散り散りになって逃げ去った。","你以撼动大地的强力践踏，令果冻怪沐浴在惊人的振动波中。怪物的肉体无法承受恐惧的共鸣，四散奔逃。","Вы топнули по земле, создав ударную волну. Желе рассеялось в страхе и убежало.","Pisoteaste el suelo creando una onda de choque. La gelatina se dispersó por miedo и huyó.","Você pisou no chão criando uma onda de choque. A gelatina dispersou-se de medo e fugiu.","Du hast auf den Boden gestampft und eine Schockwelle erzeugt. Das Gelee zerstreute sich vor Angst und floh.","당신이 발을 구르자 충격파가 발생했습니다. 젤리는 겁에 질려 흩어져 도망쳤습니다."
"MSG_C_INTIMIDATE_K_LOSS","The kobold pack didn't fear a solitary fighter. Your yell was met with a chorus of growls.","単身での威嚇は、結束の固いコボルドの群れを揺るがすには至らなかった。あなたの咆哮は奴らの笑い声にかき消され、包囲網はさらに狭まる。","单枪匹马的威吓无法动摇团结一致的狗头人群。你的咆哮被它们的嘲笑声所淹没，包围圈进一步缩小了。","Стая кобольдов не боялась одиночного бойца. Ваш крик был встречен хором рычания.","La manada de kobolds no temía a un luchador solitario. Tu grito fue recibido con un coro de gruñidos.","O bando de kobolds não temia um lutador solitário. Seu grito foi recebido com um coro de rosnados.","Das Koboldrudel fürchtete keinen Einzelkämpfer. Dein Schrei wurde mit einem Chor aus Knurren beantwortet.","코볼트 무리는 단독 투사를 두려워하지 않았습니다. 당신의 외침에 그들은 일제히 으르렁거리며 화답했습니다."
"MSG_C_INTIMIDATE_L_LOSS","The lizard's cold blood didn't react to your heat. It stared you down with robotic predator's eyes.","リザードの冷徹な本能は、あなたの感情的な威圧を一切受け付けなかった。怪物の瞳はプログラムされた機械のように、ただあなたの急所を狙う。","蜥蜴冷彻的天性对你感性的威压丝毫不予理会。怪物的瞳孔如程序化的机械一般，仅一味瞄准你的要害。","Хладнокровная ящерица не среагировала на ваш жар. Она смотрела на вас глазами робота-хищника.","La sangre fría del lagarto no reaccionó a tu calor. Te miró fijamente con ojos de depredador robótico.","O sangue frio do lagarto não reagiu ao seu calor. Ele encarou você com olhos de predador robótico.","Das kalte Blut der Eidechse reagierte nicht auf deine Hitze. Sie starrte dich mit den Augen eines roboterhaften Raubtiers nieder.","냉혈 동물인 리자드는 당신의 열기에 반응하지 않았습니다. 리자드는 기계적인 포식자의 눈으로 당신을 노려보았습니다."
"MSG_C_INTIMIDATE_M_WIN","You invoked the authority of an elder god. The mummy shivered in spiritual fear and bowed out.","いにしえの神々の名を借り、マミーの魂に直接命令を下した。死を忘れた魔物はかつての畏怖を思い出し、恭しく頭を下げて棺へと消えた。","你借用古老神明之名，直接向木乃伊的灵魂下达了命令。遗忘死亡的魔物想起了曾经的畏惧，恭顺地低头消失在棺木中。","Вы призвали авторитет древнего бога. Муми задрожала в духовном страхе и поклонилась.","Invocaste la autoridad de un dios antiguo. La momia tembló de miedo espiritual и se retiró con una reverencia.","Você invocou a autoridade de um deus antigo. A múmia estremeceu de medo espiritual e retirou-se.","Du hast die Autorität eines uralten Gottes angerufen. Die Mumie zitterte vor spiritueller Angst und verbeugte sich zum Abschied.","당신은 고대 신의 권위를 빌려 명령했습니다. 미라는 영적인 공포에 떨며 절을 하고 물러났습니다."
"MSG_C_INTIMIDATE_N_WIN","You matched the naga's dignity with your own aura. She recognized a peer and withdrew calmly.","ナーガの放つ静かな威厳に対し、あなたは不遜なまでの覇気で対峙した。美しき賢者はあなたの格を対等と認め、静かに深淵へと引いていった。","面对纳迦散发的寂静威严，你展现出了近乎狂放的霸气。美丽的贤者认可了你的地位，静静地退回了深渊。","Вы сопоставили достоинство наги со своей собственной аурой. Она узнала равного и спокойно отступила.","Igualaste la dignidad de la naga con tu propia aura. Reconoció a un par и se retiró con calma.","Você igualou a dignidade da naga com sua própria aura. Ela reconheceu um igual e retirou-se calmamente.","Du bist der Würde der Naga mit deiner eigenen Aura begegnet. Sie erkannte einen Ebenbürtigen und zog sich ruhig zurück.","당신은 자신의 기운으로 나의 존엄에 맞섰습니다. 나가는 당신을 대등한 존재로 인정하고 조용히 물러났습니다."
"MSG_C_INTIMIDATE_O_WIN","You roared louder than the orc's entire life. Stunned by your lungs it backed off in shock.","オークの全人生を否定するほどの凄まじい咆哮を、奴の眼前で叩きつけた。暴力の化身は自分を上回る野性に気圧され、狼狽えながら退散した。","你在兽人面前爆发出了足以否定其整个人生的惊人咆哮。暴力的化身被超越自身的野性所压制，狼狈不堪地退散了。","Вы взревели громче, чем вся жизнь орка. Ошеломленный вашими легкими, он отступил в шоке.","Rugiste más fuerte que toda la vida del orco. Aturdido por tus pulmones, retrocedió en estado de shock.","Você rugiu mais alto do que toda a vida do orc. Atordoado pelos seus pulmões, ele recuou em choque.","Du hast lauter gebrüllt, als der Ork es je in seinem Leben getan hat. Überwältigt von deiner Lungenkraft wich er geschockt zurück.","당신은 오크의 전 생애를 압도할 만큼 크게 포효했습니다. 당신의 성량에 압도된 오크는 충격을 받고 물러났습니다."
"MSG_C_INTIMIDATE_P_LOSS","The pixie laughed at your attempt to scare her. She dazzled your eyes with shimmering dust.","あなたの強面をピクシーは面白がり、無邪気な笑い声を上げた。威嚇の効果はゼロ。代わりに彼女は、あなたの鼻先で煌めく粉を撒き散らした。","小仙女以逗乐的心情看着你的凶样，并发出了天真烂漫的笑声。威吓效果为零，她反倒在你鼻尖撒下了闪耀的粉末。","Пикси рассмеялась над вашей попыткой напугать ее. Она ослепила ваши глаза мерцающей пылью.","La duendecilla se rió de tu intento de asustarla. Te deslumbró los ojos con polvo brillante.","A fada riu de sua tentativa de assustá-la. Ela ofuscou seus olhos com pó cintilante.","Die Pixie lachte über deinen Versuch, sie zu erschrecken. Sie blendete deine Augen mit schimmerndem Staub.","픽시는 당신의 위협을 비웃었습니다. 그녀는 반짝이는 가루를 뿌려 당신의 눈을 어지럽게 만들었습니다."
"MSG_C_INTIMIDATE_Q_WIN","You challenged the coeurl with an even brighter aura. Overwhelmed by your energy it fled away.","クアールの放つ雷光を上回る、凄烈なまでの闘気を全身から放った。魔物はあなたの内に制御不能なエネルギーを感じ、本能的に逃走を選んだ。","你全身散发出更甚于夸尔雷光的烈性斗气。魔物察觉到你体内不受控的能量，本能地选择了逃跑。","Вы бросили вызов куэрлу с еще более яркой аурой. Подавленный вашей энергией, он убежал.","Desafiaste al coeurl con un aura aún más brillante. Abrumado por tu energía, huyó.","Você desafiou o coeurl com uma aura ainda mais brilhante. Sobrecarregado pela sua energia, ele fugiu.","Du hast den Coeurl mit einer noch helleren Aura herausgefordert. Überwältigt von deiner Energie floh er.","당신은 더욱 강력한 기운으로 쿠얼에게 도전했습니다. 당신의 에너지에 압도된 쿠얼은 도망쳤습니다."
"MSG_C_INTIMIDATE_R_LOSS","The rats only understood the gravity of hunger. Your threats were ignored by the swarm.","ラットの群れには、個への恐怖より優先される集団の飢えがあった。あなたの叫びは数万の足音にかき消され、死の津波があなたを呑み込む。","在老鼠群中，集体的饥饿感更甚于对个人的恐惧。你的尖叫被成千上万的脚步声没入，死亡的海啸吞没了你。","Крысы понимали только тяжесть голода. Ваши угрозы были проигнорированы стаей.","Las ratas solo entendían la gravedad del hambre. Tus amenazas fueron ignoradas por el enjambre.","Os ratos só entendiam a gravidade da fome. Suas ameaças foram ignoradas pelo enxame.","Die Ratten verstanden nur den Ernst des Hungers. Deine Drohungen wurden vom Schwarm ignoriert.","쥐들은 굶주림의 무게만을 이해할 뿐입니다. 당신의 위협은 쥐 떼에게 무시당했습니다."
"MSG_C_INTIMIDATE_S_LOSS","The slime felt no fear as it lacked a nervous system. Your screams only vibrated its goo.","スライムには恐怖という感情を感じる器官そのものが存在しなかった。あなたの咆哮は怪物の半透明な肉体を心地よく揺らす、ただの振動でしかなかった。","史莱姆并不存在能感受恐惧感的器官。你的咆哮仅是令怪物半透明肉体感到舒适颤动的物理振动。","Слизь не чувствовала страха, так как у нее отсутствовала нервная система. Ваши крики только вибрировали ее слизь.","El limo no sintió miedo ya que carecía de sistema nervioso. Tus gritos solo hicieron vibrar su viscosidad.","O slime não sentiu medo, pois não tinha sistema nervoso. Seus gritos apenas vibraram a sua gosma.","Der Schleim spürte keine Angst, da er kein Nervensystem hatte. Deine Schreie brachten seinen Glibber nur zum Vibrieren.","슬라임은 신경계가 없어 공포를 느끼지 못합니다. 당신의 포효는 그저 슬라임의 몸을 진동시켰을 뿐입니다."
"MSG_C_INTIMIDATE_T_WIN","You made the troll remember the pain of total fire. Terrified it covered its head and fled.","かつてトロールが受けた、焼き尽くされるような苦痛の記憶を呼び覚ました。怪物は過去のトラウマに打ち震え、頭を抱えて逃走していった。","你唤醒了巨魔曾经遭受过的、仿佛被烧尽般的痛苦记忆。怪物因过去的创伤而颤抖，抱头逃窜。","Вы заставили тролля вспомнить боль от полного огня. В ужасе он закрыл голову и убежал.","Hiciste que el trol recordara el dolor del fuego total. Aterrorizado, se cubrió la cabeza и huyó.","Você fez o troll lembrar a dor do fogo total. Aterrorizado, ele cobriu a cabeça e fugiu.","Du hast den Troll an den Schmerz des totalen Feuers erinnert. Verängstigt hielt er sich den Kopf und floh.","당신은 트로울에게 불에 타는 고통을 상기시켰습니다. 겁에 질린 트로울은 머리를 감싸고 도망쳤습니다."
"MSG_C_INTIMIDATE_U_LOSS","The dead souls only fear the light of true god. Your mortal threats were empty words here.","すでに死を通り越した者たちに、命を奪うという威嚇は通用しなかった。アンデッドはあなたの焦りを嘲笑うかのように、氷のような指を伸ばす。","对于已经超越死亡的存在，剥夺生命的威吓毫无用处。不死族仿佛在嘲笑你的焦躁，伸出了冰冷的手指。","Мертвые души боятся только света истинного бога. Ваши смертные угрозы были здесь пустыми словами.","Las almas muertas solo temen la luz del dios verdadero. Tus amenazas mortales eran palabras vacías aquí.","As almas mortas só temem a luz do deus verdadeiro. Suas ameaças mortais eram palavras vazias aqui.","Die toten Seelen fürchten nur das Licht des wahren Gottes. Deine sterblichen Drohungen waren hier nur leere Worte.","죽은 영혼들은 오직 진정한 신의 빛만을 두려워합니다. 당신의 위협은 이곳에서 공허한 메아리일 뿐입니다."
"MSG_C_INTIMIDATE_V_LOSS","The vampire met your gaze with eyes of ancient power. Your will broke before his noble shadow.","ヴァンパイアの不遜な瞳に射抜かれ、あなたの覇気は一瞬で霧散した。夜の王は余裕の笑みを浮かべ、震えるあなたの首元へ優雅に手を伸ばした。","被吸血鬼不逊的瞳孔所刺穿，你的霸气瞬间烟消云散。夜之王浮现出游刃有余的笑容，将手优雅地伸向了你颤抖的咽喉。","Вампир встретил ваш взгляд глазами древней силы. Ваша воля сломилась перед его благородной тенью.","El vampiro encontró tu mirada con ojos de poder antiguo. Tu voluntad se rompió ante su noble sombra.","O vampiro encontrou seu olhar com olhos de poder antigo. Sua vontade quebrou-se diante da sombra nobre dele.","Der Vampir begegnete deinem Blick mit Augen von uralter Macht. Dein Wille brach vor seinem edlen Schatten.","흡혈귀는 고대의 힘이 담긴 눈으로 당신과 마주했습니다. 그의 고귀한 그림자 앞에서 당신의 의지는 꺾였습니다."
"MSG_C_INTIMIDATE_W_LOSS","The wolves snarled back as a coordinated unit. Your yelling only exposed your neck further.","ウルフの群れは一糸乱れぬ咆哮で返し、あなたの威嚇を真っ向から粉砕した。リーダーの冷たい瞳が、あなたの不自然な虚勢を完全に見破っていた。","狼群以整齐划一的咆哮回敬，正面粉碎了你的威吓。首领冰冷的瞳孔彻底看穿了你那不自然虚张声势。","Волки зарычали в ответ как скоординированное подразделение. Ваши крики только еще больше обнажили вашу шею.","Los lobos gruñeron de vuelta como una unidad coordinada. Tus gritos solo expusieron más tu cuello.","Os lobos rosnaram de volta como uma unidade coordenada. Seus gritos apenas expuseram seu pescoço ainda mais.","Die Wölfe knurrten als koordinierte Einheit zurück. Dein Schreien entblößte deinen Hals nur noch mehr.","늑대들은 일사불란하게 으르렁거렸습니다. 당신의 외침은 오히려 당신의 빈틈을 더 드러낼 뿐이었습니다."
"MSG_C_INTIMIDATE_X_LOSS","Xalthis enjoyed your desperate yelling. It only made your final end more satisfying for it.","ザルティスはあなたの必死の威嚇を、甘美な旋律のように楽しんだ。魔物が望んでいるのは合意ではなく、あなたの精神が崩壊する瞬間だった。","扎尔提斯如欣赏甘美旋律般享受着你拼命的威吓。魔物奢望的并非合意，而是你精神崩溃的瞬间。","Ксалтису нравились ваши отчаянные крики. Это только сделало ваш финал более приятным для него.","Xalthis disfrutó de tus gritos desesperados. Solo hizo que tu final fuera más satisfactorio para él.","Xalthis gostou dos seus gritos desesperados. Isso apenas tornou o seu fim mais satisfatório para ele.","Xalthis genoss dein verzweifeltes Schreien. Es machte dein Ende für ihn nur noch befriedigender.","잘티스는 당신의 절박한 외침을 즐겼습니다. 그것은 그에게 당신의 최후를 더욱 만족스럽게 만들 뿐이었습니다."
"MSG_C_INTIMIDATE_Y_LOSS","The yeti's roar silenced any threat you could make. Its mass made your will seem small.","イエティの放つ地鳴りのような咆哮が、あなたの小さな叫びを完全に呑み込んだ。圧倒的な存在感の前に、あなたの威嚇はただの独り言に変わった。","雪人发出如地鸣般的咆哮，彻底吞没了你微小的叫喊。在压倒性的存在感面前，你的威吓变成了自言自语。","Рев йети заглушил любую угрозу, которую вы могли сделать. Его масса заставила вашу волю казаться ничтожной.","El rugido del yeti silenció cualquier amenaza que pudieras hacer. Su masa hizo que tu voluntad pareciera pequeña.","O rugido do yeti silenciou qualquer ameaça que você pudesse fazer. Sua massa fez sua vontade parecer pequena.","Das Gebrüll des Yetis brachte jede Drohung, die du machen konntest, zum Schweigen. Seine Masse ließ deinen Willen klein erscheinen.","예티의 포효는 당신의 그 어떤 위협도 잠재웠습니다. 그의 압도적인 존재감 앞에서 당신의 의지는 작게만 보였습니다."
"MSG_C_INTIMIDATE_Z_LOSS","The dead feel no fear, only the hunger for life. Your threats were lost on the moving rot.","理性も感情も枯れ果てたゾンビに、恐怖の感情は存在しなかった。奴はあなたの声すら認識せず、ただ肉を喰らうために腕を突き出す。","在理性与感情都枯竭的僵尸面前，并不存在恐惧。它甚至没有识别出你的声音，仅是为了噬肉而伸出了手臂。","Мертвые не чувствуют страха, только жажду жизни. Ваши угрозы были напрасны для движущейся гнили.","Los muertos no sienten miedo, solo el hambre de vida. Tus amenazas se perdieron en la podredumbre andante.","Os mortos não sentem medo, apenas a fome de vida. Suas ameaças perderam-se na podridão ambulante.","Die Toten spüren keine Angst, nur den Hunger nach Leben. Deine Drohungen prallten an der wandelnden Fäulnis ab.","죽은 자들은 공포를 느끼지 않으며 생명에 대한 갈구만이 남았습니다. 당신의 위협은 움직이는 시체에게 아무런 소용이 없었습니다."
"MSG_C_INTERNET_A_LOSS","Wi-Fi could not reach the depths of the anthill, and they were completely defeated by physical attacks.","アリ塚の深部にはWi-Fiが届かず、物理攻撃で完敗した。","Wi-Fi无法到达蚁丘深处，他们被物理攻击彻底击溃。","Wi-Fi не мог достичь глубин муравейника, и они были полностью побеждены физическими атаками.","El Wi-Fi no pudo llegar a las profundidades del hormiguero, и fueron completamente derrotados por ataques físicos.","O Wi-Fi não conseguiu chegar às profundezas do formigueiro, e eles foram completamente derrotados por ataques físicos.","Das WLAN konnte die Tiefen des Ameisenhügels nicht erreichen, und sie wurden durch physische Angriffe völlig besiegt.","개미집 깊숙한 곳까지 와이파이가 닿지 않아 물리 공격에 완패했습니다."
"MSG_C_INTERNET_B_WIN","Spreading noise into the bat's ultrasound data caused panic.","コウモリの超音波データにノイズを拡散させ、パニックに陥らせた。","将噪音传播到蝙蝠的超声波数据中引起了恐慌。","Распространение шума в ультразвуковых данных летучей мыши вызвало панику.","Difundir ruido en los datos de ultrasonido del murciélago causó pánico.","A propagação de ruído nos dados de ultrassom do morcego causou pânico.","Das Verbreiten von Rauschen in den Ultraschalldaten der Fledermaus verursachte Panik.","박쥐의 초음파 데이터에 노이즈를 퍼뜨려 패닉을 유발했습니다."
"MSG_C_INTERNET_C_WIN","You filed a copyright infringement report on Cobra's menacing video and had it banned and frozen.","コブラの威嚇動画に著作権侵害の通報を入れ、BANさせて凍結に追い込んだ。","你对眼镜蛇的威胁视频提交了版权侵权报告，并将其禁止和冻结。","Вы подали жалобу на нарушение авторских прав на видео с угрозами Кобры, и оно было заблокировано и заморожено.","Presentaste un informe de infracción de derechos de autor sobre el video amenazante de Cobra y lograste que fuera prohibido y congelado.","Você registrou uma denúncia de violação de direitos autorais no vídeo ameaçador da Cobra e fez com que ele fosse banido e congelado.","Du hast eine Urheberrechtsverletzungsmeldung für das bedrohliche Video der Kobra eingereicht und es sperren und einfrieren lassen.","당신은 코브라의 위협적인 영상에 저작권 침해 신고를 하여 해당 영상을 차단하고 계정을 동결시켰습니다."
"MSG_C_INTERNET_D_WIN","The coordinates of the dragon's nest were made public on social media, and a large number of subjugation teams were sent there.","ドラゴンの巣の座標をSNSで大公開し、大量の討伐隊を向かわせた。","龙巢的坐标在社交媒体上公开，大量讨伐队伍被派往那里。","Координаты гнезда дракона были опубликованы в социальных сетях, и туда было отправлено большое количество отрядов по покорению.","Las coordenadas del nido del dragón se hicieron públicas en las redes sociales y se envió allí un gran número de equipos de subyugación.","As coordenadas do ninho do dragão foram tornadas públicas nas redes sociais e um grande número de equipes de subjugação foi enviado para lá.","Die Koordinaten des Drachennestes wurden in den sozialen Medien veröffentlicht, und eine große Anzahl von Unterwerfungsteams wurde dorthin geschickt.","용의 둥지 좌표가 SNS에 공개되었고, 수많은 토벌대가 그곳으로 파견되었습니다."
"MSG_C_INTERNET_E_WIN","The rustling leaves of the Ents were seen as encrypted communications, and they were hacked to block them.","エントの持つ木の葉のざわめきを暗号通信と見做し、ハッキングで遮断した。","树人树叶沙沙作响的声音被视为加密通信，他们被黑客攻击来阻止它们。","Шелест листьев энтов рассматривался как зашифрованные сообщения, и они были взломаны, чтобы заблокировать их.","El crujido de las hojas de los Ents fue visto como comunicaciones encriptadas, y fueron hackeadas para bloquearlas.","O sussurro das folhas dos Ents foi visto como comunicações criptografadas, e eles foram hackeados para bloqueá-las.","Das Rascheln der Blätter der Ents wurde als verschlüsselte Kommunikation angesehen und gehackt, um sie zu blockieren.","엔트의 나뭇잎 바스락거리는 소리는 암호화된 통신으로 간주되었고, 이를 차단하기 위해 해킹되었습니다."
"MSG_C_INTERNET_F_LOSS","You tried to set the flies on fire, but since they are hated to begin with, they were unharmed.","ハエを炎上させようとしたが、奴らはそもそも嫌われ者なので無傷だった。","你试图点燃苍蝇，但由于它们本来就令人讨厌，所以它们没有受到伤害。","Вы пытались поджечь мух, но так как их и так ненавидят, они не пострадали.","Intentaste prender fuego a las moscas, pero como ya son odiadas de por sí, no sufrieron daños.","Você tentou colocar fogo nas moscas, mas como elas já são odiadas, elas não foram feridas.","Du hast versucht, die Fliegen in Brand zu setzen, aber da sie ohnehin gehasst werden, blieben sie unversehrt.","당신은 파리를 불태우려(비난하려) 했으나, 그들은 원래 미움을 받는 존재였기에 아무런 타격도 없었습니다."
"MSG_C_INTERNET_G_LOSS","The goblin guessed your simple password and drained your bank account before you could even log in.","ゴブリンがあなたの簡単なパスワードを推測し、ログインする前に銀行口座を空にしてしまった。","哥布林猜中了你简单的密码，在你登录之前就掏空了你的银行账户。","Гоблин угадал ваш простой пароль и опустошил ваш банковский счет еще до того, как вы успели войти в систему.","El duende adivinó tu contraseña simple и vació tu cuenta bancaria antes de que pudieras siquiera iniciar sesión.","O goblin adivinhou sua senha simples e esvaziou sua conta bancária antes mesmo de você conseguir fazer login.","Der Goblin hat dein einfaches Passwort erraten und dein Bankkonto leergeräumt, bevor du dich überhaupt einloggen konntest.","고블린이 당신의 쉬운 비밀번호를 알아내어 로그인도 하기 전에 은행 계좌를 비워버렸습니다."
"MSG_C_INTERNET_H_WIN","The Harpy's singing voice was digitized and its reputation fell to the ground due to internet trolls.","ハーピーの歌声はデジタル化され、ネットの荒らしによって評価が地に落ちた。","鸟身女妖的歌声被数字化，其声誉也因网络恶搞而一落千丈。","Певческий голос Гарпии был оцифрован, и ее репутация пала ниже плинтуса из-за интернет-троллей.","La voz de canto de la Arpía fue digitalizada и su reputación cayó por los suelos debido a los troles de internet.","A voz de canto da Harpia foi digitalizada e sua reputação caiu por terra devido aos trolls da internet.","Die Singstimme der Harpyie wurde digitalisiert und ihr Ruf wurde durch Internet-Trolle ruiniert.","하피의 노랫소리가 디지털화되었고 인터넷 트롤들에 의해 평판이 바닥으로 떨어졌습니다."
"MSG_C_INTERNET_I_LOSS","Imps have been hacking into your browser history and exploiting your weaknesses to extort you.","インプはあなたのブラウザ履歴を逆にハッキングし、弱みを握って強要してきた。","Imps 一直在侵入你的浏览器历史记录并利用你的弱点来勒索你。","Импы взломали историю вашего браузера и использовали ваши слабости, чтобы вымогать у вас деньги.","Los imps han estado pirateando el historial de tu navegador и explotando tus debilidades para extorsionarte.","Os imps hackearam o histórico do seu navegador e exploraram suas fraquezas para extorquir você.","Imps haben deinen Browserverlauf gehackt und deine Schwächen ausgenutzt, um dich zu erpressen.","임프들이 당신의 브라우저 방문 기록을 해킹하고 당신의 약점을 잡아 협박해 왔습니다."
"MSG_C_INTERNET_J_WIN","You dragged the jelly's soft body into the virtual space of the internet and executed a delete command to eliminate it.","ジェリーの軟体をインターネットの仮想空間に引きずり込み、削除コマンドを実行して消滅させた。","你将果冻怪的软体拖入互联网的虚拟空间，并执行删除命令将其消灭。","Вы затащили мягкое тело желе в виртуальное пространство интернета и выполнили команду удаления, чтобы уничтожить его.","Arrastraste el cuerpo blando de la gelatina al espacio virtual de internet и ejecutaste un comando de eliminación para eliminarlo.","Você arrastou o corpo mole da gelatina para o espaço virtual da internet e executou um comando de exclusão para eliminá-la.","Du hast den weichen Körper des Gelees in den virtuellen Raum des Internets gezogen und einen Löschbefehl ausgeführt, um es zu eliminieren.","당신은 젤리의 연약한 몸체를 인터넷 가상 공간으로 끌고 가 삭제 명령을 실행해 소멸시켰습니다."
"MSG_C_INTERNET_K_WIN","You debunked Kobold's dubious profit story on the internet, forcing him to go bankrupt.","コボルドの怪しい儲け話をネットで論破し、自己破産へと追い込んだ。","你在互联网上揭穿了狗头人可疑的利润故事，迫使它破产。","Вы разоблачили сомнительную историю прибыли Кобольда в интернете, заставив его обанкротиться.","Desmentiste la dudosa historia de ganancias del Kobold en internet, obligándolo a quebrar.","Você desmascarou a história de lucro duvidosa do Kobold na internet, forçando-o à falência.","Du hast Kobolds zweifelhafte Profitgeschichte im Internet entlarvt und ihn in den Bankrott getrieben.","당신은 인터넷에서 코볼트의 수상한 수익 모델을 폭로하여 그를 파산하게 만들었습니다."
"MSG_C_INTERNET_L_WIN","The lizard's cold-blooded nature was spread as an internet meme, and it was socially wiped out.","リザードの冷血な生態をネットのミームとして拡散し、社会的に抹殺した。","蜥蜴的冷血本性作为网络迷因传播开来，并在社会上被消灭了。","Хладнокровная натура ящерицы распространилась как интернет-мем, и она была социально уничтожена.","La naturaleza de sangre fría del lagarto se difundió como un meme de internet и fue socialmente aniquilado.","A natureza de sangue frio do lagarto espalhou-se como um meme da internet, e ele foi socialmente aniquilado.","Das kaltblütige Wesen der Eidechse wurde als Internet-Meme verbreitet, und sie wurde gesellschaftlich vernichtet.","리자드의 냉혈한 성격이 인터넷 밈으로 퍼져 사회적으로 매장당했습니다."
"MSG_C_INTERNET_M_WIN","You looked up how to tie Mummy's bandage on the internet and quickly unraveled it, leaving it just a bone.","マミーの包帯の結び方をネットで調べ、あっという間に解いてただの骨にした。","你在网上查了妈妈绷带的绑法，很快就把它解开了，只剩下一根骨头。","Вы посмотрели в интернете, как завязывать бинты Мумии, и быстро распутали их, оставив от нее только кости.","Buscaste cómo atar la venda de la momia en internet и la desenredaste rápidamente, dejándola solo en huesos.","Você pesquisou como amarrar a bandagem da múmia na internet e a desenrolou rapidamente, deixando-a apenas em ossos.","Du hast im Internet nachgesehen, wie man Mumienbandagen bindet, und sie schnell entwirrt, sodass nur noch Knochen übrig blieben.","인터넷에서 미라의 붕대 매는 법을 찾아내어 순식간에 풀어버리고 뼈만 남겼습니다."
"MSG_C_INTERNET_N_WIN","Naga's graceful dance was exposed as a deep fake, and her number of followers plummeted.","ナーガの優雅なダンスはディープフェイクだと暴かれ、フォロワーが激減した。","娜迦优美的舞蹈被揭露为深造假，她的追随者数量直线下降。","Изящный танец Наги был разоблачен как дипфейк, и число ее последователей резко сократилось.","El elegante baile de la naga fue expuesto como un deepfake и su número de seguidores cayó en picado.","A dança graciosa da naga foi exposta como um deepfake, e seu número de seguidores despencou.","Nagas anmutiger Tanz wurde als Deepfake entlarvt, und ihre Followerzahlen brachen ein.","나가의 우아한 춤이 딥페이크임이 밝혀져 팔로워 수가 급감했습니다."
"MSG_C_INTERNET_O_WIN","When you posted a picture of Orc's muscular beauty on the internet, it became a huge buzz, and he went home satisfied.","オークの筋肉美の画像をネットに上げたら大バズりし、奴は満足して帰っていった。","当你把兽人肌肉美的照片发布到互联网上时，引起了巨大的轰动，他心满意足地回家了。","Когда вы выложили в интернет фотографию мускулистой красоты Орка, она вызвала огромный резонанс, и он ушел домой удовлетворенным.","Cuando publicaste una foto de la belleza muscular del orco en internet, se volvió un gran éxito и él se fue a casa satisfecho.","Quando você postou uma foto da beleza muscular do orc na internet, ela viralizou e ele foi para casa satisfeito.","Als du ein Foto von Orcs Muskelpracht im Internet gepostet hast, wurde es zu einem Riesenerfolg, und er ging zufrieden nach Hause.","오크의 근육미 사진을 인터넷에 올리자 엄청난 반응을 얻었고, 오크는 만족하며 집으로 돌아갔습니다."
"MSG_C_INTERNET_P_LOSS","Pixie played a prank on the internet line, causing a constant lag in spell chanting.","ピクシーはネット回線にイタズラを仕掛け、魔法詠唱を常にラグらせた。","皮克西在网络上搞了个恶作剧，导致咒语吟唱持续滞后。","Пикси подшутила над интернет-линией, вызывая постоянные задержки в чтении заклинаний.","La duendecilla le gastó una broma a la línea de internet, causando un retraso constante en el lanzamiento de hechizos.","A fada pregou uma peça na linha de internet, causando um atraso constante no canto de feitiços.","Die Pixie hat der Internetleitung einen Streich gespielt, was zu einer ständigen Verzögerung beim Zaubern führte.","픽시가 인터넷 회선에 장난을 쳐서 마법 영창에 계속 지연(렉)이 발생하게 했습니다."
"MSG_C_INTERNET_Q_LOSS","The static electricity from Coeurl's fur destroyed the router, cutting off all connections.","クアールの毛皮の静電気がルーターを破壊し、一切の接続が絶たれた。","科阿尔皮毛上的静电损坏了路由器，切断了所有连接。","Статическое электричество от меха куэрла разрушило роутер, прервав все соединения.","La electricidad estática del pelaje del coeurl destruyó el router, cortando todas las conexiones.","A eletricidade estática do pelo do coeurl destruiu o roteador, cortando todas as conexões.","Die statische Elektrizität von Coeurls Fell hat den Router zerstört und alle Verbindungen unterbrochen.","쿠얼의 털에서 발생한 정전기가 공유기를 파괴하여 모든 연결이 끊겼습니다."
"MSG_C_INTERNET_R_WIN","They analyzed the breeding algorithm of a swarm of rats and injected them with a deadly virus.","ラットの群れの増殖アルゴリズムを解析し、致死的なウイルスを流し込んだ。","他们分析了一群老鼠的繁殖算法，并向它们注射了致命的病毒。","Они проанализировали алгоритм размножения крысиной стаи и ввели им смертельный вирус.","Analizaron el algoritmo de cría de un enjambre de ratas и les inyectaron un virus mortal.","Eles analisaram o algoritmo de reprodução de um enxame de ratos e injetaram um vírus mortal neles.","Sie analysierten den Vermehrungsalgorithmus eines Rattenschwarms und injizierten ihnen einen tödlichen Virus.","쥐 떼의 번식 알고리즘을 분석하여 치명적인 바이러스를 주입했습니다."
"MSG_C_INTERNET_S_WIN","You successfully uploaded the slime's entire physical data to a compressed cloud server permanently locking it away.","スライムの全身体データを圧縮クラウドサーバーにアップロードし、永久に封印することに成功した。","你成功地将史莱姆的全部物理数据上传到了压缩云服务器，将其永久锁定。","Вы успешно загрузили все физические данные слизи на сжатый облачный сервер, навсегда заблокировав ее.","Lograste cargar todos los datos físicos del limo en un servidor en la nube comprimido, bloqueándolo permanentemente.","Você carregou com sucesso todos os dados físicos do slime para um servidor em nuvem compactado, bloqueando-o permanentemente.","Du hast die gesamten physischen Daten des Schleims erfolgreich auf einen komprimierten Cloud-Server hochgeladen und ihn so dauerhaft weggesperrt.","슬라임의 모든 신체 데이터를 압축 클라우드 서버에 업로드하여 영구적으로 봉인하는 데 성공했습니다."
"MSG_C_INTERNET_T_LOSS","Trolls have been debunking you on internet bulletin board forums and causing psychological damage.","トロールはネット掲示板のレスバであなたを論破し、精神的ダメージを与えてきた。","网络喷子一直在互联网公告板论坛上揭穿你的谎言，并造成心理伤害。","Тролли разоблачали вас на форумах интернет-досок объявлений и наносили психологический ущерб.","Los troles te han estado desmintiendo en los foros de internet и causándote daño psicológico.","Os trolls desmascararam você em fóruns da internet e causaram danos psicológicos.","Trolle haben dich in Internetforen entlarvt und psychologischen Schaden angerichtet.","트로울들이 인터넷 게시판에서 당신의 주장을 반박하며 정신적인 피해를 주었습니다."
"MSG_C_INTERNET_U_LOSS","The ghost ignored the firewall, possessed your device, and hacked your soul.","亡霊はファイアウォールを無視してデバイスに憑依し、あなたの魂をハックした。","幽灵无视防火墙，占据了你的设备，并侵入了你的灵魂。","Призрак проигнорировал файервол, завладел вашим устройством и взломал вашу душу.","El fantasma ignoró el firewall, poseyó tu dispositivo и hackeó tu alma.","O fantasma ignorou o firewall, possuiu seu dispositivo e hackeou sua alma.","Der Geist ignorierte die Firewall, besetzte dein Gerät und hackte deine Seele.","망령이 방화벽을 무시하고 기기에 빙의하여 당신의 영혼을 해킹했습니다."
"MSG_C_INTERNET_V_LOSS","Vampire accounts have hundreds of years of authority, and your account has been frozen instead.","吸血鬼のアカウントは数百年分の権威があり、あなたのアカウントが逆に凍結された。","吸血鬼账户拥有数百年的权限，你的账户反而被冻结了。","Аккаунты вампиров обладают сотнями лет авторитета, и вместо этого ваш аккаунт был заморожен.","Las cuentas de los vampiros tienen cientos de años de autoridad и tu cuenta ha sido congelada en su lugar.","As contas dos vampiros têm centenas de anos de autoridade, e sua conta foi congelada em vez disso.","Vampirkonten haben Hunderte von Jahren an Autorität, und stattdessen wurde dein Konto gesperrt.","흡혈귀의 계정은 수백 년의 권위를 가지고 있었기에 오히려 당신의 계정이 동결되었습니다."
"MSG_C_INTERNET_W_LOSS","The wolf in the wilderness bared its fangs and attacked you, without any meaning behind the internet commotion.","荒野の狼にネット上の炎上など何の意味もなく、そのまま牙を剥いて襲われた。","荒野中的狼张开獠牙攻击你，网络骚动背后没有任何意义。","Волк в пустыне оскалил клыки и напал на вас, не придавая никакого значения интернет-шумихе.","El lobo en el desierto mostró sus colmillos и te atacó, sin ningún significado detrás de la conmoción de internet.","O lobo no deserto mostrou as presas e atacou você, sem nenhum significado por trás da comoção da internet.","Der Wolf in der Wildnis fletschte die Zähne und griff dich an, ohne dass der Internet-Aufruhr eine Bedeutung hatte.","황야의 늑대에게 인터넷상의 논란 따위는 아무런 의미가 없었고, 늑대는 그대로 이빨을 드러내며 당신을 습격했습니다."
"MSG_C_INTERNET_X_LOSS","Xalthis deleted the very concept of the Internet from space.","ザルティスはインターネットという概念そのものを宇宙からデリートした。","扎尔提斯从太空中删除了互联网的概念。","Ксалтис удалил само понятие интернета из космоса.","Xalthis eliminó el concepto mismo de internet del espacio.","Xalthis deletou o próprio conceito de Internet do espaço.","Xalthis hat das Konzept des Internets selbst aus dem Weltraum gelöscht.","잘티스는 인터넷이라는 개념 자체를 우주에서 삭제해 버렸습니다."
"MSG_C_INTERNET_Y_LOSS","The cold of the snowy mountains of the Yeti caused your smartphone battery to die in an instant, leaving you unable to do anything.","イエティの雪山の寒さでスマホのバッテリーが一瞬で切れ、何もできなかった。","雪人雪山的寒冷让你的手机电池瞬间没电，让你什么也做不了。","Холод снежных гор Йети привел к тому, что аккумулятор вашего смартфона мгновенно разрядился, не оставив вам возможности что-либо сделать.","El frío de las montañas nevadas del yeti hizo que la batería de tu smartphone muriera en un instante, dejándote sin poder hacer nada.","O frio das montanhas nevadas do yeti fez com que a bateria do seu smartphone morresse em um instante, deixando você incapaz de fazer qualquer coisa.","Die Kälte der schneebedeckten Berge des Yetis führte dazu, dass dein Smartphone-Akku sofort leer war und du nichts mehr tun konntest.","예티가 있는 설산의 추위 때문에 스마트폰 배터리가 순식간에 방전되어 아무것도 할 수 없었습니다."
"MSG_C_INTERNET_Z_LOSS","The zombie's rotting brain could not accept the digital pulse and kept biting at it.","ゾンビの腐りゆく脳はデジタルパルスを受け付けず、ひたすらに噛みついてきた。","僵尸腐烂的大脑无法接受数字脉冲，不断地撕咬着。","Гниющий мозг зомби не мог принять цифровой импульс и продолжал кусать его.","El cerebro podrido del zombi no podía aceptar el pulso digital и siguió mordiéndolo.","O cérebro podre do zumbi não conseguia aceitar o pulso digital e continuou mordendo-o.","Das verrottende Gehirn des Zombies konnte den digitalen Impuls nicht akzeptieren und biss immer wieder zu.","좀비의 부패한 뇌는 디지털 신호를 받아들이지 못하고 그저 물어뜯기만 했습니다."
"MSG_C_ILLUSION_A_WIN","The ant chased a phantom scent into a bottomless pit. It fell forever in a dream while its true body stood still. Reality vanished behind a veil of beautiful, deceptive images.","アリは幻のフェロモンを追い、底なしの落とし穴へと足を踏み入れました。意識が夢を彷徨う間に、現実に残された身体は静かに朽ちていきました。真実は、美しき欺瞞のベールの向こう側に消えました。","蚂蚁追逐着幻觉中的费洛蒙，踏入了无底深渊。当意识在梦境中徘徊时，留在现实中的身体静静地腐朽了。真实消失在了美丽的欺瞒之纱的另一侧。","Муравей погнался за призрачным запахом в бездонную яму. Он вечно падал во сне, в то время как его истинное тело стояло неподвижно. Реальность исчезла за завесой прекрасных, обманчивых образов.","La hormiga persiguió un aroma fantasma hacia un pozo sin fondo. Cayó para siempre en un sueño mientras su verdadero cuerpo permanecía inmóvil. La realidad se desvaneció detrás de un velo de imágenes bellas y engañosas.","A formiga perseguiu um cheiro fantasma em um poço sem fundo. Ela caiu para sempre em um sonho enquanto seu verdadeiro corpo permanecia imóvel. A realidade desapareceu atrás de um véu de imagens belas e enganosas.","Die Ameise jagte einem Phantomgeruch in eine bodenlose Grube hinterher. Sie fiel ewig in einem Traum, während ihr wahrer Körper stillstand. Die Realität verschwand hinter einem Schleier aus schönen, täuschenden Bildern.","개미는 환상의 냄새를 쫓아 바닥 없는 구덩이로 뛰어들었습니다. 진짜 몸이 가만히 서 있는 동안 의식은 꿈속에서 영원히 추락했습니다. 현실은 아름답고 기만적인 이미지의 베일 뒤로 사라졌습니다."
"MSG_C_ILLUSION_B_WIN","The bat's sonar was confused by echoes of non-existent walls. It crashed in panic while trying to navigate a world that wasn't there. The master of darkness was defeated by a false light.","コウモリの超音波が、存在しない壁の残響に惑わされました。実体のない世界を進もうとした魔物は、パニックに陥り激突を繰り返しました。闇の支配者は、偽りの光にその誇りを砕かれました。","蝙蝠的超音波被不存在的墙壁残响所迷惑。试图进入虚幻世界的魔物陷入恐慌，反复撞击。黑暗的支配者在那虚假的光芒面前折损了自尊。","Сонар летучей мыши был сбит с толку эхом от несуществующих стен. Она в панике разбилась, пытаясь ориентироваться в мире, которого не было. Повелитель тьмы был побежден ложным светом.","El sonar del murciélago se confundió con ecos de paredes inexistentes. Se estrelló presa del pánico mientras intentaba navegar por un mundo que no estaba allí. El maestro de la oscuridad fue derrotado por una luz falsa.","O sonar do morcego foi confundido por ecos de paredes inexistentes. Ele colidiu em pânico enquanto tentava navegar por um mundo que não existia. O mestre das trevas foi derrotado por uma luz falsa.","Das Sonar der Fledermaus wurde durch Echos nicht vorhandener Wände verwirrt. Sie stürzte in Panik ab, während sie versuchte, durch eine Welt zu navigieren, die nicht da war. Der Herr der Dunkelheit wurde durch ein falsches Licht besiegt.","박쥐의 초음파는 존재하지 않는 벽의 메아리에 혼란을 겪었습니다. 존재하지 않는 세계를 탐색하려던 박쥐는 패닉에 빠져 부딪혔습니다. 어둠의 지배자는 가짜 빛에 패배했습니다."
"MSG_C_ILLUSION_C_WIN","The cobra struck at a shimmering mirage of a giant bird. It exhausted its venom on shadows before the true blade bit its neck. The serpent died chasing a lie of its own fear.","コブラは巨大な鳥の幻影に向かって、猛然と牙を剥きました。実体のない影に毒を浴びせ続け、背後の真実には気づくことさえありませんでした。毒蛇は、自らの恐怖が紡いだ嘘を追って絶命しました。","眼镜蛇朝着巨鸟的幻影猛然亮起獠牙。它不断向虚无的影子喷洒毒液，甚至没有察觉身后的真相。毒蛇追逐着由自身恐惧编织的谎言而毙命。","Кобра бросилась на мерцающий мираж гигантской птицы. Она израсходовала свой яд на тени до того, как настоящий клинок вонзился ей в шею. Змей погиб, преследуя ложь собственного страха.","La cobra atacó un espejismo resplandeciente de un ave gigante. Agotó su veneno en las sombras antes de que la verdadera espada mordiera su cuello. La serpiente murió persiguiendo una mentira de su propio miedo.","A cobra atacou uma miragem cintilante de um pássaro gigante. Ela esgotou seu veneno em sombras antes que a lâmina verdadeira mordesse seu pescoço. A serpente morreu perseguindo uma mentira de seu próprio medo.","Die Kobra griff eine schimmernde Fata Morgana eines Riesenvogels an. Sie verbrauchte ihr Gift an Schatten, bevor die wahre Klinge in ihren Nacken biss. Die Schlange starb, während sie einer Lüge ihrer eigenen Angst nachjagte.","코브라는 거대한 새의 어른거리는 신기루를 공격했습니다. 진짜 칼날이 목을 베기 전까지 코브라는 그림자에 독을 쏟아부었습니다. 뱀은 자신의 공포가 만들어낸 거짓을 쫓다 죽었습니다."
"MSG_C_ILLUSION_D_WIN","The dragon fought a spectral army of knights in the clouds. It wasted its fire on ghosts until it fell from sheer exhaustion. The legend was broken by a story it couldn't win against.","ドラゴンは雲の中で、亡霊の騎士団と果てなき戦いを繰り広げました。実体のない幻にブレスを吐き続け、やがて極限の疲労と共に墜落しました。伝説は、勝てるはずのない空想の物語に敗れました。","巨龙在云层中与亡灵骑士团展开了无止境的战斗。它不断向虚幻的假象喷出吐息，最终伴随着极度的疲劳坠落。传说败在了一个注定无法获胜的幻想故事手中。","Дракон сражался с призрачной армией рыцарей в облаках. Он тратил свой огонь на призраков, пока не упал от полного изнеможения. Легенда была разрушена историей, в которой он не мог победить.","El dragón luchó contra un ejército espectral de caballeros en las nubes. Desperdició su fuego en fantasmas hasta que cayó por puro agotamiento. La leyenda fue rota por una historia contra la que no podía ganar.","O dragão lutou contra um exército espectral de cavaleiros nas nuvens. Ele desperdiçou seu fogo em fantasmas até cair de puro exaustão. A lenda foi quebrada por uma história contra a qual não podia vencer.","Der Drache kämpfte in den Wolken gegen eine spektrale Armee von Rittern. Er verschwendete sein Feuer an Geister, bis er vor lauter Erschöpfung stürzte. Die Legende wurde durch eine Geschichte gebrochen, gegen die sie nicht gewinnen konnte.","용은 구름 속에서 유령 기사단과 싸웠습니다. 유령에게 불꽃을 낭비하던 용은 결국 극심한 피로로 추락했습니다. 전설은 이길 수 없는 환상의 이야기에 의해 깨졌습니다."
"MSG_C_ILLUSION_E_LOSS","The forest spirit used its deep connection to the earth to sense your true location, ignoring the shimmering phantoms. Its massive branch struck you before you could realize the illusion had failed.","森の守護者は大地との深い繋がりを使い、煌めく幻影を無視してあなたの正確な位置を特定した。幻術が破られたことに気づく前に、巨大な枝の咆哮があなたを打ち据えた。","森林之灵利用其与大地的深厚联系感应到了你的真实位置，无视了闪烁的幻影。在你意识到幻术失败之前，其巨大的树枝就已击中了你。","Лесной дух использовал свою глубокую связь с землей, чтобы почувствовать ваше истинное местоположение, игнорируя мерцающих призраков. Его массивная ветвь ударила вас до того, как вы успели понять, что иллюзия не удалась.","El espíritu del bosque usó su profunda conexión con la tierra para sentir tu verdadera ubicación, ignorando los fantasmas resplandecientes. Su rama masiva te golpeó antes de que pudieras darte cuenta de que la ilusión había fallado.","O espírito da floresta usou sua profunda conexão com a terra para sentir sua verdadeira localização, ignorando os fantasmas cintilantes. Seu galho maciço atingiu você antes que você percebesse que a ilusão havia falhado.","Der Waldgeist nutzte seine tiefe Verbindung zur Erde, um deinen wahren Standort zu spüren, und ignorierte die schimmernden Phantome. Sein gewaltiger Ast traf dich, bevor du merken konntest, dass die Illusion gescheitert war.","숲의 정령은 대지와의 깊은 연결을 이용해 어른거리는 환상을 무시하고 당신의 진짜 위치를 감지했습니다. 당신이 환상이 실패했다는 것을 깨닫기도 전에 거대한 나뭇가지가 당신을 강타했습니다."
"MSG_C_ILLUSION_F_WIN","The fly hit an invisible barrier created by a complex illusion. It became trapped in a kaleidoscope of light until it stopped moving. The tiny insect was lost in a world of infinite colors.","ハエは万華鏡のような光の迷宮に迷い込み、出口を求めて虚しく羽ばたいた。無数に重なる色の渦に視覚を奪われ、やがて生命の鼓動は停止した。小さな虫は、極彩色の絶望の中に沈んだ。","苍蝇迷失在万花筒般的光之迷宫中，为了寻找出口而徒劳地扇动着翅膀。视线被无数重叠的色彩漩涡夺走，不久生命的心跳便停止了。微小的昆虫沉没在极彩色的绝望之中。","Муха попала в невидимый барьер, созданный сложной иллюзией. Она оказалась в ловушке калейдоскопа света, пока не перестала двигаться. Крошечное насекомое затерялось в мире бесконечных цветов.","La mosca chocó contra una barrera invisible creada por una ilusión compleja. Quedó atrapada en un caleidoscopio de luz hasta que dejó de moverse. El diminuto insecto se perdió en un mundo de colores infinitos.","A mosca atingiu uma barreira invisível criada por uma ilusão complexa. Ela ficou presa em um caleidoscópio de luz até parar de se mover. O minúsculo inseto perdeu-se em um mundo de cores infinitas.","Die Fliege stieß gegen eine unsichtbare Barriere, die durch eine komplexe Illusion erschaffen wurde. Sie war in einem Kaleidoskop aus Licht gefangen, bis sie sich nicht mehr bewegte. Das winzige Insekt verlor sich in einer Welt aus unendlichen Farben.","파리는 복잡한 환상에 의해 만들어진 투명한 벽에 부딪혔습니다. 움직임이 멎을 때까지 빛의 만화경 속에 갇히고 말았습니다. 작은 곤충은 무한한 색채의 세계 속에서 길을 잃었습니다."
"MSG_C_ILLUSION_G_LOSS","The goblin's crude survival instincts were sharper than your magic. It swung its club blindly in fear, accidentally catching the true you while you stood distracted by your own fake images.","ゴブリンの野卑な生存本能が、皮肉にもあなたの魔力を上回った。恐怖のあまり振り回した棍棒が、自らの幻影に見惚れていたあなたの脳天を偶然にも粉砕した。","哥布林粗鄙的生存本能比你的魔法还要犀利。由于恐惧，它盲目地挥动木棒，竟意外地击中了因专注于自身幻象而分心的你。","Грубые инстинкты выживания гоблина оказались острее вашей магии. Он слепо размахивал дубинкой от страха, случайно поймав настоящего вас, пока вы стояли, отвлеченные своими собственными фальшивыми изображениями.","Los crudos instintos de supervivencia del duende eran más agudos que tu magia. Balanceó su garrote a ciegas por miedo, atrapándote accidentalmente a ti mientras estabas distraído por tus propias imágenes falsas.","Os instintos brutos de sobrevivência do goblin eram mais agudos do que sua magia. Ele balançou sua clava cegamente de medo, atingindo você acidentalmente enquanto você estava distraído por suas próprias imagens falsas.","Die rohen Überlebensinstinkte des Goblins waren schärfer als deine Magie. Er schwang seine Keule blindlings vor Angst und erwischte zufällig dein wahres Ich, während du von deinen eigenen falschen Bildern abgelenkt warst.","고블린의 투박한 생존 본능은 당신의 마법보다 날카로웠습니다. 겁에 질려 몽둥이를 마구 휘두르다 당신의 환상에 한눈을 팔고 있던 진짜 당신을 우연히 맞추고 말았습니다."
"MSG_C_ILLUSION_H_LOSS","The harpy used her screeching sonic waves to echolocate the physical presence behind the mirage. She dived through the shadows, her talons finding the warmth of flesh instead of empty air.","ハーピーはけたたましい叫び声の反響を使い、陽炎の影に隠れた実体の居場所を正確に突き止めた。彼女は幻影を切り裂いて急降下し、その鋭い爪は空虚な空気ではなく生身の肉を捉えた。","哈皮利用其尖锐的声波进行回声定位，找出了海市蜃楼背后的物理实体。她俯冲穿过阴影，利爪抓到的是温暖的血肉而非虚无的空气。","Гарпия использовала свои визжащие звуковые волны для эхолокации физического присутствия за миражом. Она спикировала сквозь тени, ее когти нашли тепло плоти вместо пустого воздуха.","La arpía usó sus chillonas ondas sónicas para ecolocalizar la presencia física detrás del espejismo. Se lanzó a través de las sombras, sus garras encontrando el calor de la carne en lugar de aire vacío.","A harpia usou suas ondas sonoras estridentes para ecolocalizar a presença física atrás da miragem. Ela mergulhou através das sombras, suas garras encontrando o calor da carne em vez de ar vazio.","Die Harpyie nutzte ihre kreischenden Schallwellen, um die physische Präsenz hinter der Fata Morgana zu orten. Sie stürzte durch die Schatten herab, und ihre Krallen fanden die Wärme von Fleisch anstelle von leerer Luft.","하피는 날카로운 음파를 이용해 신기루 뒤에 숨은 실체를 찾아냈습니다. 그녀는 그림자를 뚫고 급강하했고, 그녀의 발톱은 허공이 아닌 따뜻한 살점을 파고들었습니다."
"MSG_C_ILLUSION_I_WIN","The imp's own pranks were reflected back at it ten-fold. It became terrified of its own shadow, thinking it was a high demon. The prankster was driven mad by its own medicine.","インプの得意とした悪戯が、十倍の恐怖となって自身に跳ね返った。自らの影を上位の悪魔と誤認し、小悪魔は狂乱の果てに自滅した。人を欺く者は、最後には自らの幻想に食い尽くされた。","小恶魔擅长的恶作剧化作十倍的恐惧反弹到了自己身上。将自己的影子误认为上位恶魔，小恶魔在狂乱的最后自取灭亡。欺骗他人者，最终会被自己的幻想吞噬。","Собственные розыгрыши беса отразились на нем десятикратно. Он пришел в ужас от собственной тени, приняв ее за высшего демона. Проказник сошел с ума от собственного лекарства.","Las propias bromas del imp se reflejaron en él diez veces. Se aterrorizó de su propia sombra, pensando que era un demonio superior. El bromista se volvió loco por su propia medicina.","As próprias travessuras do imp voltaram-se contra ele dez vezes mais fortes. Ele ficou aterrorizado com a própria sombra, pensando ser um demônio superior. O pregador de peças foi levado à loucura pelo próprio remédio.","Die eigenen Streiche des Imps wurden zehnfach auf ihn zurückgeworfen. Er bekam Angst vor seinem eigenen Schatten und hielt ihn für einen hohen Dämon. Der Schelm wurde durch seine eigene Medizin in den Wahnsinn getrieben.","임프의 장난이 열 배의 공포가 되어 그 자신에게 되돌아갔습니다. 그는 자신의 그림자를 상급 악마로 착각해 겁에 질렸습니다. 장난꾸러기는 자신이 쓴 수법에 스스로 당해 미쳐버렸습니다."
"MSG_C_ILLUSION_J_WIN","The jelly's simple mind was overloaded by a barrage of fake sensations. It dissolved into a puddle, unable to distinguish self from illusion. The monster vanished into a dream of salt.","ジェリーの単純な思考は、洪水のように押し寄せる偽の感覚に耐えられなかった。自己と世界の境界を失い、怪物は音もなく冷たい液だまりへと溶け落ちた。形なき魔物は、塩の夢の中に消えた。","果冻怪那简单的思考无法承受洪水般涌来的虚假感觉。失去了自我与世界的边界，怪物无声地融化成了一滩冰冷的液体。无形之魔消失在了盐之梦中。","Простой разум желе был перегружен шквалом фальшивых ощущений. Оно растворилось в луже, не в силах отличить себя от иллюзии. Монстр исчез в сне из соли.","La mente simple de la gelatina se sobrecargó por un aluvión de sensaciones falsas. Se disolvió en un charco, incapaz de distinguir el yo de la ilusión. El monstruo se desvaneció en un sueño de sal.","A mente simples da gelatina foi sobrecarregada por uma barragem de sensações falsas. Ela dissolveu-se em uma poça, incapaz de distinguir o eu da ilusão. O monstro desapareceu em um sonho de sal.","Der einfache Geist des Gelees wurde durch eine Flut falscher Empfindungen überlastet. Es löste sich in einer Pfütze auf, unfähig, zwischen sich selbst und der Illusion zu unterscheiden. Das Monster verschwand in einem Traum aus Salz.","젤리의 단순한 지능은 쏟아지는 가짜 감각들에 과부하가 걸렸습니다. 자신과 환상을 구분하지 못한 채 결국 액체로 녹아내렸습니다. 괴물은 소금 같은 꿈속으로 사라졌습니다."
"MSG_C_ILLUSION_K_LOSS","The kobold's sense of smell was too refined to be fooled by visual trickery. It followed the scent of your sweat right to your position, snarling as it lunged from the darkness.","コボルドの嗅覚はあまりに鋭く、視覚的な小細工に騙されることはなかった。彼はあなたの汗の匂いを正確に追跡し、暗闇から牙を剥いて飛びかかってきた。","狗头人的嗅觉过于灵敏，无法被视觉诡计所欺骗。它循着你汗水的味道找准了你的位置，在猛扑出黑暗时发出了阵阵嘶吼。","Обоняние кобольда было слишком утонченным, чтобы его можно было обмануть визуальными уловками. Он проследовал по запаху вашего пота прямо к вашей позиции, рыча, когда бросился из темноты.","El sentido del olfato del kobold era demasiado refinado para dejarse engañar por trucos visuales. Siguió el olor de tu sudor directamente hasta tu posición, gruñendo mientras se lanzaba desde la oscuridad.","O olfato do kobold era refinado demais para ser enganado por truques visuais. Ele seguiu o cheiro do seu suor diretamente até a sua posição, rosnando ao saltar da escuridão.","Der Geruchssinn des Kobolds war zu verfeinert, um sich von visuellen Tricks täuschen zu lassen. Er folgte dem Geruch deines Schweißes direkt zu deiner Position und knurrte, als er aus der Dunkelheit hervorsprang.","코볼트의 후각은 시각적인 잔재주에 속기에는 너무나 예리했습니다. 그는 당신의 땀 냄새를 맡고 당신이 있는 곳을 정확히 찾아내어 어둠 속에서 으르렁거리며 덮쳤습니다."
"MSG_C_ILLUSION_L_WIN","The lizard's heat pits were fooled by decoy fireballs. It struck at shadows while the true threat closed in from the cold. The reptile's instinct was its undoing.","リザードの赤外線検知は、周囲に展開された擬似的な熱源に惑わされた。幻の熱に向かって牙を剥く間に、真の脅威が背後の冷気から奴を仕留めた。野生の直感こそが、最大の罠となった。","蜥蜴的红外线检测被周围展开的拟似热源所迷惑。正当它向着幻觉热源露出獠牙时，真正的威胁从背后的冷气中将其干掉。野性的直觉反倒成了最大的陷阱。","Тепловые ямки ящерицы были обмануты ложными огненными шарами. Она наносила удары по теням, пока истинная угроза приближалась из холода. Инстинкт рептилии погубил ее.","Las fosas térmicas del lagarto fueron engañadas por bolas de fuego señuelo. Atacó a las sombras mientras la verdadera amenaza se acercaba desde el frío. El instinto del reptil fue su perdición.","As covas térmicas do lagarto foram enganadas por bolas de fogo iscas. Ele atacou as sombras enquanto a verdadeira ameaça aproximava-se do frio. O instinto do réptil foi a sua ruína.","Die Wärmegruben der Eidechse wurden durch Scheinfeuerbälle getäuscht. Sie griff nach Schatten, während die wahre Bedrohung aus der Kälte näher rückte. Der Instinkt des Reptils war sein Untergang.","리자드의 열 감지 기관은 가짜 화염구에 속아 넘어갔습니다. 리자드가 그림자를 공격하는 사이 진짜 위협이 추위 속에서 다가왔습니다. 파충류의 본능이 스스로를 파멸로 이끌었습니다."
"MSG_C_ILLUSION_M_WIN","The mummy saw its ancient kingdom restored for a fleeting moment. It reached out for royalty, only to crumble into sand. Its eternal wandering ended in a cruel, beautiful lie.","マミーは刹那の間に、かつての栄華極まる王国の幻視を見た。玉座へ手を伸ばした瞬間、その肉体は数千年の時を越えて砂へと瓦解した。永遠の彷徨は、残酷なほど美しい嘘と共に終わった。","木乃伊在那一刹那看到了曾经繁荣至极的王国幻象。在向王座伸出手的瞬间，它的肉体跨越数千年时光崩解成了沙土。永恒的徘徊伴随着残酷而美丽的谎言结束了。","Мумия на миг увидела свое древнее королевство восстановленным. Она потянулась к величию, только чтобы рассыпаться в песок. Ее вечные странствия закончились жестокой, красивой ложью.","La momia vio su antiguo reino restaurado por un momento fugaz. Buscó la realeza, solo para desmoronarse en arena. Su eterno vagar terminó en una mentira cruel и hermosa.","A múmia viu o seu antigo reino restaurado por um momento fugaz. Ela buscou a realeza, apenas para desmoronar em areia. Seu eterno vagar terminou em uma mentira cruel e bela.","Die Mumie sah für einen flüchtigen Moment ihr altes Königreich wiederhergestellt. Sie griff nach der Herrlichkeit, nur um zu Sand zu zerfallen. Ihr ewiges Umherwandern endete in einer grausamen, schönen Lüge.","미라는 아주 잠깐 동안 자신의 고대 왕국이 재건된 환상을 보았습니다. 왕좌를 향해 손을 뻗었지만 결국 모래가 되어 흩어지고 말았습니다. 미라의 영원한 방랑은 잔인하고도 아름다운 거짓말과 함께 끝났습니다."
"MSG_C_ILLUSION_N_WIN","The naga was mesmerized by a reflection of her own beauty. She lost her focus and was struck down while admiring the phantom. The serpent's vanity led to its silent end.","ナーガは水面に映る、自身の完璧な美しさを模した幻影に心奪われた。警戒が感嘆に変わった隙を突かれ、美しき賢者は永遠の眠りについた。人面蛇の虚栄は、哀れな沈黙によって幕を閉じた。","纳迦被水面上倒映出的、模仿自身完美美貌的幻影夺走了心神。在警戒化为感叹的空档，美丽的贤者陷入了永眠。人面蛇的虚荣在一声可怜的沈默中落下了帷幕。","Нага была загипнотизирована отражением собственной красоты. Она потеряла концентрацию и была сражена, любуясь призраком. Тщеславие змеи привело к ее безмолвному концу.","La naga quedó hipnotizada por un reflejo de su propia belleza. Perdió su concentración и fue abatida mientras admiraba al fantasma. La vanidad de la serpiente la llevó a su fin silencioso.","A naga ficou hipnotizada pelo reflexo da própria beleza. Ela perdeu o foco e foi abatida enquanto admirava o fantasma. A vaidade da serpente levou ao seu fim silencioso.","Die Naga war fasziniert vom Spiegelbild ihrer eigenen Schönheit. Sie verlor ihre Konzentration und wurde niedergestreckt, während sie das Phantom bewunderte. Die Eitelkeit der Schlange führte zu ihrem lautlosen Ende.","나가는 자신의 아름다운 모습에 넋을 잃었습니다. 환상에 감탄하며 경계심을 늦춘 사이 나가는 쓰러졌습니다. 뱀의 허영심은 조용한 최후를 불러왔습니다."
"MSG_C_ILLUSION_O_LOSS","The orc closed its eyes and relied on the vibrations in the floor. It ignored the visual chaos entirely, delivering a single, earth-shaking blow to the spot where you stood panting.","オークは静かに目を閉じ、大地の微かな震えに意識を集中させた。視覚的な混乱を完全に遮断した彼の一撃は、息を切らして立ち尽くすあなたの真上から振り下ろされた。","兽人闭上双眼，依靠地板的震动进行定位。它完全无视了视觉上的混乱，对着你气喘吁吁伫立的地方降下了震天动地的一击。","Орк закрыл глаза и положился на вибрации пола. Он полностью проигнорировал визуальный хаос, нанеся единственный, сотрясающий землю удар в то место, где вы стояли, тяжело дыша.","El orco cerró los ojos и confió en las vibraciones del suelo. Ignoró por completo el caos visual, asestando un único golpe que sacudió la tierra en el lugar donde estabas jadeando.","O orc fechou os olhos e confiou nas vibrações do chão. Ele ignorou completamente o caos visual, desferindo um único golpe estrondoso no local onde você estava ofegante.","Der Ork schloss seine Augen und verließ sich auf die Vibrationen im Boden. Er ignorierte das visuelle Chaos vollständig und versetzte der Stelle, an der du keuchend standst, einen einzigen, erdbebenartigen Schlag.","오크는 눈을 감고 바닥의 진동에 집중했습니다 시각적인 혼란을 완전히 무시한 오크의 일격은 거칠게 숨을 몰아쉬며 서 있던 당신의 머리 위로 정확히 떨어졌습니다."
"MSG_C_ILLUSION_P_LOSS","The pixie giggled, seeing right through your clumsy magical constructs. She added her own layers to the illusion, trapping you in a hall of mirrors until you lost track of what was real.","ピクシーはクスクスと笑い、あなたの不器用な魔術の綻びを簡単に見破った。彼女は自ら幻影を上書きし、無限の鏡合わせの世界にあなたを閉じ込めて精神を崩壊させた。","小仙女咯咯笑着，一眼看穿了你那笨拙的魔法构造。她在幻术之上叠加了自己的幻术，将你困在了镜厅之中，直到你彻底分不清真实。","Пикси хихикнула, видя насквозь ваши неуклюжие магические конструкции. Она добавила свои собственные слои к иллюзии, заманив вас в ловушку в зеркальном зале, пока вы не потеряли связь с реальностью.","La duendecilla soltó una risita, viendo a través de tus torpes construcciones mágicas. Añadió sus propias capas a la ilusión, atrapándote en un salón de espejos hasta que perdiste la noción de lo que era real.","A fada deu uma risadinha, vendo através de suas construções mágicas desajeitadas. Ela adicionou suas próprias camadas à ilusão, prendendo você em um salão de espelhos até que você perdesse a noção do que era real.","Die Pixie kicherte und durchschaute deine tollpatschigen magischen Konstrukte. Sie fügte der Illusion ihre eigenen Schichten hinzu und fing dich in einem Spiegelkabinett ein, bis du den Überblick darüber verlort, was real war.","픽시는 당신의 서툰 마법 구조를 간파하고 낄낄거리며 웃었습니다. 그녀는 환상에 자신의 마법을 덧씌워 당신을 거울의 방에 가두었고, 당신은 무엇이 진짜인지 분간할 수 없게 되었습니다."
"MSG_C_ILLUSION_Q_WIN","The coeurl's electromagnetic sense processed millions of fake signals at once. Its brain short-circuited trying to find the true heartbeat. The high-speed hunter died from calculation failure.","クアールの超感覚が、数百万の偽りの電磁信号を一度に処理し、パンクした。真実の鼓動を求める余り脳が短絡し、獣は音もなくその場に倒れた。高速の狩人は、計算の誤りによって死した。","夸尔的超感官由于一次性处理了数百万个虚假电磁信号而陷入瘫痪。因过度寻求真相的心跳导致大脑短路，野兽无声地倒在当场。高速猎手死于计算错误。","Электромагнитное чутье куэрла обрабатывало миллионы фальшивых сигналов одновременно. Его мозг замкнуло в попытках найти истинное сердцебиение. Скоростной охотник погиб от ошибки в расчетах.","El sentido electromagnético del coeurl procesó millones de señales falsas a la vez. Su cerebro sufrió un cortocircuito tratando de encontrar el latido real. El cazador de alta velocidad murió por un fallo de cálculo.","O sentido eletromagnético do coeurl processou milhões de sinais falsos ao mesmo tempo. Seu cérebro entrou em curto-circuito tentando encontrar o batimento cardíaco real. O caçador de alta velocidade morreu por falha de cálculo.","Der elektromagnetische Sinn des Coeurls verarbeitete Millionen von gefälschten Signalen auf einmal. Sein Gehirn erlitt einen Kurzschluss beim Versuch, den wahren Herzschlag zu finden. Der Hochgeschwindigkeitsjäger starb an einem Rechenfehler.","쿠얼의 전자기 감각은 수백만 개의 가짜 신호를 동시에 처리하려다 과부하가 걸렸습니다. 진짜 심장 박동을 찾으려던 그의 뇌는 단락되었고, 고속의 사냥꾼은 계산 오류로 인해 사망했습니다."
"MSG_C_ILLUSION_R_LOSS","The rat swarm moved by collective instinct, a carpet of fur that covered the entire floor. Illusions of empty paths meant nothing when every inch of the room was filled with hungry teeth.","ネズミの群れは集団本能に従って動き、床の隅々までを毛皮の絨毯で埋め尽くした。どれほど偽の逃げ道を作ろうとも、飢えた牙が充満するこの部屋に安全な場所などなかった。","鼠群依靠集体本能移动，正如铺满整个地板的皮毛地毯。当房间的每一寸都挤满了饥饿的牙齿时，虚假的逃生路径毫无意义。","Крысиная стая двигалась по коллективному инстинкту, ковер из меха, покрывающий весь пол. Иллюзии пустых троп ничего не значили, когда каждый дюйм комнаты был заполнен голодными зубами.","La manada de ratas se movía por instinto colectivo, una alfombra de pelaje que cubría todo el suelo. Las ilusiones de caminos vacíos no significaban nada cuando cada centímetro de la habitación estaba lleno de dientes hambrientos.","O bando de ratos movia-se por instinto coletivo, um tapete de pelos que cobria todo o chão. Ilusões de caminhos vazios não significavam nada quando cada centímetro da sala estava cheio de dentes famintos.","Der Rattenschwarm bewegte sich durch kollektiven Instinkt, ein Teppich aus Fell, der den gesamten Boden bedeckte. Illusionen von leeren Pfaden bedeuteten nichts, wenn jeder Zentimeter des Raumes mit hungrigen Zähnen gefüllt war.","쥐 떼는 집단 본능에 따라 움직였으며, 그들의 털은 바닥 전체를 덮는 카펫과 같았습니다. 방 안이 굶주린 이빨들로 가득 찼을 때 가짜 도망길은 아무런 의미가 없었습니다."
"MSG_C_ILLUSION_S_LOSS","The slime felt the displacement of air as you moved, its blind biology immune to visual deception. It simply expanded its mass to cover the entire area, slowly engulfing the true you.","視覚を持たないスライムにとって、光の屈折による欺瞞など無意味だった。彼はあなたの動きによる僅かな空気の揺らぎを感じ取り、その不定形の肉体を広げてじわじわとあなたを飲み込んだ。","史莱姆感受到了你移动时引起的空气置换，其盲目的生理构造对手视觉欺瞒完全免疫。它只是扩大了自己的质量以覆盖整个区域，缓慢地吞噬了真实的你。","Слизь чувствовала вытеснение воздуха при вашем движении, ее слепая биология невосприимчива к визуальному обману. Она просто расширила свою массу, чтобы покрыть всю площадь, медленно поглощая настоящего вас.","El limo sintió el desplazamiento del aire mientras te movías, su biología ciega inmune al engaño visual. Simplemente expandió su masa para cubrir toda el área, envolviendo lentamente al verdadero tú.","O slime sentiu o deslocamento de ar enquanto você se movia, sua biologia cega imune à decepção visual. Ele simplesmente expandiu sua massa para cobrir toda a área, engolfando lentamente o verdadeiro você.","Der Schleim spürte die Verdrängung der Luft, als du dich bewegtest; seine blinde Biologie war immun gegen visuelle Täuschung. Er dehnte seine Masse einfach aus, um den gesamten Bereich abzudecken, и verschlang langsam dein wahres Ich.","슬라임은 당신이 움직일 때 발생하는 공기의 흐름을 감지했습니다. 눈이 없는 슬라임의 생체 구조는 시각적 기만에 영향을 받지 않았습니다. 슬라임은 그저 몸집을 불려 방 전체를 덮었고 진짜 당신을 천천히 집어삼켰습니다."
"MSG_C_ILLUSION_T_LOSS","The troll's simple mind was too focused on its hunger to be distracted. It charged forward like a mountain of muscle, crushing the illusions and you alike in its relentless advance.","トロールの単純な思考は、ただ「空腹」という一点のみに支配されていた。彼は筋肉の塊となって突進し、幻影もろともあなたの存在を冷徹な足取りで押し潰した。","巨魔那简单的脑袋太过于专注于饥饿，以至于无法被分心。它像一座肌肉山一样向前冲锋，在无情的前进中将幻象和你一并碾碎。","Простой разум тролля был слишком сосредоточен на голоде, чтобы отвлекаться. Он бросился вперед как гора мышц, сокрушая иллюзии и вас в своем неумолимом продвижении.","La mente simple del trol estaba demasiado concentrada en su hambre como para distraerse. Cargó hacia adelante como una montaña de músculos, aplastando las ilusiones и a ti por igual en su avance implacable.","A mente simples do troll estava focada demais em sua fome para se distrair. Ele avançou como uma montanha de músculos, esmagando as ilusões e você em seu avanço implacável.","Der einfache Geist des Trolls war zu sehr auf seinen Hunger konzentriert, um sich ablenken zu lassen. Er stürmte vorwärts wie ein Berg aus Muskeln und zermalmte die Illusionen und dich gleichermaßen in seinem unerbittlichen Vormarsch.","트로울의 단순한 정신은 배고픔에만 집중되어 있어 환상에 현혹되지 않았습니다. 트로울은 근육질의 거구가 되어 돌진했고, 그 무자비한 전진 속에 환상과 당신은 함께 짓눌렸습니다."
"MSG_C_ILLUSION_U_WIN","The undead were lured into a cage of holy light that was only a memory. They reached for salvation only to be erased from existence. Their lingering regret was burned away by a dream of the sun.","アンデッドは、記憶の中にのみ存在する聖なる光の檻へと誘い込まれた。救いを求めて光に触れた瞬間、彼らの未練は浄化され、魂は虚空に消えた。亡霊は、太陽の夢によって焼き尽くされた。","不死族被诱入了一座仅存在于记忆中的神圣光之牢笼。在寻求救赎并触碰光芒的瞬间，它们的留恋被净化，灵魂消失在虚空中。亡灵被太阳之梦燃尽了。","Мертвецов заманили в клетку из святого света, которая была лишь воспоминанием. Они потянулись к спасению только для того, чтобы быть стертыми из бытия. Их затянувшаяся скорбь была сожжена сном о солнце.","Los no muertos fueron atraídos a una jaula de luz sagrada que solo era un recuerdo. Buscaron la salvación solo para ser borrados de la existencia. Su pesar persistente fue consumido por un sueño del sol.","Os mortos-vivos foram atraídos para uma gaiola de luz sagrada que era apenas uma lembrança. Eles buscaram a salvação apenas para serem apagados da existência. Seu arrependimento remanescente foi queimado por um sonho do sol.","Die Untoten wurden in einen Käfig aus heiligem Licht gelockt, der nur eine Erinnerung war. Sie griffen nach der Erlösung, nur um aus der Existenz getilgt zu werden. Ihr verbleibendes Bedauern wurde durch einen Traum von der Sonne verbrannt.","언데드들은 기억 속에만 존재하는 성스러운 빛의 감옥으로 유인되었습니다. 구원을 바라고 빛에 손을 뻗는 순간 그들은 존재 자체가 지워졌습니다. 그들의 미련은 태양의 꿈에 의해 타버렸습니다."
"MSG_C_ILLUSION_V_LOSS","The vampire vanished into shadow, his ancient eyes seeing the world through a spiritual lens. He ignored the fake images and reappeared at your side, a cold smile crossing his noble face.","ヴァンパイアは影へと消え、その古の瞳で世界の真理を読み解いた。偽りの残像を無視し、彼は冷徹な微笑を浮かべてあなたの背後に音もなく立ちふさがった。","吸血鬼消失在阴影中，其古老的双眼通过灵性透镜观察着世界。他无视掉虚假的影像，带着冷酷的微笑重新出现在你的身侧。","Вампир исчез в тени, его древние глаза видели мир через духовную линзу. Он проигнорировал фальшивые изображения и снова появился рядом с вами, холодная улыбка пересекла его благородное лицо.","El vampiro se desvaneció en las sombras, sus ojos antiguos viendo el mundo a través de una lente espiritual. Ignoró las imágenes falsas и reapareció a tu lado, con una sonrisa fría cruzando su noble rostro.","O vampiro desapareceu na sombra, seus olhos antigos vendo o mundo através de uma lente espiritual. Ele ignorou as imagens falsas e reapareceu ao seu lado, um sorriso frio cruzando seu rosto nobre.","Der Vampir verschwand im Schatten, seine alten Augen sahen die Welt durch eine spirituelle Linse. Er ignorierte die gefälschten Bilder und erschien wieder an deiner Seite, wobei ein kaltes Lächeln über sein edles Gesicht huschte.","흡혈귀는 그림자 속으로 사라졌고, 그의 고대 안목은 영적인 눈으로 세상을 꿰뚫어 보았습니다. 그는 가짜 이미지들을 무시하고 당신의 곁에 다시 나타나 차가운 미소를 지었습니다."
"MSG_C_ILLUSION_X_LOSS","Xalthis's multiple brains processed every possible reality at once, rendering your illusion just one of many harmless data points. It struck the true version of you with terrifying speed.","ザルシスの多重化された脳は、あらゆる可能性を同時に演算していた。あなたの幻影は単なる一つのデータに過ぎず、彼は最初からあなたの実体のみを正確に狙い定めていた。","扎尔希斯的多重大脑同时处理着每一种可能的现实，使你的幻术仅沦为众多无害数据点中的一个。它以惊人的速度准确击中了真实的你。","Множественные мозги Ксалтиса обрабатывали все возможные реальности одновременно, превращая вашу иллюзию в одну из многих безвредных точек данных. Он нанес удар по истинной версии вас с ужасающей скоростью.","Los múltiples cerebros de Xalthis procesaron cada realidad posible a la vez, haciendo que tu ilusión fuera solo uno de tantos puntos de datos inofensivos. Golpeó tu versión verdadera con una velocidad aterradora.","Os múltiplos cérebros de Xalthis processaram todas as realidades possíveis ao mesmo tempo, tornando sua ilusão apenas um de muitos pontos de dados inofensivos. Ele atingiu a sua versão real com uma velocidade aterradora.","Die multiplen Gehirne von Xalthis verarbeiteten jede mögliche Realität gleichzeitig, wodurch deine Illusion zu einem von vielen harmlosen Datenpunkten wurde. Er schlug mit erschreckender Geschwindigkeit auf deine wahre Version ein.","잘티스의 다중 뇌는 모든 가능한 현실을 동시에 연산했습니다. 당신의 환상은 단지 수많은 데이터 중 하나일 뿐이었고, 그는 처음부터 당신의 실체만을 정확히 겨냥했습니다."
"MSG_C_ILLUSION_Y_LOSS","The yeti created a massive blizzard that obscured all vision, effectively neutralizing your visual tricks. In the whiteout, only its superior senses mattered, and it found you easily.","イエティは猛烈な吹雪を引き起こし、辺りを白一色の世界へと変えた。視覚的な小細工は通用しなくなり、極限のホワイトアウトの中で雪山の主の感覚だけがあなたを追い詰めた。","雪人制造了一场挡住所有视线的大型暴风雪，有效地瓦解了你的视觉诡计。在白茫茫的视界中，只有它那卓越的感官才是关键，它轻而易举地找到了你。","Йети создал массивную метель, которая закрыла весь обзор, эффективно нейтрализовав ваши визуальные трюки. В условиях белой мглы значение имели только его превосходящие чувства, и он легко нашел вас.","El yeti creó una tormenta de nieve masiva que oscureció toda la visión, neutralizando eficazmente tus trucos visuales. En el apagón blanco, solo importaban sus sentidos superiores и te encontró fácilmente.","O yeti criou uma nevasca massiva que obscureceu toda a visão, neutralizando efetivamente seus truques visuais. No blecaute total, apenas seus sentidos superiores importavam, e ele encontrou você facilmente.","Der Yeti erzeugte einen gewaltigen Schneesturm, der jede Sicht verdeckte und deine visuellen Tricks effektiv neutralisierte. Im Whiteout zählten nur seine überlegenen Sinne, und er fand dich mühelos.","예티는 맹렬한 눈보라를 일으켜 시야를 완전히 차단했고, 당신의 시각적 속임수는 무용지물이 되었습니다. 화이트아웃 상태에서 예티의 탁월한 감각만이 작동했고 그는 당신을 손쉽게 찾아냈습니다."
"MSG_C_ILLUSION_Z_LOSS","The mindless zombie felt the heat of your living essence, ignoring the cold phantoms you created. It dragged its rotting body toward the only source of warmth in the room: you.","知性なきゾンビは、生ける者の放つ熱量だけを求めて動いていた。冷たい幻影には目もくれず、彼はこの部屋で唯一の熱源であるあなたに向かって、腐敗した身体を引きずりながら接近した。","丧失理智的僵尸感受到了你生命精华散发的热量，无视了你制造的那些寒冷幻像。它拖动着腐烂的身躯走向房间里唯一的热源：你。","Безмозглый зомби чувствовал тепло вашей живой сущности, игнорируя созданных вами холодных призраков. Он тащил свое гниющее тело к единственному источнику тепла в комнате: к вам.","El zombi sin cerebro sintió el calor de tu esencia viva, ignorando los fantasmas fríos que creaste. Arrastró su cuerpo podrido hacia la única fuente de calor en la habitación: tú.","O zumbi sem cérebro sentiu o calor da sua essência viva, ignorando os fantasmas frios que você criou. Ele arrastou seu corpo apodrecido para a única fonte de calor na sala: você.","Der hirnlose Zombie spürte die Wärme deiner lebendigen Essenz und ignorierte die kalten Phantome, die du erschaffen hattest. Er schleppte seinen verrottenden Körper zur einzigen Wärmequelle im Raum: zu dir.","지능 없는 좀비는 당신이 만든 차가운 환상 대신 살아있는 당신의 온기를 감지했습니다. 그는 부패한 몸을 이끌고 이 방의 유일한 열원인 당신을 향해 기어왔습니다."
"MSG_C_IRONMAIDEN_A_WIN","The ant was caught within the spiked iron walls, which slammed shut with a final metallic clang. There was no escape for the small insect as the spikes pierced its heart. Your dark machine claimed a tiny life today.","アリは棘だらけの鉄の壁に捕らえられ、最期の金属音と共に閉じ込められました。心臓を貫く無数の針から、小さな虫には逃れる術などありませんでした。闇の機械は、今日また一つ、小さな命をその内に収めました。","蚂蚁被困在带刺的铁墙里，铁墙关闭时发出了最后的金属撞击声。对于陷入尖刺刺穿心脏的小昆虫来说，没有逃脱的可能。你的黑暗机器今天夺取了一个微小的生命。","Муравей оказался зажат между железными стенами с шипами, которые захлопнулись с последним металлическим лязгом. Для маленького насекомого не было спасения, когда шипы пронзили его сердце. Ваша темная машина забрала сегодня крошечную жизнь.","La hormiga quedó atrapada entre las paredes de hierro con púas, que se cerraron de golpe con un estruendo metálico final. No hubo escape para el pequeño insecto mientras las púas atravesaban su corazón. Tu oscura máquina reclamó una vida diminuta hoy.","A formiga foi pega dentro das paredes de ferro com espinhos, que se fecharam com um estrondo metálico final. Não houve escapatória para o pequeno inseto enquanto os espinhos perfuravam seu coração. Sua máquina sombria reivindicou uma vida minúscula hoje.","Die Ameise wurde in den mit Stacheln besetzten Eisenwänden gefangen, die mit einem letzten metallischen Knall zugeschlagen wurden. Es gab kein Entrinnen für das kleine Insekt, als die Stacheln sein Herz durchbohrten. Deine dunkle Maschine hat heute ein winziges Leben gefordert.","개미는 가시가 돋친 철벽 안에 갇혔고, 마지막 금속음과 함께 벽이 닫혔습니다. 가시가 심장을 꿰뚫자 작은 곤충은 달아날 길이 없었습니다. 당신의 어둠의 기계가 오늘 작은 생명을 거두었습니다."
"MSG_C_IRONMAIDEN_B_WIN","The bat's wings were pinned against the cold iron as the maiden closed around it. It shrieked once before the mechanical pressure silenced it forever. The creature of the wind met a heavy, metal end.","アイアンメイデンが閉じられると、コウモリの翼は冷たい鉄の内壁へと押し付けられました。一度だけ悲鳴を上げたものの、機械の圧力が魔物を永遠に沈黙させます。風の子は、重厚な金属の箱の中でその生涯を終えました。","当铁处女关上时，蝙蝠的翅膀被钉在冰冷的铁板上。在机械压力让它永远沈默之前，它尖叫了一声。风之子迎来了沈重的金属结局。","Крылья летучей мыши были прижаты к холодному железу, когда дева сомкнулась вокруг нее. Она вскрикнула один раз, прежде чем механическое давление заставило ее замолчать навсегда. Существо ветра встретило тяжелый металлический конец.","Las alas del murciélago quedaron inmovilizadas contra el hierro frío mientras la doncella se cerraba a su alrededor. Chilló una vez antes de que la presión mecánica lo silenciara para siempre. La criatura del viento encontró un final pesado y metálico.","As asas do morcego foram presas contra o ferro frio enquanto a dama se fechava ao seu redor. Ele gritou uma vez antes que a pressão mecânica o silenciasse para sempre. A criatura do vento encontrou um fim metálico pesado.","Die Flügel der Fledermaus wurden gegen das kalte Eisen gedrückt, als sich die Jungfrau um sie schloss. Sie kreischte einmal auf, bevor der mechanische Druck sie für immer verstummen ließ. Das Geschöpf des Windes fand ein schweres, metallenes Ende.","아이언 메이든이 닫히자 박쥐의 날개는 차가운 철벽에 고정되었습니다. 기계적 압력이 박쥐를 영원히 침묵시키기 전 박쥐는 짧게 비명을 질렀습니다. 바람의 피조물은 무거운 금속 상자 안에서 최후를 맞이했습니다."
"MSG_C_IRONMAIDEN_C_WIN","The cobra coiled itself but could not escape the rapidly closing iron doors. Spikes found their mark through the long, sliding body, ending the serpent's threat in an instant. The stone floor ran red with the price of battle.","コブラは身を捩ったが、急速に閉じる鉄の扉から逃げ出すことは叶わなかった。長い身体の随所に棘が突き刺さり、毒蛇の脅威は一瞬で霧散する。石の床には、戦いの代償として鮮血が広がった。","眼镜蛇蜷缩着身体，但无法逃出迅速关闭的铁门。尖刺在它长长的滑动身体上找到了目标，瞬间结束了敌人的威胁。石地板上流淌着战斗代价带来的鲜红。","Кобра свернулась кольцом, но не смогла избежать быстро закрывающихся железных дверей. Шипы нашли свою цель в длинном скользящем теле, в мгновение ока покончив с угрозой змеи. Каменный пол стал красным от цены битвы.","La cobra se enroscó pero no pudo escapar de las puertas de hierro que se cerraban rápidamente. Las púas encontraron su marca a través del largo y deslizante cuerpo, terminando con la amenaza de la serpiente en un instante. El suelo de piedra se tiñó de rojo con el precio de la batalla.","A cobra enrolou-se, mas não conseguiu escapar das portas de ferro que se fechavam rapidamente. Os espinhos encontraram seu alvo através do longo corpo deslizante, acabando com a ameaça da serpente em um instante. O chão de pedra ficou vermelho com o preço da batalha.","Die Kobra rollte sich zusammen, konnte aber den schnell schließenden Eisentüren nicht entkommen. Stacheln fanden ihr Ziel durch den langen, gleitenden Körper und beendeten die Bedrohung durch die Schlange in einem Augenblick. Der Steinboden färbte sich rot vom Preis des Kampfes.","코브라는 몸을 웅크렸지만 빠르게 닫히는 철문을 피할 수 없었습니다. 가시가 길게 미끄러지는 몸을 꿰뚫어 뱀의 위협을 순식간에 끝냈습니다. 돌바닥은 전투의 대가로 붉게 물들었습니다."
"MSG_C_IRONMAIDEN_D_WIN","Even the dragon was forced into the massive iron enclosure through dark spatial magic. It thrashed against the spikes, but the iron was reinforced with ancient curses. The legend ended within a box of spikes and blood.","ドラゴンの巨躯でさえ、闇の空間魔法によって強引に巨大な鉄の箱へと押し込められた。棘を撥ね返そうと暴れるが、古の呪いが込められた鉄は揺るがない。伝説は、棘と鮮血に満ちた箱の中で幕を下ろした。","即使是巨龙也被黑暗空间魔法强行塞进了巨大的铁制围栏中。它对着尖刺横冲直撞，但这铁由于古老诅咒而得到了加固。传奇终结于尖刺和鲜血的盒子里。","Даже дракон был загнан в массивное железное ограждение с помощью темной пространственной магии. Он бился о шипы, но железо было усилено древними проклятиями. Легенда закончилась в ящике с шипами и кровью.","Incluso el dragón fue forzado a entrar en el enorme recinto de hierro mediante magia espacial oscura. Se revolvió contra las púas, pero el hierro estaba reforzado con antiguas maldiciones. La leyenda terminó dentro de una caja de púas y sangre.","Até o dragão foi forçado a entrar no enorme recinto de ferro através de magia espacial negra. Ele se debateu contra os espinhos, mas o ferro estava reforçado com maldições antigas. A lenda terminou dentro de uma caixa de espinhos e sangue.","Sogar der Drache wurde durch dunkle Raummagie in das massive Eisengehege gezwungen. Er schlug gegen die Stacheln, aber das Eisen war mit alten Flüchen verstärkt. Die Legende endete in einer Kiste aus Stacheln und Blut.","심지어 용조차도 어둠의 공간 마법에 의해 거대한 철창 안으로 강제로 끌려 들어갔습니다. 용은 가시에 맞서 몸부림쳤지만, 철창은 고대의 저주로 강화되어 있었습니다. 전설은 가시와 피로 가득한 상자 안에서 끝이 났습니다."
"MSG_C_IRONMAIDEN_E_WIN","The Ent's ancient bark moaned as the iron spikes bit deep into its heartwood. It was a metal cage the forest guardian couldn't grow out of or break. The spirit of the woods was finally silenced by the cold iron.","アイアンメイデンの棘が深く突き刺さると、エントの古の木材は悲鳴のような音を上げた。森の守護者でさえも引き裂けぬ、冷徹な死の檻。森の精霊は、無慈悲な鉄の箱の中でついにその呼吸を止めた。","由于铁钉深深地叮进了它的心材，树精古老的树皮呻吟着。这是一个森林守护者无法长出或打破的金属笼子。森林之灵最终在冷铁中沈默了。","Древняя кора энта застонала, когда железные шипы глубоко вонзились в его древесину. Это была металлическая клетка, из которой лесной страж не мог вырасти или которую не мог сломать. Лесной дух был окончательно усмирен холодным железом.","La corteza antigua del Ent gimió cuando las púas de hierro mordieron profundamente su duramen. Era una jaula de metal de la que el guardián del bosque no podía crecer ni romper. El espíritu del bosque fue finalmente silenciado por el hierro frío.","A casca antiga do Ent gemeu quando os espinhos de ferro morderam profundamente seu cerne. Era uma gaiola de metal da qual o guardião da floresta não podia crescer nem quebrar. O espírito da floresta foi finalmente silenciado pelo ferro frio.","Die uralte Rinde des Ents stöhnte auf, als sich die Eisenstacheln tief in sein Kernholz bissen. Es war ein Metallkäfig, aus dem der Waldwächter nicht herauswachsen oder den er nicht zerbrechen konnte. Der Geist des Waldes wurde schließlich durch das kalte Eisen zum Schweigen gebracht.","철 가시가 심재 깊숙이 박히자 엔트의 고대 나무껍질은 신음 소리를 냈습니다. 그것은 숲의 수호자가 뚫고 나오거나 부술 수 없는 금속 감옥이었습니다. 숲의 정령은 마침내 차가운 철창 안에서 침묵했습니다."
"MSG_C_IRONMAIDEN_F_WIN","The fly was too fast for many things, but not for the instantaneous closing of the iron maiden. It was crushed into a tiny smear on the metal interior, its buzzing ending in a metallic thud. The pest was finally eliminated.","あらゆる攻撃をかわしてきたハエも、アイアンメイデンの瞬時の閉鎖からは逃げられなかった。金属の内壁で小さな染みとなって押し潰され、羽音は鈍い金属音と共に消える。害虫は、望み通りの最期を迎えたのだ。","苍蝇的速度很快，但快不过铁处女的瞬间关闭。它在金属内燃机里被压成了一小块污迹，它的嗡鸣声在金属撞击声中结束。这个害虫终于被消灭了。","Муха была слишком быстрой для многих вещей, но не для мгновенного закрытия железной девы. Она была раздавлена в крошечное пятно на металлической внутренности, ее жужжание закончилось металлическим стуком. Вредитель был окончательно уничтожен.","La mosca era demasiado rápida para muchas cosas, pero no para el cierre instantáneo de la doncella de hierro. Fue aplastada en una pequeña mancha en el interior de metal, su zumbido terminó en un golpe metálico. La plaga fue finalmente eliminada.","A mosca era rápida demais para muitas coisas, mas não para o fechamento instantâneo da dama de ferro. Ela foi esmagada em uma pequena mancha no interior de metal, seu zumbido terminando em um baque metálico. A praga foi finalmente eliminada.","Die Fliege war für viele Dinge zu schnell, aber nicht für das augenblickliche Schließen der Eisernen Jungfrau. Sie wurde zu einem winzigen Fleck im Metallinneren zerquetscht, ihr Summen endete mit einem metallischen Schlag. Das Ungeziefer wurde endgültig beseitigt.","파리는 많은 것들에 비해 너무 빨랐지만, 아이언 메이든이 순식간에 닫히는 속도보다는 느렸습니다. 파리는 금속 내부에서 작은 흔적만을 남긴 채 짓눌렸고, 윙윙거리는 소리는 금속성 둔탁함과 함께 멈췄습니다. 해충은 마침내 제거되었습니다."
"MSG_C_IRONMAIDEN_G_WIN","The goblin's cries for mercy were muffled as the iron maiden claimed its next victim. Its small body was a perfect fit for the internal spikes, ending its life of crime in an instant. The thief was finally brought to justice.","命乞いをするゴブリンの叫びは、アイアンメイデンが獲物を呑み込む音にかき消された。その小さな身体は内部の棘にぴったりと嵌まり、犯罪に染まった生涯に終止符を打つ。泥棒はついに、逃れられぬ法の裁きを受けた。","随着铁处女夺走了下一个受害者的生命，哥布林求饶的叫声也随之沈寂。它微小的身体与内部的尖刺完美契合，瞬间结束了它的犯罪生命。这个小偷终于受到了公正的审判。","Крики гоблина о пощаде были заглушены, когда железная дева забрала свою следующую жертву. Его маленькое тело идеально подошло для внутренних шипов, мгновенно оборвав его преступную жизнь. Вор был наконец привлечен к ответственности.","Los gritos de clemencia del duende fueron sofocados mientras la doncella de hierro reclamaba a su próxima víctima. Su pequeño cuerpo encajaba perfectamente con las púas internas, terminando su vida de crimen en un instante. El ladrón fue finalmente llevado ante la justicia.","Os gritos de misericórdia do goblin foram abafados enquanto a dama de ferro reivindicava sua próxima vítima. Seu pequeno corpo era um ajuste perfeito para os espinhos internos, terminando sua vida de crime em um instante. O ladrão foi finalmente levado à justiça.","Die Gnadengesuche des Goblins wurden gedämpft, als die Eiserne Jungfrau ihr nächstes Opfer forderte. Sein kleiner Körper passte perfekt zu den inneren Stacheln und beendete sein kriminelles Leben in einem Augenblick. Der Dieb wurde endlich zur Rechenschaft gezogen.","고블린의 자비로운 외침은 아이언 메이든이 다음 희생자를 삼키면서 묻혔습니다. 고블린의 작은 몸은 내부 가시에 딱 맞았고, 그의 범죄 인생은 순식간에 끝났습니다. 도둑은 마침내 정의의 심판을 받았습니다."
"MSG_C_IRONMAIDEN_H_WIN","The harpy's beauty was shredded by the internal spikes of the iron maiden. She shrieked as the mechanical trap crushed her wings and spirit alike. The queen of the sky met a very earthly and painful end.","ハーピーの美貌は、アイアンメイデンの内部にある無数の棘によって無残に切り裂かれた。機械の罠が翼と精神を同時に粉砕し、彼女は絶叫を上げる。空の女王は、この上なく無骨で苦痛に満ちた最期を迎えた。","哈皮的美丽被铁处女内部的尖刺撕成碎片。由于机械陷阱粉碎了她的双翼和精神，她发出了尖叫。天空女王迎来了一个非常现实且痛苦的终结。","Красота гарпии была растерзана внутренними шипами железной девы. Она вскрикнула, когда механическая ловушка сокрушила ее крылья и дух. Королева неба встретила очень земной и болезненный конец.","La belleza de la arpía fue destrozada por las púas internas de la doncella de hierro. Gritó mientras la trampa mecánica aplastaba sus alas y su espíritu por igual. La reina del cielo encontró un final muy terrenal y doloroso.","A beleza da harpia foi triturada pelos espinhos internos da dama de ferro. Ela gritou enquanto a armadilha mecânica esmagava suas asas e seu espírito. A rainha do céu encontrou um fim muito terreno e doloroso.","Die Schönheit der Harpyie wurde durch die inneren Stacheln der Eisernen Jungfrau zerfetzt. Sie kreischte auf, als die mechanische Falle ihre Flügel und ihren Geist gleichermaßen zermalmte. Die Königin des Himmels fand ein sehr irdisches und schmerzhaftes Ende.","하피의 아름다움은 아이언 메이든의 내부 가시에 의해 산산조각이 났습니다. 기계적 함정이 하피의 날개와 정신을 동시에 짓누르자 하피는 비명을 질렀습니다. 하늘의 여왕은 매우 비참하고 고통스러운 최후를 맞이했습니다."
"MSG_C_IRONMAIDEN_I_LOSS","The imp phase-shifted out of the iron maiden just as it slammed shut, laughing at your attempt. It sat atop the metal contraption, mockingly pointing at its empty interior. The trickster was one step ahead of your machine.","アイアンメイデンが閉じるのと同時に、インプは位相をずらして外へと逃げ出し、あなたの企てを嘲笑った。機械の上に座り込み、空っぽの内部を指差して冷やかす。悪戯っ子は、常にあなたの機械の先を行っていた。","当铁处女砰地关上时，小恶魔变换相位溜了出去，嘲笑你的企图。它坐在金属装置上面，嘲讽地指着里面空荡荡的空间。这个骗子比你的机器领先一步。","Бес вышел из фазы железной девы как раз в тот момент, когда она захлопнулась, смеясь над вашей попыткой. Он уселся на вершине металлического приспособления, насмешливо указывая на его пустую внутренность. Обманщик был на шаг впереди вашей машины.","El imp se desfasó fuera de la doncella de hierro justo cuando se cerró de golpe, riéndose de tu intento. Se sentó encima del artilugio de metal, señalando burlonamente su interior vacío. El embaucador estaba un paso por delante de tu máquina.","O imp mudou de fase para fora da dama de ferro no momento em que ela se fechou, rindo de sua tentativa. Ele sentou-se em cima da engenhoca de metal, apontando zombeteiramente para seu interior vazio. O trapaceiro estava um passo à frente de sua máquina.","Der Imp verlagerte seine Phase aus der Eisernen Jungfrau heraus, genau in dem Moment, als sie zuschlug, und lachte über deinen Versuch. Er saß oben auf der Metallvorrichtung und zeigte spöttisch auf das leere Innere. Der Trickbetrüger war deiner Maschine einen Schritt voraus.","임프는 아이언 메이든이 닫히는 순간 위상을 변화시켜 빠져나왔고, 당신의 시도를 비웃었습니다. 임프는 금속 장치 위에 앉아 텅 빈 내부를 조롱하듯 가리켰습니다. 장난꾸러기는 당신의 기계보다 한 발 앞서 있었습니다."
"MSG_C_IRONMAIDEN_J_LOSS","The jelly simply flowed through the gaps in the iron maiden, its liquid form immune to the spikes. It reformed outside the trap, pulsing with a slow, brainless indifference. Your mechanical device could not hold the ooze.","ジェリーの流動的な身体は、アイアンメイデンの隙間をすり抜け、棘のダメージさえも無効化してしまった。罠の外で悠々と元の姿に戻ると、魔物は無関心に脈動を続ける。機械の仕掛けで、この泥濘を留めることはできなかった。","果冻怪只是流过铁处女的缝隙，其液体形式对尖刺免疫。它在陷阱外重新组合，随着缓慢而无脑的冷漠脉动。你的机械装置无法困住这些软泥。","Желе просто протекло через щели в железной деве, его жидкая форма невосприимчива к шипам. Оно восстановилось снаружи ловушки, пульсируя с медленным, безмозглым безразличием. Ваше механическое устройство не могло удержать слизь.","La gelatina simplemente fluyó a través de los huecos de la doncella de hierro, su forma líquida inmune a las púas. Se reformó fuera de la trampa, pulsando con una indiferencia lenta и sin cerebro. Tu dispositivo mecánico no pudo retener el lodo.","A gelatina simplesmente fluiu pelas frestas da dama de ferro, sua forma líquida imune aos espinhos. Ela se reformou fora da armadilha, pulsando com uma indiferença lenta e sem cérebro. Seu dispositivo mecânico não conseguiu segurar o lodo.","Das Gelee floss einfach durch die Lücken in der Eisernen Jungfrau, seine flüssige Form war immun gegen die Stacheln. Es formte sich außerhalb der Falle neu und pulsierte mit einer langsamen, hirnlosen Gleichgültigkeit. Deine mechanische Vorrichtung konnte den Schleim nicht halten.","젤리는 아이언 메이든의 틈새로 흘러나왔고, 액체 형태라 가시의 영향을 받지 않았습니다. 함정 밖에서 다시 형체를 갖춘 젤리는 느리고 무심하게 맥동했습니다. 당신의 기계 장치로는 이 점액질을 가둘 수 없었습니다."
"MSG_C_IRONMAIDEN_K_WIN","The kobold warrior fought back against the closing doors, but the mechanical power was too great. The spikes pierced its armor and hide, pinning the defender within the cold box. The tribal guardian's duty ended in iron.","閉まりゆく扉に抗うコボルドの戦士だったが、機械が放つ怪力には到底及ばなかった。棘が鎧と皮を貫き、守護者を冷たい箱の中へと固定する。部族を守るという誓いは、鉄の中で永遠に閉ざされた。","狗头人战士奋力反抗关闭的大门，但机械力量太大了。尖刺刺穿了它的盔甲和皮，把守护者钉在冰冷的盒子里。部族的守护职责在钢铁中结束。","Воин кобольдов сопротивлялся закрывающимся дверям, но механическая мощь была слишком велика. Шипы пронзили его доспехи и шкуру, пригвоздив защитника внутри холодного ящика. Долг племенного стража закончился в железе.","El guerrero kobold luchó contra las puertas que se cerraban, pero la potencia mecánica era demasiado grande. Las púas atravesaron su armadura y su piel, inmovilizando al defensor dentro de la caja fría. El deber del guardián tribal terminó en el hierro.","O guerreiro kobold lutou contra as portas que se fechavam, mas o poder mecânico era grande demais. Os espinhos perfuraram sua armadura e couro, prendendo o defensor dentro da caixa fria. O dever do guardião tribal terminou no ferro.","Der Koboldkrieger wehrte sich gegen die schließenden Türen, aber die mechanische Kraft war zu groß. Die Stacheln durchbohrten seine Rüstung und Haut und hielten den Verteidiger in der kalten Kiste fest. Die Pflicht des Stammeswächters endete in Eisen.","코볼트 전사는 닫히는 문에 맞서 싸웠지만 기계적인 힘이 너무 컸습니다. 가시가 갑옷과 가죽을 뚫고 들어가 수호자를 차가운 상자 안에 고정했습니다. 부족 수호자의 임무는 철창 안에서 끝났습니다."
"MSG_C_IRONMAIDEN_L_WIN","The lizard found itself trapped between the jaws of the iron maiden, its desert speed useless. It thrashed until the spikes reached its core, ending its life in a spray of cold blood. The predator of the dunes was finally caged.","アイアンメイデンの牙の間に捕らえられ、リザードの砂漠仕込みの速さは何の役にも立たなかった。核を棘に貫かれるまで暴れ回るが、やがて冷たい血の飛沫と共に沈黙する。砂丘の捕食者は、ついに鉄の檻に閉じ込められた。","蜥蜴发现自己被困在铁处女的下颚之间，它在沙漠中的速度毫无用处。它挣扎着直到尖刺刺穿它的核心，在冷血四溅中结束了生命。沙丘的掠食者终于被关进了笼子。","Ящерица оказалась в ловушке между челюстями железной девы, ее пустынная скорость была бесполезна. Она билась, пока шипы не достигли ее ядра, закончив свою жизнь брызгами холодной крови. Пустынный хищник был наконец заперт в клетке.","El lagarto se encontró atrapado entre las mandíbulas de la doncella de hierro, su velocidad del desierto inútil. Se revolvió hasta que las púas alcanzaron su núcleo, terminando su vida en una lluvia de sangre fría. El depredador de las dunas fue finalmente enjaulado.","O lagarto viu-se preso entre as mandíbulas da dama de ferro, sua velocidade do deserto inútil. Ele se debateu até que os espinhos atingissem seu núcleo, terminando sua vida em um spray de sangue frio. O predador das dunas foi finalmente enjaulado.","Die Eidechse fand sich in den Fängen der Eisernen Jungfrau gefangen, ihre Wüstengeschwindigkeit war nutzlos. Sie wand sich, bis die Stacheln ihren Kern erreichten und ihr Leben in einem Spritzer kaltem Blut beendeten. Das Raubtier der Dünen war endlich eingesperrt.","리자드는 아이언 메이든의 턱 사이에 갇혔고, 사막에서 단련된 속도는 무용지물 이었습니다. 리자드는 가시가 핵에 닿을 때까지 몸부림치다 차가운 핏물과 함께 숨을 거두었습니다. 사구의 포식자는 마침내 철장에 갇혔습니다."
"MSG_C_IRONMAIDEN_M_LOSS","The mummy's fragile body disintegrated and reformed around the iron spikes, taking no real damage. It pushed the iron doors open with ancient strength, staring at you through the metal frame. The undead survived the machine.","マミーの脆い肉体は棘の間で一度崩れ、再び再構成されることで、一切のダメージを無効化した。古の怪力で鉄の扉を押し開き、金属の枠越しにあなたを凝視する。アンデッドにとって、機械の脅威など無に等しかった。","木乃伊脆弱的身体分解并在铁钉周围重组，没有受到真正的伤害。它用古老的力量推开了铁门，透过金属框架盯着你。亡灵在机器中幸存了下来。","Хрупкое тело мумии распалось и восстановилось вокруг железных шипов, не получив реального урона. Она открыла железные двери с древней силой, глядя на вас через металлическую раму. Мертвец пережил машину.","El frágil cuerpo de la momia se desintegró y se reformó alrededor de las púas de hierro, sin recibir daño real. Empujó las puertas de hierro para abrirlas con fuerza antigua, mirándote a través del marco de metal. El muerto viviente sobrevivió a la máquina.","O corpo frágil da múmia desintegrou-se e reformou-se em torno dos espinhos de ferro, sem sofrer danos reais. Ele empurrou as portas de ferro para abri-las com força antiga, olhando para você através da moldura de metal. O morto-vivo sobreviveu à máquina.","Der zerbrechliche Körper der Mumie zerfiel und bildete sich um die Eisenstacheln herum neu, ohne wirklichen Schaden zu nehmen. Sie drückte die Eisentüren mit alter Kraft auf und starrte dich durch den Metallrahmen an. Die Untote überlebte die Maschine.","미라의 연약한 몸은 분해되었다가 철 가시 주변에서 다시 결합되어 실질적인 피해를 입지 않았습니다. 미라는 고대의 힘으로 철문을 밀어 열고 금속 틀 사이로 당신을 응시했습니다. 언데드는 기계로부터 살아남았습니다."
"MSG_C_IRONMAIDEN_N_LOSS","The naga shrunk her form and slipped through the internal mechanisms of the iron maiden effortlessly. She reappeared behind it, her serpent body weaving a complex counter-spell. The wise spirit was too fluid for such a static trap.","ナーガは自らの身体を縮小させ、アイアンメイデンの内部機構の隙間を容易くすり抜けてしまった。背後に再出現した彼女は、蛇身をうねらせて反撃の呪文を紡ぐ。賢き精霊を、固定された罠で捕らえることはできなかった。","纳迦缩回了她的体型，毫不费力地溜过了铁处女的内部机制。她出现在铁处女身后，蛇身编织着复杂的反击咒语。对于这样一个静态陷阱来说，这位聪慧的灵性存在太具流动性了。","Нага уменьшила свою форму и без усилий проскользнула через внутренние механизмы железной девы. Она появилась позади нее, ее змеиное тело сплело сложное контрзаклинание. Мудрый дух был слишком текучим для такой статической ловушки.","La naga encogió su forma y se deslizó a través de los mecanismos internos de la doncella de hierro sin esfuerzo. Reapareció detrás de ella, su cuerpo de serpiente tejiendo un complejo contrahechizo. El espíritu sabio era demasiado fluido para una trampa tan estática.","A naga encolheu sua forma e deslizou pelos mecanismos internos da dama de ferro sem esforço. Ela reapareceu atrás dela, seu corpo de serpente tecendo um contrafeitiço complexo. O espírito sábio era fluido demais para uma armadilha tão estática.","Die Naga verkleinerte ihre Gestalt und schlüpfte mühelos durch die inneren Mechanismen der Eisernen Jungfrau. Sie erschien wieder hinter ihr, ihr Schlangenkörper webte einen komplexen Gegenzauber. Der weise Geist war zu flüssig für eine so statische Falle.","나가는 몸을 움츠려 아이언 메이든의 내부 장치 사이로 손쉽게 빠져나왔습니다. 나가의 뱀 몸이 복잡한 반격 주문을 엮으며 아이언 메이든 뒤에 다시 나타났습니다. 지혜로운 정령은 이런 정적인 함정에 걸리기에는 너무 유연했습니다."
"MSG_C_IRONMAIDEN_O_LOSS","The orc held the iron maiden open with its bare hands, muscles bulging with incredible strain. It ripped the metal doors from their hinges, throwing the useless scrap aside with a roar. The brute force of the warrior broke the machine.","オークは両手でアイアンメイデンの扉を押し留め、全身の筋肉を激しく躍動させた。ついにはヒンジごと金属の扉を引き剥がし、無用な屑鉄として投げ捨てる。戦士の怪力は、鉄の機械さえも粉砕したのだ。","兽人用双手撑开铁处女，肌肉因剧烈的张力而隆起。它把金属门从铰链上扯了下来，伴随着一声怒吼将无用的废金属扔到一边。战士的蛮力击碎了机器。","Орк удерживал железную деву открытой голыми руками, его мускулы вздулись от невероятного напряжения. Он сорвал металлические двери с петель, отбросив бесполезный лом в сторону с ревом. Грубая сила воина сломала машину.","El orco mantuvo abierta la doncella de hierro con sus propias manos, con los músculos hinchados por una tensión increíble. Arrancó las puertas de metal de sus bisagras, arrojando la chatarra inútil a un lado con un rugido. La fuerza bruta del guerrero rompió la máquina.","O orc manteve a dama de ferro aberta com as mãos nuas, os músculos saltando com uma tensão incrível. Ele arrancou as portas de metal de suas dobradiças, jogando a sucata inútil de lado com um rugido. A força bruta do guerreiro quebrou a máquina.","Der Ork hielt die Eiserne Jungfrau mit bloßen Händen offen, die Muskeln prall gefüllt vor unglaublicher Anspannung. Er riss die Metalltüren aus den Angeln und warf den nutzlosen Schrott mit einem Brüllen beiseite. Die rohe Gewalt des Kriegers zerbrach die Maschine.","오크는 맨손으로 아이언 메이든을 벌려 고정했고, 근육은 엄청난 긴장감으로 부풀어 올랐습니다. 오크는 포효하며 힌지에서 금속 문을 뜯어내어 쓸모없는 고철처럼 던져버렸습니다. 전사의 무력은 기계를 부수기에 충분했습니다."
"MSG_C_IRONMAIDEN_P_WIN","The pixie flew straight into the trap, not realizing the danger until the iron maiden slammed shut. Her small magical bursts were nothing against the heavy metal and ancient spikes. The light of the forest faded in the cold, dark box.","危険を察知する間もなく、ピクシーは自らアイアンメイデンの中へと飛び込んでしまった。小さな魔法の爆発も、重厚な金属と古の棘を前にしては無力だった。森の輝きは、冷たく暗い箱の中へと消えていった。","小仙女径直飞入陷阱，直到铁处女砰地关上才意识到危险。她微小的魔法爆发在重金属和古老尖刺面前毫无作用。森林之光在冰冷黑暗的盒子里消逝。","Пикси влетела прямо в ловушку, не осознавая опасности, пока железная дева не захлопнулась. Ее маленькие магические всплески были ничем против тяжелого металла и древних шипов. Свет леса угас в холодном темном ящике.","La duendecilla voló directamente a la trampa, sin darse cuenta del peligro hasta que la doncella de hierro se cerró de golpe. Sus pequeños estallidos mágicos no eran nada contra el metal pesado y las púas antiguas. La luz del bosque se desvaneció en la caja fría y oscura.","A fada voou direto para a armadilha, sem perceber o perigo até que a dama de ferro se fechasse. Suas pequenas explosões mágicas não eram nada contra o metal pesado e os espinhos antigos. A luz da floresta desvaneceu-se na caixa fria e escura.","Die Pixie flog direkt in die Falle und bemerkte die Gefahr erst, als die Eiserne Jungfrau zuschlug. Ihre kleinen magischen Ausbrüche waren nichts gegen das schwere Metall und die alten Stacheln. Das Licht des Waldes erlosch in der kalten, dunklen Kiste.","픽시는 위험을 깨닫기도 전에 함정 속으로 곧장 날아 들어갔고, 곧 아이언 메이든이 닫혔습니다. 픽시의 작은 마법 폭발은 무거운 금속과 고대 가시 앞에서 무용지물이었습니다. 숲의 빛은 차갑고 어두운 상자 속에서 사라졌습니다."
"MSG_C_IRONMAIDEN_Q_LOSS","The coeurl's high-frequency vibration allowed it to phase right through the closing iron doors. It sat nearby, grooming its fur as the machine slammed shut on empty air. The high-speed beast was too fast for your mechanical executioner.","クアールの高周波振動が、閉まりゆく鉄の扉をすり抜けることを可能にした。空虚な空間をアイアンメイデンが叩き潰す傍ら、魔物は平然と毛づくろいをしている。高速の獣にとって、機械の処刑人など鈍重すぎる存在だった。","夸尔的高频振动让它直接穿过了正在关闭的铁门。它坐在附近梳理毛发，此时机器砰地一声关在空荡荡的空气中。高速的野兽对于你这个机械处决者来说实在太快了。","Высокочастотная вибрация куэрла позволила ему пройти прямо сквозь закрывающиеся железные двери. Он сел рядом, вылизывая мех, пока машина захлопывалась в пустом воздухе. Высокоскоростной зверь был слишком быстрым для вашего механического палача.","La vibración de alta frecuencia del coeurl le permitió desfasarse a través de las puertas de hierro que se cerraban. Se sentó cerca, acicalando su pelaje mientras la máquina se cerraba de golpe en el aire vacío. La bestia de alta velocidad era demasiado rápida para tu ejecutor mecánico.","A vibração de alta frequência do coeurl permitiu que ele passasse direto pelas portas de ferro que se fechavam. Ele sentou-se por perto, limpando o pelo enquanto a máquina se fechava no ar vazio. A besta de alta velocidade era rápida demais para seu executor mecânico.","Die hochfrequente Vibration des Coeurls erlaubte es ihm, direkt durch die schließenden Eisentüren zu gleiten. Er saß in der Nähe und putzte sein Fell, während die Maschine im leeren Raum zuschlug. Die Hochgeschwindigkeitsbestie war zu schnell für deinen mechanischen Henker.","쿠얼의 고주파 진동은 닫히는 철문을 그대로 통과할 수 있게 해주었습니다. 쿠얼은 근처에 앉아 털을 정리했고, 기계는 허공에서 닫혔습니다. 고속의 짐승은 당신의 기계 사형 집행인이 감당하기에는 너무 빨랐습니다."
"MSG_C_IRONMAIDEN_R_LOSS","The rat swarm filled the interior of the iron maiden and then forced it open through sheer combined pressure. The machine could only kill a few at once, leaving the countless others to overwhelm it. Numbers defeated the singleton trap.","ラットの群れがアイアンメイデンの内部を埋め尽くし、その圧倒的な圧力で内側から扉を押し開いた。一度に数匹を殺すのが限界の機械では、無限に続く群れを止めることはできない。数による暴力が、単体向けの罠を粉砕したのだ。","鼠群填满了铁处女的内部，然后凭纯粹的联合压力强行将其推开。机器一次只能杀死几只老鼠，剩下的无数老鼠淹没了它。数量击败了这单体陷阱。","Стая крыс заполнила внутренность железной девы, а затем заставила ее открыться чистым комбинированным давлением. Машина могла убить только нескольких за раз, оставляя бесчисленное множество других подавлять ее. Число победило одиночную ловушку.","La manada de ratas llenó el interior de la doncella de hierro y luego la obligó a abrirse mediante pura presión combinada. La máquina solo podía matar a unas pocas a la vez, dejando que las innumerables otras la abrumaran. Los números derrotaron a la trampa única.","O bando de ratos encheu o interior da dama de ferro e depois forçou sua abertura através de pura pressão combinada. A máquina só conseguia matar alguns de cada vez, deixando os inúmeros outros sobrecarregá-la. Os números derrotaram a armadilha solitária.","Der Rattenschwarm füllte das Innere der Eisernen Jungfrau und zwang sie dann durch reinen kombinierten Druck auf. Die Maschine konnte nur wenige auf einmal töten, sodass die unzähligen anderen sie überwältigen konnten. Die Menge besiegte die Einzelfalle.","쥐 떼가 아이언 메이든의 내부를 가득 채운 뒤 엄청난 압력으로 문을 강제로 열었습니다. 기계는 한 번에 몇 마리만 죽일 수 있었고, 나머지 수많은 쥐들이 기계를 압도했습니다. 숫자가 단일 함정을 이겼습니다."
"MSG_C_IRONMAIDEN_S_WIN","The slime was forced into the spiked mold of the iron maiden, which held it firm as the doors closed. The internal chemicals were neutralized by the cold iron, ending its fluid life. The monster was reshaped into an image of its own death.","スライムはアイアンメイデンの棘だらけの型へと押し込められ、扉が閉まるとその場に固定された。冷たい鉄が魔物の化学組成を無効化し、流動的な生涯に終止符を打つ。怪物は、自らの死を刻んだ彫像へと作り変えられた。","史莱姆被强力塞进铁处女的带刺模具里，随着门关上将其牢牢固定。它的流质生命在那冷硬的铁板下终结。怪物被重塑成了它自己死亡的影像。","Слизь была загнана в шипованную форму железной девы, которая крепко удерживала ее при закрытии дверей. Внутренние химические вещества были нейтрализованы холодным железом, закончив ее текучую жизнь. Монстр был превращен в образ собственной смерти.","La gelatina fue forzada a entrar en el molde con púas de la doncella de hierro, que la mantuvo firme mientras las puertas se cerraban. Los químicos internos fueron neutralizados por el hierro frío, terminando su vida fluida. El monstruo fue remodelado en una imagen de su propia muerte.","O slime foi forçado para dentro do molde com espinhos da dama de ferro, que o segurou firmemente enquanto as portas se fechavam. Os produtos químicos internos foram neutralizados pelo ferro frio, encerrando sua vida fluida. O monstro foi remodelado em uma imagem de sua própria morte.","Der Schleim wurde in die mit Stacheln besetzte Form der Eisernen Jungfrau gezwungen, die ihn festhielt, während sich die Türen schlossen. Die inneren Chemikalien wurden durch das kalte Eisen neutralisiert, was sein flüssiges Leben beendete. Das Monster wurde in ein Bild seines eigenen Todes umgeformt.","슬라임은 아이언 메이든의 가시 돋친 틀 안으로 밀려 들어갔고, 문이 닫히자 그 자리에 고정되었습니다. 내부의 화학 물질들이 차가운 철에 의해 중화되면서 유동적인 생명은 끝이 났습니다. 괴물은 자신의 죽음을 형상화한 모습으로 다시 빚어졌습니다."
"MSG_C_IRONMAIDEN_T_LOSS","The troll's massive size made it impossible for the iron maiden to close around its body. It simply stood there as the spikes bent against its legendary toughness, unyielding and angry. The giant was a wall that no box could hold.","あまりの巨体ゆえに、トロールをアイアンメイデンの中に閉じ込めることなど物理的に不可能だった。伝説的な強靭さの前に棘は折れ曲がり、魔物は怒りの咆哮を上げて立ち塞がる。巨人は、いかなる箱にも収まらぬ生ける壁だった。","巨魔庞大的体型使得铁处女无法将它的身体包裹住。由于尖刺对着它传奇般的坚韧性弯曲了，它只是站在那里不屈且愤怒。巨人是一堵任何盒子都关不住的墙。","Массивный размер тролля сделал невозможным закрытие железной девы вокруг его тела. Он просто стоял там, пока шипы гнулись под его легендарной прочностью, непреклонный и злой. Гигант был стеной, которую не мог удержать ни один ящик.","El tamaño masivo del trol hizo imposible que la doncella de hierro se cerrara alrededor de su cuerpo. Simplemente se quedó allí mientras las púas se doblaban contra su legendaria dureza, inflexible y enojado. El gigante era una pared que ninguna caja podía contener.","O tamanho maciço do troll tornou impossível para a dama de ferro fechar-se em torno de seu corpo. Ele simplesmente ficou lá enquanto os espinhos dobravam-se contra sua lendária resistência, implacável e zangado. O gigante era uma parede que nenhuma caixa conseguia segurar.","Die gewaltige Größe des Trolls machte es unmöglich, dass sich die Eiserne Jungfrau um seinen Körper schloss. Er stand einfach da, während sich die Stacheln gegen seine legendäre Zähigkeit verbogen, unnachgiebig und wütend. Der Riese war eine Wand, die keine Kiste halten konnte.","트로울의 거대한 덩치 때문에 아이언 메이든의 문이 닫히지 않았습니다. 트로울은 전설적인 강인함으로 가시를 굽히며 그곳에 서 있었고, 굴하지 않고 분노했습니다. 거인은 어떤 상자도 가둘 수 없는 벽과 같았습니다."
"MSG_C_IRONMAIDEN_U_LOSS","The undead felt no pain from the spikes and simply pushed their way through the closing iron doors. Their ghostly forms flickered as they ignored the mechanical pressure entirely. You cannot trap what has no physical limits.","アンデッドは棘の痛みを感じることなく、閉まりゆく鉄の扉を強引に押し開いて進み続けた。機械的な圧力を完全に無視し、揺らめく影のような姿であなたへと迫る。物理的な限界を持たぬ者を、罠に掛けることなどできない。","亡灵感觉不到尖刺带来的痛苦，只是强行推开正在关闭的铁门。由于它们完全无视了机械压力，它们幽灵般的形式闪烁不定。你无法困住一个没有物理极限的东西。","Мертвецы не чувствовали боли от шипов и просто прокладывали себе путь через закрывающиеся железные двери. Их призрачные формы мерцали, так как они полностью игнорировали механическое давление. Вы не можете поймать то, что не имеет физических пределов.","Los muertos vivientes no sintieron dolor por las púas y simplemente se abrieron paso a través de las puertas de hierro que se cerraban. Sus formas fantasmales parpadearon mientras ignoraban por completo la presión mecánica. No puedes atrapar lo que no tiene límites físicos.","Os mortos-vivos não sentiram dor com os espinhos e simplesmente abriram caminho pelas portas de ferro que se fechavam. Suas formas fantasmagóricas oscilaram enquanto ignoravam completamente a pressão mecânica. Você não pode prender o que não tem limites físicos.","Die Untoten spürten keinen Schmerz durch die Stacheln und bahnten sich einfach ihren Weg durch die schließenden Eisentüren. Ihre geisterhaften Gestalten flackerten, da sie den mechanischen Druck völlig ignorierten. Man kann nichts einsperren, was keine physischen Grenzen hat.","언데드는 가시의 통증을 느끼지 못했고 닫히는 철문을 뚫고 나아갔습니다. 언데드는 기계적인 압력을 완전히 무시한 채 유령 같은 형체로 흔들렸습니다. 물리적 한계가 없는 존재는 가둘 수 없습니다."
"MSG_C_IRONMAIDEN_V_WIN","The vampire's noble pride led him to walk directly into the maiden, thinking himself above it. He realized too late that the spikes were blessed as the iron closed with finality. The prince of the night met a silver-lined, metallic end.","ヴァンパイアはその誇り高さゆえに、自らアイアンメイデンの中へと足を踏み入れてしまった。棘に神聖な祝福が込められていると気づいた時には既に遅く、鉄の扉が永遠に閉ざされる。夜の主は、銀の祝福を帯びた鉄の中で最期を迎えた。","吸血鬼高贵的傲慢让他直接走进了铁处女，自以为高出它一等。当铁关上时他意识到尖刺被祝福过但已经太晚了。黑夜王子迎来了一个有银色线索的金属结局。","Благородная гордость вампира заставила его войти прямо в деву, считая себя выше этого. Он слишком поздно понял, что шипы были освящены, когда железо закрылось окончательно. Принц ночи встретил окованный серебром металлический конец.","El noble orgullo del vampiro lo llevó a caminar directamente hacia la doncella, considerándose por encima de ella. Se dio cuenta demasiado tarde de que las púas estaban bendecidas mientras el hierro se cerraba con finalidad. El príncipe de la noche encontró un final metálico con incrustaciones de plata.","O nobre orgulho do vampiro levou-o a caminhar diretamente para a dama, julgando-se acima dela. Ele percebeu tarde demais que os espinhos estavam abençoados enquanto o ferro fechava-se com finalidade. O príncipe da noite encontrou um fim metálico, revestido de prata.","Der edle Stolz des Vampirs verleitete ihn dazu, direkt in die Jungfrau zu gehen, da er sich erhaben fühlte. Er erkannte zu spät, dass die Stacheln gesegnet waren, als sich das Eisen endgültig schloss. Der Prinz der Nacht fand ein silberbeschlagenes, metallenes Ende.","흡혈귀의 고귀한 자존심은 그를 스스로 아이언 메이든 안으로 걸어 들어가게 했습니다. 철문이 완전히 닫혔을 때야 그는 가시가 축복받았다는 사실을 깨달았습니다. 밤의 군주는 은빛 축복이 깃든 철창 안에서 최후를 맞이했습니다."
"MSG_C_IRONMAIDEN_W_LOSS","The wolf pack attacked the hinges and mechanisms of the iron maiden until it fell apart. They worked together with primal intelligence to dismantle the threat to their members. The pack's coordination was the ultimate counter to the trap.","ウルフの群れはアイアンメイデンのヒンジや機構を執拗に攻撃し、ついにはそれを瓦解させた。仲間の危機を救うために原始的な知性を働かせ、機械の脅威を排除する。群れの連携こそが、あらゆる罠に対する究極の回答だった。","狼群攻击铁处女的铰链和机制，直到它散架。它们凭原始智慧共同协作，消除了对它们成员的威胁。狼群的协调性是对抗陷阱的终极手段。","Стая волков атаковала петли и механизмы железной девы, пока она не развалилась. Они работали вместе с первобытным интеллектом, чтобы устранить угрозу своим членам. Координация стаи была окончательным противодействием ловушке.","La manada de lobos atacó las bisagras y los mecanismos de la doncella de hierro hasta que se desmoronó. Trabajaron juntos con inteligencia primaria para desmantelar la amenaza para sus miembros. La coordinación de la manada fue el contraataque definitivo a la trampa.","O bando de lobos atacou as dobradiças e mecanismos da dama de ferro até que ela se desmoronasse. Eles trabalharam juntos com inteligência primal para desmantelar a ameaça aos seus membros. A coordenação do bando foi o contra-ataque definitivo à armadilha.","Das Wolfsrudel griff die Scharniere und Mechanismen der Eisernen Jungfrau an, bis sie auseinanderfiel. Sie arbeiteten mit ursprünglicher Intelligenz zusammen, um die Bedrohung für ihre Mitglieder zu beseitigen. Die Koordination des Rudels war der ultimative Konter gegen die Falle.","늑대 무리는 아이언 메이든이 부서질 때까지 경첩과 장치를 공격했습니다. 그들은 원시적인 지능으로 협력하여 동료들을 위협하는 요소를 제거했습니다. 무리의 협동은 함정에 대한 완벽한 대응책이었습니다."
"MSG_C_IRONMAIDEN_X_LOSS","Xalthis's multiple legs jammed the internal gears of the iron maiden before it could close. It scuttled over the useless metal shell, clicking its mandibles in a terrifying rhythm. The ancient horror was too complex for the simple machine.","ザルティスの無数の脚が、閉じる前のアイアンメイデンの内部ギアを強引に停止させた。無用の長物と化した金属の殻を乗り越え、魔物は恐ろしいリズムで顎を鳴らしながら迫る。古の恐怖は、単純な機械には収まりきらなかった。","扎尔提斯众多的腿在铁处女关闭之前就卡住了它的内部齿轮。它爬过无用的金属壳，发出可怕节奏的下颌咔嗒声。对于这台简单的机器来说，这种古老的恐怖太复杂了。","Множество ног Ксалтиса заклинили внутренние шестерни железной девы до того, как она смогла закрыться. Он пробежал по бесполезной металлической оболочке, щелкая челюстями в ужасающем ритме. Древний ужас был слишком сложен для простой машины.","Las múltiples patas de Xalthis atascaron los engranajes internos de la doncella de hierro antes de que pudiera cerrarse. Se escabulló sobre el caparazón de metal inútil, haciendo chasquear sus mandíbulas en un ritmo aterrador. El antiguo horror era demasiado complejo para la máquina simple.","As muitas pernas de Xalthis travaram as engrenagens internas da dama de ferro antes que ela pudesse fechar. Ele esgueirou-se sobre a carcaça de metal inútil, estalando suas mandíbulas em um ritmo aterrador. O antigo horror era complexo demais para a máquina simples.","Die vielen Beine von Xalthis blockierten die inneren Zahnräder der Eisernen Jungfrau, bevor sie sich schließen konnte. Er huschte über die nutzlose Metallhülle und klapperte mit seinen Kiefern in einem furchterregenden Rhythmus. Der uralte Schrecken war zu komplex für die einfache Maschine.","잘티스의 수많은 다리가 아이언 메이든이 닫히기 전 내부 기어를 막아버렸습니다. 그는 쓸모없어진 금속 껍데기 위를 기어 다니며 공포스러운 리듬으로 턱을 부딪혔습니다. 고대의 공포는 단순한 기계로 가두기에는 너무나 복잡했습니다."
"MSG_C_IRONMAIDEN_Y_LOSS","The yeti's thick ice covering made its body too large for the iron maiden to embrace. The spikes shattered against the frozen defense without ever reaching the monster's skin. The mountain king laughed as your iron trap broke in the storm.","イエティが纏う厚い氷の層は、アイアンメイデンの抱擁を拒絶するほどにその身体を巨大化させていた。氷の防壁に阻まれ、棘は肌に届く前に粉々に砕け散る。山嶺の王が嗤う中、あなたの鉄の罠は嵐の中で無惨に崩壊した。","雪人厚实的冰层覆盖使它的身体大到铁处女无法拥抱。尖刺撞碎在冰冻的防御上，根本没碰到怪物的皮肤。当你的铁制陷阱在风暴中碎裂时，雪山之王大笑起来。","Толстое ледяное покрытие йети сделало его тело слишком большим для железной девы. Шипы разбились об ледяную защиту, так и не достигнув кожи монстра. Горный король рассмеялся, когда ваша железная ловушка сломалась в шторме.","La gruesa capa de hielo del yeti hizo que su cuerpo fuera demasiado grande para que la doncella de hierro lo abrazara. Las púas se destrozaron contra la defensa helada sin llegar nunca a la piel del monstruo. El rey de la montaña se rió mientras tu trampa de hierro se rompía en la tormenta.","A espessa cobertura de gelo do yeti tornou seu corpo grande demais para a dama de ferro abraçar. Os espinhos despedaçaram-se contra a defesa congelada sem nunca atingir a pele do monstro. O rei da montanha riu enquanto sua armadilha de ferro quebrava na tempestade.","Die dicke Eisbedeckung des Yetis machte seinen Körper zu groß für die Eiserne Jungfrau. Die Stacheln zerbrachen an der gefrorenen Verteidigung, ohne jemals die Haut des Monsters zu erreichen. Der Bergkönig lachte, als deine Eisenfalle im Sturm zerbrach.","예티의 두꺼운 얼음층은 아이언 메이든이 그를 감싸기에는 너무 컸습니다. 가시는 괴물의 피부에 닿기도 전에 얼어붙은 방어벽에 부딪혀 산산조각 났습니다. 산의 제왕은 폭풍 속에서 당신의 철제 함정이 부서지는 것을 보며 웃었습니다."
"MSG_C_IRONMAIDEN_Z_LOSS","The zombie moved through the spikes as if they were nothing, its dead flesh refusing to feel the pain. It occupied the space of the iron maiden until the machine literally burst from the pressure of the dead. You cannot kill what is already rotting.","ゾンビは棘に貫かれることを意に介さず、死んだ肉体は痛みを感じることを拒絶した。アイアンメイデンの内部を埋め尽くし、ついには死体の圧力によって機械を内部から破壊する。既に腐り果てた者を、再び殺すことは不可能なのだ。","僵尸穿过尖刺，仿佛它们不存在，死去的肉体拒绝感受痛苦。它占据了铁处女的空间，直到机器因死尸的压力而爆开。你无法杀死一个已经腐烂的东西。","Зомби проходил сквозь шипы, как будто они были ничем, его мертвая плоть отказывалась чувствовать боль. Он занял пространство железной девы, пока машина буквально не лопнула от давления мертвецов. Вы не можете убить то, что уже гниет.","El zombi se movió a través de las púas como si no fueran nada, su carne muerta negándose a sentir el dolor. Ocupó el espacio de la doncella de hierro hasta que la máquina literalmente estalló por la presión de los muertos. No puedes matar lo que ya se está pudriendo.","O zumbi moveu-se através dos espinhos como se não fossem nada, sua carne morta recusando-se a sentir dor. Ele ocupou o espaço da dama de ferro até que a máquina literalmente estourasse com a pressão dos mortos. Você não pode matar o que já está apodrecendo.","Der Zombie bewegte sich durch die Stacheln, als wären sie nichts, sein totes Fleisch weigerte sich, Schmerz zu empfinden. Er besetzte den Raum der Eisernen Jungfrau, bis die Maschine durch den Druck der Toten buchstäblich zerbarst. Man kann nicht töten, was bereits verrottet.","좀비는 가시를 아무것도 아닌 양 통과했고, 죽은 살점은 통증을 거부했습니다. 좀비는 아이언 메이든 내부를 가득 채웠고, 결국 기계는 죽은 자들의 압력을 견디지 못해 터져버렸습니다. 이미 썩어가는 존재를 다시 죽일 수는 없습니다."
"MSG_C_IRON_A_WIN","The ant colony was ironed flat against the pavement, their tiny exoskeletons crushed. You smoothed out every ripple of resistance in a single, steaming stroke. The road was clear and wrinkle-free.","アリの行列を舗装された地面へとシワ一つなくプレスし、その外骨格を粉砕しました。一撫でのスチーム攻撃がすべての反抗を平らにならしました。そこにはただ、滑らかな道だけが残されました。","将蚁群在铺好的路面上熨烫得平整如镜，粉碎了其外骨骼。一下蒸汽抚过便铲平了所有的反抗。原地只剩下了一条光滑的路径。","Колония муравьев была разглажена по тротуару, их крошечные экзоскелеты раздавлены. Вы сгладили каждую рябь сопротивления одним дымящимся ударом. Дорога была чистой и без морщин.","La colonia de hormigas fue planchada contra el pavimento, sus diminutos exoesqueletos aplastados. Alisaste cada rastro de resistencia en un solo movimiento humeante. El camino quedó despejado y sin arrugas.","A colônia de formigas foi passada a ferro contra o pavimento, seus minúsculos exoesqueletos esmagados. Você alisou cada ondulação de resistência em um único golpe fumegante. A estrada estava limpa e sem rugas.","Die Ameisenkolonie wurde flach gegen das Pflaster gebügelt, ihre winzigen Exoskelette wurden zerquetscht. Du hast jede Welle des Widerstands mit einem einzigen dampfenden Strich geglättet. Die Straße war frei und faltenfrei.","개미 군집은 보도 위에 납작하게 다려졌고 작은 외골격은 부서졌습니다. 당신은 단 한 번의 강력한 스팀 다림질로 모든 저항을 잠재웠습니다. 길은 주름 하나 없이 매끄러워졌습니다."
"MSG_C_IRON_B_WIN","The bat's wings were pressed flat and stiff, rendering its flight impossible. You smoothed out the leathery membrane until it was as rigid as a board. The master of the air became a flat shadow on the floor.","コウモリの翼を真っ平らで硬い板のようにプレスし、飛行を不可能にしました。革のような膜をシワ一つなく伸ばしきり、魔物はただの静止した影へと変わりました。空の支配者は、床の上の平面となりました。","将蝙蝠的双翼熨烫得平整且僵硬，使其无法飞翔。将那皮革状的薄膜熨烫得毫无褶皱，魔物化为了一道静止的影子。天空之王成了地板上的平面物。","Крылья летучей мыши были прижаты ровно и жестко, что сделало ее полет невозможным. Вы разгладили кожистую перепонку, пока она не стала жесткой, как доска. Хозяин воздуха превратился в плоскую тень на полу.","Las alas del murciélago quedaron planchadas y rígidas, haciendo imposible su vuelo. Alisaste la membrana correosa hasta que quedó tan rígida como una tabla. El maestro del aire se convirtió en una sombra plana en el suelo.","As asas do morcego foram passadas a ferro de forma plana e rígida, tornando seu voo impossível. Você alisou a membrana coriácea até que ficasse tão rígida quanto uma tábua. O mestre do ar tornou-se uma sombra plana no chão.","Die Flügel der Fledermaus wurden flach und steif gepresst, was ihren Flug unmöglich machte. Du hast die ledrige Membran geglättet, bis sie starr wie ein Brett war. Der Herr der Lüfte wurde zu einem flachen Schatten auf dem Boden.","박쥐의 날개는 납작하고 뻣뻣하게 다려져 비행이 불가능해졌습니다. 가죽 같은 막을 판자처럼 딱딱해질 때까지 펴자 공중의 제왕은 바닥의 납작한 그림자가 되었습니다."
"MSG_C_IRON_C_WIN","You ironed the cobra's scales until they fused together, locking the serpent's movement. It writhed under the heat, but its flexibility was traded for a crisp, flat finish. The predator was neatly folded away.","コブラの鱗を熱で溶かして癒着させ、そのしなやかな動きを完全に封じ込めた。熱に悶える魔物は、やがて糊の効いたシャツのようにピシッと平らになった。捕食者は、綺麗に折り畳まれて片付けられた。","用高热熔化并粘合了眼镜蛇的鳞片，彻底封锁了其灵活的动作。在高温中挣扎的魔物，最终像烫过的衬衫一样变得平整僵硬。掠食者被整齐地折叠并收纳了。","Вы прогладили чешую кобры, пока она не сплавилась, заблокировав движение змеи. Она корчилась от жары, но ее гибкость была обменена на четкую, плоскую отделку. Хищник был аккуратно сложен.","Planchaste las escamas de la cobra hasta que se fusionaron, bloqueando el movimiento de la serpiente. Se retorció bajo el calor, pero su flexibilidad se cambió por un acabado nítido y plano. El depredador fue cuidadosamente plegado.","Você passou a ferro as escamas da cobra até que elas se fundissem, travando o movimento da serpente. Ela se contorceu sob o calor, mas sua flexibilidade foi trocada por um acabamento nítido e plano. O predador foi cuidadosamente dobrado.","Du hast die Schuppen der Kobra gebügelt, bis sie miteinander verschmolzen und die Bewegung der Schlange blockierten. Sie wand sich unter der Hitze, aber ihre Flexibilität wurde gegen ein knackiges, flaches Finish eingetauscht. Das Raubtier wurde ordentlich zusammengefaltet.","코브라의 비늘을 열로 녹여 서로 달라붙게 하여 움직임을 완전히 봉쇄했습니다. 코브라는 열기 속에 몸부림쳤지만, 유연함 대신 빳빳하고 평평한 마감을 얻었습니다. 포식자는 깔끔하게 정리되었습니다."
"MSG_C_IRON_D_WIN","You applied high heat to the dragon's reverse scale, ironing it down until it lost its magical spark. The beast coughed steam as its internal fires were suppressed by the press. Legend met its match in a hot iron.","ドラゴンの逆鱗に高熱を押し当て、その魔力の輝きを失うまで真っ平らにプレスした。内部の炎がアイロンに抑え込まれ、巨体は蒸気を吐きながら沈黙した。伝説は、熱いアイロンの前に平伏した。","将高热压在巨龙的逆鳞上，将其熨烫平整直到失去魔力光辉。内部的火焰被熨斗压制，庞大的身躯一边喷火一边陷入沈默。传说在滚烫的熨斗面前屈服了。","Вы приложили сильный жар к обратной чешуе дракона, проглаживая ее до тех пор, пока она не потеряла свою магическую искру. Зверь кашлял паром, так как его внутренние огни были подавлены прессом. Легенда нашла достойного противника в горячем утюге.","Aplicaste un calor intenso a la escama invertida del dragón, planchándola hasta que perdió su chispa mágica. La bestia tosió vapor mientras sus fuegos internos eran suprimidos por la presión. La leyenda encontró su rival en una plancha caliente.","Você aplicou calor intenso na escama invertida do dragão, passando-a até que perdesse sua centelha mágica. A besta tossiu vapor enquanto seus fogos internos eram suprimidos pela prensa. A lenda encontrou seu par em um ferro quente.","Du hast die Umkehrschuppe des Drachen großer Hitze ausgesetzt und sie glattgebügelt, bis sie ihren magischen Funken verlor. Die Bestie hustete Dampf aus, während ihre inneren Feuer durch den Druck unterdrückt wurden. Die Legende fand ihren Meister in einem heißen Bügeleisen.","용의 역린에 고열을 가해 마법의 불꽃을 잃을 때까지 평평하게 다렸습니다. 내부의 불꽃이 압력에 억눌리자 용은 증기를 내뿜으며 침묵했습니다. 전설은 뜨거운 다리미 앞에서 굴복했습니다."
"MSG_C_IRON_E_LOSS","The Ent's ancient bark wouldn't yield to the heat, and your iron only scorched the surface. It roared as it used its thick limbs to swat your tool away like a fly. The forest wasn't meant to be ironed.","エントの古びた樹皮をプレスしようとしたが、アイロンは表面を焦がすことしかできなかった。魔物は怒りの咆哮を上げ、太い枝であなたの道具をハエのように叩き落とした。森は、アイロンをかけるための場所ではなかった。","试图熨烫树精古老的树皮，但熨斗只能烧焦其表面。魔物发出愤怒的咆哮，用粗壮的枝干像拍苍蝇一样拍飞了你的工具。森林并非熨烫之地。","Древняя кора энта не поддалась жару, и ваш утюг лишь опалил поверхность. Он взревел и своими толстыми ветвями отогнал ваш инструмент, как муху. Лес не предназначен для глажки.","La corteza antigua del Ent no cedió al calor, y tu plancha solo quemó la superficie. Rugió mientras usaba sus gruesas extremidades para apartar tu herramienta como a una mosca. El bosque no estaba destinado a ser planchado.","A casca antiga do Ent não cedeu ao calor, e seu ferro apenas chamuscou a superfície. Ele rugiu enquanto usava seus membros grossos para afastar sua ferramenta como uma mosca. A floresta não foi feita para ser passada a ferro.","Die uralte Rinde des Ents gab der Hitze nicht nach, und dein Bügeleisen versengte nur die Oberfläche. Er brüllte auf, während er seine dicken Gliedmaßen benutzte, um dein Werkzeug wie eine Fliege wegzuschlagen. Der Wald war nicht zum Bügeln gedacht.","엔트의 고대 나무껍질은 열기에 굴복하지 않았고, 당신의 다리미는 표면을 그을릴 뿐이었습니다. 엔트는 포효하며 두꺼운 가지로 당신의 도구를 파리처럼 쳐냈습니다. 숲은 다림질을 할 수 있는 곳이 아니었습니다."
"MSG_C_IRON_F_WIN","The fly was flattened mid-flight by a quick, steaming swipe of the iron. It was a precise, efficient removal that left the air fresh and bug-free. The pest met a crisp, flat end.","空飛ぶハエを、一瞬のスチーム攻撃と共に真っ平らにプレスした。それは精密かつ効率的な駆除であり、空気はバグ一つなく清浄に保たれた。害虫の最期は、ピシッとシワのないものだった。","伴随着一瞬的蒸汽攻击，将飞行的苍蝇熨平了。这是精密且高效的驱赶，空气中保持着无虫的清净。害虫的落幕是如此的平整无褶。","Муха была разглажена прямо в полете быстрым, дымящимся ударом утюга. Это было точное и эффективное удаление, оставившее воздух свежим и свободным от насекомых. Вредитель встретил чистый и плоский конец.","La mosca fue planchada en pleno vuelo por un rápido y humeante movimiento de la plancha. Fue una eliminación precisa и eficiente que dejó el aire fresco y libre de bichos. La plaga encontró un final nítido y plano.","A mosca foi passada a ferro no meio do voo por um golpe rápido e fumegante do ferro. Foi uma remoção precisa e eficiente que deixou o ar fresco e livre de insetos. A praga encontrou um fim nítido e plano.","Die Fliege wurde mitten im Flug durch einen schnellen, dampfenden Wischer des Bügeleisens flachgedrückt. Es war eine präzise, effiziente Beseitigung, die die Luft frisch und ungezieferfrei hinterließ. Der Schädling fand ein knackiges, flaches Ende.","비행 중인 파리를 강력한 스팀 다리미로 순식간에 납작하게 다렸습니다. 정밀하고 효율적인 제거 덕분에 공기는 해충 없이 깨끗해졌습니다. 해충은 주름 하나 없이 매끈한 최후를 맞이했습니다."
"MSG_C_IRON_G_WIN","The goblin's dirty clothes were ironed until the creature within was crushed by the heat and pressure. It let out a flat, muffled scream as its features were smoothed out. The dungeon grew a little more orderly.","ゴブリンが身に纏う不潔な服を、中の魔物ごと熱と圧力でプレスした。シワと共に特徴までもが平らに引き伸ばされ、奴は小さな悲鳴を上げて沈黙した。地牢は、ほんの少しだけ秩序を取り戻した。","将哥布林身上裹着的肮脏衣服，连同里面的魔物一起用热量和压力进行了熨烫。随着褶皱，连它的特征也被拉平，它发出一声短促的尖叫后陷入沈默。地牢稍微恢复了一点秩序。","Грязная одежда гоблина была проглажена до тех пор, пока существо внутри не было раздавлено теплом и давлением. Оно испустило плоский, приглушенный крик, когда его черты были разглажены. В подземелье стало немного больше порядка.","La ropa sucia del duende fue planchada hasta que la criatura en su interior fue aplastada por el calor y la presión. Soltó un grito plano y amortiguado mientras sus rasgos se alisaban. La mazmorra se volvió un poco más ordenada.","As roupas sujas do goblin foram passadas a ferro até que a criatura em seu interior fosse esmagada pelo calor e pela pressão. Ele soltou um grito plano e abafado enquanto suas características eram alisadas. A masmorra tornou-se um pouco mais ordenada.","Die schmutzige Kleidung des Goblins wurde gebügelt, bis die Kreatur darin durch Hitze und Druck zerquetscht wurde. Er stieß einen flachen, gedämpften Schrei aus, während seine Gesichtszüge geglättet wurden. Im Kerker wurde es ein wenig ordentlicher.","고블린의 더러운 옷을 안에 있는 고블린과 함께 열과 압력으로 다렸습니다. 주름과 함께 생김새까지 평평하게 펴지자 고블린은 짧은 비명을 지르며 침묵했습니다. 던전은 아주 조금 더 질서로워졌습니다."
"MSG_C_IRON_H_WIN","Extreme heat from the iron singed the harpy's primary feathers, ruining her lift. She tried to dive but her wings were too stiff and flat to catch the wind. The queen of the sky fell with an iron-scorch mark.","アイロンの極限熱がハーピーの風切羽を焼き、彼女の浮力を根こそぎ奪った。急降下しようとするが、翼はあまりに硬く平らで、風を捉えることは叶わなかった。空の女王は、焦げ跡と共に墜落した。","熨斗的极限热量烧焦了哈皮的飞羽，夺走了她的升力。她试图潜行，但双翼过于僵硬平滑，根本抓不住风。天空之女王带着焦痕坠落了。","Экстремальный жар от утюга опалил маховые перья гарпии, лишив ее подъемной силы. Она пыталась пикировать, но ее крылья были слишком жесткими и плоскими, чтобы ловить ветер. Королева неба упала с отметиной от ожога утюгом.","El calor extremo de la plancha chamuscó las plumas primarias de la arpía, arruinando su sustentación. Intentó descender, pero sus alas estaban demasiado rígidas y planas para atrapar el viento. La reina del cielo cayó con una marca de quemadura de plancha.","O calor extremo do ferro chamuscou as penas primárias da harpia, arruinando sua sustentação. Ela tentou mergulhar, mas suas asas estavam muito rígidas e planas para pegar o vento. A rainha do céu caiu com uma marca de queimadura de ferro.","Extreme Hitze des Bügeleisens versengte die Schwungfedern der Harpyie und ruinierte ihren Auftrieb. Sie versuchte zu tauchen, aber ihre Flügel waren zu steif und flach, um den Wind zu fangen. Die Königin des Himmels stürzte mit einem Brandmal vom Bügeleisen ab.","다리미의 극한 열기가 하피의 칼깃을 태워 부력을 완전히 앗아갔습니다. 급강하하려 했으나 날개가 너무 뻣뻣하고 평평해 바람을 탈 수 없었습니다. 하늘의 여왕은 다리미 자국과 함께 추락했습니다."
"MSG_C_IRON_I_LOSS","The imp turned the iron's heat into a localized firestorm that singed your eyebrows. He laughed as he skipped over the steaming surface, your domestic tool only serving to warm the prankster up.","インプはアイロンの熱を自在に操り、あなたの眉を焼き焦がすほどの局所的な火炎嵐へと変えてしまった。蒸気の立ち昇る鉄板の上を奴は軽やかに飛び回り、家事道具は悪戯っ子を温めるための道具に成り下がった。","小恶魔将熨斗的热量转化为一场局部火风暴，烧焦了你的眉毛。它在冒蒸汽的平面上欢快地跳跃着，你的家务工具仅沦为了给这个捣蛋鬼取暖的道具。","Бес превратил жар утюга в локальный огненный шторм, который опалил ваши брови. Он смеялся, перескакивая через дымящуюся поверхность, и ваш домашний инструмент послужил только для того, чтобы согреть проказника.","El imp convirtió el calor de la plancha en una tormenta de fuego localizada que te chamuscó las cejas. Se rió mientras saltaba sobre la superficie humeante, tu herramienta doméstica solo sirvió para calentar al bromista.","O imp transformou o calor do ferro em uma tempestade de fogo localizada que chamuscou suas sobrancelhas. Ele riu enquanto saltava sobre a superfície fumegante, sua ferramenta doméstica servindo apenas para aquecer o pregador de peças.","Der Imp verwandelte die Hitze des Bügeleisens in einen lokalen Feuersturm, der deine Augenbrauen versengte. Er lachte, während er über die dampfende Oberfläche hüpfte; dein häusliches Werkzeug diente nur dazu, den Schelm aufzuwärmen.","임프는 다리미의 열기를 자유자재로 조종해 당신의 눈썹을 태울 정도의 국부적인 화염 폭풍으로 바꿨습니다. 증기가 솟구치는 철판 위를 임프는 가볍게 뛰어다녔고, 가사 도구는 장난꾸러기를 따뜻하게 데워주는 도구로 전락했습니다."
"MSG_C_IRON_J_LOSS","The jelly's liquid form boiled under the iron, creating a cloud of sticky steam. While it felt the pain, it used the heat to expand and envelop your tool. Your iron was lost in a bubbling, translucent mass.","ジェリーの流動的な肉体がアイロンの下で沸騰し、粘つく蒸気の雲を作り出した。魔物は熱を逆に利用して膨張し、あなたの道具を包み込んで溶かした。アイロンは、泡立つ半透明の塊の中に消えた。","果冻怪流动的肉体在熨斗下沸腾，制造出了一团粘稠的蒸汽云。魔物反过来利用热量进行膨胀，包裹并熔化了你的工具。熨斗消失在了一团冒泡的半透明块状物中。","Жидкая форма желе закипела под утюгом, создав облако липкого пара. Хотя оно чувствовало боль, оно использовало тепло, чтобы расшириться и окутать ваш инструмент. Ваш утюг потерялся в бурлящей полупрозрачной массе.","La forma líquida de la gelatina hirvió bajo la plancha, creando una nube de vapor pegajoso. Aunque sintió el dolor, usó el calor para expandirse и envolver tu herramienta. Tu plancha se perdió en una masa burbujeante y translúcida.","A forma líquida da gelatina ferveu sob o ferro, criando uma nuvem de vapor pegajoso. Embora tenha sentido a dor, ela usou o calor para se expandir e envolver sua ferramenta. Seu ferro perdeu-se em uma massa borbulhante e translúcida.","Die flüssige Form des Gelees kochte unter dem Bügeleisen auf und erzeugte eine klebrige Dampfwolke. Während es den Schmerz spürte, nutzte es die Hitze, um sich auszudehnen und dein Werkzeug einzuhüllen. Dein Bügeleisen ging in einer brodelnden, durchscheinenden Masse verloren.","젤리의 유동적인 몸체가 다리미 아래에서 끓어오르며 끈적한 증기 구름을 만들었습니다. 괴물은 고통을 느끼면서도 열을 이용해 팽창했고 당신의 도구를 감싸 녹여버렸습니다. 다리미는 거품이 이는 반투명한 덩어리 속으로 사라졌습니다."
"MSG_C_IRON_K_WIN","The kobold's wild fur was scorched and flattened by the iron's heavy press. It panicked as its thick insulation turned into a stiff, hot plate. The warrior was easily defeated while it tried to peel its own fur off.","コボルドの野生的な体毛が、重いアイロンによって焼かれ、真っ平らにプレスされた。分厚い毛皮が熱くて硬い板へと変わる事実に魔物は混乱し、戦う術を失った。戦士は、自分の毛皮を剥ごうとして自滅した。","狗头人野性的体毛被重型熨斗烧灼并熨平。对于厚实的毛皮变成了滚烫僵硬的板子这一事实，魔物陷入了混乱。战士由于试图扯掉自己的毛皮而自灭。","Дикий мех кобольда был опален и разглажен тяжелым прессом утюга. Он запаниковал, когда его толстая изоляция превратилась в жесткую горячую пластину. Воин был легко побежден, пока пытался содрать собственный мех.","El pelaje salvaje del kobold fue chamuscado y alisado por la pesada presión de la plancha. Entró en pánico cuando su grueso aislamiento se transformó en una placa rígida и caliente. El guerrero fue fácilmente derrotado mientras intentaba arrancarse su propio pelaje.","O pelo selvagem do kobold foi chamuscado e alisado pela pressão pesada do ferro. Ele entrou em pânico quando seu isolamento espesso transformou-se em uma placa rígida e quente. O guerreiro foi facilmente derrotado enquanto tentava arrancar o próprio pelo.","Das wilde Fell des Kobolds wurde durch den schweren Druck des Bügeleisens versengt und geglättet. Er geriet in Panik, als sich seine dicke Isolierung in eine steife, heiße Platte verwandelte. Der Krieger wurde leicht besiegt, während er versuchte, sein eigenes Fell abzuziehen.","코볼트의 야생적인 털이 무거운 다리미에 타버리고 평평하게 다려졌습니다. 두꺼운 모피가 뜨겁고 딱딱한 판으로 변하자 코볼트는 당황했고 싸울 의지를 잃었습니다. 전사는 자신의 털을 벗겨내려다 자멸했습니다."
"MSG_C_IRON_L_WIN","The lizard's scales were ironed flat against its muscles, hindering its movement. It hissed as the heat reduced its flexibility and it became a rigid statue. The cold-blooded hunter met a hot, unbending end.","リザードの鱗を筋肉ごと真っ平らにプレスし、その敏捷な動きを物理的に阻害した。熱によって柔軟性を奪われ、魔物はその場に固定された硬い彫像のようになった。冷血な狩人は、熱く、曲がらない最期を迎えた。","将蜥蜴的鳞片连同肌肉一起熨平，物理上阻碍了它的敏捷动作。热量夺走了它的灵活性，魔物仿佛成了被固定在原地的僵硬雕像。冷血猎手迎来了滚烫且僵硬的终焉。","Чешуя ящерицы была прижата утюгом к ее мускулам, мешая ее движению. Она шипела, так как жар уменьшил ее гибкость, и она стала жесткой статуей. Хладнокровный охотник встретил горячий, несгибаемый конец.","Las escamas del lagarto fueron planchadas contra sus músculos, dificultando su movimiento. Siseó mientras el calor reducía su flexibilidad и se convertía en una estatua rígida. El cazador de sangre fría encontró un final caliente e inflexible.","As escamas do lagarto foram passadas a ferro contra seus músculos, dificultando seu movimento. Ele sibilou enquanto o calor reduzia sua flexibilidade e ele se tornava uma estátua rígida. O caçador de sangue frio encontrou um fim quente e inflexível.","Die Schuppen der Eidechse wurden gegen ihre Muskeln gebügelt, was ihre Bewegung behinderte. Sie zischte, als die Hitze ihre Flexibilität verringerte und sie zu einer starren Statue wurde. Der kaltblütige Jäger fand ein heißes, unbiegsames Ende.","리자드의 비늘을 근육째 납작하게 다려 민첩한 움직임을 물리적으로 저지했습니다. 열기로 인해 유연함을 뺏긴 리자드는 그 자리에 고정된 딱딱한 조각상처럼 변했습니다. 냉혈한 사냥꾼은 뜨겁고 뻣뻣한 최후를 맞이했습니다."
"MSG_C_IRON_M_LOSS","The mummy's ancient bandages were infused with magical preservatives that neutralized the iron's heat. It walked through the steam unbothered, its dried hands reaching for your throat as the iron scorched its wrappings in vain.","マミーの古びた包帯には、アイロンの熱を無効化する魔法の防腐剤が染み込んでいた。魔物は蒸気の中を平然と歩み寄り、アイロンが虚しく表面を焦がす傍らで、その乾燥した手をあなたの首元へと伸ばした。","木乃伊古老的绷带中浸透了中和熨斗热量的魔法防腐剂。魔物平然地穿过蒸汽走来，在熨斗徒劳地烧灼其表面时，它那干枯的手伸向了你的咽喉。","Древние бинты мумии были пропитаны магическими консервантами, которые нейтрализовали жар утюга. Она шла сквозь пар невозмутимо, ее высохшие руки тянулись к вашему горлу, пока утюг тщетно опалял ее повязки.","Las antiguas vendas de la momia estaban infundidas con conservantes mágicos que neutralizaban el calor de la plancha. Caminó a través del vapor sin inmutarse, sus manos secas alcanzando tu garganta mientras la plancha chamuscaba sus envolturas en vano.","As antigas bandagens da múmia estavam impregnadas de conservantes mágicos que neutralizavam o calor do ferro. Ele caminhou pelo vapor sem se incomodar, suas mãos secas alcançando sua garganta enquanto o ferro chamuscava seus invólucros em vão.","Die alten Bandagen der Mumie waren mit magischen Konservierungsmitteln durchtränkt, die die Hitze des Bügeleisens neutralisierten. Sie ging unbeeindruckt durch den Dampf, ihre vertrockneten Hände griffen nach deiner Kehle, während das Bügeleisen ihre Umhüllungen vergeblich versengte.","미라의 오래된 붕대에는 다리미의 열기를 무력화하는 마법 방부제가 스며들어 있었습니다. 괴물은 증기 속을 태연히 걸어왔고, 다리미가 헛되이 표면을 그을리는 동안 건조한 손을 당신의 목으로 뻗었습니다."
"MSG_C_IRON_N_LOSS","The naga's thick, wet scales parried the iron's heat with steam and magic. She laughed as your tool only polished a small part of her long body. The serpent queen struck you down before you could finish the job.","ナーガの厚く濡れた鱗は、立ち昇る蒸気と魔力によってアイロンの熱を容易に弾き飛ばした。道具が身体の一部を磨くだけに終わる様を見て、美しき賢者は優雅に微笑んだ。彼女はひと打ちで、あなたの「家事」を中断させた。","纳迦厚实且湿润的鳞片凭借升腾的蒸汽与魔力，轻易弹开了熨斗的热量。看着工具只能磨一磨身体的一小部分，美丽的贤者优雅地微笑。她随手一挥，中断了你的“家事”。","Толстая влажная чешуя наги парировала жар утюга паром и магией. Она смеялась, когда ваш инструмент только отполировал небольшую часть ее длинного тела. Королева змей сразила вас до того, как вы смогли закончить работу.","Las gruesas и húmedas escamas de la naga desviaron el calor de la plancha con vapor y magia. Se rió mientras tu herramienta solo pulía una pequeña parte de su largo cuerpo. La reina serpiente te derribó antes de que pudieras terminar el trabajo.","As escamas espessas e úmidas da naga apararam o calor do ferro com vapor e magia. Ela riu enquanto sua ferramenta apenas polia uma pequena parte de seu corpo longo. A rainha serpente derrubou você antes que pudesse terminar o trabalho.","Die dicken, nassen Schuppen der Naga parierten die Hitze des Bügeleisens mit Dampf und Magie. Sie lachte, als dein Werkzeug nur einen kleinen Teil ihres langen Körpers polierte. Die Schlangenkönigin streckte dich nieder, bevor du die Arbeit beenden konntest.","나가의 두껍고 젖은 비늘은 솟구치는 증기와 마력으로 다리미의 열기를 가볍게 튕겨냈습니다. 도구가 몸의 일부만 닦아내는 것을 보고 지혜로운 정령은 우아하게 미소 지었습니다. 그녀는 단 한 번의 공격으로 당신의 '가사'를 중단시켰습니다."
"MSG_C_IRON_O_LOSS","The orc ignored the heat of the iron and used its massive muscles to push back. It didn't mind a small burn if it meant it could reach your throat. Your domestic weapon was no match for its raw fury.","オークはアイロンの熱など意に介さず、強靭な筋肉を使って正面から押し返してきた。僅かな火傷など、あなたの喉を掻き切るためなら安い代償だった。日用品の武器では、怪物の生々しい怒りには対抗できなかった。","兽人丝毫不理会熨斗的热量，用强韧的肌肉从正面推了回来。区区烫伤，为了能割开你的咽喉不过是廉价的报酬。日用品武器根本无法对抗怪物的原始怒火。","Орк игнорировал жар утюга и использовал свои массивные мускулы, чтобы оттолкнуть его. Он не возражал против небольшого ожога, если это означало, что он сможет добраться до вашего горла. Ваше домашнее оружие не шло ни в какое сравнение с его необузданной яростью.","El orco ignoró el calor de la plancha y usó sus enormes músculos para empujar. No le importaba una pequeña quemadura si significaba que podía alcanzar tu garganta. Tu arma doméstica no era rival para su furia pura.","O orc ignorou o calor do ferro e usou seus músculos maciços para empurrar de volta. Ele não se importou com uma pequena queimadura se isso significasse que poderia alcançar sua garganta. Sua arma doméstica não era páreo para sua fúria bruta.","Der Ork ignorierte die Hitze des Bügeleisens und benutzte seine massiven Muskeln, um gegenzudrücken. Eine kleine Verbrennung machte ihm nichts aus, wenn er dadurch deine Kehle erreichen konnte. Deine häusliche Waffe war kein Gegner für seinen rohen Zorn.","오크는 다리미의 열기 따위는 아랑곳하지 않고 강인한 근육을 사용해 정면으로 밀어붙였습니다. 당신의 목을 따기 위해서라면 약간의 화상 정도는 싼 대가였습니다. 가사 용품 무기로는 괴물의 생생한 분노를 이길 수 없었습니다."
"MSG_C_IRON_P_LOSS","The pixie dodged the iron easily with her magical flight and glitter dust. She laughed and turned your tool into a harmless toy with a snap of her fingers. The forest's illusionist was too fast for pressing.","ピクシーは魔法のような飛行と煌めく鱗粉を使い、アイロンの攻撃を易々とかわした。彼女は愉快そうに笑い、指を鳴らしてあなたの道具を無害なオモチャへと変えてしまった。幻惑の精霊は、プレスするにはあまりに速すぎた。","小仙女用魔法般的飞行和闪烁的鳞粉，轻而易举地躲过了熨斗的攻击。她愉快地大笑，打了个响指就将你的工具变成了一件无害的玩具。迷惑的精灵对于熨烫来说实在是太快了。","Пикси легко уклонялась от утюга с помощью своего магического полета и блестящей пыльцы. Она смеялась и превращала ваш инструмент в безвредную игрушку щелчком пальцев. Лесной иллюзионист был слишком быстр для глажки.","La duendecilla esquivó la plancha fácilmente con su vuelo mágico y polvo brillante. Se rió y convirtió tu herramienta en un juguete inofensivo con un chasquido de sus dedos. La ilusionista del bosque era demasiado rápida para ser planchada.","A fada esquivou-se do ferro facilmente com seu voo mágico e pó brilhante. Ela riu e transformou sua ferramenta em um brinquedo inofensivo com um estalar de dedos. A ilusionista da floresta era rápida demais para ser passada a ferro.","Die Pixie wich dem Bügeleisen mit ihrem magischen Flug und Glitzerstaub leicht aus. Sie lachte und verwandelte dein Werkzeug mit einem Fingerschnippen in ein harmloses Spielzeug. Die Illusionistin des Waldes war zu schnell zum Bügeln.","픽시는 마법 같은 비행과 반짝이는 인분을 사용해 다리미의 공격을 손쉽게 피했습니다. 그녀는 즐겁게 웃으며 손가락을 튕겨 당신의 도구를 무해한 장난감으로 바꿔버렸습니다. 환혹의 정령은 다리기에는 너무 빨랐습니다."
"MSG_C_IRON_Q_LOSS","The coeurl's electric field short-circuited the iron, causing it to explode in your hand. The high-speed beast mocked your failure and closed in for the kill. You learned that electricity and heat don't always mix.","クアールの持つ電磁場がアイロンをショートさせ、あなたの手元で爆発させた。不意の衝撃に怯むあなたを、高速の捕食者は冷酷に追い詰め、トドメを刺した。電気と熱を同時に扱う危うさを、あなたは身をもって知った。","夸尔持有的电磁场使熨斗短路，在你的手中发生了爆炸。趁你因突如其来的冲击而退缩，高速掠食者冷酷地紧逼而至，给出了致命一击。你切身体会到了同时处理电气与热量的危险。","Электрическое поле куэрла замкнуло утюг, заставив его взорваться в вашей руке. Высокоскоростной зверь посмеялся над вашей неудачей и приблизился для убийства. Вы узнали, что электричество и тепло не всегда смешиваются.","El campo eléctrico del coeurl provocó un cortocircuito en la plancha, haciendo que explotara en tu mano. La bestia de alta velocidad se burló de tu fracaso y se acercó para matar. Aprendiste que la electricidad y el calor no siempre se mezclan.","O campo elétrico do coeurl causou um curto-circuito no ferro, fazendo-o explodir em sua mão. A besta de alta velocidade zombou de seu fracasso e aproximou-se para matar. Você aprendeu que eletricidade e calor nem sempre se misturam.","Das elektrische Feld des Coeurls verursachte einen Kurzschluss im Bügeleisen, sodass es in deiner Hand explodierte. Die Hochgeschwindigkeitsbestie verspottete dein Versagen und setzte zum Todesstoß an. Du hast gelernt, dass Elektrizität und Hitze sich nicht immer vertragen.","쿠얼의 전자기장이 다리미를 쇼트시켜 당신의 손안에서 폭발하게 했습니다. 갑작스러운 충격에 움츠러든 당신을 고속의 포식자는 냉혹하게 몰아붙여 숨통을 끊었습니다. 전기와 열을 동시에 다루는 위험성을 당신은 몸소 깨달았습니다."
"MSG_C_IRON_R_WIN","The iron squashed the lead rat of the swarm, breaking the pack's coordination. Without their leader, the rats scattered as their formation was crushed flat. The pest problem was solved with a heavy, hot stone.","群れの先導役となっていたラットがアイロンで真っ平らに押し潰され、群れの連携は崩壊した。指導者を失ったネズミたちは散り散りになり、戦いは終わりを迎えた。害虫の問題は、重くて熱い「石」によって解決された。","带头的鼠群老鼠被熨斗熨成了一摊肉饼，鼠群的协作随之崩溃。失去领导者的老鼠们四散奔逃，战斗落幕。害虫问题被一块又重又烫的“石头”解决了。","Утюг раздавил вожака стаи крыс, нарушив координацию группы. Без своего лидера крысы рассеялись, а их строй был раздавлен. Проблема с вредителями была решена тяжелым горячим камнем.","La plancha aplastó a la rata líder de la manada, rompiendo la coordinación del grupo. Sin su líder, las ratas se dispersaron mientras su formación era aplastada. El problema de las plagas se resolvió con una piedra pesada и caliente.","O ferro esmagou o rato líder do bando, quebrando a coordenação do grupo. Sem o líder, os ratos dispersaram-se enquanto sua formação era esmagada. O problema das pragas foi resolvido com uma pedra pesada e quente.","Das Bügeleisen zerquetschte die Anführerratte des Schwarms und brach die Koordination des Rudels. Ohne ihren Anführer zerstreuten sich die Ratten, während ihre Formation flachgedrückt wurde. Das Ungezieferproblem wurde mit einem schweren, heißen Stein gelöst.","무리의 앞잡이 노릇을 하던 쥐가 다리미에 납작하게 눌려 죽자 쥐 떼의 협동이 무너졌습니다. 지도자를 잃은 쥐들은 뿔뿔이 흩어졌고 전투는 끝이 났습니다. 해충 문제는 무겁고 뜨거운 '돌'에 의해 해결되었습니다."
"MSG_C_IRON_S_LOSS","The slime absorbed the iron into its body, using the metal to harden its strike. The heat only served to make the monster more flexible and aggressive. Your iron became a part of the creature's core.","スライムはアイロンをその身体に取り込み、金属の硬さを利用してより強力な打撃を放った。熱は怪物をより柔軟に、そして攻撃的にさせる燃料に過ぎなかった。アイロンは、今や怪物の核の一部となっていた。","史莱姆将熨斗纳入体内，利用金属的硬度释放出了更强力的打击。热量不过是让怪物变得更灵活、更具攻击性的燃料。熨斗如今已成了怪物核心的一部分。","Слизь поглотила утюг в свое тело, используя металл для усиления своего удара. Тепло только сделало монстра более гибким и агрессивным. Ваш утюг стал частью ядра существа.","La gelatina absorbió la plancha en su cuerpo, usando el metal para endurecer su golpe. El calor solo sirvió para hacer al monstruo más flexible и agresivo. Tu plancha se convirtió en parte del núcleo de la criatura.","O slime absorveu o ferro em seu corpo, usando o metal para endurecer seu golpe. O calor apenas serviu para tornar o monstro mais flexível e agressivo. Seu ferro tornou-se parte do núcleo da criatura.","Der Schleim nahm das Bügeleisen in seinen Körper auf und nutzte das Metall, um seinen Schlag zu härten. Die Hitze diente nur dazu, das Monster flexibler und aggressiver zu machen. Dein Bügeleisen wurde zu einem Teil des Kerns der Kreatur.","슬라임은 다리미를 몸 안으로 흡수했고, 금속의 단단함을 이용해 더 강력한 타격을 날렸습니다. 열기는 괴물을 더 유연하고 공격적으로 만드는 연료일 뿐이었습니다. 다리미는 이제 괴물 핵의 일부가 되었습니다."
"MSG_C_IRON_T_LOSS","The troll's skin was so thick that the hot iron didn't even leave a mark. It grabbed your arm and crushed the tool with its bare hands, roaring in laughter. The brute's regeneration ignored the minor burns.","トロールの皮膚はあまりに厚く、熱いアイロンを押し当てても焦げ跡一つ付かなかった。魔物はあなたの腕を掴み、道具を素手で握り潰して哄笑を上げた。再生する巨躯にとって、僅かな火傷など取るに足らないものだった。","巨魔的皮肤厚实到即便压上滚烫的熨斗也不会留下焦痕。魔物抓住你的手臂，用肉掌捏碎了工具并放声大笑。对于再生的巨体来说，区区烫傷根本不足挂齿。","Кожа тролля была настолько толстой, что горячий утюг даже не оставил следа. Он схватил вас за руку и раздавил инструмент голыми руками, смеясь. Регенерация грубияна игнорировала мелкие ожоги.","La piel del trol era tan gruesa que la plancha caliente ni siquiera dejó una marca. Agarró tu brazo и aplastó la herramienta con sus propias manos, rugiendo de risa. La regeneración del bruto ignoró las quemaduras menores.","A pele do troll era tão espessa que o ferro quente nem sequer deixou uma marca. Ele agarrou seu braço e esmagou a ferramenta com as próprias mãos, rugindo em gargalhadas. A regeneração do bruto ignorou as queimaduras leves.","Die Haut des Trolls war so dick, dass das heiße Bügeleisen nicht einmal einen Abdruck hinterließ. Er packte deinen Arm und zerquetschte das Werkzeug mit bloßen Händen, während er laut lachte. Die Regeneration des Grobians ignorierte die kleinen Verbrennungen.","트로울의 피부는 너무 두꺼워 뜨거운 다리미를 대도 그을음 하나 남지 않았습니다. 괴물은 당신의 팔을 붙잡고 도구를 맨손으로 으깨버리며 크게 웃었습니다. 재생력이 뛰어난 거구에게 약간의 화상은 아무것도 아니었습니다."
"MSG_C_IRON_U_LOSS","The spectral Undead were unaffected by the heat and pressure of the iron. Your tool passed through their forms as if they were smoke, leaving only a cold chill. The dead didn't have any wrinkles to iron out.","実体のないアンデッドに、アイロンの熱と圧力は一切通用しなかった。道具は煙を払うかのように魔物を通り抜け、あなたの手元には冷気だけが残った。死者には、アイロンをかけるべき「シワ」など存在しなかった。","对于没有实态的不死族，熨斗的热量和压力完全行不通。工具像驱散烟雾般穿过了魔物，你的手中只剩下了冷气。死者身上不存在任何需要熨烫的“褶皱”。","Призрачные мертвецы не пострадали от жара и давления утюга. Ваш инструмент прошел сквозь их формы, как будто они были дымом, оставив только холодный озноб. У мертвых не было морщин, которые нужно было бы разглаживать.","Los muertos vivientes espectrales no se vieron afectados por el calor y la presión de la plancha. Tu herramienta pasó a través de sus formas como si fueran humo, dejando solo un escalofrío. Los muertos no tenían arrugas que planchar.","Os mortos-vivos espectrais não foram afetados pelo calor e pressão do ferro. Sua ferramenta passou por suas formas como se fossem fumaça, deixando apenas um calafrio. Os mortos não tinham rugas para passar a ferro.","Die spektralen Untoten waren von der Hitze und dem Druck des Bügeleisens unbeeindruckt. Dein Werkzeug ging durch ihre Gestalten hindurch, als wären sie Rauch, und hinterließ nur einen kalten Schauer. Die Toten hatten keine Falten zum Ausbügeln.","실체가 없는 언데드에게 다리미의 열과 압력은 전혀 통하지 않았습니다. 도구는 연기를 헤치듯 괴물을 통과했고 당신의 손에는 냉기만이 남았습니다. 죽은 자에게는 다려야 할 '주름' 따위는 존재하지 않았습니다."
"MSG_C_IRON_V_LOSS","The vampire used his inhuman speed to avoid the iron and appeared behind you. He mocked your attempts to press his fine silk cloak as he went for the kill. The prince of darkness refused to be flattened.","ヴァンパイアは超人的な速度でアイロンを回避し、あなたの背後へと音もなく移動した。シルクのマントにシワをつけようという試みを嘲笑いながら、彼はトドメの一撃を放った。夜の貴族は、屈服も平坦化も拒んだ。","吸血鬼以超人的速度躲过了熨斗，无声地移动到了你身后。他嘲穿着你想给丝绸斗篷去皱的尝试，送出了致命一击。夜之贵族拒绝屈服，也拒绝被熨平。","Вампир использовал свою нечеловеческую скорость, чтобы избежать утюга, и появился позади вас. Он издевался над вашими попытками погладить его тонкий шелковый плащ, когда шел на убийство. Принц тьмы отказался быть разглаженным.","El vampiro usó su velocidad inhumana para evitar la plancha y apareció detrás de ti. Se burló de tus intentos de planchar su capa de seda fina mientras iba a por la muerte. El príncipe de las tinieblas se negó a ser alisado.","O vampiro usou sua velocidade desumana para evitar o ferro e apareceu atrás de você. Ele zombou de suas tentativas de passar sua capa de seda fina enquanto partia para matar. O príncipe das trevas recusou-se a ser alisado.","Der Vampir nutzte seine unmenschliche Geschwindigkeit, um dem Bügeleisen auszuweichen, und erschien hinter dir. Er verspottete deine Versuche, seinen feinen Seidenumhang zu bügeln, während er zum Stoß ansetzte. Der Prinz der Dunkelheit weigerte sich, glattgebügelt zu werden.","흡혈귀는 초인적인 속도로 다리미를 피하고 당신의 뒤로 소리 없이 이동했습니다. 실크 망토의 주름을 펴려는 당신의 시도를 비웃으며 그는 최후의 일격을 날렸습니다. 밤의 귀족은 굴복도 평평해지는 것도 거부했습니다."
"MSG_C_IRON_W_LOSS","The wolf dodged the heavy iron easily and counterattacked with its pack. They avoided the heated surface and focused on your vulnerable limbs. The hunters were too smart for a slow, hot tool.","ウルフは重いアイロンを軽々と回避し、群れとの完璧な連携で反撃に転じた。奴らは熱せられた面を巧みに避け、あなたの無防備な手足を執拗に狙った。狩人たちは、この鈍重な道具を扱う隙を見逃さなかった。","狼轻巧地避开了沉重的熨斗，并配合狼群的完美协作转入反击。它们巧妙地避开了发烫的平面，执拗地瞄准你那无防備の手足。猎人们没有错过你摆弄这件笨重工具的破绽。","Волк легко уклонился от тяжелого утюга и контратаковал со своей стаей. Они избегали нагретой поверхности и сосредоточились на ваших уязвимых конечностях. Охотники были слишком умны для медленного горячего инструмента.","El lobo esquivó la pesada plancha fácilmente и contraatacó con su manada. Evitaron la superficie caliente y se centraron en tus extremidades vulnerables. Los cazadores eran demasiado listos para una herramienta lenta и caliente.","O lobo esquivou-se do ferro pesado facilmente e contra-atacou com seu bando. Eles evitaron a superfície aquecida e focaram em seus membros vulneráveis. Os caçadores eram espertos demais para uma ferramenta lenta e quente.","Der Wolf wich dem schweren Bügeleisen leicht aus und griff mit seinem Rudel an. Sie mieden die erhitzte Oberfläche und konzentrierten sich auf deine verwundbaren Gliedmaßen. Die Jäger waren zu klug für ein langsames, heißes Werkzeug.","늑대는 무거운 다리미를 가볍게 피하고 무리와의 완벽한 협동으로 반격에 나섰습니다. 그들은 달궈진 면을 교묘히 피하며 당신의 무방비한 팔다리를 집요하게 노렸습니다. 사냥꾼들은 이 둔중한 도구를 다루는 틈을 놓치지 않았습니다."
"MSG_C_IRON_X_LOSS","Xalthis anchored itself and used its many legs to hold the iron at bay. It struck out with its venomous tail while your hands were busy with the heavy tool. The multi-legged terror couldn't be ironed down.","ザルティスは無数の足を床に固定し、アイロンの重圧に力ずくで抗った。あなたが重い道具の扱いに手間取っている間に、毒を持つ尾が正確にあなたの急所を射抜いた。多足の恐怖を、熱で平らにならすことはできなかった。","扎尔提斯将无数只脚固定在地板上，凭力气对抗熨斗的重压。正如你费劲摆弄沉重工具时，带毒的尾巴已精准地刺中了你的要害。想要用热量平复多肢的恐怖是不可能的。","Ксалтис закрепился и использовал свои многочисленные ноги, чтобы сдерживать утюг. Он нанес удар своим ядовитым хвостом, пока ваши руки были заняты тяжелым инструментом. Многоногий ужас нельзя было разгладить.","Xalthis se ancló y usó sus muchas patas para mantener la plancha a raya. Atacó con su cola venenosa mientras tus manos estaban ocupadas con la pesada herramienta. El terror de múltiples patas no pudo ser planchado.","Xalthis ancorou-se e usou suas muitas pernas para manter o ferro sob controle. Ele atacou com sua cauda venenosa enquanto suas mãos estavam ocupadas com a ferramenta pesada. O terror de pernas múltiplas não pôde ser passado a ferro.","Xalthis verankerte sich und benutzte seine vielen Beine, um das Bügeleisen in Schach zu halten. Er schlug mit seinem giftigen Schwanz zu, während deine Hände mit dem schweren Werkzeug beschäftigt waren. Der vielbeinige Schrecken ließ sich nicht glattbügeln.","잘티스는 수많은 다리를 바닥에 고정하고 다리미의 중압감에 힘으로 맞섰습니다. 당신이 무거운 도구를 다루느라 애쓰는 사이, 독이 있는 꼬리가 정확히 당신의 급소를 찔렀습니다. 다리가 많은 공포를 열로 평평하게 펼 수는 없었습니다."
"MSG_C_IRON_Y_LOSS","The yeti's internal cold neutralized the iron's heat upon contact. It frozen the metal so quickly that the iron shattered into a thousand pieces in your hand. The king of the mountains looked down on your failure.","イエティの放つ絶対零度の冷気が、接触した瞬間にアイロンの熱を完全に中和した。金属は極低温によって瞬時に脆くなり、あなたの手元で粉々に砕け散った。雪山の主は、凍りついたあなたの無力を冷たく見下ろした。","雪人散发的绝对零度冷气在接触瞬间完全中和了熨斗的热量。金属因极低温瞬间变得脆弱，在你的手中碎成了粉末。雪山之主冷酷地俯视着你那被冻结的无能。","Внутренний холод йети нейтрализовал жар утюга при контакте. Он заморозил металл так быстро, что утюг разлетелся на тысячу осколков в вашей руке. Король гор смотрел свысока на вашу неудачу.","El frío interno del yeti neutralizó el calor de la plancha al contacto. Congeló el metal tan rápido que la plancha se rompió en mil pedazos en tu mano. El rey de las montañas despreció tu fracaso.","O frio interno do yeti neutralizou o calor do ferro ao contato. Ele congelou o metal tão rapidamente que o ferro despedaçou-se em mil pedaços em sua mão. O rei das montanhas olhou com desprezo para o seu fracasso.","Die innere Kälte des Yetis neutralisierte die Hitze des Bügeleisens bei Kontakt. Er fror das Metall so schnell ein, dass das Bügeleisen in deiner Hand in tausend Stücke zerbrach. Der König der Berge blickte auf dein Versagen herab.","예티가 내뿜는 절대영도의 냉기가 접촉하는 순간 다리미의 열기를 완전히 중화했습니다. 금속은 극저온 때문에 순식간에 약해졌고 당신의 손안에서 산산조각 났습니다. 눈산의 주인은 얼어붙은 당신의 무능함을 차갑게 내려다보았습니다."
"MSG_C_IRON_Z_LOSS","The zombie's rotting flesh was too soft to be effectively ironed and only tore away. It ignored the heat and continued its relentless crawl toward your ankles. The living dead didn't mind being a little flatter.","ゾンビの腐敗した肉体はあまりに脆く、アイロンでプレスしようとしても崩れ落ちるだけだった。奴は熱など気に留めず、無惨な姿のままあなたの足元へと這い寄ってきた。動く死体を止めるには、アイロンの熱はあまりに優しすぎた。","僵尸腐烂的肉体极其脆弱，想要熨烫也只会让其崩解掉落。它完全不在意热量，保持着凄惨的姿态向你的脚边爬来。想要阻止会动的尸体，熨斗的热量还是太温柔了。","Гниющая плоть зомби была слишком мягкой, чтобы ее можно было эффективно прогладить, и только отрывалась. Он игнорировал жар и продолжал свое неустанное ползание к вашим лодыжкам. Живые мертвецы не возражали против того, чтобы стать немного площе.","La carne podrida del zombi era demasiado blanda para ser planchada eficazmente y solo se desgarraba. Ignoró el calor y continuó su implacable gateo hacia tus tobillos. A los muertos vivientes no les importaba estar un poco más planos.","A carne apodrecida do zumbi era macia demais para ser passada a ferro com eficácia e apenas se rasgava. Ele ignorou o calor e continuou seu rastejar implacável em direção aos seus tornozelos. Os mortos-vivos não se importavam em ficar um pouco mais planos.","Das verrottende Fleisch des Zombies war zu weich, um effektiv gebügelt zu werden, und riss nur ab. Er ignorierte die Hitze und setzte sein unerbittliches Kriechen zu deinen Knöcheln fort. Den lebenden Toten machte es nichts aus, ein wenig flacher zu sein.","좀비의 부패한 육체는 너무 취약해서 다리미로 다리려 해도 무너져 내릴 뿐이었습니다. 좀비는 열기 따위 신경 쓰지 않고 비참한 모습 그대로 당신의 발치로 기어 왔습니다. 움직이는 시체를 멈추기에 다리미의 열기는 너무나 자애로웠습니다."
"MSG_C_ILLUSION_W_LOSS","The wolf pack split apart and circled the illusions with cold, instinctive suspicion. Their noses cut through every false image, steering the alpha directly to your trembling location. The predators of the wild needed no eyes to find the truth.","狼の群れは幻影を冷たい本能的な疑いの目で取り囲み、次々と見破っていった。鋭い鼻先が偽りの像をことごとく断ち、群れのリーダーはあなたの震える居場所へと真っ直ぐに迫る。荒野の捕食者は真実を見つけるのに目を必要としなかった。","狼群本能地用冷静的怀疑将幻影团团围住。它们的鼻子切穿了每一个虚假的影像，引导头狼直逼你颤抖的所在。荒野的捕食者无需眼睛便能找到真相。","Волчья стая разделилась и окружила иллюзии с холодной инстинктивной подозрительностью. Их носы пронзили каждый ложный образ, ведя вожака прямо к вашему дрожащему местонахождению. Дикие хищники не нуждались в глазах, чтобы найти правду.","La manada de lobos se dividió y rodeó las ilusiones con fría sospecha instintiva. Sus narices atravesaron cada imagen falsa, guiando al alfa directamente a tu temblorosa ubicación. Los depredadores del salvaje no necesitaban ojos para encontrar la verdad.","A alcateia se dividiu e cercou as ilusões com fria suspeita instintiva. Seus narizes cortaram cada imagem falsa, guiando o alfa diretamente à sua localização tremendo. Os predadores do mundo selvagem não precisavam de olhos para encontrar a verdade.","Das Wolfsrudel teilte sich auf und umzingelte die Illusionen mit kaltem, instinktivem Misstrauen. Ihre Nasen durchdrangen jedes falsche Bild und führten den Anführer direkt zu Ihrem zitternden Versteck. Die Raubtiere der Wildnis brauchten keine Augen, um die Wahrheit zu finden.","늑대 무리는 본능적인 냉정한 의심으로 환영을 포위하며 하나씩 꿰뚫었다. 예리한 코가 모든 허상을 꿰어 두령을 당신의 떨리는 위치로 곧장 이끌었다. 야생의 포식자는 진실을 찾는 데 눈이 필요하지 않았다."
