"keys","en","ja","zh","ru","es","pt","de","ko"
"MSG_C_BURN_A_WIN","Magic flames engulfed the ant pack in an instant. Their charred exoskeletons scattered in the heat.","魔法の炎がアリの群れを一瞬で包み込んだ。カリカリに焼かれた外骨格が、熱風の中に散った。","魔法之火瞬间吞没了蚁群。被烤得焦脆的外骨骼在热浪中四散开来。","","","","",""
"MSG_C_BURN_B_WIN","Hellfire lighting the dark scorched the bat's wings. The falling fireball let out a final light.","闇夜を照らす劫火がコウモリの翼を焼き尽くした。落ちていく火の玉は、最期の光を放った。","照亮黑夜的劫火烧尽了蝙蝠的翅膀。坠落的火球放射出了最后的光芒。","","","","",""
"MSG_C_BURN_C_WIN","A flame storm trapped the venomous snake. Unable to bear the heat the cobra turned to ash.","火炎の嵐が猛毒の蛇を渦巻く炎の中に閉じ込めた。熱に耐えかねたコブラは、力なく灰へと還った。","火焰风暴将剧毒长蛇困在了漩涡之中。无法忍受高温的眼镜蛇无力地化为了灰烬。","","","","",""
"MSG_C_BURN_D_WIN","You unleashed ultimate fire that scorched even the dragon's scales. The giant fell to the solar heat.","ドラゴンの逆鱗ごと、全てを焼き払う究極の火を放った。伝説の巨躯も、太陽の熱の前には無力だった。","放出了连同逆鳞一并烧尽的究极之火。即便传说的巨体，在太阳的高温面前也显得苍白无力。","","","","",""
"MSG_C_BURN_E_WIN","The tree spirit became a massive torch. With a cry echoing through the forest its life vanished.","木の精霊は、自身の体そのものが巨大な松明と化した。森に響く叫びとともに、古き生命は灰に消えた。","树精的身体本身化作了巨大的火炬。随着响彻森林的哀鸣，古老的生命消失在灰烬中。","","","","",""
"MSG_C_BURN_F_LOSS","You couldn't catch the swift fly with flames. Mocked by the heat you wiped your brow.","すばしっこいハエを炎で捉えることはできない。空しく上がる熱気に嘲笑われ、あなたは汗を拭った。","无法用火焰捕捉到敏捷的苍蝇。被徒劳升腾的热气所嘲笑，你抹去了额头的汗水。","","","","",""
"MSG_C_BURN_G_WIN","Purifying flames scorched the goblin's nest. Their vile laughs died in the crackling fire.","ゴブリンの住処ごと、浄化の炎で焼き尽くした。卑屈な笑い声は、パチパチと爆ぜる火の音に消えた。","用净化之火将哥布林的巢穴烧得精光。卑劣的笑声淹没在了木柴燃烧的劈啪声中。","","","","",""
"MSG_C_BURN_H_WIN","A flame arrow shot through the harpy's wing. Burning she fell like an ominous meteor.","旋回するハーピーの羽を炎の矢が射抜いた。火を纏い墜ちる彼女の姿は、不吉な流星のようだった。","火箭射中了盘旋中哈皮的羽翼。缠绕火焰坠落的她，犹如一颗不祥的流星。","","","","",""
"MSG_C_BURN_I_LOSS","To the imp from Hell fire was just a toy. Your magic dispersed in its hands.","魔界から来たインプにとって、火は使い慣れた玩具に過ぎなかった。炎を操る奴の手元で、あなたの魔法は霧散した。","对于来自魔界的小仙女来说，火不过是玩腻了的玩具。在它操纵火焰的手中，你的魔法烟消云散。","","","","",""
"MSG_C_BURN_J_LOSS","The jelly reflected the fire and steam filled the air. The monster seemed empowered by the heat.","ジェリーの水分が炎を跳ね返し、不快な蒸気が辺りを包んだ。熱を吸収した怪物は、さらなる活力を得たようだ。","果冻怪体内的水分弹开了火焰，不快的气息包围了四周。吸收了热能的怪物似乎变得更加活力。","","","","",""
"MSG_C_BURN_K_WIN","The kobold's fur burned leaving a foul stench. The confused beasts trampled each other to flee.","コボルドの毛皮が激しく燃え上がり、辺りに異臭が漂った。混乱した獣たちは、互いを突き飛ばし逃げ惑った。","狗头人的毛皮剧烈燃烧，四周弥漫着异臭。混乱的兽群为了逃命互相推搡。","","","","",""
"MSG_C_BURN_L_LOSS","The lizard's scales blocked the fire. Its cold eyes enduring the heat presaged your end.","リザードの堅牢な鱗が炎を遮り、ダメージすら通らない。熱に耐え忍ぶ冷酷な瞳が、絶望を予感させる。","蜥蜴坚固的鳞片隔绝了火焰，连一点伤害都没造成。忍受酷热的冷酷瞳孔预示着绝望。","","","","",""
"MSG_C_BURN_M_WIN","Fire was lethal to the dry mummy. Bandages and curse both were incinerated by purifying light.","干からびたマミーに火は致命的だった。古の呪縛ごと、不浄な死体は浄化の光に包まれ焼失した。","火对于干枯的木乃伊是致命的。连同古老的诅咒，不洁的尸体在净化之光中燃尽了。","","","","",""
"MSG_C_BURN_N_LOSS","Flames grazed the naga but did no real damage. Protected by water she coiled around you.","ナーガのしなやかな胴体に炎が掠めるが、致命傷には程遠い。水の加護を得た彼女が、蛇身であなたを締め上げる。","火焰掠过纳迦曲折的胴体，但离致命伤还远得很。得到水之庇护的她用蛇身将你死死缠住。","","","","",""
"MSG_C_BURN_O_LOSS","The orc charged through the fire wall ignoring burns. Its raw pressure sealed your magic.","オークは火傷を厭わず、炎の壁を突き破ってきた。猛り狂う怪物の圧力に、あなたの魔法は封じられた。","兽人不顾烧伤，冲破了火焰之墙。在发狂怪物的压力面前，你的魔法被封锁了。","","","","",""
"MSG_C_BURN_P_LOSS","The pixie's dust colored your flames and diverted them. Lured by the lights your mind went dark.","ピクシーの放つ幻惑の鱗粉が、炎の色を美しく変え、威力をそらした。誘われるまま、あなたの意識は遠のく。","小仙女散布的幻惑鳞粉改变了火焰的颜色并化解了威力。在诱导下，你的意识渐渐远去。","","","","",""
"MSG_C_BURN_Q_LOSS","The coeurl's field warped the fire's path. Its glowing eyes mocked your growing panic.","クアールの電磁場が炎の軌道を狂わせ、背後の壁を焼くばかりだ。闇に光る瞳が、あなたの焦りを嘲笑う。","夸尔的电磁场偏转了火焰的轨道，只是烧焦了背后的墙壁。黑暗中发光的瞳孔嘲笑着你的焦躁。","","","","",""
"MSG_C_BURN_R_LOSS","Fire pushed back the rats briefly but it was futile. Countless fangs sought your legs.","炎でラットの群れを一時的に退けたが、焼け石に水だった。次々と現れる無数の牙が、あなたの脚を執拗に狙う。","虽然用火焰暂时退敌，但只是杯水车薪。接连出现的无数毒牙执拗地瞄准了你的小腿。","","","","",""
"MSG_C_BURN_S_LOSS","The slime's mucus absorbed the fire completely. The heated monster began to writhe ominously.","スライムの粘液が炎を吸収し、威力を完全に殺してしまった。熱を帯びた怪物が、さらに不気味に蠢き始める。","史莱姆的粘液吸收了火焰，完全杀死了威力。吸热后的怪物开始更加诡异地蠕动。","","","","",""
"MSG_C_BURN_T_LOSS","The troll's regeneration healed even burns instantly. Faced with despair your mana ran dry.","トロールの再生は火傷さえも瞬時に癒やしていく。尽きぬ絶望を前に、あなたの手元から魔力が失われた。","巨魔的再生力连烧伤也瞬间治愈了。在无尽的绝望面前，你手中的魔力枯竭了。","","","","",""
"MSG_C_BURN_U_LOSS","Without a physical form the undead couldn't be burned. Death's cold chill froze your heart.","アンデッドには実体がないため、熱を通すことができない。冷たい死の気配が、あなたの心臓を凍りつかせた。","因为不死族没有实态，无法传导热能。冰冷的死亡气息令你的心脏感到冻结。","","","","",""
"MSG_C_BURN_V_LOSS","The vampire dodged the fire elegantly and vanished into shadows. He sought your throat from the dark.","ヴァンパイアは炎を優雅に回避し、背後の影へと姿を消した。闇に紛れた霧が、あなたの首元を静かに狙う。","吸血鬼优雅地避开了火焰，消失在身后的影子中。隐于黑暗的雾气静静地瞄准了你的咽喉。","","","","",""
"MSG_C_BURN_W_LOSS","The wolf you repelled with fire leaped from your blind spot. The pack's teamwork surpassed your magic.","炎の壁で引き離したはずのウルフが、死角から飛びかかってきた。群れの連携は、あなたの魔法さえも上回る。","本应用火焰墙隔开的狼，却从死角扑了过来。狼群的协作甚至超越了你的魔法。","","","","",""
"MSG_C_BURN_X_LOSS","Xalthis's many legs swatted the fire away. Silenced by its tenacity you could only watch it close in.","ザルティスの不気味な多足が炎を振り払い、あなたへと迫る。業火を厭わぬ魔物の執念に、あなたは言葉を失った。","扎尔提斯诡异的多肢扫开了火焰，向你逼近。面对不顾业火的魔物的执念，你哑口无言。","","","","",""
"MSG_C_BURN_Y_LOSS","The yeti's blizzard extinguished your magic fire instantly. The ice giant's swing ended your life.","イエティの吹雪のような冷気が、魔法の炎を瞬時にかき消した。氷の巨人の一振りが、あなたの命を刈り取る。","雪人如暴风雪般的冷气瞬间熄灭了魔法之火。冰巨人的重击收割了你的性命。","","","","",""
"MSG_C_BURN_Z_LOSS","Burning its rotting flesh didn't stop the zombie. You despaired as the melting corpse drew near.","ゾンビの腐敗した肉体を焼こうとも、ゾンビに痛みは伝わらない。ドロドロに溶けながらも迫りくる死体に、あなたは絶望した。","即使烧掉腐肉，僵尸也感觉不到痛苦。面对一边融化一边逼近的尸体，你陷入了绝望。","","","","",""
"MSG_C_BRIBE_A_WIN","You offered the ants a jar of rare honey. They accepted the payment and let the colony pass.","アリの群れに最高級の蜜を献上した。虫たちは甘い香りに我を忘れ、あなたを「良き供給者」として丁重に見送った。","你向蚁群献上了一罐稀有的蜂蜜。昆虫们陶醉在甜美的香气中，将你作为“优秀的供应商”郑重地送走了。","","","","",""
"MSG_C_BRIBE_B_WIN","You sacrificed a shiny trinket to the bat. It snatched the bribe and flew into the dark.","手元の輝く小石をコウモリに投げ与えた。欲深い魔物は空中でそれを受け止め、自慢の宝物にするべく闇へと消えた。","你向蝙蝠投掷了一个闪亮的小玩意儿。贪婪的魔物在空中将其接住，为了将其纳为引以为傲的宝藏而消失在了黑暗中。","","","","",""
"MSG_C_BRIBE_C_WIN","You gave the cobra a fresh rodent as a tribute. The predator fed and allowed your exit.","毒蛇の前に新鮮な供物を差し出した。空腹を満たした死の使いは、獲物への執着を捨てて静かに草むらへと引いた。","你在毒蛇面前奉上了新鲜的供品。填饱肚子的死亡使者放下了对猎物的执着，静静地退回了草丛中。","","","","",""
"MSG_C_BRIBE_D_WIN","You offered the dragon a gem from ancient hoards. The legend accepted the gift and went to sleep.","巨竜にふさわしい伝説の宝石を差し出し、対価を支払った。強欲な守護者は輝きに満足し、あなたの通過を黙認した。","你奉上了与巨龙相称的传说宝石，支付了代价。贪婪的守护者对光辉表示满意，默认了你的通过。","","","","",""
"MSG_C_BRIBE_E_WIN","You poured rare fertilizer at the tree spirit's feet. The guardian relaxed its roots and slept.","木の精霊の根元に、大地の祝福を込めた秘薬を注いだ。森の番人は充足感に包まれ、眠りの中であなたに道を譲った。","你在树精的根部倒入了一瓶蕴含大地祝福的秘药。森林守卫被充足感所包围，在梦乡中为你让开了道路。","","","","",""
"MSG_C_BRIBE_F_WIN","You left a drop of sweet nectar on a leaf for the fly. It gorged itself while you slipped away.","葉の間に甘い蜜の雫を残し、ハエの注意を逸らした。小さな怪物は食事に没頭し、あなたの存在を完全に忘れ去った。","你在叶片间留下了一滴甘甜的蜜露，转移了苍蝇的注意力。微小的怪物埋头进餐，彻底忘记了你的存在。","","","","",""
"MSG_C_BRIBE_G_WIN","You gave the goblin a handful of silver coins. Greedy and happy, it let you go without a fight.","銀貨を数枚投げ与えると、ゴブリンは子供のように喜んだ。魔物はコインの数を計算するのに夢中になり、あなたを見送った。","你投给哥布林一把银币，它像小孩子一样欢天喜地。魔物忙着数背上的硬币，目送着你离去了。","","","","",""
"MSG_C_BRIBE_H_WIN","You offered the harpy a beautiful silk ribbon. Bound by vanity she let you pass safely.","ハーピーの羽に似合う極上のシルクを贈った。美意識をくすぐられた女王は満足げに翼を広げ、あなたを安全圏へ逃がした。","你赠送了与哈皮羽毛相称的顶级丝绸。被挠到美感痒处的女王满意地展开双翼，放任你逃到了安全地带。","","","","",""
"MSG_C_BRIBE_I_WIN","You signed a contract promising your soul... eventually. The imp giggled and vanished.","「いつか」あなたの魂を渡すという偽の契約書でインプを釣った。小悪魔は将来の収穫に舌なめずりし、愉快そうに去った。","你用一份承诺“终有一天”交出灵魂的伪造契约钓到了小仙女。小恶魔为将来的收获而垂涎三尺，愉快地离去了。","","","","",""
"MSG_C_BRIBE_J_LOSS","The jelly only understood the currency of calories. It had no pockets for your hollow gifts.","ジェリーにとっての「価値」とは、自らを取り込む質量のみだった。いかなる賄賂も怪物の飢えを癒やすことはできず、戦いは続いた。","对于果冻怪来说，“价值”仅代表其吸收的质量。任何贿赂都无法平息怪物的饥渴，战斗仍在继续。","","","","",""
"MSG_C_BRIBE_K_WIN","You gave the kobold pack a bag of dried meat. They yapped in thanks and left you alone.","コボルドの群れに特製の干し肉を分け与えた。飢えから解放された魔物たちは尻尾を振り、あなたを仲間のように見送った。","你分给狗头人群一袋特制的干肉。从饥饿中解放出来的魔物们摇着尾翼，像对待同伴一样目送你离去。","","","","",""
"MSG_C_BRIBE_L_WIN","You offered the lizard a heat stone to rest on. The cold predator moved and let the path open.","陽光を蓄えた魔法の熱石をリザードに差し出した。極寒を嫌う捕食者は石の上に場所を移し、温もりを堪能しながら道を開けた。","你向蜥蜴奉上了一块蓄积阳光的魔法热石。厌恶极寒的掠食者移至石上，在享受温暖的同时让开了道路。","","","","",""
"MSG_C_BRIBE_M_WIN","You returned a stolen relic to the mummy. Respecting the gesture it returned to the earth.","墓所から失われた古代の副葬品をマミーに返還した。不死の守護者は深い安堵と共に、静かに元の眠りへと就いた。","你将从墓所中遗失的古代陪葬品还给了木乃伊。不死的守护者带着深深的安解，静静地陷入了原本的眠梦。","","","","",""
"MSG_C_BRIBE_N_WIN","You offered the naga a piece of ancient wisdom. Intrigued by the knowledge she let you pass.","ナーガが長年探し求めていた失われた知識の断片を授けた。美しき賢者はその叡智に免じ、あなたに自由な通行を許可した。","你传授了纳迦长年寻求的失传知识的片段。美丽的贤者看在那份睿智的份上，准许了你的自由通行。","","","","",""
"MSG_C_BRIBE_O_WIN","You bribed the orc with a keg of strong ale. It drank and grew too merry to fight anymore.","オークの眼前に強烈な地酒の樽を転がした。酒の香りに誘惑された戦士は、戦うよりも乾杯することを選んだ。","你在兽人眼前滚下了一桶浓烈的烈酒。被酒香诱惑的战士，选择了干杯而非战斗。","","","","",""
"MSG_C_BRIBE_P_WIN","You gave the pixie a bottle of glowing sunshine. Delighted she vanished in a shower of light.","ピクシーに「瓶詰めの太陽光」をプレゼントした。精霊は新しいおもちゃを受け取って歓喜し、またの再会を約束して消えた。","你送给了小仙女一瓶“罐装阳光”。精灵因得到新玩具而欢呼雀跃，约定着再次相会并消失了。","","","","",""
"MSG_C_BRIBE_Q_LOSS","The coeurl sensed your fear in your shaking hands. It rejected the bribe and struck with lightning.","賄賂を差し出すあなたの指先の僅かな震えを、クアールは見逃さなかった。怪物は貢物を一蹴し、冷酷な電撃で対話を拒絶した。","夸尔没有放过你递出贿赂时指尖的些许震颤。怪物一脚踢开贡品，用冷酷的电击拒绝了对话。","","","","",""
"MSG_C_BRIBE_R_LOSS","The rat swarm only wanted the meat within you. Small gifts couldn't satisfy a thousand hungers.","数千のネズミを満足させるだけの供物は、あなたの持ち物にはなかった。飢えた波は賄賂ごとあなたを呑み込もうと迫る。","你的随身物品中并没有能让数千只老鼠都满意的供品。饥饿的波涛正试图连同贿赂一起将你吞没。","","","","",""
"MSG_C_BRIBE_S_WIN","You fed the slime a bucket of colorful scrap. It wobbled in joy and slid away happily.","スライムに派手な色のガラクタを詰め込んだバケツを与えた。怪物はそれを嬉しそうに飲み込み、満足げに地へと伏した。","你喂给了史莱姆一桶五颜六色的废料。怪物高兴地将其吞下，满足地伏在了地面。","","","","",""
"MSG_C_BRIBE_T_LOSS","The troll wanted more than gold; it wanted blood. Your offer only offended its primal hunger.","トロールが求めていたのは金品ではなく、新鮮な魂の輝きだった。あなたの賄賂は化け物を怒らせ、より激しい攻撃を誘発した。","巨魔索求的不是金银财宝，而是新鲜灵魂的光辉。你的贿赂惹恼了怪物，诱发了更激烈的攻击。","","","","",""
"MSG_C_BRIBE_U_LOSS","The dead have no need for the treasures of men. Your gold was cold comfort against their hate.","死せる魂を繋ぐのは呪いのみ。金銀財宝への執着を捨てた亡霊にとって、あなたの賄賂は無害な石ころに過ぎなかった。","能牵动死者灵魂的唯有诅咒。对于放下对金银财宝执念的亡灵来说，你的贿赂不过是无害的石子。","","","","",""
"MSG_C_BRIBE_V_WIN","You offered the vampire a goblet of ancient wine. He found the tribute tasteful and retreated.","ヴァンパイアに対し、秘蔵のビンテージワインを献上した。高潔な夜の王はその芳醇な香りに免じ、あなたの不敬を許した。","你向吸血鬼献上了一杯珍藏的年份葡萄酒。高洁的夜之王看在那芳醇香气的份上，饶恕了你的不敬。","","","","",""
"MSG_C_BRIBE_W_LOSS","The pack lived for the hunt, not for rewards. Your bribe was left ignored in the dust.","ウルフの群れを結びつけるのは狩りの誇り。地面に投げられた供物を一顧だにせず、魔物たちは牙を剥いて飛びかかった。","连结狼群的是狩猎的自豪。魔物们看都不看一眼扔在地面上的供品，露着獠牙扑了过来。","","","","",""
"MSG_C_BRIBE_X_LOSS","Xalthis mocked your attempt at buying safety. It only accepted the currency of your demise.","ザルティスは賄賂を受け取るようなフリをして、あなたの精神を嘲笑った。魔物が望んでいるのは合意ではなく、あなたの精神が崩壊する瞬間だった。","扎尔提斯假装接受贿赂，借此嘲笑着你的精神。魔物奢望的并非合意，而是你精神崩溃的瞬间。","","","","",""
"MSG_C_BRIBE_Y_LOSS","The yeti cared for nothing but the warmth of life. Your cold coins meant nothing in the snow.","極寒の地に住まうイエティにとって、冷たい金貨は凍結した氷と同じだった。化け物はあなたの賄賂を無視し、荒々しい咆哮を上げた。","对于居住在极寒之地的雪人来说，冰冷的金币与冻结的冰块无异。怪物无视了你的贿賂，发出了粗暴的咆哮。","","","","",""
"MSG_C_BRIBE_Z_LOSS","The zombie had no greed, only a lingering hunger. It reached past the gold for your warm heart.","ゾンビの壊れた精神に、物欲が入り込む余地はなかった。怪物は金貨に目もくれず、ただあなたの命を求めて手を伸ばす。","在僵尸崩坏的精神中，并没有物欲进入的余地。怪物对金币不屑一顾，仅为了夺取你的性命而伸出了手。","","","","",""
"MSG_C_BRIBE_A_LOSS","The ants ignored your honey and swarm you anyway. Greed knows no bounds in the hive.","アリたちは蜜を無視して襲いかかってきた。群れの底なしの飢えを、甘い供物では満たせなかった。","蚂蚁们无视了蜂蜜并直接袭来。甘美的供品无法满足蚁群无底的饥渴。","","","","",""
"MSG_C_BRIBE_B_LOSS","The bat snatched the coin and bit your hand. A dishonest trade in the dark.","コウモリは金貨を奪い取ると、そのままあなたの手に噛みついた。闇の中での不実な取引だ。","蝙蝠夺走金币后直接咬住了你的手。这是黑暗中不诚实的交易。","","","","",""
"MSG_C_BRIBE_C_LOSS","The snake ignored the rodent and struck you instead. Its hunger was for your blood.","コブラは差し出された餌を無視し、あなたを狙って牙を剥いた。奴の飢えは肉ではなく、あなたの血を求めていた。","眼镜蛇无视了递出的诱饵，瞄准你露出了毒牙。它的饥渴并非寻求肉食，而是你的鲜血。","","","","",""
"MSG_C_BRIBE_D_LOSS","The dragon scorched your tribute in disdain. You cannot buy a legend's favor.","ドラゴンは差し出された財宝を鼻で笑い、炎で焼き払った。伝説の怪物は、金品で動くほど安くはなかった。","巨龙嗤笑着将奉上的财宝付之一炬。传说的怪物可没廉价到会被金银所动。","","","","",""
"MSG_C_BRIBE_E_LOSS","The tree spirit crushed the fertilizer you offered. Nature's wrath cannot be bought.","エントは差し出された秘薬を根で粉砕し、怒りの咆哮を上げた。森の守護者は、汚れた賄賂を拒絶した。","树精用根部粉碎了递来的秘药，发出了愤怒的咆哮。森林的守护者拒绝了肮脏的贿赂。","","","","",""
"MSG_C_BRIBE_F_LOSS","The fly ignored the nectar and buzzed for your eyes. Small prizes don't stop pests.","ハエは蜜目掛けて集まるどころか、あなたの顔を執拗に狙ってきた。小さな供物では、不快な羽音を止められない。","苍蝇并没有聚向蜂蜜，反而执拗地瞄准了你的脸孔。微小的供品无法阻止令人不悦的翅鸣。","","","","",""
"MSG_C_BRIBE_G_LOSS","The goblin took the coins but decided your gear was worth more. Greed is a bottomless pit.","ゴブリンは金を受け取ったが、あなたの身ぐるみを剥ぐ方が得だと判断した。欲深い魔物に慈悲はない。","哥布林收下了钱，却判断剥光你的装备更有利可图。贪婪的魔物并无慈悲可言。","","","","",""
"MSG_C_BRIBE_H_LOSS","The harpy tore the ribbon and dove for your throat. Vanity didn't save you today.","ハーピーは美しいリボンを引き裂き、鋭い爪をあなたに向けた。虚栄心をくすぐる試みは、無惨に失敗した。","哈皮撕裂了美丽的缎带，将利爪伸向了你。企图博取其虚荣心的尝试惨遭失败。","","","","",""
"MSG_C_BRIBE_I_LOSS","The imp laughed at your false contract and zapped your hand. You can't trick a trickster.","インプは偽の契約書を嘲笑うかのように、あなたの指先を魔力で焼いた。詐欺師を騙そうとした報いだ。","小仙女仿佛在嘲笑伪造的契约般，用魔力灼烧了你的指尖。这是企图欺骗诈骗者的报应。","","","","",""
"MSG_C_BRIBE_J_WIN","You offered the jelly a massive block of sugar. It slowed down, preoccupied with the sweet snack.","ジェリーの前に巨大な角砂糖の塊を投げ込んだ。怪物は食事に没頭し、あなたへの興味を失って地へと伏した。","你在果冻怪面前投下了一块巨大的角砂糖。怪物埋头进食，失去了对你的兴趣并伏在地上。","","","","",""
"MSG_C_BRIBE_K_LOSS","The kobolds fought over the meat and started a riot. You were caught in the chaos.","コボルドたちは干し肉を巡って仲間割れを始め、その矛先はあなたにも向けられた。賄賂はパニックを引き起こした。","狗头人们为了争夺干肉开始了内斗，而矛头也指向了你。贿赂引发了恐慌。","","","","",""
"MSG_C_BRIBE_L_LOSS","The lizard ignored the heat stone and struck your warmth. Primal instinct surpassed rewards.","リザードは熱石に見向きもせず、あなたの急所を狙って飛びかかってきた。捕食本能は、物欲よりも鋭かった。","蜥蜴对热石不屑一顾，瞄准你的要害扑了过来。掠食者本能比物欲更为敏锐。","","","","",""
"MSG_C_BRIBE_M_LOSS","The mummy rejected the relic and reached for your soul. Its ancient hate wasn't for sale.","マミーは返還された副葬品を床に叩きつけ、呪いの腕を伸ばした。不死の憎しみは、物では癒やせない。","木乃伊将还回的陪葬品摔在地上，伸出了诅咒之臂。不死的憎恨无法被外物所平息。","","","","",""
"MSG_C_BRIBE_N_LOSS","The naga found your information useless and constricted you. Wisdom cannot be faked.","ナーガはあなたの提供した情報を「既知の無駄」と切り捨てた。美しき賢者の怒りは、静かにあなたを締め上げる。","纳迦将你提供的信息斥为“已知的废话”。美丽的贤者之怒，正静静地将你缠紧。","","","","",""
"MSG_C_BRIBE_O_LOSS","The orc grew violent after drinking the ale. The bribe only fueled its destructive rage.","酒を飲んだオークは余計に狂暴化し、周囲を破壊し始めた。賄賂は暴力の引き金となってしまった。","喝了酒的兽人反而变得更加狂暴，开始破坏周围。贿赂成了暴力的导火索。","","","","",""
"MSG_C_BRIBE_P_LOSS","The pixie found your sunshine bottle boring and broke it. Magic isn't easily bought.","ピクシーは「瓶詰めの太陽」を乱暴に割り、あなたに光をぶつけた。妖精の気まぐれは、賄賂などでは制御できない。","小仙女粗暴地打碎了“瓶中太阳”，将光芒撞向了你。精灵的反复杂多，绝非贿赂所能控制。","","","","",""
"MSG_C_BRIBE_Q_WIN","You offered the coeurl a highly magnetic ore. It spent time investigating it instead of you.","クアールの前に強力な磁力石を投げ置いた。怪物は未知の磁場に興味を惹かれ、あなたを無視して石を調べ始めた。","你在夸尔面前掷下了强力磁石。怪物对未知的磁场产生了兴趣，无视你并开始调查起石头。","","","","",""
"MSG_C_BRIBE_R_WIN","You scattered refined grain away from you. The main rat swarm chased the food, leaving you a path.","高品質な穀物を別方向に撒き散らした。数千のネズミは食欲に突き動かされ、あなたを置いて穀物へと殺到した。","你向另一个方向撒播了高品质的谷物。数千只老鼠被食欲驱使，撇下你涌向了谷物。","","","","",""
"MSG_C_BRIBE_S_LOSS","The slime swallowed the scraps and remained hungry for you. It desired more than garbage.","スライムは与えられたガラクタを瞬時に消化し、さらなる「生き餌」を求めて迫ってきた。賄賂は奴の腹の足しにもならない。","史莱姆瞬间消化了给它的废材，并为了寻求更多的“活饵”而逼近。贿赂甚至不够给它填肚子。","","","","",""
"MSG_C_BRIBE_T_WIN","You gave the troll a massive leg of meat. It sat down to enjoy the feast, ignoring you for now.","トロールの目の前に巨大な獣肉を転がした。怪物は喜びの咆嘘を上げ、あなたを忘れて肉に食らいついた。","你在巨魔眼前滚出了一块巨大的兽肉。怪物发出喜悦的咆哮，忘却了你后开始啃咬起肉块。","","","","",""
"MSG_C_BRIBE_U_WIN","You offered an ancient incense that calmed the spirit's rage. It faded into a peaceful mist.","亡霊たちの動揺を鎮める鎮魂の香を焚いた。アンデッドは懐かしい安らぎに浸り、霧となって昇天していった。","你点燃了平息亡灵动摇的镇魂香。不死族沉浸在怀念的安宁中，化作雾气升天而去。","","","","",""
"MSG_C_BRIBE_V_LOSS","The vampire desired only the blood within you. Your wine was an insult to his palate.","ヴァンパイアは差し出されたワインを一顧だにせず、あなたの首元を見つめた。夜の王は、新鮮な血のみを求めている。","吸血鬼对递出的葡萄酒不屑一顾，盯着你的咽喉。夜之王仅渴求新鲜的血液。","","","","",""
"MSG_C_BRIBE_W_WIN","You threw a pack of dried meat at the alpha. The pack stopped to eat while you retreated.","群れのリーダーに特製の干し肉を投げた。ウルフたちは互いに分け合いながら食事を始め、あなたを見逃した。","你向狼群首领投掷了特制干肉。狼群开始互相分享进食，放过了你。","","","","",""
"MSG_C_BRIBE_X_WIN","You offered a strange, glowing fungus. Xalthis was intrigued by its complex aura and let you go.","ザルティスの前に奇妙に光る魔界のキノコを置いた。魔物はその不可解な魔力に目を奪われ、あなたへの追撃を止めた。","你在扎尔提斯面前放下了奇特发光的魔界蘑菇。魔物被那不可思议的魔力夺去了目光，停止了对你的追击。","","","","",""
"MSG_C_BRIBE_Y_WIN","You gave the yeti a heavy wool blanket. The beast was touched by the warmth and let you pass.","イエティに厚手の毛布を差し出した。極寒を生きる魔物にとって、それは金貨よりも価値ある「温もり」だった。","你递给了雪人一条厚毛毯。对于生活在极寒之地的魔物来说，那是比金币更有价值的“温暖”。","","","","",""
"MSG_C_BRIBE_Z_WIN","You threw a piece of fresh meat far away. The brainless corpse shambled after it, leaving you alone.","ゾンビの視界の端に新鮮な肉を投げた。心なき肉塊は誘われるまま移動し、あなたは安全な距離を確保できた。","你在僵尸视线的边缘投掷了新鲜的肉。没心没肺的肉块被利诱着移动了，以此你确信了安全距离。","","","","",""
"MSG_C_BLIND_A_WIN","A flash of light overloads the ant's compound eyes. It staggers around in total confusion.","閃光が蟻の複眼を焼き切る。前後不覚に陥り、ただ円を描いて彷徨った。","一阵闪光使蚂蚁的复眼超负荷。它在彻底的混乱中蹒跚而行。","","","","",""
"MSG_C_BLIND_B_WIN","Sudden luminous intensity disorients the bat's sensitive senses. It crashes into the stone wall.","突発的な強光が蝙蝠の鋭敏な感覚を狂わせる。硬い石壁へと激突した。","突然的强光使蝙蝠敏锐的感官失灵。它撞上了石墙。","","","","",""
"MSG_C_BLIND_C_WIN","The snake's heat-sensing pits are blinded by a flare. It strikes blindly at thin air.","蛇の熱感知器官がフレアによって焼かれた。虚空に向かって、虚しい牙を立てる。","蛇的热感坑被闪光致盲。它盲目地攻击空气。","","","","",""
"MSG_C_BLIND_D_WIN","A brilliant explosion of light irritates the dragon's ancient eyes. It bellows in sudden darkness.","眩い光の炸裂が古の龍の視界を奪う。閉ざされた闇の中で、怒りの咆哮が響いた。","灿烂的光芒爆炸激怒了龙古老的眼睛。它在突然的黑暗中怒吼。","","","","",""
"MSG_C_BLIND_E_WIN","Glowing spores fill the air around the Ent. It flails its branches at imaginary foes.","光る胞子がエントの周囲を覆い尽くす。幻の敵に向かって、大枝を振り回した。","发光的孢子弥漫在树人周围。它对着虚构的敌人挥舞树枝。","","","","",""
"MSG_C_BLIND_F_WIN","The fly's mosaic vision becomes a swirling kaleidoscope. It spirals downward, helpless.","蠅のモザイク視界が極彩色の渦に飲まれる。なす術もなく、螺旋を描いて落下した。","苍蝇的马赛克视觉变成了旋转的万花筒。它无奈地螺旋坠落。","","","","",""
"MSG_C_BLIND_G_WIN","A handful of dirt finds the goblin's squinting eyes. It shrieks while rubbing their face.","投げつけられた泥がゴブリンの目を塞ぐ。顔を掻きむしりながら、醜い悲鳴を上げた。","一把泥土撒进了哥布林眯着的眼睛。它一边揉脸一边尖叫。","","","","",""
"MSG_C_BLIND_H_WIN","Bright reflections off the clouds dazzle the harpy. It loses its sense of the horizon.","雲に反射した陽光がハーピーの目を眩ませる。地平線の感覚を失い、空で迷走した。","云层反射的强光使哈比目眩。它失去了对地平线的感知。","","","","",""
"MSG_C_BLIND_I_WIN","Holy light searingly burns the imp's demonic retinas. It shields its eyes with leathery wings.","聖なる光がインプの瞳を容赦なく焼く。皮のような翼で、震えながら顔を覆った。","圣光灼伤了小恶魔恶魔般的视网膜。它用皮质的翅膀遮住眼睛。","","","","",""
"MSG_C_BLIND_J_WIN","Phosphorescence clouding the jelly's transparency. It becomes a confused, glowing blob.","蓄光物質が透明なジェリーの内部を濁らせる。混乱したまま、怪しく光り続けた。","磷光遮蔽了胶状体的透明度。它变成了一个迷茫的发光球体。","","","","",""
"MSG_C_BLIND_K_WIN","A powder bomb bursts in the kobold's face. It whimpers, sensing only grit and darkness.","炸裂した粉末がコボルドの視界を遮る。砂利と闇の中、怯えた鳴き声を上げた。","烟雾弹在狗头人脸上炸开。它在满是沙砾和黑暗中呜咽。","","","","",""
"MSG_C_BLIND_L_WIN","Mirror-like flashes overwhelm the lizard's desert-adapted eyes. It freezes like a statue.","鏡のような閃光が砂漠育ちのトカゲを襲う。彫像のように硬直し、動けなくなった。","镜子般的闪光压倒了适应沙漠的蜥蜴之眼。它像雕像一样僵住了。","","","","",""
"MSG_C_BLIND_M_WIN","Ancient dust is tossed into the mummy's hollow sockets. It wanders aimlessly through the tomb.","古の塵がミイラの虚ろな眼窩に舞う。墓所の中を、あてもなく彷徨い始めた。","古老的尘垢撒进了木乃伊空洞的眼眶。它在坟墓中漫无目的地徘徊。","","","","",""
"MSG_C_BLIND_N_WIN","Gleaming light reflects off the naga's own scales. It recoils, blinded by its own beauty.","輝く光がナーガ自身の鱗に反射する。その美しさに目を奪われ、隙を晒した。","夺目的光芒从娜迦自身的鳞片上反射回来。它在自己的美貌下退缩了。","","","","",""
"MSG_C_BLIND_O_LOSS","The orc smells your blood and ignores his blinded eyes. He swings his axe with terrifying accuracy, guided by rage alone.","視界を奪われてもなお、オークは血の匂いだけであなたの位置を正確に捉えた。怒りに身を任せた一撃が、逃げ場を奪う。","即使被夺走了视线，兽人仅凭血腥味就准确地捕捉到了你的位置。任由愤怒驱使的一击，夺走了你的逃生之路。","","","","",""
"MSG_C_BLIND_P_LOSS","The pixie's magic eyes easily filtered out the stardust. She giggled as she danced through the light, her next spell already prepared.","ピクシーの魔力に満ちた瞳は、星屑の輝きさえも容易に透かして見せた。光の中を優雅に舞い、彼女は嘲笑うように次の呪文を放った。","小仙女充满魔力的瞳孔，连星尘的光芒也能轻易透视。她在光芒中优雅地飞舞，嘲笑着释放了下一个咒语。","","","","",""
"MSG_C_BLIND_Q_LOSS","The Coeurl senses your position through whiskers, not sight. It leaps accurately in the dark.","クアールは視覚ではなく髭で敵を感知する。完全な闇の中でも、その跳躍は正確だ。","灵猫通过胡须而非视觉感知你的位置。它在黑暗中准确跃起。","","","","",""
"MSG_C_BLIND_R_LOSS","The rat has scuttled through darkness for its entire life. It relies purely on whiskers and scent.","鼠は生涯を暗闇で過ごしてきた。髭と嗅覚さえあれば、光など不要なのだ。","老鼠的一生都在黑暗中穿梭。它纯粹依靠胡须和嗅觉。","","","","",""
"MSG_C_BLIND_S_LOSS","The slime has no eyes to blind. It continues to sense your vibration through the floor.","スライムには塞ぐべき目など存在しない。床を伝わる振動が、あなたの位置を教えている。","史莱姆没有可以致盲的眼睛。它继续通过地面感受你的震动。","","","","",""
"MSG_C_BLIND_T_LOSS","The troll's eyes regenerate as fast as you can blur them. It blinks once and resumes the hunt.","トロールの目は瞬時に再生し、視界を取り戻す。一度の瞬きで、狩りは再開された。","巨魔的眼睛再生速度惊人。它眨了眨眼，继续狩猎。","","","","",""
"MSG_C_BLIND_U_LOSS","The undead smells your beating heart in the pitch black. It needs no light to find its prey.","アンデッドは暗闇の中で脈打つ心臓の音を嗅ぎ分ける。光など、無意味なのだ。","亡灵在漆黑中嗅到了你跳动的心脏。它不需要光就能找到猎物。","","","","",""
"MSG_C_BLIND_V_LOSS","The vampire sees the flow of your blood with supernatural clarity. Blindness is a mere annoyance.","吸血鬼は超自然的な感覚で血の流れを見通す。目潰しなど、取るに足らぬ余興に過ぎない。","吸血鬼能清晰地看见你的血液流动。失明只是一种小烦恼。","","","","",""
"MSG_C_BLIND_W_LOSS","The wolf uses its ears and nose to track your every breath. It snaps at your heels with precision.","狼は耳と鼻であなたの息遣いを追う。正確無比な一撃が、足首を狙って放たれた。","狼利用耳朵和鼻子追踪你的呼吸。它精确地咬向你的脚跟。","","","","",""
"MSG_C_BLIND_X_LOSS","Xalthis sees through the weave of existence itself. Any physical flash is beneath its notice.","ザルシスは存在の理そのものを視ている。物理的な閃光など、その瞳を曇らせはしない。","虚无看透了存在本身的编织。任何物理闪光都不足以引起它的注意。","","","","",""
"MSG_C_BLIND_Y_LOSS","The yeti has survived countless whiteouts in frozen peaks. Its cold gaze cuts through any flare.","イエティは雪山の吹雪の中で生き抜いてきた。どんな光も、その冷徹な視線は通さない。","雪人在冰峰的白盲中幸存。它冰冷的目光穿透了任何闪光。","","","","",""
"MSG_C_BLIND_Z_LOSS","The zombie's eyes decayed long ago, yet it follows. It hunts by the sound of your fear.","ゾンビの目はとうに腐り果てている。あなたの恐怖が漏らす「音」だけを追っているのだ。","丧尸的眼睛早已腐烂，但它仍在跟随。它根据你恐惧的声音进行猎取。","","","","",""
"MSG_C_BASH_A_WIN","Your heavy blow crushed the ant's exoskeleton. It was flattened instantly.","渾身の一撃がアリの外骨格を粉砕した。奴は一瞬で肉塊と化した。","你沉重的一击粉碎了蚂蚁的外骨骼。它瞬间被压扁了。","","","","",""
"MSG_C_BASH_B_WIN","A powerful bash grounded the bat permanently. Its wings were broken beyond repair.","強烈な打撃がバットを地面に叩きつけた。翼は無残に折れ、二度と飛ぶことはない。","一次强有力的重击让蝙蝠永久着陸。它的翅膀已经破损到无法修复。","","","","",""
"MSG_C_BASH_C_WIN","You slammed your weapon into the cobra's head. It stopped hissing forever.","武器をコブラの脳天に叩き込んだ。不気味な威嚇音は永遠に沈黙した。","你把武器狠狠地砸在眼镜蛇的头上。它永远停止了嘶鸣。","","","","",""
"MSG_C_BASH_D_WIN","The dragon's jaw was shattered by your overwhelming bash. Its fire breath died out.","圧倒的な破壊力がドラゴンの顎を砕いた。誇り高き炎は喉の奥で消えた。","你压倒性的重击粉碎了巨龙的下颚。它的火息熄灭了。","","","","",""
"MSG_C_BASH_E_LOSS","The Ent's massive trunk absorbed your bash with a dull thud. It didn't even flinch.","鈍い音と共に、エントの巨躯が打撃を吸収した。奴は揺らぐことすらない。","随着沉闷的一声，树精巨大的树干吸收了你的重击。它甚至没有退缩。","","","","",""
"MSG_C_BASH_F_WIN","You swat the fly with a forceful swing. It vanished in a spray of dust.","力強いスイングでハエを叩き落とした。奴は塵となって霧散した。","你有力地挥动武器击落了苍蝇。它在一阵尘雾中消失了。","","","","",""
"MSG_C_BASH_G_WIN","Your mace caved in the goblin's skull. He didn't have time to scream.","メイスがゴブリンの頭蓋を陥没させた。悲鳴を上げる暇すら与えなかった。","你的晨星锤砸塌了哥布林的头骨。他甚至来不及尖叫。","","","","",""
"MSG_C_BASH_H_WIN","A direct hit to the harpy's breastbone knocked the wind out of her. She plummeted.","ハーピーの胸骨に直撃を与え、呼吸を奪った。彼女は力なく空から零れ落ちた。","直接击中哈比的胸骨让她喘不过气来。她垂直坠落。","","","","",""
"MSG_C_BASH_I_WIN","Your strike sent the small imp flying into a wall. It didn't get up again.","一撃が小さなインプを壁まで吹き飛ばした。二度と起き上がることはないだろう。","你的一击让小恶魔撞飞在墙上。它再也不会起来了。","","","","",""
"MSG_C_BASH_J_LOSS","The jelly's soft body rippled under your strike, dispersing the force harmlessly.","柔らかなジェリーの体が打撃を受け流し、衝撃を無力化した。","胶状体柔软的身体在你的打击下起伏，无害地消散了力量。","","","","",""
"MSG_C_BASH_K_WIN","You broke the kobold's defense and his spirit in one swing. He fell in a heap.","一振りでコボルドの防御と戦意を叩き折った。奴はその場に崩れ落ちた。","你一挥之下击碎了狗头人的防御和斗志。他瘫坐成了一堆。","","","","",""
"MSG_C_BASH_L_WIN","A crushing blow to the lizard's back paralyzed it. It lay still in the dust.","背後からの強打がリザードを沈黙させた。奴は土埃の中で動かなくなった。","对蜥蜴背部的一次粉碎性打击使其瘫痪。它静静地躺在尘埃中。","","","","",""
"MSG_C_BASH_M_WIN","You pounded the mummy into dry dust. Only tattered bandages remained.","マミーを打ち据え、乾いた砂へと変えた。そこにはボロ布だけが残された。","你把木乃伊砸成了干枯的尘埃。只剩下破烂的绷带。","","","","",""
"MSG_C_BASH_N_LOSS","The naga's thick muscular coils deflected your strike. She hissed, baring venomous fangs.","ナーガの強靭な筋肉が打撃を弾き返した。彼女は牙を剥き、毒液を滴らせている。","娜迦粗壮的肌肉盘绕偏转了你的攻击。她嘶鸣着，露出毒牙。","","","","",""
"MSG_C_BASH_O_LOSS","The orc met your bash with his own massive shield. The impact numbed your hands.","オークは巨大な盾で強打を受け止めた。衝撃であなたの両手は痺れている。","兽人用他那面巨大的盾牌挡住了你的重击。冲击力让你的双手发麻。","","","","",""
"MSG_C_BASH_P_WIN","A well-placed bash caught the pixie off-guard. Her fluttering wings fell silent.","的確な一撃がピクシーを捉えた。その軽やかな羽撃きは唐突に終わった。","一次恰到好处的重击让小精灵措手不及。她扇动的翅膀归于沉寂。","","","","",""
"MSG_C_BASH_Q_WIN","You smashed the coeurl's head before it could discharge. It collapsed in a heap of fur.","放電の前にクアールの頭部を粉砕した。奴は毛皮の山となって崩れ落ちた。","你在灵猫放电前砸碎了它的头。它瘫倒成了一堆皮毛。","","","","",""
"MSG_C_BASH_R_LOSS","You swung wildly at the rats, but they were too many and too small to hit effectively.","ラットの群れに武器を振るったが、あまりに小さく、決定打には至らなかった。","你疯狂地向老鼠挥舞，但它们太多数且太小，无法有效击中。","","","","",""
"MSG_C_BASH_S_LOSS","Your weapon hit the slime with a splash, but the liquid heart remained untouched.","武器が飛沫を上げてスライムを打ったが、その核を捉えることはできなかった。","你的武器溅起水花击中了史莱姆，但液态核心依然毫发无损。","","","","",""
"MSG_C_BASH_T_LOSS","The troll's iron skin shrugged off the impact. He prepared a massive counter-shove.","トロールの鉄のような皮膚が衝撃を逸らした。奴は巨大な質量で押し返してくる。","巨魔钢铁般的皮肤无视了冲击。他准备了一次大规模的反推。","","","","",""
"MSG_C_BASH_U_LOSS","Your physical strike passed through the ghost without impact. It laughed eerily.","物理的な打撃は亡霊を通り抜けた。不気味な笑い声だけが周囲に響く。","你物理性的攻击穿透了幽灵却没有造成冲击。它发出了阴森的笑声。","","","","",""
"MSG_C_BASH_V_LOSS","The vampire dodged with supernatural grace. Your weapon only hit empty air.","吸血鬼は超自然的な身のこなしでかわした。武器はただ空を裂いただけだった。","吸血鬼以超自然般的优雅躲开了。你的武器只击中了空气。","","","","",""
"MSG_C_BASH_W_LOSS","The wolf evaded your heavy swing and lunged for your throat. It was too fast for you.","狼は強打をひらりと回避し、喉元へ牙を向けた。その速度はあなたの反応を超えていた。","狼躲过了你沉重的挥击并扑向你的喉咙。它对你来说太快了。","","","","",""
"MSG_C_BASH_X_LOSS","Xalthis sensed the incoming force and shifted its form. The strike hit only a hollow shell.","ザルシスは衝撃を察知して姿を変じた。打撃は虚しい叫びと共に、抜け殻を砕いた。","札尔西斯感知到了袭来的力量并改变了形态。攻击只击碎了一个空壳。","","","","",""
"MSG_C_BASH_Y_LOSS","The yeti caught your weapon mid-swing with a frozen grip. Its strength was immense.","イエティが振り下ろされた武器を氷の拳で掴み取った。その怪力は圧倒的だ。","雪人在半空中用冰冷的手抓住了你的武器。它的力量非常巨大。","","","","",""
"MSG_C_BASH_Z_LOSS","You hit the zombie with all your might, but the rotting corpse simply didn't care.","渾身の力でゾンビを打ったが、腐肉の塊は痛みすら感じていないようだ。","你全力击中了丧尸，但腐烂的尸体根本不在乎。","","","","",""
"MSG_C_BLACKHOLE_A_WIN","You opened a tiny event horizon right beneath the ant colony. The insects struggled with their many legs, but even their collective strength could not resist the absolute suction of the singularity. One by one, they were stretched into thin threads of chitin before vanishing into the dark void. The sound of clashing mandibles was replaced by a heavy, eerie silence as the trap closed. Nothing was left of the swarm but the faint smell of ozone and a patch of clean ground.","あなたはアリの群れのすぐ下に小さな事象の地平面を開いた。昆虫たちは無数の脚でもがいたが、その集団の力でさえ特異点の絶対的な吸引力に抗うことはできなかった。一匹、また一匹と、彼らは闇の虚空に消える前にキチン質の細い糸へと引き延ばされていった。罠が閉じると、大顎がぶつかり合う音は重く不気味な静寂に取って代わられた。群れの痕跡は何も残らず、わずかなオゾンの臭いと清浄な地面だけが残った。","你在蚁群正下方开启了一个微小的事件视界。昆虫们挥舞着众多的肢体挣扎着，但即便它们集体的力量也无法抵御奇点的绝对吸力。一只接一只，它们在消失进黑暗虚空之前，被拉扯成了细长的几丁质丝线。随着陷阱关闭，大颚碰撞的声音被一种沉重、诡异的宁静所取代。蚁群没有留下任何痕迹，只剩下淡淡的臭氧味和一片干净的地面。","","","","",""
"MSG_C_BLACKHOLE_B_WIN","The bat attempted to perform its usual erratic flight to escape, but the gravitational tides were too strong for its fragile wings. The air itself was pulled into the sphere, dragging the screeching creature along with it. It fluttered desperately, its sonar reflecting off the warped space in a chaotic feedback loop. Within seconds, the sonic waves and the creature alike were swallowed by the growing darkness. The corridor felt suddenly empty and still, with only the fading echo of a single wingbeat remaining.","コウモリはいつもの不規則な飛行で逃げようとしたが、重力潮汐はその脆弱な翼には強すぎた。空気そのものが球体へと吸い込まれ、悲鳴を上げる魔物も一緒に引きずり込まれた。それは必死に羽ばたき、歪んだ空間に反射する超音波が混迷したフィードバックループを生み出した。数秒もしないうちに、音波も魔物も成長する闇に飲み込まれた。廊下は突然空っぽで静かになり、最後の一振りの羽ばたきの残響だけが消えていった。","蝙蝠试图以它惯常的乱序飞行逃脱，但引力潮汐对于它脆弱的翅膀而言实在太过强劲。空气本身被卷入球体，将尖叫着的魔物一同拽了进去。它绝望地扇动着翅膀，声呐在扭曲的空间里反射，形成混乱的反馈循环。几秒钟内，声波与魔物皆被扩张的黑暗吞没。走廊顿时变得空空荡荡，安静了下来，只余下一声渐渐远去的振翅回响。","","","","",""
"MSG_C_BLACKHOLE_C_WIN","The cobra reared its head to strike, but its long, supple body was immediately gripped by the blackhole's force. It hissed in primal terror as it was coiled not by its own will, but by the relentless geometry of the collapsing space. The snake's beautiful scales shimmered one last time before it was compressed into a single point of infinite density. There was no struggle left, only the swift and absolute removal of the predator from existence. The ground where it had stood remained perfectly smooth, as if its presence had been erased from history.","コブラは攻撃しようと鎌首をもたげたが、その長くしなやかな体は即座にブラックホールの力に捕らえられた。それは自身の意志ではなく、崩壊する空間の容赦ない幾何学によって巻かれ、根源的な恐怖から威嚇の音を上げた。蛇の美しい鱗が最後の一瞬だけ輝き、無限の密度の単一点へと圧縮されていった。もはや抵抗はなく、捕食者はこの世から迅速かつ絶対的に排除された。奴がいた地面は完全に滑らかなまま残り、まるでその存在が歴史から消し去られたかのようだった。","眼镜蛇正欲昂首攻击，它那长而柔软的躯体却瞬间被黑洞的力量攫住。由于被那坍缩空间的无情几何结构强行卷起而非出于自愿，它发出了由于原始恐惧引起的嘶鸣。蛇身上美丽的鳞片最后闪烁了一次，随后便被压缩成了无限密度の单一点。再无挣扎，掠食者被迅速且绝对地从世间抹除。它曾驻足的地面变得平整无比，仿佛它的存在已从历史中被抹去。","","","","",""
"MSG_C_BLACKHOLE_D_WIN","Even the mighty dragon, a legend of scales and fire, found its legendary strength failing against the void. It let out a roar that shook the very foundation of the dungeon, but the sound was swallowed before it could reach the distant walls. The singularity's pull ignored the beast's massive weight and armored hide, treating the dragon as easily as a speck of dust. Its wings, capable of creating storms, were folded and crushed by pressures that no living thing was meant to endure. In a final, silent flash of gravity, the great beast was gone, leaving only the memory of its majesty behind.","鱗と炎の伝説である強大なドラゴンでさえ、その伝説的な力が虚空の前には通用しないことを知った。それはダンジョンの基盤を揺るがすほどの咆哮を上げたが、その音は遠くの壁に届く前に飲み込まれた。特異点の引力は獣の巨大な重さと装甲のような皮を無視し、ドラゴンを塵の一粒と同じように簡単に扱った。嵐を作り出せるその翼は、生き物が耐えられるはずのない圧力によって折り畳まれ、押し潰された。重力の最後の中、偉大な獣は姿を消し、その威厳の記憶だけを残していった。","即便是由鳞甲与火焰构筑的传说的强龙，也发现它那传奇的力量在虚空面前无能为力。它发出的咆哮足以震动地牢的根基，但那声音在触及远处的墙壁前就被吞噬了。奇点的引力无视了巨兽沉重的体重与如甲胄般的皮层，像对待一粒尘埃般轻而易举。那双足以掀起风暴的羽翼，在任何生物都无法承受的压力下被折叠并粉碎。随着引力最后无声的一闪，这头伟兽消失了，只留下对其威严的记忆。","","","","",""
"MSG_C_BLACKHOLE_E_LOSS","The ancient Ent rooted itself deep into the core of the dungeon, weaving its magical essence through the very stones of the floor. Your blackhole growled and tore at the spirit's branches, but the guardian of the forest was part of a foundation much older than your spell. It channeled the dungeon's own static energy to resist the vacuum, its wooden hide groaning under the immense strain but refusing to snap. Leafy debris was pulled away, but the core of the tree stood defiant, its glowing eyes fixed on you with ancient patience. The singularity flickered and died, exhausted by the sheer stubbornness of the old growth.","古きエントはダンジョンの核へと深く根を張り、床の石そのものに自身の魔法の真髄を織り交ぜた。あなたのブラックホールは唸り声を上げ、その精霊の枝を引き裂こうとしたが、森の守護者はあなたの呪文よりもずっと古い基盤の一部だった。それは真空に抗うためにダンジョン自身の静的エネルギーを流し込み、その木製の皮は巨大な歪みの下でうめき声を上げたが、折れることはなかった。葉の破片は引き剥がされたが、木の核は挑戦的に立ち続け、その輝く目は古の忍耐とともにあなたに固定されていた。特異点は点滅して消失し、古き成長の凄まじい頑固さによって使い果たされた。","古老的树精深扎根于地牢的核心，将其魔法精华编织进地板的每一块石头中。你的黑洞嘶吼着拉扯那生灵的枝干，但这位森林守护者本身就是比你的法术更为古老的基石的一部分。它引导地牢自身的静能量来抵御真空，木质的皮层在巨大的张力下发出呻吟，却拒绝折断。残叶被卷走，但树干核心纹丝不动，那双发光的眼睛带着古老的耐心注視着你。奇点闪烁了几下便熄灭了，完全由于这古老生命的顽强而耗尽了能量。","","","","",""
"MSG_C_BLACKHOLE_F_WIN","The annoying fly had no chance to use its frantic speed as the local gravity suddenly shifted. It was caught in an invisible current that spiraled inward at terminal velocity, stripping away the very air it relied on for flight. The creature's tiny buzzing ended abruptly as space itself folded around it, turning the pest into a microscopic point of zero volume. One moment it was a nuisance; the next, it was simply non-existent, erased by a force it could never hope to understand. The air settled back into place, cool and clean, with no trace of the intruder left behind.","目障りなハエは、局所的な重力が突然変化したとき、その熱狂的な速度を利用する機会がなかった。それは終端速度で内側に螺旋を描く目に見えない流れに捕らえられ、飛行のために依存していた空気そのものを剥ぎ取られた。空間自体がその周りで折り重なると、その魔物の小さな羽音は突然止まり、害虫は体積ゼロの微細な点へと変わった。次の瞬間には、それは単に存在せず、理解できるはずもない力によって消去されていた。空気は再び落ち着き、冷たく清浄になり、侵入者の痕跡は何も残っていなかった。","这只讨厌的苍蝇在局部引力突然偏移时，根本没机会施展它那疯狂的移速。它被卷入一股向下作螺旋运动的无形流体中，被剥夺了维持飞行所依赖的空气。随着空间本身在周围折叠，这个害虫变成了一个体积为零的微观点，那微小的嗡鸣声也戛然而止。前一刻它还是个让人心烦的存在；后一刻，它已然不复存在，被某种它永远无法理解的力量抹除了。空气归于平息，清冷而洁净，没留下任何入侵者的痕迹。","","","","",""
"MSG_C_BLACKHOLE_G_WIN","The goblin's cowardly heart froze as it saw the ground begin to vanish into an ink-dark sphere. It dropped its rusted weapon and tried to claw its way toward safety, but the gravitational pull treated the stone floor like shifting sand. Each desperate scream was stretched and warped into a low, haunting moan as it crossed the event horizon. Gravity ignored the creature's frantic pleas, pulling it into the center of the collapsing space with mechanical indifference. In a final, silent moment of compression, the goblin and its malice were removed from the dungeon forever.","ゴブリンの卑怯な心は、地面が墨のように暗い球体へと消え始めるのを見て凍りついた。それは錆びた武器を落とし、安全な場所へと這い上がろうとしたが、重力の引力は石の床を流砂のように扱った。事象の地平面を越えるとき、それぞれの必死の悲鳴は引き延ばされ、低く不気味なうめき声へと歪められた。重力は魔物の必死の懇願を無視し、機械的な無関心とともに崩壊する空間の中心へとそれを引き寄せた。圧縮の最後の無音の瞬間に、ゴブリンとその悪意はダンジョンから永遠に消え去った。","当看到地面开始消失进一个漆黑如墨的球体时，哥布林那胆怯的心封冻了。它扔掉了生锈的武器，试图爬向安全地带，但引力却将石地板视作流沙一般。当越过事件视界时，那每一声绝望的尖叫都被拉长并扭曲成了低重且萦绕不散的呻吟。引力无视了这魔物疯狂的哀求，带着机械般的冷漠将其拉向坍缩空间的中心。在最后无声的压缩时刻，哥布林及其恶意被永远地从地牢中移除了。","","","","",""
"MSG_C_BLACKHOLE_H_WIN","The Harpy shrieked as the air she ruled became a treacherous vortex pulling her downward. She beat her powerful wings until her tendons strained, but aerodynamic lift was meaningless against the raw curvature of spacetime. Her feathers were pulled away in a snowstorm of white before her very body was caught in the singularity's grip. The sky-queen's final cry was a jagged sound that collapsed into a heavy silence as she vanished. Gravity claimed what the wind could no longer support, leaving the corridor still and predator-free.","ハーピーは、自分が支配していた空気が自分を引きずり下ろす裏切りの渦へと変わるのを見て悲鳴を上げた。彼女は腱が張り詰めるまで強力な翼を打ち振ったが、時空の生の曲率の前には空気力学的な揚力など意味を持たなかった。彼女の体そのものが特異点のグリップに捕らえられる前に、羽が白い吹雪のように引き抜かれていった。天空の女王の最後の叫びは、彼女が消えるとともに重い沈黙へと崩れ落ちるギザギザした音だった。重力は風がもはや支えきれなくなったものを奪い、廊下を静止させ、捕食者のいない状態にした。","哈皮发出了尖叫，因为她所统治的空气变成了一个背叛她的漩涡，将她向下拽去。她奋力扇动强健的双翼直到筋疲力尽，但在时空原始的曲率面前，空气动力学的升力毫无意义。在她整个身体被奇点攥住之前，羽毛像是一场白色的暴风雪般被成片拔走。这位天空女王最后的鸣叫是一种破碎的声音，随着她的消失，这声音崩解成了一种沉重的死寂。引力夺走了风再也无法支撑的一切，留下了寂静且没有掠食者的走廊。","","","","",""
"MSG_C_BLACKHOLE_I_LOSS","The Imp let out a clicking, discordant laugh as the blackhole opened, its tail twitching with demonic amusement. It performed a series of impossible aerial maneuvers, weaving through the gravitational tides as if they were nothing more than a playful breeze. The demon's innate understanding of warped dimensions allowed it to find the pathways of least resistance within the singularity. It mocked your efforts with exaggerated gestures, skipping along the very edge of the event horizon without a hint of fear. Your magic collapsed under its own weight, leaving the Imp perfectly safe and twice as arrogant.","ブラックホールが開くと、インプはカチカチという不協和音のような笑い声を上げ、その尾は悪魔的な楽しみでぴくぴくと動いた。それは一連の不可能な空中機動を行い、重力潮汐をまるで遊び心のある微風であるかのように突き抜けていった。歪んだ次元に対する悪魔の固有の理解により、特異点内の抵抗が最も少ない経路を見つけることができた。それは大げさな身振りであなたの努力を嘲笑い、恐怖の気配すら見せずに事象の地平面のまさに端をスキップしていった。あなたの魔法は自重で崩壊し、インプは完全に安全なまま残り、その傲慢さは二倍になった。","黑洞开启时，小恶魔发出咔哒咔哒、不和谐的笑声，它的尾巴由于恶魔般的愉悦而抽动着。它展现出一系列不可能实现的空中动作，在引力潮汐中穿行，仿佛那只不过是一阵顽皮的微风。恶魔对扭曲维度の先天直觉使它能在奇点内找到阻力最小的路径。它用夸张的手势嘲笑你的努力，在事件视界的边缘轻快地跳跃，毫无惧色。你的法术由于自身的质量而崩解了，留下了毫发无伤且傲慢倍增的小恶魔。","","","","",""
"MSG_C_BLACKHOLE_J_LOSS","The Jelly's amorphous form proved surprisingly resilient to the singular focus of the blackhole. As the outer layers were pulled into the void, the creature simply shifted its mass, flowing around the gravitational center like water around a drain. Its transparent body rippled with internal stresses, but the lack of a rigid structure prevented the blackhole from gaining a definitive grip. It absorbed the secondary radiations of the collapsing space, its gelatinous mass glowing with a sickly, empowered light. Instead of being consumed, the jelly seemed to use the energy to reinforce its own unstable existence. The trap dissipated into a harmless mist, leaving the monster larger and more translucent than before.","ジェリーの無定形な姿は、ブラックホールの単一の焦点に対して驚くほど弾力性があることが証明された。外層が虚空へと引き込まれると、魔物は単に自身の質量を移動させ、排水溝の周りの水のように重力中心の周りを流れた。その透明な体は内部のストレスで波打ったが、硬い構造がないため、ブラックホールが決定的なグリップを得ることができなかった。それは崩壊する空間の二次放射線を吸収し、そのゼラチン状の質量は病的な、力を得た光で輝いた。消費される代わりに、ジェリーはそのエネルギーをご自身の不安定な存在を強化するために利用しているようだった。罠は無害な霧へと消散し、魔物は以前よりも大きく、より半透明になって残った。","事实证明，果冻怪那无定形的躯体对黑洞的集中焦点显示出惊人的韧性。当外层被卷入虚空时，这物种只是单纯地移动了质量，像绕过排水入口的水流一样绕着引力中心流动。它透明的身体随内部压力泛起涟漪，但由于缺乏僵硬的结构，黑洞无法对其稳固锁死。它吸收了坍缩空间的二次辐射，那胶状的躯体因获得能量而闪烁着病态的光芒。果冻怪并未被吞噬，反而似乎利用这股能量加固了自己不稳定的存在。陷阱消散成了无害的迷雾，留下的怪物比之前更硕大，也更透明了。","","","","",""
"MSG_C_BLACKHOLE_K_WIN","The Kobold sensed the danger too late, its primitive instincts overwhelmed by the sheer scale of the spatial collapse. It tried to anchor itself with its rusted spear, but the weapon snapped like a dry twig under the intense gravitational shear. The creature's desperate yelps were swallowed by the singularity, its small form stretched and distorted beyond recognition. It clawed at the air, its eyes wide with the realization that no amount of pack-bonding or brute survival could save it here. Within heartbeats, the brave little warrior was gone, replaced by a heavy silence and a patch of scorched stone. The dungeon claimed another spirit, and the void remained hungry.","コボルドは危険に気づくのが遅すぎ、その原始的な本能は空間崩壊の凄まじい規模に圧倒された。それは錆びた槍で自らを固定しようとしたが、武器は強烈な重力剪断の下で乾いた小枝のように折れた。魔物の必死の叫び声は特異点に飲み込まれ、その小さな姿は認識できないほど引き延ばされ、歪んだ。それは空気をつかもうともがき、群れの絆も原始的な生存術もここでは自分を救えないという悟りで目を見開いた。鼓動の間に、勇敢な小さな戦士は消え去り、重い沈黙と焦げた石の跡に取って代わられた。ダンジョンはまた一つの魂を奪い、虚空は飢えたままだった。","狗头人察觉危险已是太迟，它那原始的直觉被这种彻底的空间坍缩规模所击垮。它试图用生锈的长矛稳住身形，但那武器在剧烈的引力切变下像枯枝般折断了。这魔物绝望的哀鸣被奇点吞噬，它矮小的身躯被拉长、扭曲到无法辨认。它抓挠着空气，双眼因意识到任何群体牵绊或蛮荒求生术都救不了它而圆睁。转瞬之间，这位勇敢的小战士不见了，取而代之的是沉重的寂静和一处焦灼的石痕。地牢夺走了又一个灵魂，而虚空依旧饥渴。","","","","",""
"MSG_C_BLACKHOLE_L_WIN","The Lizard's cold blood provided no protection against the heatless hunger of the blackhole. It tried to use its powerful tail to whip itself away from the event horizon, but the force of the void was absolute and uncaring. Each of its specialized scales was stripped away, dancing like metallic leaves in the gravitational wind before disappearing forever. Its prehistoric brain couldn't process the sudden absence of ground and air, leaving it to drift helplessly into the singular center. The predator's reptilian gaze flickered with a final, confusing fear as its existence was compressed into nothingness. The corridor became perfectly still, the ancient beast erased from the present.","リザードの冷たい血は、ブラックホールの熱のない飢えに対して何の保護も提供しなかった。それは強力な尾を使って事象の地平面から自分を引き離そうとしたが、虚空の力は絶対的で無情だった。それぞれの特化した鱗は剥ぎ取られ、永遠に消える前に重力の風の中で金属の葉のように舞った。その先史時代の脳は地面と空気の突然の欠如を処理できず、特異な中心へと無力に漂うままになった。捕食者の爬虫類的な視線は、その存在が無へと圧縮されるとき、最後の混乱した恐怖で点滅した。廊下は完全に静止し、古の獣は現在から消去された。","蜥蜴的冷血无法提供任何防御来对抗黑洞那无热的饥渴。它试图用强劲的尾巴甩动身体以远离事件视界，但虚空的力量是绝对且冷酷的。它每一片特化的鳞甲都被剥离，在引力之风中像金属叶片般飞舞，随后永远消失。它那史前的大脑无法处理地面与空气的突然缺失，只能任由身体无助地漂向奇点中心。由于其存在被压缩成虚无，这头掠食者那爬行动物特有的目光中闪烁出了最后的、混杂着困惑的恐惧。走廊变得寂静无声，这头古兽已从当下被抹除。","","","","",""
"MSG_C_BLACKHOLE_M_LOSS","The Mummy's existence was tied to centuries of spiritual preservation and ancient ritual stasis. As the blackhole attempted to tear at its physical form, the creature's dried remains dissolved into a cloud of sacred sand that resisted the vacuum's pull. Each grain was infused with a protective anima that repelled the gravitational tides, creating a swirling barrier of golden dust around the undead's core. Your spell found no purchase on the shifting, ethereal remains, passing through the mummy as if it were a shadow from the past. The blackhole eventually exhausted its energy, leaving the creature to reform its bandages in the sudden quiet. Ancient magic proved more enduring than the momentary collapse of physics.","マミーの存在は、何世紀にもわたる霊的な保存と古代の儀式的な静止に結びついていた。ブラックホールがその物理的な姿を引き裂こうとすると、魔物の乾燥した遺骸は真空の引力に抗う神聖な砂の雲へと溶解した。それぞれの粒子には重力潮汐を退ける保護的なアニマが注入されており、アンデッドの核の周りに黄金の塵の渦巻く障壁を作り出した。あなたの呪文は、変化し続けるエーテル状の遺骸に手がかりを見つけられず、まるで過去からの影であるかのようにマミーを通り抜けた。ブラックホールは最終的にそのエネルギーを使い果たし、突然の静寂の中で魔物は包帯を再形成した。古代の魔法は、物理学の一時的な崩壊よりも永続的であることが証明された。","木乃伊的存在与长达数世纪的灵性保存及古老的仪式性停滞紧密相连。当黑洞试图撕扯其物理形态时，这物种干瘪的残骸溶解成了一团抵御真空吸力的神圣沙尘。每一颗沙粒都注入了斥退引力潮汐的防护灵能，在不死者的核心周围形成了一道盘旋的金尘屏障。你的法术在那变幻莫測、空灵的残骸上找不到着力点，穿透木乃伊而过，仿佛它只是来自过去的一个影子。黑洞最终耗尽了能量，留下那魔物在突如其来的寂静中重新缠绕起它的绷带。事实证明，古老的魔法比物理法则一时的崩塌更为持久。","","","","",""
"MSG_C_BLACKHOLE_N_LOSS","The Naga utilized its profound connection to the elemental waters of the deep to maintain its integrity against the void. It channeled the fluid essence of its soul, turning its physical body into a shimmering, non-rigid stream of energy that flowed through the gravitational shear. Your blackhole grew frustrated as the beautiful serpent coiled not outward, but inward upon its own magical center. The crushing pressures were neutralized by an opposing force of spiritual pressure, creating a perfect equilibrium of power that neither side could break. The Naga watched you with calm, knowing eyes through the swirling space, its dignity untouched by the collapse. The singularity eventually flickered out, leaving the serpent Queen serene and undefeated in the silent corridor.","ナーガは、虚空に対して自身の完全性を維持するために、深海の元素の水との深いつながりを利用した。彼女は自身の魂の流動的な真髄を流し込み、物理的な体を重力剪断の中を流れる、きらめく非剛性のエネルギーの流れへと変えた。あなたのブラックホールは、美しい蛇が外側ではなく、自身の魔法の中心へと内側に巻かれるにつれて不満を募らせた。押し潰すような圧力は精神的な圧力の反対の力によって中和され、どちらの側も壊すことのできない完璧な力の平衡を作り出した。ナーガは渦巻く空間を通して、穏やかで物知りな目であなたを見つめ、その威厳は崩壊によって損なわれることはなかった。特異点は最終的に消え、静かな廊下で蛇の女王は穏やかで敗北を知らないまま残った。","纳迦利用它与深海元素之水的深厚联结，在虚空面前维持了自身的完整。它引导灵魂的流体精髓，将物理躯体转化为一道闪烁的、非刚性的能量流，在引力切变中流转。随着这条美丽的巨蛇并非向外，而是向内绕着它自身的魔法中心盘旋，你的黑洞仿佛感到了挫败。毁灭性的压力被一股反向的灵性压中和，创造出一种双方都无法破坏的完美力量平衡。纳迦透过旋转的空间，用平静且充满智慧的眼神注視着你，其威严未受坍缩的丝毫影响。奇点最终熄灭，留下纳迦女王在寂静的走廊中，神态安祥且未尝败绩。","","","","",""
"MSG_C_BLACKHOLE_O_LOSS","The Orc relied on raw, unyielding physical strength and a primitive willpower that refused to acknowledge the laws of physics. It planted its massive feet into the dungeon stones, its muscles bulging to impossible sizes as it fought the absolute vacuum. With a roar of pure, defiant rage, the monster gripped the very edges of the space being pulled into the void, its raw power creating a temporary friction against the singularity. Your blackhole tore at the creature's skin, but the Orc's density and sheer stubbornness proved too great for the collapse to finish. It stood as an immovable pillar of meat and bone, mockingly surviving the end of space itself. Exhausted by the monster's refusal to die, the spell eventually vanished into a harmless spark.","オークは、物理法則を認めることを拒否する生の、屈することのない肉体的な強さと原始的な意志の力を頼りにした。それは巨大な足をダンジョンの石に固定し、絶対的な真球と戦うにつれて筋肉は不可能な大きさまで膨らんだ。純粋で挑戦的な怒りの咆哮とともに、魔物は虚空へと引き込まれる空間のまさに端を掴み、その生の力が特異点に対して一時的な摩擦を作り出した。あなたのブラックホールは魔物の皮膚を引き裂いたが、オークの密度と凄まじい頑固さは、崩壊が完了するにはあまりに大きすぎた。それは肉と骨の動かせない柱として立ち、空間自体の終わりを嘲笑うかのように生き延びた。魔物が死ぬことを拒否したことに使い果たされ、呪文は最終的に無害な火花となって消えた。","兽人仰仗的是原始、不屈的肉体力量，以及一种拒不承认物理规律的原始意志力。它将巨大的双腿深磕进地牢石块，在与绝对真空搏斗时，浑身肌肉隆起到了不可议的程度。随着一声纯粹、挑衅式的狂怒咆哮，这怪物居然抓住了被卷入虚空的空间边缘，其原始力量在奇点面前产生了一次短暂的摩擦。你的黑洞撕扯着魔物的皮肤，但兽人的密度和那种极度的顽固，对于这场还未完成的坍縮而言实在太过巨大。它像一根血肉与骨骼构成的不可撼动的支柱屹立不倒，在空间毁灭的边缘嘲讽般地幸存了下来。由于怪物拒不就死而耗尽了能量，法术最终化作一点无害的火花消散了。","","","","",""
"MSG_C_BLACKHOLE_P_WIN","The Phantom's ethereal form, usually immune to physical harm, found no sanctuary from the gravitational collapse. The blackhole did not distinguish between matter and spirit, pulling at the very fabric of the ghost's existence with terrifying efficiency. The creature's pale, translucent glow was stretched into long, spectral ribbons that spiraled toward the ink-black center. It let out a silent, soul-piercing wail as its essence was unraveled by the absolute pressures of the singularity. Within moments, the phantom was completely consumed, its spectral energy adding a brief, haunted flicker to the void. The corridor was left truly empty, the ghost's lingering presence erased from the world.","通常は物理的な害を受けないファントムのエーテル状の姿も、重力崩壊からは逃げ場を見つけられなかった。ブラックホールは物質と精神を区別せず、恐ろしい効率で幽霊の存在の織物そのものを引き裂いた。魔物の蒼白で半透明の輝きは、墨のように暗い中心に向かって螺旋を描く長い霊的なリボンへと引き延ばされた。特異点の絶対的な圧力によってその本質が解きほぐされると、それは音のない、魂を突き刺すような嘆き声を上げた。瞬く間にファントムは完全に消費され、その霊的なエネルギーは虚空に短い、呪われた点滅を加えた。廊下は真に空っぽになり、幽霊の残っていた気配は世界から消去された。","通常免疫物理伤害的幽灵，这次发现其空灵的形态在引力坍缩面前也无处遁形。黑洞并不区分物质与精神，它以惊人的效率撕扯着幽灵存在的根基。这物种苍白且半透明的光芒被拉长成了垂向漆黑中心的灵力丝带。随着其本质被奇点的绝对压力瓦解，它发出了无声且刺骨的哀号。片刻之间，幽灵被彻底吞噬，其灵能为虚空增添了一抹短暂且阴森的闪烁。走廊变得彻底空荡，幽灵那徘徊不散的气息从世间被抹除了。","","","","",""
"MSG_C_BLACKHOLE_Q_WIN","The QueenBee and her loyal swarm were immediately overwhelmed by the sudden shift in local mass. The heavy, sweet smell of royal nectar was replaced by the ozone-sharp scent of collapsing air as the entire hive was drawn toward the blackhole. Thousands of wings buzzed in a frantic, collective panic, but the unified strength of the colony was trivial against the curvature of spacetime. The queen's golden abdomen was crushed by the intense gravitational shear, her royal status providing no protection from the void's indifference. The entire buzzing monument to industry vanished in a single, silent moment of compression. The corridor was left clean and quiet, the hive's buzzing legacy reduced to a memory.","クイーンビーとその忠実な群れは、局所的な質量の突然の変化によって即座に圧倒された。蜂の巣全体がブラックホールに向かって引き寄せられると、ロイヤルネクターの重く甘い香りは、崩壊する空気のオゾンのような鋭い香りに取って代わられた。何千もの翼が熱狂的な、集団的なパニックの中で羽ばたいたが、植民地の統合された力は時空の曲率の前には些細なものだった。女王の黄金の腹部は強烈な重力剪断によって押し潰され、その王族の地位も虚空の無関心からは何の保護も提供しなかった。勤勉さの象徴である羽音を立てる記念碑全体が、一瞬の無音の圧縮の中に消え去った。廊下は清潔で静かなまま残り、巣の羽音の遺産は記憶へと変わった。","蜂后及其忠诚的族群在局部质量突然偏移时瞬间溃败。随着整个蜂巢被拽向黑洞，王浆那浓郁甜膩的气味被坍缩空气中那刺鼻的臭氧味所取代。数以千计的翅膀在集体恐慌中疯狂扇动，但面对时空曲率，蜂群团结的力量显得微不足道。蜂后金色的腹部在剧烈的引力切变下被粉碎，她的皇家地位无法从虚空的冷漠中换取任何庇护。这座代表勤劳的颤鸣丰碑在最后无声的压缩时刻消失了。走廊重归洁净与祥和，蜂群鸣响的遗存已化作往事。","","","","",""
"MSG_C_BLACKHOLE_R_LOSS","The Raven's dark intelligence allowed it to anticipate the blackhole's formation, its feathers ruffling with ancient, magical awareness. It performed a series of impossible, high-speed maneuvers, using the gravitational tides to slingshot itself away from the event horizon. The creature let out a mocking caw, its shadow dancing on the warped walls like a taunting spirit. Your spell clawed at the air, but the bird was always a wingbeat ahead, its supernatural agility turning your trap into a playground. It landed safely on a distant ledge, watching the singularity collapse with eyes that had seen the birth of many such voids. The blackhole eventually winked out, leaving the bird to preen itself in superior silence.","レイヴンの闇の知性は、その羽が古の魔法的な意識で逆立つことで、ブラックホールの形成を予測することを可能にした。それは一連の不可能な高速機動を行い、重力潮汐を利用して事象の地平面から自分を放り出した。魔物は嘲笑うような鳴き声を発し、その影は歪んだ壁の上で挑発的な精霊のように舞った。あなたの呪文は空気をかきむしったが、鳥は常に一振りの羽ばたき分だけ先にあり、その超自然的な敏捷性があなたの罠を遊び場に変えた。それは遠くの岩棚に安全に着陸し、多くのそのような虚空の誕生を見てきた目で特異点が崩壊するのを見守った。ブラックホールは最終的に消え、鳥は優越感に浸る沈黙の中で羽づくろいを始めた。","大乌鸦那深幽的智慧使其察觉了黑洞的形成，它的羽毛因感应到古老魔法而竖起。它展现出一系列不可能实现的高速动作，利用引力潮汐像弹弓弹射般让自己远离了事件视界。这物种发出了嘲讽的叫声，其影子在扭曲的墙壁上像个挑衅的灵体般舞动。你的法术在空气中抓取，但那只鸟始终领先一个振翅的距离，它超凡的敏捷将你的陷阱变成了游乐场。它安全降落在远处的横梁上，用曾见证过诸多此类虚空诞生的双眼注視着奇点的坍缩。黑洞最终熄灭，留下那只鸟在居高临下的寂静中整理羽毛。","","","","",""
"MSG_C_BLACKHOLE_S_LOSS","The Skeleton's frame, composed of nothing but dry bone and ancient malice, offered very little surface area for the gravitational forces to grip. As the blackhole attempted to pull at the creature, the enchanted bones scattered and reconfigured themselves, distributing the stress across a disjointed network of calcified remains. Your spell found no solid mass to anchor upon, the singularity's pull passing through the gaps in the ribs and limbs like a silent wind through a cage. The monster seemed to mock the void's hunger, its jaw clicking in a soundless laugh as it maintained its footing on the shifting floor. The absolute gravity could not crush what was already broken and animated by a deeper, darker magic. The singularity eventually flickered and died, leaving the skeletal warrior standing as a defiant monument to the undead.","骨と古の悪意だけで構成されたスケルトンの骨組みは、重力が掴むための表面積をほとんど提供しなかった。ブラックホールが魔物を引き寄せようとすると、魔法をかけられた骨は散らばり、再構成され、石灰化した遺骸のばらばらなネットワークにストレスを分散させた。あなたの呪文は固定するための確かな質量を見つけられず、特異点の引力は籠を通る静かな風のように肋骨や肢の隙間を通り抜けた。魔物は虚空の飢えを嘲笑っているようで、揺れ動く床の上で足場を維持しながら、その顎は音のない笑いでカチカチと鳴った。絶対的な重力は、すでに壊れ、より深く暗い魔法によって動かされているものを押し潰すことはできなかった。特異点は最終的に点滅して消え、スケルトンの戦士はアンデッドの挑戦的な記念碑として立ち続けた。","骷髅那仅由枯骨和古老恶意构成的骨架，能让引力抓取的表面积微乎其微。当黑洞试图拽动它时，受魔力加持的骨骼散开并重新组合，将压力分散到了这具钙化残骸那不连贯的结构网络中。你的法术找不到可以锁定的实体质量，奇点的引力穿过肋骨与肢体间的缝隙，仿佛静风穿过牢笼。这怪物似乎在嘲弄虚空的饥渴，它在他脚下变幻的地板上稳住身形，下颌因无声的嘲笑而发出哒哒声。绝对引力无法粉碎某种已经破碎、并由更深沉黑暗的魔力所驱动的事物。奇点最终闪烁几下后熄灭，留下这位骷髅战士作为不死者不屈的丰碑傲然而立。","","","","",""
"MSG_C_BLACKHOLE_T_LOSS","The Troll's massive physical presence and legendary regenerative powers allowed it to endure the crushing pressures of the singularity. It stood its ground with a groan that shook the dungeon walls, its flesh tearing and mending in a grotesque cycle of destruction and rebirth. Small parts of the creature were pulled into the void, but its cells multiplied faster than the gravity could consume them, creating a living barrier of meat against the vacuum. It reached out and grabbed a massive stone pillar, using its raw power to anchor its immense weight against the gravitational tides. You watched in horror as the monster locked eyes with you, its expression one of pure, unyielding stubbornness. The blackhole eventually exhausted its spatial energy, leaving the troll wounded but very much alive and extremely angry.","トロールの巨大な肉体的存在感と伝説的な再生能力により、特異点の押し潰すような圧力に耐えることができた。ダンジョンの壁を揺らすうなり声とともにその場に立ち続け、その肉体は破壊と再生のグロテスクなサイクルの中で引き裂かれ、修復された。魔物の一部は虚空へと引き込まれたが、その細胞は重力がそれらを消費するよりも早く増殖し、真空に対する生きた肉の障壁を作り出した。それは巨大な石柱を掴み、その生の力を使って重力潮汐に対して自身の巨大な重みを固定した。怪物があなたと目を合わせ、その表情が純粋で屈することのない頑固さを湛えているのを見て、あなたは恐怖を感じた。ブラックホールは最終的にその空間エネルギーを使い果たし、トロールは負傷したものの、確かに生きており、極限まで激怒していた。","巨魔那庞大的身躯和传奇般的再生能力使其得以忍受奇点毁灭性的压力。它发出一声震颤地牢墙壁的呻吟，稳稳立住脚跟，血肉在破坏与重生的怪诞循环中不断撕裂又愈合。这物种身体的一小部分被卷入虚空，但其细胞增殖的速度快过引力吞噬的速度，形成了一道抵抗真空的活肉屏障。它伸手抓住了巨大的石柱，利用原始力量在引力潮汐中稳住了沉重的体重。你惊恐地看着那怪物死死盯着你，眼神中透出纯粹且不屈的固执。黑洞最终耗尽了空间能量，留下了虽已负伤却仍充满活力且极其愤怒的巨魔。","","","","",""
"MSG_C_BLACKHOLE_U_WIN","The Undead's existence, a fragile link between the physical and spectral planes, was completely shattered by the blackhole's absolute gravity. Their cold, unmoving frames were stretched into horrific parodies of life before being compressed into the lightless center of the singularity. The dark magic that animated them was stripped away, treated with no more consideration than common dust by the collapsing space. Each silent figure vanished without a struggle, their long-delayed finality finally granted by a force beyond their comprehension. The corridor was scrubbed clean of their lingering corruption, leaving only the cold silence of a space that had forgotten them. You stood alone in the sudden, absolute quiet, the threat erased from the very fabric of the dungeon.","物理面と霊的面の脆弱な絆であるアンデッドの存在は、ブラックホールの絶対的な重力によって完全に打ち砕かれた。彼らの冷たく動かない体は、特異点の光のない中心へと圧縮される前に、生の恐ろしいパロディへと引き延ばされた。彼らを動かしていた闇の魔法は剥ぎ取られ、崩壊する空間によって普通の塵以上の考慮を払われることはなかった。音のないそれぞれの人影は抵抗することなく消え去り、長く遅延していた彼らの最期は、理解を超えた力によってついに与えられた。廊下は彼らの長引く腐敗から清められ、彼らを忘れてしまった空間の冷たい沈黙だけが残った。あなたは突然の絶対的な静寂の中に一人で立ち、脅威はダンジョンの織物そのものから消し去られた。","亡灵的存在本就是连接物质与灵能层面的脆弱纽带，如今在黑洞那绝对引力面前土崩瓦解。它们冰冷死寂的躯壳被拉扯成对生命形态的可怖拟态，随后被压缩进奇点那无光的中心。支持它们行动的黑魔法被彻底剥夺，坍缩的空间对它们的考量并不比对普通尘埃更多。每一个无声的身影都在毫无挣扎中消逝，某种超越它们理解的力量终于赐予了它们那迟到已久的终结。走廊里盘踞的腐朽气息被涤荡一空，只留下某种已将其遗忘的空间所特有的冰冷寂静。你独自站在突如其来的绝对宁静中，威胁已从地牢的根基处被彻底抹去。","","","","",""
"MSG_C_BLACKHOLE_V_LOSS","The Vampire dissolved into a swarm of ethereal mist and shadow the moment the event horizon began to form. Your blackhole tore at the darkness, but the creature's supernatural nature allowed it to disperse its essence across a wide area, avoiding the singular focus of the vacuum. The shadow flowed around the gravitational currents like smoke in a hurricane, its laughter echoing from the very stones of the corridor. He reappeared behind you, perfectly poised and untouched, his cold eyes gleaming with an ancient, predatory amusement. Your magic was a mere parlor trick to one who had transcended the needs of a solid body. The singularity collapsed into a harmless spark, leaving you vulnerable to the creature's swift approach.","事象の地平面が形成され始めた瞬間、ヴァンパイアはエーテル状の霧と影の群れへと溶解した。あなたのブラックホールは闇を引き裂いたが、魔物の超自然的な性質により、その本質を広い範囲に分散させ、真空の単一の焦点を避けることができた。影はハリケーンの中の煙のように重力の流れの周りを流れ、その笑い声は廊下の石そのものから響き渡った。彼はあなたの背後に再び現れ、完全に落ち着いて傷一つなく、その冷たい目は古の捕食者の楽しみで輝いていた。あなたの魔法は、固体の体の必要性を超越した者にとっては単なる手品に過ぎなかった。特異点は無害な火花となって崩壊し、あなたは魔物の迅速な接近に対して無防備なまま残された。","当事件视界开始形成之初，吸血鬼便化作一团空灵的烟雾与阴影散去了。你的黑洞撕扯着黑暗，但那魔物超自然的本质使其能将意识分散到极广的区域，从而避开了真空的集中焦点。阴影如飓风中的烟尘般绕着引力流转动，其笑声在地牢走廊的石块间回荡。他重新出现在你身后，姿态优雅且毫发未损，冰冷的双眼中闪烁着某种古老且富有掠食性的戏谑。对于一个已经超越实体躯壳需求的存在来说，你的法術不过是些骗人的小把戏。奇点崩解成了无害的火花，让你在怪物迅速逼近时陷入了毫无防备的境地。","","","","",""
"MSG_C_BLACKHOLE_W_LOSS","The Wolf pack acted as a single, coordinated organism, digging their claws deep into the ancient stones to resist the incoming gale of gravity. They huddled together, using their collective mass and low centers of gravity to create a stable anchor against the singularity's pull. Your blackhole howled as it attempted to lift the predators, but the pack's unified willpower created an invisible bond that defied the spatial collapse. Each time the void gained a temporary advantage, the wolves would adjust their positions with clinical precision, maintaining their living barrier. You realized that against such primal coordination, your focused magic was simply struggling to find a single point of failure. The singularity eventually flickered out, leaving the pack's growling presence closer than before.","狼の群れは一つの統合された生物として行動し、その爪を古の石に深く食い込ませて、迫り来る重力の突風に抗った。彼らは身を寄せ合い、集団の質量と低い重心を利用して、特異点の引力に対する安定したアンカーを作り出した。あなたのブラックホールは捕食者たちを持ち上げようとして咆哮したが、群れの統一された意志の力は空間崩壊を拒む見えない絆を生み出した。虚空が一時的な優位を得るたびに、狼たちは冷静な正確さで位置を調整し、その生きた障壁を維持した。このような根源的な連携に対しては、あなたの集中した魔法は単一の失敗点を見つけるのに苦労しているだけだということにあなたは気づいた。特異点は最終的に消え、群れの唸り声を上げる存在感は依然よりも近くに残った。","狼群表现得像是一个单一且协调的有机体，利爪深扣进古老的石条，以抵御来袭的引力狂风。它们挤在一起，利用集体的质量和低重心，在奇点的吸力面前筑起了一道稳定的锚点。当你的黑洞试图卷起这群掠食者时，它发出了咆哮，但狼群那统一的意志力创造了一种无形的纽带，对抗着空间的坍缩。每当虚空占据一时的上风，狼群便会以精准的配合调整站位，维持着它们的生命屏障。你意识到，面对这种原始的协调力，你那集中的魔法正苦于找不到一个突破点。奇点最终熄灭了，留下狼群低吼着盘踞在比先前更近的地方。","","","","",""
"MSG_C_BLACKHOLE_X_LOSS","Xalthis simply altered the local gravitational constants of its own mass, making itself an immovable object in the face of the blackhole. Your spell was a masterpiece of elemental physics, but to this ancient being, it was merely an atmospheric curiosity to be studied. It watched the swirling void with its many unblinking eyes, calculating the exact moment your magic would consume itself. When the singularity peaked, the creature reached out a single, spindly limb and touched the storm's core with a gesture of profound indifference. The entire vortex collapsed into a silent, harmless spray of sparks that coated the floor like dust. You stood trembling in the sudden quiet, your most powerful spell dismissed as a triviality.","ザルティスは自身の質量の局所的な重力定数を変更し、ブラックホールの前で自らを動かせない物体に変えた。あなたの呪文はエレメンタル物理学の傑作だったが、この古の存在にとってそれは単なる研究対象の大気圏の好奇心に過ぎなかった。奴は数多くの瞬きもしない瞳で渦巻く虚空を見つめ、あなたの魔法が自らを消費する正確な瞬間を計算していた。特異点が頂点に達したとき、魔物は一本の細長い肢を伸ばし、深い無関心の身振りで嵐の核に触れた。渦全体が静かな、無害な火花のしぶきへと崩壊し、床を塵のように覆った。あなたの最も強力な呪文が些細なものとして退けられ、あなたは突然の静寂の中で震えながら立っていた。","扎尔提斯只是改变了自身质量的局部引力常数，使自己在这个黑洞面前变成了一个不可撼动的物体。你的法术本是元素物理学的杰作，但对这个古老的存在而言，它仅仅是一个值得研究的大气奇观。它用那数不清、从不眨动的眼睛注视着旋转的虚空，计算着你法力耗尽的确切瞬间。当奇点达到峰值，怪物伸出一根纤细的肢体，以一种极度冷漠的姿态触碰了风暴的核心。整场漩涡崩解成了安静、无害的火花，像尘埃一样覆盖了地板。你站在突如其来的寂静中瑟瑟发抖，你最强大的法术被当作儿戏般抹除了。","","","","",""
"MSG_C_BLACKHOLE_Y_LOSS","The Yeti's home was the heart of the world's most violent elemental storms, making your blackhole seem like a minor draft by comparison. It stood its ground with the solidity of a living glacier, its massive fur trapping the void's energy and using it to insulate its prehistoric body. Each gravitational wave you sent only seemed to make the giant more comfortable, as if it were finally breathing familiar, high-pressure air. With a deep, resonating roar that shook the very foundations of the dungeon, the yeti stepped directly into the centre of your collapsing space. The void could not swallow the mountain, and you were but a small shadow in the predator's path. You watched in terror as a massive, snow-covered hand reached through your dissipating spell.","イエティの故郷は世界で最も激しいエレメンタルな嵐の中心であり、それに比べればあなたのブラックホールは小さな隙間風のように思えた。奴は生ける氷河のような堅固さでその場に留まり、巨大な毛皮は虚空のエネルギーを捕らえ、その先史時代の体を断熱するために利用した。あなたが送る各重力波は、まるで巨人がようやく馴染みのある高圧の空気を吸っているかのように、奴をより快適にさせているようだった。ダンジョンの基盤そのものを揺らす深く響き渡る咆哮とともに、イエティはあなたの崩壊する空間のど真ん中を歩んだ。虚空は山を飲み込むことはできず、あなたはその捕食者の通り道にある小さな影に過ぎなかった。消えゆく呪文の中から、雪に覆われた巨大な手が伸びてくるのを、あなたは恐怖の中で見つめた。","雪人的家园位于世上最猛烈元素风暴的核心，相比之下，你的黑洞简直像一阵微弱的过堂风。它如活体冰川般稳立原地，厚重的皮毛捕捉了虚空的能量并以此作为身体的隔熱层。你送出的每一道引力波似乎都让这巨人感到更加惬意，仿佛它终于呼吸到了熟悉的、带高压的空气。伴随着一声震颤地牢根基的低沉咆哮，雪人直接踏入了你坍缩空间的最中心。虚空无法吞噬高山，而你不过是这掠食者路途上的一抹微影。你惊恐地看着一只覆盖着冰雪的巨手穿透你那消散的术式抓了过来。","","","","",""
"MSG_C_BLACKHOLE_Z_LOSS","The Zombie's frame, though heavy and solid, seemed to possess a strange inertia that resisted the singularity's pull in unexpected ways. As the blackhole attempted to consume the undead, the creature's putrid flesh sloughed off in massive chunks that seemed to damp the gravitational ripples. The dark, necromantic energy that bound the corpse together pulsed with a stubborn, low-frequency vibration that countered the void's frequency. It continued its slow, rhythmic shuffle toward you, its blank eyes indifferent to the spatial collapse occurring mere inches from its face. You realized that your magic was struggling to find a living soul to target, leaving the mindless husk to drift safely around the event horizon. The singularity eventually flickered and died, leaving the relentless monster only a few steps away.","ゾンビの体は重く頑丈だが、特異点の引力に対して予期せぬ方法で抗う奇妙な慣性を持っているようだった。ブラックホールがアンデッドを消費しようとすると、魔物の腐敗した肉が巨大な塊となって剥がれ落ち、それが重力のさざ波を減衰させているようだった。死体を繋ぎ止めている暗いネクロマンシーのエネルギーは、虚空の周波数に対抗する頑固な低周波の振動で脈打っていた。奴は顔からわずか数インチの場所で起きている空間崩壊に無関心なまま、あなたに向かってゆっくりと規則的な足取りで歩み続けた。あなたの魔法は標的となる生きた魂を見つけるのに苦労しており、心のない殻が事象の地平面の周りを安全に漂うままにしていることにあなたは気づいた。特異点は最終的に点滅して消え、執拗な怪物はわずか数歩先に残されていた。","僵尸的躯体虽然沉重厚实，却似乎拥有一种怪异的惯性，以意想不到的方式抵御着奇点的吸力。当黑洞试图吞噬这不死生物时，它那腐臭的碎肉大块脱落，似乎起到了阻尼引力涟漪的作用。将尸体凝聚在一起的黑暗通灵能量以一种顽固的低频振动搏动着，抵消了虚空的频率。它继续向你缓慢、有节奏地挪动，空洞的双眼对手脸庞几英寸处发生的空间坍缩漠不关心。你意识到，你的法术正苦于找不到一个活着的灵魂作为目标，只能任由这具无心的躯壳在事件视界周围安全地漂流。奇点最后闪烁几下便熄火了，留下那无情的怪物距你仅几步之遥。","","","","",""
"MSG_C_BAZOOKA_A_WIN","A high-explosive rocket slams into the center of the ant hill, creating a massive crater. The shockwave pulverizes the subterranean tunnels, burying the entire colony instantly. What the ants spent weeks building was obliterated in a single flash.","高火力のロケット弾がアリの巣の中心に突き刺さり、巨大なクレーターを作った。衝撃波が地下トンネルを粉砕し、コロニー全体を一瞬で生き埋めにする。アリたちが数週間かけて築いた城は、一瞬の閃光の中に消えた。","一发高爆火箭弹击中了蚁穴中心，留下了一个巨大的弹坑。冲击波粉碎了地下通道，瞬间活埋了整个蚁群。蚂蚁们花费数周建造的家园在一闪念间化为乌有。","","","","",""
"MSG_C_BAZOOKA_B_WIN","The dark cave illuminates as a rocket propels toward the cloud of bats. The explosion echoes through the stone chambers, knocking the winged creatures from the air with sheer pressure. Fire and smoke fill the tunnels, leaving no shadow for them to hide in.","バズーカのロケット弾が放たれると、暗い洞窟が一気に明るく照らされた。石造りの部屋に爆音と衝撃が響き渡り、空飛ぶ怪物を叩き落とす。トンネル内に炎と煙が充満し、彼らが隠れるべき影をすべて焼き払った。","火箭弹射向成群的蝙蝠，点亮了黑暗的洞穴。爆炸声在石室中回荡，凭借巨大的压力将这些有翼生物从天空中震落。烈火和浓烟充满了隧道，没给它们留下任何可以躲藏的阴影。","","","","",""
"MSG_C_BAZOOKA_C_WIN","A well-placed rocket detonates right in front of the charging cobra. The blast radius catches the serpent mid-strike, tossing its broken body aside like a piece of rope. No amount of venom can compensate for the kinetic force of a heavy projectile.","放たれたロケット弾が、突進してくるコブラの目の前で爆発した。爆風が鎌首をもたげた蛇を捉え、その体をボロ布のように吹き飛ばす。いかに強力な猛毒を持とうとも、重火器の物理的な破壊力の前には無力だった。","一发位置精准的火箭弹就在冲过来的眼镜蛇面前爆炸了。爆炸半径波及了正在攻击的毒蛇，将其支离破碎的身体像绳子一样甩在一边。再多的毒液也无法弥补重型投射物的动能压力。","","","","",""
"MSG_C_BAZOOKA_D_WIN","Even a dragon's fiery breath is outmatched by the concussive power of a rocket-propelled grenade. The explosion shatters the ancient beast's scales and dazes its senses with a deafening blast. The legendary hunter falls to the earth, grounded by the might of modern explosive technology.","ドラゴンの火炎放射ですら、ロケット弾の衝撃波の前には力負けした。爆発は古代の獣の鱗を砕き、あまりの轟音に感覚を麻痺させる。伝説の狩人は地に伏し、現代の爆発技術の粋を思い知ることとなった。","即使是龙息，在火箭推进榴弹的震荡威力面前也显得逊色。爆炸粉碎了这头古老巨兽的鳞片，震耳欲聋的爆炸声使其感官麻痹。这位传说中的猎手最后倒在地上，臣服于现代爆炸技术的威力之下。","","","","",""
"MSG_C_BAZOOKA_E_LOSS","The rocket buries itself deep in the ent's massive trunk before detonating. However, the living tree barely reacts, its magical sap quickly insulating the internal damage. It continues its slow, relentless march, shaking off the smoke from the hollow in its bark.","ロケット弾がエントの巨大な幹に深く突き刺さり、内部で爆発した。しかし生きている巨木は眉一つ動かさず、魔法の樹液でダメージを最小限に抑え込む。煙を振り払いながら、巨木はゆっくりと、そして着実に進軍を続けた。","火箭弹深深钻入树精巨大的躯干后爆炸。然而，这棵活生生的巨树几乎没有反应，它充满魔力的树液迅速隔绝了内部损伤。它继续缓慢而无情的行进，抖落了树皮凹陷处冒出的浓烟。","","","","",""
"MSG_C_BAZOOKA_F_WIN","A dense swarm of flies is scattered and incinerated by the wide blast radius of a rocket. The heat of the explosion vaporizes the insects instantly, turning the annoying buzzing into a brief crackle of flame. The air is cleared of the pests with a single, decisive shot.","密集したハエの群れが、ロケット弾の広い爆発範囲に巻き込まれ、瞬時に焼失した。爆発の熱が虫たちを蒸発させ、不快な羽音を一瞬の炎の音に変える。たった一撃の決定打で、大気から害虫が排除された。","密集的苍蝇群被火箭弹广阔的爆炸半径冲散并焚烧殆尽。爆炸产生的高热瞬间汽化了这些昆虫，将烦人的嗡嗡声变成了火焰瞬间的劈啪声。只需果断的一击，空气中的害虫便被清扫干净。","","","","",""
"MSG_C_BAZOOKA_G_WIN","The goblin's attempt to hide behind a wooden shield proves futile against an anti-tank rocket. The explosion obliterates the shield, the goblin, and the ground beneath it in a single violent eruption. Only a lingering smell of sulfur remains in the new crater.","木の盾に身を隠そうとしたゴブリンの努力は、対戦車ロケットの前では無駄だった。爆発は盾も、ゴブリンも、その下の地面さえも一気に吹き飛ばした。新しい火口には、硫黄の臭いだけが漂っている。","哥布林企图躲在木质盾牌后的尝试在反坦克火箭面前显得徒劳无功。爆炸在一场剧烈的爆震中将盾牌、哥布林以及其下方的地面全部摧毁。在新的弹坑中，只剩下了挥之不去的硫磺味。","","","","",""
"MSG_C_BAZOOKA_H_WIN","The harpy's mid-air screech is silenced by a direct hit from a high-velocity rocket. The explosion transforms the avian monster into a cloud of singed feathers and debris. Gravity takes hold of what remains, as the threat from the sky is completely neutralized.","上空で叫び声を上げていたハーピーを、高速ロケット弾が直撃した。爆発によって、その体は焼け焦げた羽毛と残骸の雲へと変わる。空の脅威は完全に排除され、残ったものは重力に従って地上へと落ちていった。","哈比鸟人在半空中的尖叫声被一发高速火箭弹的直击所打断。爆炸将这头有翼怪兽变成了一团焦黑的羽毛和碎片。随着天空中的威胁被完全中和，残余物被引力拽向了地面。","","","","",""
"MSG_C_BAZOOKA_I_WIN","The imp's attempt to weave a teleportation spell is interrupted by the split-second detonation of a rocket. The massive shockwave disrupts its magical focus, slamming the creature against the cavern wall. Dazed and broken, the small demon vanishes not by magic, but by the sheer force of the blast.","テレポートの呪文を唱えようとしたインプを、ロケット弾の爆発が襲った。巨大な衝撃波が魔法の集中を乱し、怪物を洞窟の壁へと叩きつける。感覚を奪われた小悪魔は、魔法ではなく、純粋な破壊力によって消し飛ばされた。","小恶魔企图施展传送咒语，却被火箭弹瞬间的爆炸所打断。巨大的冲击波扰乱了它的魔法专注，将其重重撞在洞穴岩壁上。昏厥且支离破碎的小恶魔并非死于魔法，而是死于爆炸的纯粹力量。","","","","",""
"MSG_C_BAZOOKA_J_LOSS","The rocket passes through the jelly's elastic body, detonating uselessly on the far wall. The liquid creature simply wobbles from the vibration, suffering no permanent damage from the explosion. Its translucent mass reforms instantly, continuing its slow crawl toward the operator.","放たれたロケット弾はジェリーの弾力性のある体を通り抜け、背後の壁でむなしく爆発した。この流体生物は振動で少し揺れるだけで、致命的なダメージを受けることはない。半透明の体はすぐに元に戻り、ゆっくりと獲物へと近づき続ける。","火箭弹穿过果冻怪富有弹性的身体，在远处的墙壁上徒劳地爆炸。这个液态生物只是随震动摇晃了几下，并未因爆炸受到持久损伤。它那半透明的躯体瞬间重塑，继续缓慢地向操作者爬行。","","","","",""
"MSG_C_BAZOOKA_K_WIN","The kobold's barricade is turned into splinters by a single rocket strike. The explosion scatters the pack, ending their resistance before they can even draw their daggers. The survivors flee into the darkness, leaving their broken spears behind.","コボルトの築いたバリケードを、ロケット弾の一撃が木っ端微塵に砕いた。爆発が群れを散らし、短剣を抜く暇さえ与えずに抵抗を終わらせる。生き残った者たちは折れた槍を捨て、暗闇の奥へと逃げ去っていった。","狗头人筑起的防线被一发火箭弹击得粉碎。爆炸驱散了狗头人群，在它们拔出匕首之前就终结了抵抗。幸存者逃入黑暗之中，留下了满地折断的长矛。","","","","",""
"MSG_C_BAZOOKA_L_WIN","A rocket catches the lizard in its rocky burrow, sealing the entrance with a torrent of fire and stone. The concussive force shatters its tough scales even in the safety of its home. The specialized shell ensures that not even the tightest crevice can provide shelter.","岩場の巣穴に逃げ込んだトカゲをロケット弾が捉え、炎と石の奔流で入り口を塞いだ。衝撃波は安全なはずの家の中でも、その硬い鱗を容赦なく砕く。どんなに狭い隙間であっても、この一撃からは逃れられなかった。","火箭弹在石穴中击中了蜥蜴，用烈火和落石封死了入口。震荡力即便在其安全的家中也粉碎了它坚韧的鳞片。这种特种弹头确保了即便是最狭窄的缝隙也无法提供庇护。","","","","",""
"MSG_C_BAZOOKA_M_LOSS","The explosion only serves to scatter the mummy's ancient dust, while its cursed spirit remains intact. The tattered bandages catch fire briefly, but the undead creature continues its advance, seemingly unbothered by the loss of non-essential limbs. Physical destruction means little to a creature driven by a millennia-old grudge.","爆発はミイラの古代の塵を撒き散らしただけで、呪われた魂までは届かなかった。ボロ布のような包帯に火がつくものの、不死の怪物は止まることなく進み続ける。千年の恨みに突き動かされる者にとって、肉体の欠損など大した問題ではなかった。","爆炸只是驱散了木乃伊古老的尘埃，而它受诅咒的灵魂依然完好无损。虽然破旧的绷带短时间着火，但这个不死生物继续前行，似乎并不在意失去非核心的肢体。对于这种由千年怨恨驱动的生物，物理毁灭毫无意义。","","","","",""
"MSG_C_BAZOOKA_N_LOSS","The naga sense the displacement of air as the rocket approaches and slither away with impossible speed. The projectile explodes harmlessly behind her, only managing to singe the tip of her tail. She hisses with amusement as she prepares to strike while the weapon reloads.","ナーガは空気の揺らぎでロケット弾の接近を察知し、信じられない速度でその場を逃れた。弾丸は彼女の背後で虚しく爆発し、尻尾の先をわずかに焦がしたに過ぎない。嘲笑うような声を上げた彼女は、次弾装填の隙を突こうと狙いを定めた。","美杜莎感知到了火箭弹靠近时排开的空气，以不可思议的速度滑行躲开。投射物在她身后徒劳地爆炸，仅烧焦了她的尾尖。她戏谑地嘶鸣着，准备趁武器装弹时发动攻击。","","","","",""
"MSG_C_BAZOOKA_O_LOSS","The orc's massive shield absorbs the brunt of the rocket's blast, though the force knocks the warrior back several paces. He quickly plants his feet, roaring as his battle frenzy numbs the pain of his scorched arms. The explosion has only served to make the beast angrier and more determined to kill.","オークの巨大な盾がロケット弾の爆風を正面から受け止めたが、その衝撃で戦士は数歩後退した。しかし即座に踏み留まり、焦げた腕の痛みも忘れて狂戦士のように咆哮を上げる。爆発はただ、この怪物を怒らせ、殺意を煽る結果に終わった。","兽人的巨盾挡住了火箭弹爆炸的主要威力，尽管那股力量让这位战士后退了几步。他迅速站稳脚跟，随着战斗狂热麻木了手臂烧灼的痛感，他放声咆哮。爆炸只会让这头野兽更加愤怒，更加坚定杀戮的决心。","","","","",""
"MSG_C_BAZOOKA_P_LOSS","The pixie vanishes into a cloud of glitter just as the rocket detonates, her magical laughter echoing from a safe distance. The explosive force only succeeds in clearing some ancient cobwebs from the cavern walls. She re-emerges elsewhere, mocking the operator for using such a crude and loud device.","ピクシーはロケット弾が爆発する瞬間に光り輝く雲となって消え、安全な場所から魔法の笑い声を響かせた。爆風はただ、壁の古い蜘蛛の巣を吹き飛ばしただけに終わる。別の場所に現れた彼女は、そんな野蛮で騒がしい道具を使う獲物を冷笑した。","火箭弹爆炸的一瞬间，小精灵化作一团闪烁的云雾消失了，她那魔法般的笑声从安全距离外传来。爆炸威力只成功清除了洞穴石壁上的一些陈年蜘蛛网。她在别处现身，嘲笑操作者使用如此原始且嘈騒的装置。","","","","",""
"MSG_C_BAZOOKA_Q_LOSS","With a blur of motion, the coeurl avoids the direct impact of the rocket, the shockwave barely ruffling its fur. The creature's long whiskers sense the energy of the explosion, allowing it to move away before the heat can reach it. It preps a surge of lightning, sensing the vulnerability of the operator during the weapon's recoil.","クァールは残像を残すほどの速さでロケット弾の直撃を避け、衝撃波もその毛並みを乱すことはなかった。長い髭で爆発のエネルギーを察知し、熱が届く前に離脱に成功する。反動で隙ができた獲物に対し、クァールは雷撃の準備を整えた。","夸尔化作一道残影，躲过了火箭弹的直接冲击，冲击波几乎没有弄乱它的毛皮。长须感知到了爆炸的能量，使其在热量到达前就已避开。它感知到操作者在武器后坐期间的脆弱，正在准备释放雷击。","","","","",""
"MSG_C_BAZOOKA_R_WIN","The giant rat is caught in the fiery bloom of a rocket detonation before it can dive for cover. The intense heat and pressure are too much for the biological remains of the rodent to withstand. The pest problem is resolved instantly, leaving nothing but scorched earth behind.","巨大なネズミは遮蔽物に逃げ込む暇もなく、ロケット弾の爆炎の中に消えた。あまりの熱と圧力に、この小動物の肉体が耐えられるはずもなかった。害獣の問題は一瞬で解決し、後には焼け焦げた地面が残るのみとなった。","大老鼠在潜入掩体前就被卷入了火箭弹爆炸的火焰中。剧烈的高热和压力是这只啮齿动物的生物之躯无法承受的。害虫问题瞬间解决，只留下了焦黑的土地。","","","","",""
"MSG_C_BAZOOKA_S_WIN","A direct hit from a HEAT warhead creates a massive reaction within the slime's core. The sudden release of energy disrupts its molecular bonds, scattering the gelatinous mass into a harmless mist. The liquid threat is effectively evaporated, leaving the area dry and safe.","対戦車榴弾の直撃が、スライムの核内部で凄まじい反応を引き起こした。急激なエネルギーの放出が分子結合を断ち切り、粘液の塊を霧へと変える。液体状の脅威は完全に蒸発し、辺りは乾燥した安全な空間となった。","破甲弹头的直击在史莱姆的核心内部引发了剧烈反应。突然释放的能量破坏了其分子键，将粘稠的躯体打成了一团无害的薄雾。这种液态威胁被有效地蒸発了，使该区域变得干燥且安全。","","","","",""
"MSG_C_BAZOOKA_T_LOSS","The troll takes the explosion head-on, its massive body absorbing the force like a sponge. While substantial portions of its flesh are blown away, the regenerative process begins before the smoke even clears. It lets out a deep, rumbling laugh as its limbs re-form, seemingly invigorated by the chaos.","トロルは爆発を正面から受け止め、巨体でその衝撃をスポンジのように吸収した。肉体の大部分が吹き飛ぶものの、煙が晴れる前に再生が始まっている。腕が元通りになるのを楽しみながら、混沌とした状況を嘲笑うかのように大声を上げた。","巨魔正面承受了爆炸，它庞大的躯体像海绵一样吸收了冲击力。虽然大部分血肉被炸飞，但在硝烟散去前再生过程就已经开始。随着肢体重新成形，它发出了深沉、隆隆的笑声，似乎在混乱中更显活力。","","","","",""
"MSG_C_BAZOOKA_U_LOSS","The rocket obliterates a few skeletal warriors, but the remaining undead simply step over the charred bones without pause. Their lack of vital organs makes them nearly immune to the concussive force of the explosion. The necromantic energy binding them together remains unshaken by the display of modern firepower.","数体のスケルトンを粉砕するものの、残りの不死者たちは焦げた骨を平然と踏み越えて進んできた。急所を持たない彼らにとって、爆発の衝撃は大きな意味をなさない。彼らを繋ぎ止める死霊術の力は、現代兵器の火力をもってしても揺るがなかった。","火箭弹摧毁了几名骷髅战士，但剩下的亡灵只是平静地跨过焦黑的骨头继续前进。由于缺乏生命器官，它们几乎对爆炸的震荡力免疫。维系它们的死灵能量并未被这种现代火力的展示所动摇。","","","","",""
"MSG_C_BAZOOKA_V_LOSS","The vampire turns into a swarm of bats just as the rocket impact occurs, the dispersed forms easily riding the shockwave. The explosion's heat barely singes a few stray hairs before the undead noble reforms in the darkness. He admires the light show for a brief moment before closing the distance with terrifying speed.","ロケット弾が着弾する寸前、ヴァンパイアはコウモリの群れに姿を変え、衝撃波を華麗にいなした。爆発の熱もその貴族的な姿を捉えることはできず、闇の中で再び実体化する。一瞬だけ光のショーを楽しんだ後、彼は恐るべき速度でこちらの懐へと飛び込んできた。","火箭弹撞击发生的一瞬，吸血鬼化作一群蝙蝠，其分散的形态轻松顺着冲击波滑开。爆炸的热量仅仅烧焦了几根发丝，这位亡灵贵族便在黑暗中重塑身姿。他短暂地欣赏了一下这场灯光秀，随即以恐怖的速度拉近距离。","","","","",""
"MSG_C_BAZOOKA_W_LOSS","The wolf pack scatters at the sound of the launch, moving far faster than the rocket can be aimed. The explosion creates a spectacular but harmless fountain of earth while the hunters encircle their prey. The heavy weapon is too slow to track such agile and coordinated beasts.","発射音を聞いたオオカミの群れは、ロケット弾の照準を合わせるよりも早く散開した。爆発は派手に地面を抉るものの、円陣を組む狩人たちを傷つけるには至らない。重厚な兵器では、これほど機敏で統制された獣たちを捉えることはできなかった。","听到发射声后狼群四散而逃，移动速度远快于火箭弹的瞄准速度。爆炸制造了一场华丽但无用的泥土喷泉，而猎食者们早已将猎物合围。重型武器太慢了，无法追踪如此灵敏且步调一致的野兽。","","","","",""
"MSG_C_BAZOOKA_X_LOSS","Xalthis simply creates a localized distortion in space, causing the rocket to pass through him as if he were a ghost. The projectile detonates on the far side of the chamber, leaving the energy entity completely untouched. He pulses with a rhythmic light, seemingly amused by the crude nature of the attack.","ザルシスは空間に局所的な歪みを作り出し、ロケット弾をまるで幽霊のように透過させた。弾丸は部屋の反対側で虚しく爆破し、そのエネルギー体にはかすり傷一つ負わせられない。リズムカルな光の脈動は、まるでその稚拙な攻撃を嘲笑っているかのようだった。","扎尔希斯只是在局部制造了一个空间扭曲，使得火箭弹像穿过幽灵一样穿过了他。投射物在密室的另一端爆炸，而这位能量体毫发无损。他有节奏地闪烁着光芒，似乎对这种原始的攻击方式感到有趣。","","","","",""
"MSG_C_BAZOOKA_Y_LOSS","The yeti's natural winter shield and thick hide deflect the worst of the explosive force. The cold air around the monster causes the explosion's fire to extinguish prematurely, leaving only a puff of black smoke. It bellows a challenge, its thick white fur only slightly blackened by the failed attack.","イエティの冬の加護と分厚い毛皮は、爆発の威力の大部分を逸らしてしまった。周囲に渦巻く極寒の空気が、炎を広がる前に鎮めてしまい、黒い煙だけが後に残る。白い毛皮をわずかに煤けさせただけの怪物は、さらなる挑戦を促すように咆哮した。","雪人天然的严冬护盾和厚皮挡住了爆炸摧毁力中最致命的部分。怪物周围的冷空气使爆炸的火焰过早熄灭，只留下了一股黑烟。它大声吼叫向对手发起挑战，厚实的白毛仅被失败的攻击弄黑了一点点。","","","","",""
"MSG_C_BAZOOKA_Z_LOSS","A direct hit blows off a zombie's arm and leg, but the creature continues to drag itself forward with mindless determination. The rest of the horde ignores the carnage, their numbers far exceeding the available rockets. The sound of the explosion only serves to attract even more undead to the area.","直撃によってゾンビの手足が吹き飛ぶものの、その怪物は執念深く這いずりながら前進を続けた。他の群れも惨状を気に留めることなく、こちらの弾数を圧倒する数で押し寄せる。爆音はただ、周辺の死者たちを呼び寄せる鐘の音でしかなかった。","火箭弹的直击炸断了一只僵尸的手臂和腿，但那生物仍以盲目的决心继续向前爬行。其余的僵尸群对这场屠杀视而不见，它们的数量远超现有的火箭弹。爆炸声仅仅吸引了更多的不死族来到这一区域。","","","","",""
"MSG_C_BLIZZARD_A_LOSS","The ant retreated deep into its nest where the cold couldn't reach. The biting wind only covered the surface in white, leaving the tunnels safe. Your grand storm was wasted on the small survivalist.","アリは冷気の届かぬ巣の深部へと逃げ込み、冬眠の構えを取った。吹き荒ぶ風は地上を白く染めるだけで、地下の平穏を乱すには至らない。大掛かりな吹雪も、小さな生存戦略の前には空振りとなった。","蚂蚁退到了寒冷无法触及的巢穴深处。刺骨的寒风只在表面覆盖了一层白色，让隧道安然无恙。你宏大的风暴在小小的幸存者面前被白白浪费了。","","","","",""
"MSG_C_BLIZZARD_B_WIN","The bat's wings froze solid in mid-air, turning it into a block of ice. It fell silently into the snow, its heart slowing to a permanent stop. The sky-dweller was brought down by the absolute zero.","コウモリの翼は空中で瞬時に凍りつき、冷たい氷の塊へと変わった。雪の上へと音もなく落下し、魔物の鼓動は永遠に停止する。空の住人は、絶対零度の冷気によってその翼を奪われた。","蝙蝠的翅膀在空中冻结，把它变成了一个冰块。它静静地落在雪地里，心脏慢慢地永久停止。这位天空居民被绝对零度击落了。","","","","",""
"MSG_C_BLIZZARD_C_WIN","The cobra's reptilian metabolism failed instantly in the freezing storm. It coiled into a stiff, frozen sculpture before it could even hiss. The cold blood of the serpent became a prison of ice.","猛烈な吹雪の中で、コブラの爬虫類特有の代謝は瞬時に停止した。威嚇の声を上げる暇もなく、魔物は硬い氷の彫刻へと変わり果てる。毒蛇の冷たい血は、自らを閉じ込める氷の檻と化した。","眼镜蛇的爬行动物代谢在冰风暴中瞬间失效。在它甚至无法发出嘶嘶声之前，它就蜷缩成了一个僵硬的、冻结的雕塑。蛇的冷血变成了冰的监狱。","","","","",""
"MSG_C_BLIZZARD_D_WIN","Even the dragon's inner fire couldn't fight off a blizzard this powerful. Its massive scales cracked under the rapid temperature drop, slowing its world to a crawl. The legendary beast finally froze under the weight of the white death.","ドラゴンの内に秘めた炎でさえ、この強大な吹雪を退けることはできなかった。急激な気温低下によって巨躯の鱗が軋み、魔物の動きを鈍らせる。伝説の猛獣も、白き死の重圧の前には抗えず凍てついた。","即使是巨龙的体内火焰也无法抵挡如此强大的暴风雪。它庞大的鳞片在快速降温下裂开，使它的世界变得缓慢。这头传奇猛兽最终在白色死亡的压力下冻结了。","","","","",""
"MSG_C_BLIZZARD_E_WIN","The ancient Ent groaned as its sap froze and expanded, shattering its heartwood. Frost covered its leaves in seconds, turning the forest guardian into a brittle statue. The winter's hand claimed the spirit of the woods.","エントの樹液が凍りついて膨張し、内部からその硬い幹を砕いていった。一瞬で霜に覆われた守護者は、脆い氷の彫像へと変わり果てる。冬の冷徹な手が、森の精霊からその生命力を奪い去った。","当汁液冻结并膨胀，击碎了它的心材时，古老的树精发出了呻吟。霜在几秒钟内覆盖了它的叶子，把森林守护者变成了一座脆弱的雕像。冬天的手夺走了森林之灵。","","","","",""
"MSG_C_BLIZZARD_F_LOSS","The fly hid behind a warm stone, its small body unaffected by the freezing winds. It entered a temporary state of torpor, waiting for the storm to pass. The massive blizzard missed its tiny target completely.","ハエは温かい岩の隙間に身を隠し、吹き荒れる冷気を巧みにやり過ごした。嵐が去るのを待つために仮眠状態へと入り、魔物は静かに時を待つ。巨大な吹雪も、小さな標的を捉えることはできなかった。","苍蝇躲在温暖的石头后面，它微小的身体不受冰风的影响。它进入了暂时的不活动状态，等待风暴过去。大规模的暴风雪完全错过了它微小的目标。","","","","",""
"MSG_C_BLIZZARD_G_WIN","The goblin's thin rags offered no protection against the magical frost. It huddled in fear as its limbs turned blue and finally ceased to move. The greedy creature died dreaming of a warmth it would never feel again.","ゴブリンのボロ布は、魔法の冷気の前には何の防護にもならなかった。四肢が青白く染まり、動かなくなるまで魔物は恐怖に震え続けた。強欲な怪物は、二度と得られぬ温もりを夢見たまま息絶えた。","哥布林稀碎的破布无法抵御魔法霜。当它的肢体变蓝并最终停止移动时，它恐惧地蜷缩在一起。这个贪婪的生物在梦想着它再也感受不到的温暖中死去了。","","","","",""
"MSG_C_BLIZZARD_H_WIN","The harpy's light body was easily overwhelmed by the heavy snow and wind. She spiraled out of control, her feathers coated in heavy ice. The queen of the heights fell silent in a white-out world.","ハーピーの軽い身体は、激しい雪と風の重圧にあっけなく屈した。羽毛が氷に覆われ、制御を失った彼女は螺旋を描いて墜落する。高空の女王は、白銀の世界の中で永遠の静寂に包まれた。","哈皮轻盈的身体被大雪和狂风轻易淹没。她失去了控制旋转着，羽毛覆盖着厚厚的冰。天空的女王在白茫茫的世界中陷入了沉默。","","","","",""
"MSG_C_BLIZZARD_I_WIN","The imp's hellish origins made the freezing blizzard its ultimate nightmare. Its magical fire was extinguished by the biting cold, leaving it defenseless. The small devil met a cold, lonely end in the storm.","魔界出身のインプにとって、この吹雪は文字通りの悪夢そのものだった。自慢の魔火も冷気に打ち消され、魔物はなす術なく凍りついていく。小悪魔は嵐の中で、冷たく孤独な最期を迎えることとなった。","小恶魔的地域起源使这场冰冻的暴风雪成为了它终极的噩梦。它的魔法之火被刺骨的寒冷扑灭，让它毫无防备。这个小魔鬼在风暴中迎来了寒冷、孤独的终结。","","","","",""
"MSG_C_BLIZZARD_J_WIN","The jelly's semi-liquid body turned into a solid block of murky ice. It could no longer flow or strike, its inner core shattered by the cold. The monster became a mere decoration in the snowy dungeon.","ジェリーの流動的な身体は、瞬く間に濁った氷の塊へと凝固した。流れることも攻撃することも叶わず、核は冷気によって砕け散る。怪物は雪のダンジョンを飾る、ただの不気味な置物へと成り果てた。","果冻怪的半液体身体变成了一块坚硬的浑浊冰块。它再也无法流动或攻击，它的核心被寒冷击碎。怪物变成了雪之地牢里的一件装饰品。","","","","",""
"MSG_C_BLIZZARD_K_LOSS","The kobold warrior relied on its thick fur and pack heat to survive the storm. They huddled together, using their natural resistance to wait out the cold. Your blizzard was a minor annoyance to the hardy canine.","コボルドの戦士は厚い毛皮と群れの体温によって、嵐を耐え抜く術を知っていた。互いに身を寄せ合い、天性の耐性で冷気をやり過ごす。あなたの吹雪も、強靭な犬戦士にとっては一時的な不便に過ぎなかった。","狗头人战士依靠厚实的皮毛和群体的热量在风暴中生存。它们蜷缩在一起，利用天生的抵抗力等待寒冷过去。你的暴风雪对于强壮的犬类来说只是个小烦恼。","","","","",""
"MSG_C_BLIZZARD_L_WIN","The desert lizard's energy drained away as the temperature plummeted. It slowed down until it was a mere statue in the middle of the dunes. The predator of the sun died in a world of absolute shadow.","砂漠のリザードは、気温の急降下と共にその活力を瞬時に失った。動きは鈍り続け、やがて砂丘の真ん中で沈黙した石像となる。太陽の捕食者は、皮肉にも影すら凍る冷気の中へと沈んだ。","由于温度骤降，沙漠蜥蜴的能量耗尽了。它慢了下来，直到它成了沙丘中间的一座雕像。太阳的掠食者死于一个绝对阴影的世界。","","","","",""
"MSG_C_BLIZZARD_M_WIN","The mummy's dry bandages absorbed the moisture of the blizzard and froze solid. It became a heavy, immobile pillar of ice, unable to guard the tomb. The ancient remains were finally preserved in a cold eternity.","マミーの乾いた包帯が吹雪の水分を吸い、一気に凍りついて固まった。魔物は動くことのできない重い氷柱と化し、墓所の守護を断念する。古の遺骸は、冷たき永遠の中にようやく安らぎを見出した。","木乃伊干燥的绷带吸收了暴风雪的水分并冻结成固体。它变成了一个沉重的、不可移动的冰柱，无法守护坟墓。古老的残骸终于在寒冷的永恒中得以保存。","","","","",""
"MSG_C_BLIZZARD_N_WIN","The naga's aquatic magic was turned against her as the blizzard froze her spells. Her serpent tail became unyielding and cracked under the intense pressure of the ice. The noble creature met a beautiful, tragic end.","吹雪が彼女の呪文そのものを凍らせたため、ナーガの水魔法が自身に仇をなした。長い蛇身は氷の圧力に耐えかねて軋み、やがて無惨に砕ける。高貴な生物は、美しくも悲劇的な終焉を雪原に刻んだ。","由于暴风雪冻结了她的法术，纳迦的水魔法反而对她不利。在冰的强大压力下，她的蛇尾变得僵硬并裂开。高贵的生物迎来了美丽而悲惨的终结。","","","","",""
"MSG_C_BLIZZARD_O_LOSS","The orc's northern blood and heavy plate mail kept the worst of the cold at bay. It marched through the wind with stubborn determination, ignoring the frost on its skin. The brute force of winter couldn't break the brute.","北方出身の血脈と厚いプレートメイルが、オークを冷気から守り抜いた。魔物は強固な意志で雪風を突き進み、肌を刺す霜をも意に介さない。冬の暴力でさえ、蛮勇を極めた戦士を屈服させるには至らなかった。","兽人的北方血统和厚重的板甲挡住了最恶劣的寒冷。它以顽强的决心穿过风，无视皮肤上的霜。冬天的暴力无法打败这个蛮徒。","","","","",""
"MSG_C_BLIZZARD_P_LOSS","The pixie vanished into the blizzard, becoming part of the swirling white itself. She used magic to blend into the flakes, playing games with your sensors. The trickster felt right at home in the chaotic storm.","ピクシーは吹雪の中に溶け込み、渦巻く白銀そのものと同化した。魔法で雪片に紛れ込み、あなたの感覚を翻弄する悪戯を仕掛ける。混沌とした嵐こそが、この悪戯っ子の真の居場所なのだろう。","小仙女消失在暴风雪中，成为了盘旋的白色本身。她用魔法融入雪花，玩弄你的传感器。这位骗子在混乱的风暴中感觉如鱼得水。","","","","",""
"MSG_C_BLIZZARD_Q_WIN","The coeurl's wet fur conducted the cold directly to its fragile nervous system. Its electrical field flickered and died as its body temperature reached critical levels. The hunter was frozen into a statue of static shock.","濡れた毛皮が冷気を直接伝え、クアールの繊細な神経系統を麻痺させた。体温が限界を超えると、自慢の電磁場も消え失せてしまう。狩人は、静電気が走る氷の彫像へと無惨に変貌した。","夸尔潮湿的皮毛将寒冷直接传导到它脆弱的神经系统。当它的体温达到临界水平时，它的电场闪烁着熄灭了。猎人被冻结成了一座静电冲击的雕塑。","","","","",""
"MSG_C_BLIZZARD_R_WIN","The rats tried to huddle for warmth but were buried under the deepening snow. Their small squeaks were muffled by the howling wind until silence reigned. The pack was turned into a frozen mound of fur.","ラットの群れは暖を求めて集まったが、深まりゆく雪の下へと無情に埋もれた。甲高い鳴き声も咆哮する風にかき消され、やがて静寂が訪れる。群れは、毛皮が重なり合う凍てついた小山となった。","鼠群试图蜷缩取暖，但被困在日益增厚的积雪之下。它们咆哮的风声掩住了它们细小的吱吱声，直到寂静统治了这里。鼠群变成了一座冻结的皮毛堆。","","","","",""
"MSG_C_BLIZZARD_S_LOSS","The slime's simple structure adapted to the cold, turning into a slushy but functional state. It moved slower, but its core remained active and immune to the freeze. The amorphous creature survived your masterpiece.","スライムの単純な構造は冷気に適応し、シャーベット状になりながらも活動を続けた。動きは鈍ったものの、核は依然として活性を保ち、凍結を拒む。形なき怪物は、あなたの傑作である嵐を生き延びた。","史莱姆简单的结构适应了寒冷，变成了半融化但功能完好的状态。它移动得慢了，但它的核心保持活跃且不受冻结。这种无定形的生物在你的杰作中幸存了下来。","","","","",""
"MSG_C_BLIZZARD_T_LOSS","The troll's legendary regeneration fought off the frostbite at every moment. Its massive heart beat with enough raw heat to keep its blood flowing through the storm. The giant continued its approach, unfazed by the sub-zero wind.","トロールの驚異的な再生能力は、刻一刻と迫る凍傷を瞬時に癒していった。巨大な心臓が放つ熱量は、猛吹雪の中でも血液を循環させ続ける。巨人は氷点下の風をものともせず、平然と歩みを止めなかった。","巨魔传奇般的再生能力每时每刻都在对抗冻伤。它庞大的心脏跳动着足够的原始热量，让它的血液在风暴中持续流动。巨人继续靠近，丝毫不受零下寒风的影响。","","","","",""
"MSG_C_BLIZZARD_U_LOSS","The undead felt no cold, as their souls were already frozen in the void. The wind passed through their spectral forms without hindrance or effect. The dead didn't care about the winter, for they are the winter.","既に虚空で凍てついた魂を持つアンデッドには、吹雪の冷気など何の意味もなかった。風は霊的な肉体を通り抜け、何の影響も与えずに過ぎ去る。死者は冬を恐れない。彼ら自身が、終わらぬ冬そのものだからだ。","亡灵感觉不到寒冷，因为它们的灵魂已经冻结在虚无中。风穿过它们幽灵般的形式而没有任何阻碍或影响。死者不在乎冬天，因为它们就是冬天。","","","","",""
"MSG_C_BLIZZARD_V_WIN","The vampire's noble blood crystallized in his veins, ending his immortal dance. He stood perfectly still as the frost claimed his elegant features. The lord of the night was conquered by the purity of the storm.","ヴァンパイアの高貴な血が血管の中で結晶化し、不死の踊りは終わりを告げた。優雅な顔立ちが霜に覆われる中、彼は静止したまま彫像となる。夜の主も、嵐がもたらす純粋な冷気の前に敗れ去った。","吸血鬼高贵的血液在血管中结晶，结束了他长生不老的舞蹈。当霜雪占据了他优雅的面容时，他一动不动地站着。黑夜之主被风暴的纯洁征服了。","","","","",""
"MSG_C_BLIZZARD_W_LOSS","The wolf pack utilized their thick winter coats and coordination to navigate the blizzard. They used the white-out as cover to close the distance to their targets. The children of the moon were masters of the cold.","ウルフの群れは厚い冬毛と連携を武器に、猛吹雪の中を迷いなく駆け抜けた。視界を遮る吹雪を隠れ蓑にし、獲物へと着実に忍び寄る。月の落とし子たちは、極寒の世界を支配する達人であった。","狼群利用它们厚实的冬装和协调能力在暴风雪中航行。它们利用白茫茫的一片作为掩护，拉近与目标的距离。月亮之子是寒冷的大师。","","","","",""
"MSG_C_BLIZZARD_X_LOSS","Xalthis's chitinous exterior was naturally resistant to the abrasive snow and ice. It scuttled across the frozen ground with ease, its many legs providing perfect grip. The ancient horror didn't mind the cold at all.","ザルティスの堅牢な甲殻は、吹き付ける雪や氷の研磨作用に天性の耐性を持っていた。多数の脚が凍った地面を完璧に捉え、魔物は悠々と進み続ける。古の恐怖は、冷気など微塵も気に留めていなかった。","扎尔提斯的甲壳外表天生就能抵抗磨损的冰雪。它轻松地在冰冷的地面上爬行，众多的腿提供了完美的抓地力。古老的恐怖根本不在乎寒冷。","","","","",""
"MSG_C_BLIZZARD_Y_LOSS","The yeti roared in delight as its home environment was recreated by your magic. It grew stronger in the cold, its strength amplified by the freezing winds. You had accidentally empowered the king of the peaks.","イエティは、我が家のような環境が再現されたことに歓喜の咆哮を上げた。冷気の中でこそ活力は増し、凍てつく風がその怪力をさらに強化する。あなたは不覚にも、嶺の王にさらなる力を与えてしまったのだ。","雪人高兴地咆哮着，因为它的家乡环境被你的魔法重现了。它在寒冷中变得更强，其力量被冰冷的风放大了。你意外地赋予了山峰之王力量。","","","","",""
"MSG_C_BLIZZARD_Z_LOSS","The zombie's dead flesh became rigid but it continued its mindless march. Its lack of pain and fear made the freezing storm a mere minor obstacle. The slow, relentless death ignored the cold breath of winter.","ゾンビの腐肉は硬直したが、意思なき行進が止まることはなかった。痛みも恐怖も持たぬ魔物にとって、猛吹雪は些細な障害に過ぎない。緩慢で執拗な死は、冬の吐息を無視してあなたを追い詰める。","僵尸枯死的肉变得僵硬，但它继续盲目地前进。它由于缺乏痛苦和恐惧，使得冰冻的风暴只是个微不足道的障碍。缓慢、无情的死亡无视了冬天冰冷的呼吸。","","","","",""
"MSG_C_BATTERY_A_WIN","The ant was surged with a billion volts that carbonized its tiny frame instantly. It left a microscopic, smoking silhouette on the floor, its collective soul erased by the current. The insect world was silenced by the spark.","十億ボルトの激流がアリを襲い、その小さな肉体を瞬時に炭化させた。床には燻る微細なシルエットだけが残り、集団的な魂は電流の中に消し去られる。火花の放電の後、虫の世界には静浄が広がった。","蚂蚁由于受到了十亿伏特的电击，其微小的骨架瞬间碳化。它在地板上留下了一个冒烟的微观剪影，它的集体灵魂被电流抹去了。昆虫世界被火花沈默了。","","","","",""
"MSG_C_BATTERY_B_WIN","The bat's sensitive sonar was fried by a localized electrical discharge that filled the air. It plunged through the shadows like a burnt cinder, its fur singing with static power. The night flyer met a high-voltage end.","突如として空間を満たした局所的な放電によって、コウモリの繊細な超音波システムは焼き切られた。静電気を帯びて鳴り響く毛皮を纏い、焦げた炭のように闇の中へと墜落する。夜の飛行者は、高電圧の最期を迎えたのである。","蝙蝠敏感的声呐被弥漫在空气中的局部放电烧毁了。它像一焦炭一样坠入阴影，它的毛皮由于带有静电能而嘶嘶作响。深夜飞行者迎来了高压的终結。","","","","",""
"MSG_C_BATTERY_C_WIN","The cobra found its nerves completely overloaded by a sudden surge of pure energy. Its strike was replaced by frantic, painful convulsions that eventually stilled its ancient heart. The serpent was defeated by the spark.","純粋なエネルギーの突然の奔流が、コブラの神経系を完全にオーバーロードさせた。攻撃は必死で苦痛に満ちた痙攣へと書き換えられ、やがてその古の鼓動は停止する。蛇は、火花の放電の前に敗北したのである。","由于纯净能量的突然涌入，眼镜蛇发现自己的神经完全过载。它的攻击被疯狂、痛苦的抽搐所取代，最终让它那古老的心脏停歇。这条蛇被火花击败了。","","","","",""
"MSG_C_BATTERY_D_WIN","The dragon felt its legendary fire-sac ignite prematurely as electricity coursed through its internal organs. It roared a final, crackling note before its ancient strength was erased by the pulse. The king of flames died of total overload.","体中を駆け抜ける電流により、ドラゴンの伝説的な火炎袋は不意に点火させられてしまった。内部から弾ける最期の咆哮を上げ、その古の力はパルスの中に消去される。炎の王は、完全な過負荷の前に絶命したのである。","随着电流在内脏器官中流过，巨龙感到它那传奇般的火囊过旱点燃了。在它的古老力量被脉冲抹除前，它发出了最后一声咔哒响的咆哮。火焰之王死于彻底的过载。","","","","",""
"MSG_C_BATTERY_E_LOSS","The ancient Ent's deep, moisture-filled roots acted as a natural lightning rod, harmlessly grounding the battery's charge into the earth. It ignored the sparking device entirely, its massive trunk continuing to grow as if the electrical storm was a mere spring drizzle. The wooden sentinel was unphased by the wire.","エントの深く水分を蓄えた根は、天然の避雷針となってバッテリーの電荷を無害に大地へと逃がした。火花を散らすデバイスを完全に無視し、巨大な幹は雷雨などただの春の霧雨であるかのように成長を続ける。森の守護者は、機械の雷撃など意にも介さなかった。","古树精深厚、充满水分的根部充当了天然避雷针，将电池的电荷无害地导入大地。它完全忽视了火花闪烁的装置，它巨大的树干继续生长，仿佛这场电子风暴只不过是一场春雨。木质哨兵不受电线的影响。","","","","",""
"MSG_C_BATTERY_F_WIN","The fly entered an electrical field that vaporized its wings in a microsecond. Its fast reflexes were no match for a threat that attacked with the speed of light and power. The tiny pest was deleted by the discharge.","ハエは電場の領域に迷い込み、百万分の一秒の間にその羽を蒸発させられた。光速の速度と力を併せ持つ脅威に対し、自慢の反射神経は何の意味も持たない。小さな害虫は、放電によって消去されたのである。","苍蝇进入了一个电场，在微秒内蒸发了它的翅膀。对于以光速和力量发起攻击的威胁，它敏捷的反射神经毫无用处。这位微小的害虫在放电中被删除。","","","","",""
"MSG_C_BATTERY_G_WIN","The goblin reached for the glowing battery, its greed leading to a heart-stopping shock of energy. It shrieked as its nervous system was overloaded, eventually falling into a heap of smoking, charred rags. The thief met an electric karma.","輝くバッテリーに手を伸ばしたゴブリンの強欲さは、心停止をもたらすエネルギーの衝撃という報いを受けた。過負荷な神経系に絶叫を上げ、やがて燻る炭となったボロ切れの山として崩れ落ちる。泥棒は、電気の因果応報を受けたのである。","哥布林伸手去抓发光的电池，它的贪婪导致了一场令心脏停止的能量电击。随着神经系统过载，它发出了尖叫，最终瘫倒成了一堆冒烟焦黑的破布。这名窃贼遭遇了电子业报。","","","","",""
"MSG_C_BATTERY_H_WIN","A stream of high-voltage arcs coated the harpy's feathers, turning her screech into a static crackle. She fell as her wings were singed black, eventually crashing into the cold stone floor. The sky queen was silenced by the battery.","高電圧のアーク放電がハーピーの羽を覆い、その金切り声を静電気のパチパチという音に変えた。黒く焦げた羽を纏い、力なく地上へと墜落し、石畳に激突する。空の女王は、バッテリーの力の前に沈黙した。","一连串的高压电弧涂满了哈皮的羽毛，将她的尖叫变成了静电的噼啪声。随着双翼被烧得焦黑，她坠落了，最终撞在冰冷的石地板上。天空女王被电池沈默了。","","","","",""
"MSG_C_BATTERY_I_LOSS","The imp cackled as it manipulated the electrical energy, turning the battery into a chaotic lightning rod that attracted its own dark magic. It redirected the surge back at the player with a flick of its tail, laughing as the clinical precision failed. The trickster mastered the current.","インプは電気エネルギーを自在に操り、バッテリーを自らの闇の魔力を引き寄せる混沌とした避雷針へと変えてしまった。尻尾を一振りしてサージをプレイヤーへと跳ね返し、冷徹な精度が失敗するのを愉快そうに眺める。悪戯っ子は、電流の主となったのである。","小恶魔在操纵电能时咯咯朗笑，将电池变成了一个吸引它自己黑暗魔法的混乱避雷针。它甩了一下尾巴，将浪涌重新导向玩家，对临床精确度的失败大声嘲笑。骗子掌控了电流。","","","","",""
"MSG_C_BATTERY_J_LOSS","The jelly's non-conductive, rubbery mass absorbed the battery without causing a single arc. It simply surrounded the device, the steady hum of power muffled by the thick, insulating ooze until the battery finally drained to nothing. The spark was extinguished by the slime.","ジェリーの電気を通さないゴムのような肉体は、一筋のアークも発生させることなくバッテリーを飲み込んだ。厚い絶縁性の泥濘がデバイスを包み込み、エネルギーの規則正しい唸りはかき消され、やがてバッテリーは空になる。火花は、泥濘の中に消えたのである。","果冻怪不导电的橡胶状物质吸收了电池，没有产生任何电弧。它只是简单地包裹了装置，稳定的能量嗡鸣被厚实绝缘的软泥掩盖了，直到电池最终耗尽。火花被软泥熄灭了。","","","","",""
"MSG_C_BATTERY_K_WIN","The kobold warrior's crude iron weapon became a conductor for a lethal current that stilled its heart. It barked in terror as its fighting spirit was erased by the clinical precision of the electric storm. The tribal hero meeting a shocking end.","コボルドの戦士が手にしていた粗末な鉄の武器が伝導体となり、致命的な電流がその心臓を停止させた。闘争本能が雷撃の嵐の冷徹な精度によって消し去られ、魔物は恐怖の声を上げる。部族の英雄は、衝撃的な最期を迎えたのである。","狗头人战士发现它那粗糙的铁制武器成了一股震慑其心脏的致命电流导体。由于它的斗志被电子风暴临床般的精准度所抹除，它惊恐地吠叫。部族英雄迎来了一个震撼的终結。","","","","",""
"MSG_C_BATTERY_L_WIN","The lizard's primitive nervous system was completely fried by the battery's concentrated output. It hissed in surprise before its heart finally stilled, unable to process the existence of such raw power. The predator was removed from existence.","バッテリーの濃縮された出力が、リザードの原始的な神経系を完全に焼き切った。剥き出しの力の存在を処理できず、魔物は驚きの声を上げ、その鼓動は停止する。捕食者は、存在そのものを消し去られたのである。","由于蜥蜴原始的神经系统由于电池的集中输出而被完全烧毁。在心脏最终停歇前，它惊讶地发出了嘶嘶声，无法处理这种原始力量的存在。掠食者从存在中被移除了。","","","","",""
"MSG_C_BATTERY_M_LOSS","The mummy's ancient, dry bandages were perfectly insulated, shielding the necrotic spirit from the battery's energy. It walked through the electrical field with slow, deliberate steps, its dried hands reaching for the device to crush its modern hum. The past was immune to the spark.","マミーの古く乾燥した包帯は完璧な絶縁体となり、壊死した魂をバッテリーのエネルギーから守り抜いた。魔物はゆっくりと、確実に電場の中を歩み寄り、乾燥した手で近代的な唸りを上げるデバイスを握りつぶす。過去は、火花の放電など寄せ付けなかったのだ。","木乃伊古老干燥的绷带完全绝缘，保护坏死灵魂免受电池能量的伤害。它以缓慢、审慎的步法穿过电场，它那干枯的手伸向装置，将其现代的嗡鸣粉碎。过去免受火花的影响。","","","","",""
"MSG_C_BATTERY_N_LOSS","The naga's water magic created a localized heavy rain that short-circuited the battery before it could discharge. She hissed in amusement as the device sputtered and died in a pool of ordinary water, her ancient grace untouched by the modern surge. The wise spirit outlived the wire.","ナーガの水魔法が局所的な豪雨を呼び、放電が始まる前にバッテリーをショートさせた。普通の水溜まりの中でデバイスが音を立てて絶命するのを、彼女は愉快そうに眺める。その古の優雅さは、近代的なサージなど相手にするものではなかった。賢き精霊は、機械の命運を看取ったのである。","纳迦的水魔法产生了一场局部大雨，在电池放电前使其短路。当装置在普通的水坑中发出噼啪声并熄灭时，她开心地嘶嘶作响，她古老的优雅未受现代浪涌的影响。智慧之灵比电线活得更久。","","","","",""
"MSG_C_BATTERY_O_LOSS","The orc's metal armor was grounded by a thick layer of dungeon filth, rendering the battery's charge harmless. He roared a challenge as he simply ignored the sparks, his heavy axe descending to crush the glowing device into useless scrap metal. Raw power ignored the energy.","オークの金属鎧はダンジョンの分厚い汚れによって接地されており、バッテリーの電荷は無害なものとなった。魔物は火花を完全に無視して咆哮を上げ、重斧を振り下ろして輝くデバイスを無用な屑鉄へと変える。生身の力は、エネルギーの干渉を撥ね退けたのである。","兽人的金属盔甲由于一层厚厚的地牢污垢而接地，使得电池充电变得无害。当他直接忽视火花时，他发出了挑战的咆哮，他沉重的斧头落了下来，将发光的装置粉碎成无用的废铁。原始力量忽視了这种能量。","","","","",""
"MSG_C_BATTERY_P_WIN","The pixie found herself caught in a cross-fire of arcs, her wings singed by the sudden, clinical heat of the battery. She shrieked in pain as the electrical field disrupted her magical flight, sending her tumbling to the hard dungeon floor. The forest trickster was grounded by the pulse.","ピクシーはアーク放電の十字砲火に捉えられ、その羽はバッテリーの突発的で冷徹な熱によって焼き焦がされた。電場が魔力による飛行を乱し、苦鳴と共に彼女を硬いダンジョンの床へと叩きつける。森の悪戯っ子は、パルスの前にその翼を失ったのである。","小仙女发现自己被困在电弧的交火中，她的翅膀由于电池突然的临床热量而被烧焦。当电场打乱了她魔法飞行时，她因痛苦而尖叫，使其跌落在坚硬的地牢地板上。森林骗子被脉冲落地了。","","","","",""
"MSG_C_BATTERY_Q_LOSS","The coeurl's own electrical nature acted as a magnet, drawing the battery's power into its legendary whiskers to boost its speed. It became a blur of lethal white light, striking with triple the force before the player could even blink. The master of power claimed the battery.","クアールは生まれ持った雷の性質を利用してバッテリーのエネルギーを吸収し、その力を伝説的な髭に蓄えて速度を爆発させた。魔物は致命的な白光の残像と化し、プレイヤーが瞬きする間に三倍の威力となって襲いかかる。力の支配者は、バッテリーを自らの糧としたのである。","夸尔自身的电力属性充当了磁体，将电池的电力吸入它那传奇般的须中以提升其速度。它变成了一道致命白光的模糊影像，在玩家眨眼前就以三倍的力量发起了攻击。力量之主夺走了电池。","","","","",""
"MSG_C_BATTERY_R_LOSS","The rats were so many that the battery's charge was instantly divided among thousands of small bodies, rendering it harmless. They swarmed over the device, their tiny teeth gnawing on the wires and casing until the light finally faded to black. The swarm consumed the energy.","ラットの群れはあまりに膨大で、バッテリーの電荷は数千の小さな体に分散され、完全に無力化された。魔物たちはデバイスに群がり、小さな歯で導線や筐体を齧り尽くし、やがてその光は完全に消失する。群れは、エネルギーそのものを食い尽くしたのである。","老鼠是如此之多，以至于电池的电荷被立即分配到了数千个小身体里，使其变得无害。它们成群结队地涌过装置，它们微小的牙齿啃咬着电线和外壳，直到光线最终消逝成黑暗。鼠群消耗了这种能量。","","","","",""
"MSG_C_BATTERY_S_LOSS","The slime's acidic body began to dissolve the battery's casing, the chemicals reacting to create a foul, insulating sludge. It coated the device in a thick, non-conductive layer, its mindless pulsations continuing long after the energy had been neutralized. The gel won the chemical war.","スライムの強酸性の肉体がバッテリーの筐体を溶かし始め、化学反応によって不快な絶縁性のヘドロを作り出した。デバイスは厚い非伝導層で覆われ、エネルギーが失われた後も魔物は無機質な脈動を続ける。泥濘は、化学的な勝負を制したのである。","史莱姆的酸性身体开始溶解电池的外壳，化学反应产生了一种恶心、绝缘的淤泥。它在装置上覆盖了一层厚厚的不导电层，在能量被中和很久之后，它的无脑脉动仍在继续。凝胶赢得了这场化学战。","","","","",""
"MSG_C_BATTERY_T_LOSS","The troll's immense vitality allowed it to absorb the electrical shock as if it were a bracing morning massage. It laughed a booming, primitive sound as it picked up the battery and tossed it aside, its prehistoric muscles unbothered by the modern tickle. The giant was too big to shock.","トロールの計り知れない生命力は、電気ショックをまるで心地よい朝のマッサージのように受け入れてしまった。原始的な哄笑を上げ、魔物はバッテリーを拾い上げると無造作に投げ捨てる。先史時代の筋肉は、近代的な刺激など歯牙にもかけなかった。巨人は、痺れさせるには大きすぎたのである。","巨魔巨大的生命力使其能够吸收电击，仿佛这只是一次令人振奋的晨间按摩。由于当它拿起电池并将其扔到一边时，它发出了雷鸣般、原始的笑声，它那史前肌肉不受这种现代抓挠的困扰。巨人太大了，无法用电击处理。","","","","",""
"MSG_C_BATTERY_U_WIN","The undead stood still, their cold grey forms acting as perfect conductors for the battery's clinical energy. For a moment, they looked as bright as new stars before their necrotic spirits were finally returned to the earth. The wandering souls found a rest in the current.","アンデッドは立ち尽くし、その冷たい灰色の肉体はバッテリーから放たれる冷徹なエネルギーの完璧な導体となった。壊死した魂が大地へと還されるその直前、彼らは一瞬だけ新星のように輝いた。彷徨う魂は、電流の中に安らぎを見出したのである。","亡灵静立着，由于它们冷灰色的形态成了电池临床能量的完美导体。在它们坏死的灵魂最终归于大地之前，有一瞬间它们看起来像新星一样明亮。徘徊的灵魂在电流中找到了安息。","","","","",""
"MSG_C_BATTERY_V_LOSS","The vampire's aristocratic movements were so fast he was gone before the battery's discharge could find its mark. He appeared from the shadows behind the device, his cold touch draining the energy source as if it were a vintage wine. The prince of the night drank the power.","ヴァンパイアの高貴な動きはあまりに速く、放電が標的を捉える前に彼はその場から消えていた。影の中からデバイスの背後に現れると、冷徹な一触れでエネルギー源をヴィンテージ・ワインのように飲み干す。夜の王子は、その力を自らの血肉としたのだ。","吸血鬼贵族般的动作太快了，在电池放电找到目标前，他就已经消失了。他从装置后面的阴影中出现，他冰冷的触摸耗尽了能源，仿佛这是一款陈年美酒。深夜王子饮下了这股力量。","","","","",""
"MSG_C_BATTERY_W_LOSS","The wolf pack's coordination was so perfect they leapt through the gaps in the electrical field, circling the device with predatory cunning. They took turns striking at the battery's vulnerable points, their group instinct defeating the single source of power. The forest took the spark.","ウルフの群れの連携は完璧で、彼らは電場の隙間を縫うように跳躍し、捕食者の狡猾さでデバイスを包囲した。交互にバッテリーの脆弱な箇所を突き、群れの生存本能が単一の動力源を制圧する。森は、その火花を沈黙させたのである。","狼群的协作是如此完美，它们在电场的缝隙中跃过，以掠食者的狡诈包围了装置。它们轮流攻击电池的脆弱环节，它们的群体本能击败了单一的动力源。森林夺走了火花。","","","","",""
"MSG_C_BATTERY_X_LOSS","Xalthis's multiple bodies existed in a state of constant, shifting static that matched the battery's output frequency perfectly. It simply synced with the surge, its many limbs striking from the shelter of the sparks to tear the device apart. The nightmare was powered by the discharge.","ザルティスの多重の肉体は常に変動する静的な状態にあり、それはバッテリーの出力周波数と完璧に同調していた。魔物はサージと完全に同期し、火花の影から放たれる無数の肢によってデバイスをバラバラに引き裂く。悪夢は、放電によって更なる力を得たのである。","扎尔提斯多重的身体存在于一种恒定的、不断变化的静电状态中，完美地匹配了电池的输出效率。它只是简单地与浪涌同步，它的许多肢体从火花的掩护中发起攻击，将装置撕碎。这场噩梦是由放电驱动的。","","","","",""
"MSG_C_BATTERY_Y_LOSS","The yeti's dense, mountain-cold fur acted as a natural insulator, the electricity merely crackling harmlessly on the surface of his white coat. He let out a frosty roar as he buried the battery under a massive block of ice, turning the heat into a cold peace. The king of the ice won.","イエティの密度の高い極寒の毛皮は天然の絶縁体となり、電流は白い毛並みの表面で無害にパチパチと鳴るだけだった。霜の咆哮を上げ、魔物は巨大な氷の塊の下にバッテリーを埋め込み、その熱を静寂なる冷気へと変える。氷の王が、勝利を飾ったのだ。","雪人浓密、山间冰凉的毛皮充当了天然绝缘体，电流只是在它洁白外套的表面无害地吱吱作響。当它将电池埋在一个巨大的冰块下，将热量转化为冰冷的和平时，它发出了一声霜冻的咆哮。冰原之王获勝了。","","","","",""
"MSG_C_BATTERY_Z_LOSS","The zombie's dead flesh had no nervous system left to shock, and its necrotic energy actually dampened the electrical field. It plodded forward through the arcs, its cold grey hands reaching for the device to silence its clinical hum through sheer persistence. Entropy won the war.","ゾンビの腐り落ちた肉体にはショックを受けるべき神経系が残っておらず、その壊死エネルギーは逆に電場を減退させた。魔物はアーク放電の中を平然とし歩み寄り、冷たい灰色の手でデバイスを掴んで、執念深くその機械的な唸りを沈黙させる。エントロピーが、戦いに勝利したのだ。","僵尸腐烂的肌肉已经没有神经系统供电击了，它的坏死能量实际上削弱了电场。它在大弧中步履蹒跚地前进，它冰冷的灰色大手伸向装置，通过纯粹的执著平息了它的临床嗡鸣。熵赢得了这场战争。","","","","",""
"MSG_C_BUCKET_A_WIN","You scooped up the entire ant colony in a single pass with the heavy plastic bucket. They found themselves trapped in a smooth, blue abyss with no way to climb out. The pest problem was contained and carried away.","強力なプラスチックバケツで、アリの軍団をまるごと一気に掬い上げた。滑らかな青い深淵に閉じ込められた魔物たちに、這い上がる術は残されていなかった。害虫の問題は封じ込められ、そのまま運び去られた。","用强力的塑料水桶将蚁群一股脑儿地捞了起来。被困在光滑蓝色深渊里的魔物们，失去了爬上来的手段。害虫问题被封锁，并就这样被拎走了。","","","","",""
"MSG_C_BUCKET_B_WIN","The bat was knocked out of the air by a heavy swing of the bucket and then trapped beneath it. It shrieked in the dark, echoes of its' own voice confusing it until it fell silent. The basement was clear and the monster was caged.","力強く振り抜かれたバケツが空中を舞うコウモリを叩き伏せ、そのまま床の上に閉じ込めた。暗闇の中で響く自分の叫び声に魔物は混乱し、やがて静寂が訪れた。地下室には静寂が戻り、怪物はバケツの檻の中へと消えた。","挥舞有力的水桶击坠了在空中盘旋的蝙蝠，并顺势将其困在了地板上。魔物在黑暗中因回荡的自身惨叫而陷入混乱，不久便归于沈寂。地下室恢复了宁静，怪物消失在了水桶牢笼中。","","","","",""
"MSG_C_BUCKET_C_LOSS","You tried to trap the cobra under the bucket, but the serpent was too fast and slipped away. It hissed as it coiled around your arm, its' fangs sinking into your flesh before the bucket hit the floor. Your cage was a failure.","バケツを被せてコブラを閉じ込めようとしたが、蛇の敏捷さはあなたの予想を遥かに上回っていた。魔物は器用に隙間をすり抜け、あなたの腕に絡みついて死の牙を剥いた。バケツの檻は、無惨な失敗に終わった。","试图用水桶罩住眼镜蛇，但长蛇的敏捷程度远超你的预料。魔物灵巧地钻出缝隙，缠绕在你的手臂上露出了死神的獠牙。水桶牢笼以惨败告终。","","","","",""
"MSG_C_BUCKET_D_WIN","You managed to catch the dragon's fiery breath in a bucket of magical cooling water. The resulting steam blinded the beast, and a heavy hit from the bucket's rim silenced it forever. The legend ended in a splash.","ドラゴンの火炎の息を、魔法の冷却水で満たしたバケツで見事に受け止めた。発生した蒸気が魔物の視界を奪い、続くバケツの縁での強烈な一撃が致命傷となった。伝説の怪物は、水しぶきと共にその幕を閉じた。","用水桶里装满的魔法冷却水，精彩地接住了巨龙噴出的火焰。产生的蒸汽夺走了魔物的视线，紧接着用水桶边缘的强力一击成了致命伤。传说中的怪物伴随着飞溅的水花落下了帷幕。","","","","",""
"MSG_C_BUCKET_E_WIN","The bucket provided just enough water to soothe the Ent's scorched roots, calming the forest spirit. It bowed its' head in gratitude and stepped aside, ending the conflict peacefully. The guardian was refreshed and neutralized.","バケツ一杯の水がエントの焦げた根を癒やし、逆上していた精霊の心を静めた。感謝の意を込めて巨木はその枝を伏せ、争いは静かに終わりを迎えた。森の守護者は、機能的に沈黙し、安らぎを得た。","一桶水治愈了树精烧焦的根部，安抚了它因愤怒而狂乱的心。巨木垂下枝干以示感谢，争斗在静默中宣告终结。森林守卫在功能上陷入沈黙，获得了安宁。","","","","",""
"MSG_C_BUCKET_F_WIN","A swift toss of the bucket trapped the annoying fly against the wall, ending its' flight. The impact crushed the small pest instantly, leaving the air clean and quiet. Your domestic tool cleared the room.","バケツの素早い投擲が、壁に止まっていたハエを逃さず閉じ込めた。衝撃によって小さな魔物は一瞬で潰され、不快な羽音の代わりに静寂が戻った。日用品の武器が、空間を清浄に保つのに一役買った。","迅捷投出的水桶将停在墙上的苍蝇死死罩住。冲击让这只微小的魔物瞬间被碾碎，令人不快的嗡鸣声被静寂取而代之。日用品武器在保持空间清净方面立下了汗马功劳。","","","","",""
"MSG_C_BUCKET_G_LOSS","The goblin found the bucket to be a clumsy trap and easily dodged your swing. It laughed as it used its' dirty dagger to puncture the plastic, letting out a stinking stream of sludge. Your inventory was ruined by the brute.","ゴブリンにとって、あなたのバケツによる攻撃はあまりにも鈍重で、避けるのは容易かった。奴は哄笑を上げながら汚れた短剣でバケツに穴を開け、中から不快な異臭を放つ液を漏れさせた。道具は破壊され、地牢の不潔さがさらに増した。","对于哥布林来说，你用水桶发起的攻击实在是太迟钝，躲闪起来易如反掌。它一边狞笑一边用肮脏的短剑在桶身上戳了个洞，任凭令人不快的异臭液体流出。工具被破坏，地牢的肮脏程度进一步增加了。","","","","",""
"MSG_C_BUCKET_H_WIN","You managed to scoop up the harpy's eggs in the bucket, using them as leverage to end the fight. She screamed in maternal distress and fled, leaving her territory in your clean hands. The queen of the sky was defeated by a bucket.","ハーピーの巣から卵をバケツで掬い取り、それを人質（卵質）にして戦いを終わらせた。母親としての本能が魔物を戦慄させ、彼女は悲鳴を上げながら空へと去っていった。空の女王は、ただのバケツの前に敗北を認めた。","用水桶捞走了哈皮巢穴里的卵，并以此作为筹码结束了战斗。母性本能令魔物战栗，它一边哀鸣一边遁入高空。天空之女王在普通的水桶面前认输了。","","","","",""
"MSG_C_BUCKET_I_WIN","The imp was caught off guard and the bucket was slammed over its' head, trapping it. Its magical whispers echoed in the metal cylinder, confusing its' own brain until it fainted. The prankster was neatly contained.","油断していたインプの頭にバケツを力任せに被せ、その存在を閉じ込めた。金属製の筒の中で自分の魔法が反響し、魔物は自身の力によって気絶して倒れた。魔界の悪戯っ子は、完璧に収容された。","向大意的小恶魔头上猛地罩下水桶，将其存在封锁在内。在金属筒内回荡的自身魔法使魔物因自己的力量而昏厥，倒地不起。魔界的捣蛋鬼被完美收容了。","","","","",""
"MSG_C_BUCKET_J_LOSS","The jelly's gelatinous mass simply flowed into the bucket and then overflowed, covering you in slime. It used the bucket as a mold to create a stronger, more focused strike. Your containment tool as a part of the threat.","ジェリーの流動的な身体はバケツの中に収まるどころか、それを足場にして溢れ出し、あなたを飲み込んだ。怪物はバケツを型にしてより力強い打撃を放ち、あなたの武器を逆に利用した。包囲しようという試みは、絶望的な結末を招いた。","果冻怪流动的身体并没有被装进水桶，反而以此为立足点满溢而出，将你吞噬。怪物以水桶为模具释放了更强力的打击，反过来利用了你的武器。包围的尝试招致了绝望的结局。","","","","",""
"MSG_C_BUCKET_K_LOSS","The kobold easily sniffed out your bucket trap and flanked you instead. It laughed as it used its' powerful claws to shred the plastic into useless ribbons. The warrior ignored your domestic tactics and went for the kill.","コボルドは自慢の嗅覚であなたのバケツの罠を容易に見破り、逆にあなたの背後へと回り込んだ。魔物は嘲笑いながら強力な爪でプラスチックを切り裂き、道具はただのゴミへと成り果てた。戦士はあなたの奇策を無視し、冷酷に刃を振るった。","狗头人凭借引以为傲的嗅觉轻易看穿了你的水桶陷阱，反而绕到了你身后。魔物一边嘲笑一边用强力的爪子撕碎了塑料，工具变成了废纸。战士无视了你的奇策，冷酷地挥下了刀刃。","","","","",""
"MSG_C_BUCKET_L_WIN","The lizard's quick movements were anticipated and it was trapped under the heavy bucket. You slammed a weight on top, sealing the predator in a cold, dark plastic prison. The silent hunter was finally cleaned off the field.","リザードの素早い動きを先読みし、重いバケツの下に魔物を閉じ込めることに成功した。すかさず重石を乗せて封印し、冷酷な狩人は暗闇のプラスチック刑務所へと収監された。戦場から、不気味な気配が綺麗に消え去った。","预判了蜥蜴的敏捷动作，成功将其困在了沉重的水桶下。随即压上重石将其封印，冷酷的掠食者被关进了黑暗的塑料监狱。战场上那种诡异的气息被清理得干干净净。","","","","",""
"MSG_C_BUCKET_M_WIN","The mummy's fragile, dry remains were scooped up into the bucket and carried to a safe disposal site. It tried to cursed you but the bucket's magical protective layer held firm. Thousands of years of decay were neatly collected.","マミーの脆い遺骸をバケツで掬い上げ、安全な廃棄場所へと速やかに移送した。魔物は最後の呪詛を吐こうとしたが、バケツの保護層がそれを許さなかった。不浄な歴史の残滓は、たった一杯のバケツの中に収められた。","用水桶捞起木乃伊脆弱的遗骸，迅速移送到了安全的废弃场所。魔物试图吐出最后的咒语，但水桶的保护层并未允许。不洁历史的残渣被装进了一个小小的水桶里。","","","","",""
"MSG_C_BUCKET_N_LOSS","The naga's huge size made it impossible for the bucket to contain her. She used her magical powers to turn the bucket into a crude, flying projectile that hit you in the chest. Your cleaning tools were effectively used against you.","ナーガの巨体をバケツという小さな器に収めることなど、最初から不可能な試みだった。彼女は魔力を使い、逆にバケツをあなたの胸部を狙った強力な投擲武器へと作り替えた。日用品は魔の手によって、死を運ぶ道具へと変貌した。","想要将纳迦庞大的身躯装入水桶这种小容器，从一开始就是不可能的尝试。她施展魔力，反而将水桶重塑成了瞄准你胸部的强力投掷武器。日用品在魔爪下蜕变成了传递死亡的工具。","","","","",""
"MSG_C_BUCKET_O_LOSS","The orc merely sneered as you tried to slam the bucket over its' head. It crushed the plastic with its' bare hands and used the sharp fragments to score its' own hide. Your domestic strategy failed against raw fury.","オークの頭にバケツを被せようという試みは、鼻先で笑われ、粉砕された。魔物は素手でプラスチックを握り潰し、その鋭い破片で自らの腕を傷つけて闘争心を煽った。蛮勇の力の前では、バケツなど子供のオモチャも同然だった。","想要在兽人头上罩水桶的尝试被嗤之以鼻并随之粉碎。魔物徒手捏碎了塑料，用尖锐的碎片割伤自己的手臂以扇动斗志。在蛮勇之力面前，水桶无异于小儿玩物。","","","","",""
"MSG_C_BUCKET_P_LOSS","The pixie dodged the bucket and used her magic to fill it with illusions of gold coins. As you reached for the fake treasure, she struck you down with a bolt of light. The forest trickster won through your own greed.","ピクシーはバケツを軽々とかわし、逆にその中を幻の金貨でいっぱいに満たして見せた。あなたが偽りの財宝に目を奪われた隙に、彼女の鋭い魔法があなたを射抜いた。森の悪戯好きは、あなたの強欲さを利用して勝利を掴んだ。","小仙女轻巧地躲过水桶，反而变戏法般地在里面装满了幻觉金币。趁你被虚假的财宝夺走视线之机，她锐利的魔法射穿了你。森林里的捣蛋鬼利用你的贪婪攫取了胜利。","","","","",""
"MSG_C_BUCKET_Q_LOSS","The coeurl's electric fur short-circuited through the bucket, causing a massive explosion of energy. You were thrown back as the creature mocked your failure, its' whiskers crackling with lightning. The high-speed beast wasn't fit for a bucket.","クアールの帯電した毛皮がバケツを通じてショートし、凄まじいエネルギーの爆発を引き起こした。爆風に吹き飛ばされるあなたを嘲笑いながら、魔物は自慢の髭を鳴らしてトドメを刺した。高速の捕食者を、安物の容器に閉じ込めることはできなかった。","夸尔带电的皮毛通过水桶发生短路，引发了剧烈的能量爆炸。一边嘲笑被爆炸气浪掀翻的你，魔物一边抖动引以为傲的胡须给出了致命一击。无法将高速掠食者关进廉价的容器里。","","","","",""
"MSG_C_BUCKET_R_LOSS","The rat swarm simply flowed around the bucket and used it as a pivot to flank you. They bit through your ankles while you were focused on handling the heavy tool. The pack was too coordinated for a simple trap.","ラットの群れはバケツの周囲を器用にすり抜け、道具を遮蔽物として利用し背面へと回り込んだ。あなたが重いバケツの扱いに苦戦している間に、無数の牙があなたの足を食い破った。計算された群れの連携に、バケツ一つで対抗するのは不可能だった。","鼠群灵巧地绕过水桶，并将其作为掩体绕到了背后。在你费劲摆弄沉重水桶时，无数毒牙咬碎了你的脚。想要凭一个水桶对抗计算周密的鼠群协作是不可能的。","","","","",""
"MSG_C_BUCKET_S_LOSS","The slime absorbed the bucket and used the plastic to harden its' striking surface. It became a heavy, crushing mass that easily overwhelmed your defenses. Your attempt to clean was transformed into a deadly weight.","スライムはバケツを身体に取り込み、プラスチックの硬さを利用してより強力な打撃面を形成した。怪物は重厚な打撃武器へと変貌し、あなたの防御を紙のように引き裂いた。清掃の試みは、自分を死に至らしめる「重し」へと姿を変えた。","史莱姆将水桶纳入体内，利用塑料的硬度形成了更强力的打击面。怪物蜕变成了厚重的打击武器，如撕纸般扯碎了你的防御。清理的尝试变异成了置你于死地的“累赘”。","","","","",""
"MSG_C_BUCKET_T_WIN","You slammed the heavy bucket over the troll's head, blinding it. The brute stumbled into a deep pit while trying to remove the plastic helmet.","トロールの頭にバケツを力任せに被せ、その視界を完全に遮断した。プラスチックの兜を外そうともがく怪物は、そのまま足元の深穴へと転落していった。","用力将水桶罩在巨魔头上，完全切断了它的视线。挣扎着想要摘掉塑料头盔的怪物，就这样掉进了脚下的深坑。","","","","",""
"MSG_C_BUCKET_U_LOSS","The spectral Undead were too incorporeal for the bucket to hold, passing through the plastic like it was smoke. They laughed as your tool clattered uselessly on the floor, their cold presence chilling the room. You cannot bucket a ghost.","実体のないアンデッドにとって、バケツという物理的な障壁は何の意味もなさなかった。魔物は煙のようにプラスチックをすり抜け、あなたの手元には虚しさと冷気だけが残った。幽霊をバケツに閉じ込めるなど、あり得ぬ妄想に過ぎなかった。","对于没有实态的不死族，水桶这种物理屏障毫无意义。魔物如烟雾般穿过塑料，你的手中只剩下了空虚和冷气。想要用水桶困住幽灵，不过是异想天开。","","","","",""
"MSG_C_BUCKET_V_LOSS","The vampire used his noble magic to turn the bucket into a shower of sharp, metallic shards. He stood unaffected as the fragments shredded your clothing and focus. The night lord refused to be contained by a household item.","ヴァンパイアは高貴な魔力を使い、バケツを鋭い金属の破片の雨へと変貌させた。自らが作り出した破片によって身体を切り刻まれるあなたを、彼は冷笑と共に眺めていた。夜の君主は、家事の道具によって拘束される屈辱を許さなかった。","吸血鬼使用高贵的魔力，将水桶变异成了尖锐金属碎片的雨阵。他冷笑着盯着被自己制造的碎片割伤身体的你。夜之君主决不容许受困于家务工具的屈辱。","","","","",""
"MSG_C_BUCKET_W_LOSS","The wolf pack easily dodged the bucket and used their coordinated movement to surround you instead. They howled as they tore your supplies to pieces, leaving you wide open for the final strike. The hunters were too smart for such a heavy tool.","ウルフの群れはバケツの攻撃を軽々と回避し、完璧な連携であなたを死角から追い詰めた。彼らは遠吠えを上げながらあなたの道具をバラバラに噛み砕き、トドメの一撃を放った。狩人たちは、この鈍重な道具を扱う隙を逃さなかった。","狼群轻而易举地躲过了水桶的攻击，并凭借完美的协作从死角将你逼入绝境。它们一边远嚎一边将你的工具咬得支离破碎，并施加了致命一撃。猎人们没放过你摆弄这件笨重工具的破绽。","","","","",""
"MSG_C_BUCKET_X_LOSS","Xalthis's many legs swatted away the bucket with mechanical precision, causing it to bounce uselessly off the walls. Its' venomous tail struck you while you were still off-balance from the heavy swing. The multi-legged terror couldn't be bucketed.","ザルティスの無数の足が、機械的な正確さで投げつけられたバケツを叩き落とした。バケツが空しく壁に跳ね返る間に、毒を持つ尾が正確にあなたの急所を貫いた。多足の恐怖をバケツで閉じ込めるなど、到底不可能な試みだった。","扎尔提斯无数只脚以机械般的精准拍飞了投来的水桶。在水桶徒劳地撞墙回弹之机，带毒的尾巴已精准刺入你的要害。想要用水桶困住多肢的恐怖，终究是不可能的尝试。","","","","",""
"MSG_C_BUCKET_Y_LOSS","The yeti's frost turned the bucket's water into a solid block of ice, instantly freezing it to your hands. It then used its' massive strength to shatter the ice and you along with it. The king of the mountains wouldn't be cooled by a bucket.","イエティの放つ冷気がバケツの水を一瞬で凍らせ、あなたの手ごと機械的に固定してしまった。魔物はそのまま巨大な拳を振り下ろし、氷もろともあなたの身体を粉砕した。雪山の主にとって、バケツ一杯の水など冷や水にもならなかった。","雪人散发的冷气瞬时冻结了水桶里的水，将你的手也一并机械地固定住了。魔物顺势挥下巨拳，连同冰块一起粉碎了你的身体。对于雪山之主来说，一桶水连泼冷水都算不上。","","","","",""
"MSG_C_BUCKET_Z_LOSS","The zombie's dead flesh only ripped away when caught by the bucket, its' unfeeling form continuing its' relentless crawl. It ignored the tool and bit into your shoulder as we moved within range. The living dead couldn't be stopped by a bucket.","ゾンビの腐肉をバケツで掬ったところで、肉の塊が剥がれ落ちるだけで魔物の前進を止めることはできなかった。奴は肉片を散らしながら不気味に歩み寄り、あなたの身体を食い破った。動く死体を止めるには、バケツ一杯の抵抗など無に等しかった。","即便用水桶捞起僵尸的腐肉，也只会捞起一块块碎肉，无法阻止魔物的前进。它一边散播着肉块一边诡异地逼近，咬碎了你的身体。想要阻止会动的尸体，区区一个水桶的抵抗无异于无。","","","","",""
"MSG_C_BROOM_A_WIN","You swept the ant colony into a neat pile and deposited them into a nearby dustpan. The tiny insects found themselves relocated to the outside world without much fuss. The floor was finally clear of the swarm.","アリの軍団を丁寧な掃き掃除で一箇所にまとめ、ちりとりへと回収した。小さな魔物たちは大きな騒ぎになることもなく、そのまま屋外へと強制移送された。床からはついには害虫の影が消え、清浄が戻った。","通过仔细扫除将蚁群聚拢到一处，并回收进了簸箕。这些微小的魔物甚至没能引起大骚乱，就这样被强行移送到了室外。地板上终于消失了害虫的身影，恢复了清净。","","","","",""
"MSG_C_BROOM_B_LOSS","The bat simply flew over your broom, mockingly flapping its wings out of your reach. Your sweeping only stirred up more dust from the floor, making you cough and leaving you exposed. The master of the air was too high for a broom.","コウモリはほうきが届かぬ高さを優雅に飛びまわり、あなたの無意味な掃き掃除を嘲笑った。立ち昇る埃があなたの視界と肺を奪い、戦いは絶望的な状況へと陥った。空の支配者に、地上用の道具は届かなかった。","蝙蝠优雅地在扫帚够不着的高度盘旋，嘲笑着你无意义的扫除。升腾的灰尘夺走了你的视线和呼吸，战斗陷入了绝望的境地。地上用的工具根本无法触及天空之王。","","","","",""
"MSG_C_BROOM_C_WIN","The cobra's low profile made it easy to guide into a corner with the broom's bristles. It hissed as it was swiped into a dustpan and carried away to a safe distance. The predator was neatly swept out of the fight.","しなやかに地を這うコブラを、ほうきの毛先で巧みに誘導し、部屋の隅へと追い詰めた。そのままちりとりへと収容し、魔物は不本意ながらも遠くへと運び去られた。捕食者は、清掃作業の一環として処理された。","用扫帚毛尖巧妙引导贴地滑行、身姿曼妙的眼镜蛇，将其逼入了房间一角。顺势将其收入簸箕，魔物虽非本愿但也只能被拎向远方。掠食者作为清理工作的一部分被处理了。","","","","",""
"MSG_C_BROOM_D_WIN","You used the broom to clear away the soot and ash from the dragon's snout, cooling its' focus. The massive beast sneezed from the dust you kicked up, providing a gap to finish the battle. Legend met its match in a clean floor.","ドラゴンの鼻先に溜まった煤と灰をほうきで勢いよく掃き出し、魔力の集中を乱した。舞い上がった埃で魔物は盛大にくしゃみをし、その隙に致命的な一撃を叩き込んだ。伝説は、徹底した衛生管理の前に膝を突いた。","用力扫除巨龙口鼻处堆积的煤烟和灰烬，扰乱了其魔力的集中。飞扬的尘土让魔物大打喷嚏，趁此空档你施加了致命一击。传说在彻底的卫生管理面前屈服了。","","","","",""
"MSG_C_BROOM_E_WIN","The broom cleared away the dead leaves and twigs from the Ent's base, revitalizing the spirit. It felt so much younger that it stopped its' attack and settled into a peaceful rest. The forest was swept into serenity.","エントの根元に溜まっていた落ち葉や枯れ木を掃き清め、森の精霊に若々しい活力をもたらした。魔物は攻撃の意志を失い、かつての平穏を取り戻して深い眠りについた。森の静寂は、丁寧な清掃によって守られた。","清扫了堆积在树精根部的落叶和枯木，为森林之灵带来了年轻的活力。魔物丧失了攻击意志，恢复了往日的平宁并陷入深眠。森林的宁静得到了仔细扫除的呵护。","","","","",""
"MSG_C_BROOM_F_WIN","The fly was swatted from the air by a precise swing of the broom's handle, ending its' flight for good. The impact and the dust you cleared left the room fresh and quiet. The buzzing was finally gone.","空飛ぶハエを、ほうきの柄を使った正確な一振りが捉え、その不快な生涯を終わらせた。衝撃と共に空間は浄化され、耳障りな羽音の代わりに静寂が戻った。不快な害虫は、日用品によって完璧に排除された。","用扫帚柄精准一挥捉住了行中的苍蝇，结束了它那令人不快的一生。伴随着冲击空间被净化，宁静取代了刺耳的嗡鸣声。令人不快的害虫被日用品完美地排除了。","","","","",""
"MSG_C_BROOM_G_WIN","The goblin's small frame was easily guided into a corner and swiped into a large dustpan. It screamed as it was carried to the exit, confused by the sudden efficiency of your cleaning tools. The dungeon was swept clear of bullies.","ゴブリンの小柄な身体をほうきで部屋の隅へと追い込み、特大のちりとりへと情け容赦なく回収した。ゴミのように扱われる屈辱に奴は悲鳴を上げたが、出口へと運び出されるまで運命は変えられなかった。地牢の不浄は、また一つ清掃された。","将哥布林矮小的身体扫向房间一角，并毫不留情地回收进了特大号簸箕。对于像垃圾一样被打理的屈辱，它发出了尖叫，但在被拎到出口前命运无法改变。地牢的不洁又被清理掉了一处。","","","","",""
"MSG_C_BROOM_H_LOSS","Information about the harpy's location was cleared by the broom, as you accidentally swept away your own focus. She shrieked as she dove, using the dust you raised to mask her lethal strike. The sky queen wouldn't be swept aside.","ハーピーの攻撃を回避しようとしたが、舞い上がった埃があなたの視界を完全に遮ってしまった。彼女はその隙を逃さず、死角から鋭い爪を立てて襲いかかってきた。空の女王にとって、あなたの掃き掃除は格好の目くらましに過ぎなかった。","试图躲避哈皮的攻击，但飞扬的尘土完全遮蔽了你的视线。她没有错过这个破绽，从死角亮起利爪袭来。对于天空之女王，你的清扫不过是绝佳的掩体。","","","","",""
"MSG_C_BROOM_I_LOSS","The imp turned into a small cloud of soot, which was easily scattered by your broom but remained uncaptured. It reformed behind you, laughing at your attempt to sweep a shadow. The demon prankster was too fast for a broom.","インプは一瞬にして煤の山へと姿を変え、ほうきの掃撃を軽々といなしてしまった。魔物はあなたの背後に再出現し、影を掃こうとする不毛な努力を嘲笑った。魔界の悪戯っ子は、掃き掃除で捕らえられるほどヤワではなかった。","小恶魔瞬间化作一堆煤烟，轻而易举地化解了扫帚的扫击。魔物在你身后再现，嘲笑着你扫除阴影的徒劳努力。魔界的捣蛋鬼可不是靠大扫除就能抓到的软蛋。","","","","",""
"MSG_C_BROOM_J_WIN","The jelly was slowly and carefully swept into a giant dustpan, its' liquid mass held together by the bristles. You carried it to the disposal site and dumped it out, clearing the floor completely. The threat was swept away.","ジェリーの流動的な身体をほうきの毛先で慎重に纏め上げ、巨大なちりとりへと導いた。怪物はその形を保ったまま収容され、あなたは勝利の確信と共にそれを廃棄場所へと捨てた。フロアからは、不気味な粘液が綺麗に消え去った。","用扫帚毛尖慎重地聚拢起果冻怪流动的身体，并将其引入巨大的簸箕。怪物保持着原型被收容，你带着胜利的信心将其扔进废弃场。地板上这种诡异的粘液被清理得干干净净。","","","","",""
"MSG_C_BROOM_K_LOSS","The kobold avoided your broom with experienced movements, flanking you while you swept. It used the opportunity to strike with its' sword, leaving you with nothing but a stick. The warrior ignored your domestic strategies.","コボルドは長年の経験を活かし、あなたのほうきをあざ笑うかのように死角へと回り込んだ。あなたが掃き掃除に気を取られている間に、鋭い刃があなたの無防備な背中を襲った。戦士にとって、掃き掃除という奇策は通じなかった。","狗头人活用长年的经验，宛如嘲笑你的扫帚般绕到了死角。当你分神于扫除时，锐利的刀刃袭击了你毫无防備的背部。对于战士来说，扫除这种奇策根本行不通。","","","","",""
"MSG_C_BROOM_L_LOSS","The lizard's quick tail flicked the broom aside, causing you to lose your balance. It lunged while the dust was still settling, ending the fight with clinical efficiency. The silent hunter was too fast to be swept.","リザードの素早い尾の一振りがほうきを弾き飛ばし、あなたの均衡を容易に崩した。舞い上がった埃が落ち着く前に魔物は跳躍し、鋭い爪があなたの命を奪った。冷血な狩人を掃き出すには、あなたの動作はあまりに鈍重だった。","蜥蜴迅捷的尾巴一扫便弹开了扫帚，轻易瓦解了你的平衡。趁尘土尚未落定魔物便已跳起，锐利的爪子夺走了你的性命。想要扫走冷血猎手，你的动作实在是太迟钝了。","","","","",""
"MSG_C_BROOM_M_LOSS","The mummy caught the broom's handle and snapped it like a dry twig. It ignored the dust you kick up and continued its' unfeeling advance, its' ancient malice unaffected by cleaning. Time was too deep for your sweeping.","マミーはほうきの柄をわし掴みにし、乾いた小枝のように容易く叩き折った。舞い上がる埃など魔物は意に介さず、不気味な表情のままあなたを確実に追い詰めた。数千年の怨念を、掃き掃除で浄化することは不可能だった。","木乃伊一把抓住了扫帚柄，像折断枯枝般轻而易举地将其折断。魔物丝毫不理会扬起的尘土，带着诡异的表情确实地将你逼入绝境。想要靠大扫除净化数千年的怨念，终究是不可能的。","","","","",""
"MSG_C_BROOM_N_WIN","The naga's long, majestic tail was guided toward the exit by the firm strokes of your broom. She was so surprised by the direct approach that she followed the motion into the outside world. The serpent queen was organized and removed.","ナーガの長く威厳ある尾を、ほうきによる力強い一振りで出口へと導いた。あまりに直接的なアプローチに驚愕したのか、美しき賢者はそのまま導かれるように戸外へと去っていった。蛇の女王は、綺麗に整理され、排除された。","用扫帚有力地一挥，将纳迦长而威严的尾巴导向了出口。或许是对这种过于直接的处理感到惊愕，美丽的贤者就这样顺着引导步向了户外。蛇之女王得到了整理，遭到了排除。","","","","",""
"MSG_C_BROOM_O_WIN","You used the broom to sweep a cloud of irritating dust into the orc's eyes. Blinded and sneezing, the warrior dropped its axe, allowing your escape.","ほうきを使って、オークの顔面に強烈な埃を叩きつけた。あまりの埃に鼻を突かれた戦士は斧を落として悶絶し、あなたは悠々とその場を離れた。","用扫帚将强烈的灰尘拍在了兽人的脸上。被灰尘呛得够呛的战士丢下斧头痛苦不堪，你则悠然自得地离开了现场。","","","","",""
"MSG_C_BROOM_P_LOSS","The pixie flew in circles around your head, laughing at your attempt to sweep the air. She used her magic to turn the dust into a cloud of itchy spores, leaving you sneezing while she fled. The forest prankster would not be swept.","ピクシーはあなたの頭上を旋回し、空を掃こうとする不毛な努力をお腹を抱えて笑い飛ばした。彼女は魔法で埃を痒い胞子の雲へと変え、くしゃみに悶えるあなたを尻目に闇へと消えた。森の悪戯好きには、ほうきは一生届かないだろう。","小仙女在你头顶盘旋，对着你想打扫空气的徒劳努力笑歪了腰。她施展法术将灰尘变成了发痒的孢子云，趁你因喷嚏挣扎之机消失在黑暗中。扫帚大概这辈子都够不着这只林中捣蛋鬼吧。","","","","",""
"MSG_C_BROOM_Q_WIN","You swept away a series of hidden traps triggered by the coeurl's electric field, clearing a path. The beast was so confused by the loss of its' terrain advantage that it stood still while you won. The high-speed hunter died in an organized room.","クアールの電磁場によって設置された無数の目に見えない罠を、ほうきの一振りですべて掃き清めた。地形の有利を失い、魔物が狼狽した一瞬の隙を突き、あなたは勝利への一撃を放った。高速の捕食者は、整理整頓された空間の中でその命を散らした。","用扫帚一扫，便扫清了由夸尔电磁场设置的无数肉眼不可见的陷阱。趁着失去地形优势引起魔物狼狈的瞬息破绽，你释放了通往胜利的一击。高速掠食者在经过整理的整洁空间里命丧黄泉。","","","","",""
"MSG_C_BROOM_R_LOSS","The rat swarm simply divided around the broom and surrounded you instead. They bit through the bristles and destroyed the tool while their dirty fangs found your ankles. The pack was too numerous for a simple sweeping.","ラットの群れはほうきの掃撃を左右に分かれて回避し、逆にあなたを完璧に包囲した。奴らはほうきの毛を噛みちぎって破壊し、不潔な牙があなたの足を狙って襲いかかった。数に勝る群れに立ち向かうには、ほうき一本ではあまりに心許なかった。","鼠群左右分开避开了扫帚的扫击，反而将你完美包围。它们咬断并破坏了扫帚毛，肮脏的毒牙瞄准了你的脚。面对在数量上占优的鼠群，单凭一把扫帚实在是太不可靠了。","","","","",""
"MSG_C_BROOM_S_LOSS","The slime absorbed the broom and used the bristles to create a thousand tiny venomous needles. It fired them at you in a localized storm, ending the fight before you could react. Your attempt to clean was transformed into a lethal weapon.","スライムはほうきを身体に取り込み、その毛先を千本の毒を宿した針へと造り替えた。怪物はそれを嵐のように浴びせかけ、あなたが反応する前に戦いに決着をつけた。清掃の試みは、自分を死に至らしめる最悪の凶器へと変貌した。","史莱姆将扫帚纳入体内，将其毛尖重塑成了千根带毒的针。怪物如风雪般将其倾泻而下，在你反应过来前就结束了战斗。清理的尝试变异成了置你于死地的最强凶器。","","","","",""
"MSG_C_BROOM_T_LOSS","The troll ignored the broom and used its' massive strength to stomp you into the floor. It found the dust you kicked up to be a minor annoyance as it crushed your cleaning gear. The brute's rampage continued, unbothered by hygiene.","トロールはほうきの攻撃など無視し、巨大な足であなたごと床を踏み抜いた。舞い上がる埃も怪物の怒りを消すには足りず、日用品の道具は塵となって消えた。不潔な巨躯にとって、掃き掃除など児戯にも等しい動作だった。","巨魔无视了扫帚的攻击，用巨足连同你一起踏穿了地板。扬起的尘土不足以熄灭怪物的愤怒，日用品工具化作尘埃消失。对于肮脏的巨体，扫除这种行为无异于儿戏。","","","","",""
"MSG_C_BROOM_U_LOSS","The spectral Undead were too ethereal for the solid broom to affect, passing through the straws like smoke. Your tool clattered uselessly on the floor while their cold presence drained your life. You cannot sweep away a memory of the dead.","実体のないアンデッドに、物理的なほうきによる掃撃は微塵も通用しなかった。道具は魔物の姿を通り抜けて空しく床を鳴らし、あなたの手元には虚しさと冷気だけが残った。死者の記憶を、現世の道具で掃き出すことはできなかった。","对于没有实态的不死族，物理扫帚的扫击完全行不通。工具穿过魔物的身躯徒劳地在地板上回响，你的手中只剩下了空虚和冷气。无法用现世的工具扫除死者的记忆。","","","","",""
"MSG_C_BROOM_V_LOSS","The vampire shifted into shadow, rendering your broom's swing nothing but a waste of energy. He reappeared instantly, smoothing his fine silk suit and mocking your manual labor. The prince of darkness refused to be swept out.","ヴァンパイアが影へと変化すると、ほうきの一振りは何の抵抗もなく空を切った。魔物は一瞬で再出現し、シルクのスーツを整えながらあなたの稚拙な動悸を笑い飛ばした。夜の貴族は、日用品によって排除される屈辱を許さなかった。","当吸血鬼化作阴影，扫帚的一挥只能毫无阻力地划过空气。魔物瞬间再现，一边整理丝绸西装一边嘲笑你那幼稚的动机。夜之贵族绝不容许受辱于日用品。","","","","",""
"MSG_C_BROOM_W_LOSS","The wolf pack easily dodged the broom and used your focus on the cleaning to set up a coordinated strike. They howled as they tore your supplies to pieces, leaving you wide open for the end. The hunters were too smart for a stick.","ウルフの群れはほうきの攻撃を軽々と回避し、完璧な連携であなたを死角から追い詰めた。あなたが掃き掃除に気を取られている間に無数の牙が襲いかかり、凄惨な結末が訪れた。森の狩人たちにとって、この道具を扱う隙は絶好のチャンスだった。","狼群轻而易举地躲过了扫帚的攻击，并凭借完美的协作从死角将你逼入绝境。当你分心于扫除时，无数毒牙袭来，凄惨的结局降临。对于森林里的猎手们，摆弄这件工具的空档便是绝佳的机会。","","","","",""
"MSG_C_BROOM_X_LOSS","Xalthis's many legs swatted away the broom with mechanical precision, leaving it broken in several pieces. It caught you with its' venomous tail while you were still off-balance from the swing. The multi-legged terror couldn't be swept away.","ザルティスの無数の足が、機械的な正確さでほうきを払い落とし、一瞬でバラバラに破壊した。あなたが驚愕に立ち尽くす間に、毒を宿した尾が正確にあなたの急所を貫いた。多足の恐怖を掃き出すなど、叶わぬ夢に過ぎなかった。","扎尔提斯无数只脚以机械般的精准拍飞了扫帚，并瞬间将其破坏得支离破碎。正如你惊愕地呆立当场时，带毒的尾巴已精准刺入你的要害。想要扫走多肢的恐怖，无非是南柯一梦。","","","","",""
"MSG_C_BROOM_Y_LOSS","The yeti's frost turned the broom's straws into brittle spindles of ice that shattered on contact. It used the freezing breath to turn your workspace into a blizzard of frozen shards. The king of the peaks would not be swept.","イエティの放つ冷気がほうきを瞬時に氷漬けにし、触れるだけで砕け散る氷の彫刻へと変えた。冷たい吐息と共に周囲はホワイトアウトし、あなたの意識は極寒の闇へと沈んでいった。雪山の主を、掃き掃除程度で退けることは不可能だった。","雪人散发的冷气瞬时冻结了扫帚，使其变成了触之即碎的冰雕。伴随着冰冷的气息周围陷入白茫茫的一片，你的意识沈入极寒的黑暗。想要靠扫大扫除这种程度击退雪山之主，终究是不可能的。","","","","",""
"MSG_C_BROOM_Z_WIN","You swept away the ancient, unholy dust surrounding the zombie, cleansing the area with holy sanitation. The monster wavered and faded as the spiritual grime that held it together was cleared. The dead were finally swept into a permanent grave.","ゾンビの周囲に漂う不浄な塵をほうきで掃き清め、聖なる清潔さによってその場を浄化することに成功した。死者をこの世に留めていた霊的な垢が消失し、魔物は静かに霧散して土へと還った。動く死体は、丁寧な清掃によってようやく永遠の安らぎを得た。","用扫帚扫清僵尸周围漂浮的不洁尘土，凭借神圣的整洁成功净化了现场。维系死者于现世的灵之垢消失，魔物静静消散，回归尘土。会动的尸体，终于通过仔细的扫除获得了永恒的安宁。","","","","",""
"MSG_C_BRUSH_A_WIN","The giant brush painted a thick coat of white oil over the ant's antennae. It lost all sense of direction and moved blindly. The small scout was silenced by the overwhelming color.","巨大な筆がアリの触角に厚い白油を塗りたくった。魔物は全ての方向感覚を失い、盲目的な彷徨を余儀なくされた。小さな偵察者は、圧倒的な色彩の前に沈黙した。","巨大的画笔在蚂蚁的触角上涂了一层厚厚的白油。它失去了所有的方向感，开始盲目地徘徊。这个小侦察兵在压倒性的色彩面前沉默了。","","","","",""
"MSG_C_BRUSH_B_WIN","The bat's wings were stained with heavy, sticky crimson paint mid-flight. It tried to fly but its delicate membranes were glued shut. Gravity reclaimed the master of the night cave.","コウモリの翼は飛行中に重く粘り気のある深紅の絵具で汚された。飛ぼうとするが繊細な皮膜は固く接着され、魔物は墜落した。重力が夜の洞窟の支配者を再び地上へと引き戻した。","蝙蝠的翅膀在飞行中被厚重粘稠的深红色油漆沾染。它试图飞翔，但它纤细的翼膜被粘住了。重力再次夺回了这位夜洞之王。","","","","",""
"MSG_C_BRUSH_C_WIN","The cobra's hood was painted with vibrant patterns that mocked its warning signs. It hissed in confusion while searching for a threat that was hidden. The serpent was mastered by a single stroke.","コブラの鎌首には、自らの警告色を嘲笑うかのような鮮やかな模様が描かれた。眼前の脅威を見失い、魔物は当惑しながら威嚇を繰り返した。毒蛇は、たった一筆の前に屈した。","眼镜蛇的头罩上被画上了鲜艳的图案，嘲笑着它自己的警告信号。它在困惑中发出嘶嘶声，寻找着被隐藏的威胁。这条蛇被一笔征服了。","","","","",""
"MSG_C_BRUSH_D_WIN","A magical brush drew a line across the dragon's eyes, blinding it with light. The sky-king roared and swiped at thin air, unable to see clearly. The legend was momentarily obscured by art.","魔力の筆がドラゴンの瞳に一本の線を引き、黄金の光でその視界を奪った。空の王は咆哮し、見えぬ敵に対して虚しく爪を振るった。伝説の巨躯は、一瞬の芸術によってその輝きを失った。","一支神奇的画笔在巨龙的眼睛上划过一条线，用金色的光芒使其失明。天空之王咆哮着，向虚无的空气挥击。传记瞬间被艺术所掩盖。","","","","",""
"MSG_C_BRUSH_E_WIN","The ancient ent's bark was used as a canvas for a winter landscape. It became so entranced by the paintings on its skin that it forgot its guard. The forest sentinel fell asleep in its beauty.","古のエントの樹皮は、冬の風景を描くキャンバスとして使われた。自らの肌に描かれた絵に見惚れ、魔物は守護の役目を忘却した。森の番人は、自らの美しさの中で永遠の眠りについた。","古老树精的树皮被用作绘制冬季景观的画布。它被自己皮肤上的画作迷住了，以至于忘记了警戒。森林哨兵在自己的美丽中沉睡了。","","","","",""
"MSG_C_BRUSH_F_WIN","The brush swatted the fly out of the air and covered it in a mess of blue. It buzzed feebly as the paint hardened into a heavy, colorful tomb. The pest's flight ended in a splash of art.","筆が空中のハエを叩き落とし、青い絵具の混濁の中に閉じ込めた。絵具が重い墓標へと変わる中、魔物は力なく羽を震わせた。小さな害虫の飛行は、芸術の一滴の中に終わった。","画笔将苍蝇从空中拍落，并将其覆盖在一片蓝色的混乱中。随着油漆硬化成一个沉重的坟墓，它虚弱地振动着翅膀。这个小虫的飞行在艺术的飞溅中结束了。","","","","",""
"MSG_C_BRUSH_G_WIN","The goblin was painted with a neon pattern that made its stealth impossible. It stumbled over its feet while trying to hide its glowing skin. The coward was exposed by the artist's vision.","ゴブリンはネオン色の紋様を塗られ、影の中での隠密を封じられた。光り輝く皮膚を隠そうとして、魔物は自らの足でもつれて転倒した。臆病者は芸術家の洞察によって白日の下に晒された。","哥布林被涂上了霓虹灯图案，使其无法潜行。它在试图隐藏自己发光的皮肤时绊倒了自己的脚。这名懦夫在艺术家的洞察下无所遁形。","","","","",""
"MSG_C_BRUSH_H_WIN","A long, sweeping stroke of the brush pinned the harpy's wings to the wall. She shrieked as the paint dried with magic speed, sealing her flight. The sky-queen was framed by art.","筆の一振りがハーピーの羽を石壁に縫い付けた。魔法の速度で絵具が乾き、彼女の飛翔は永遠に封じられた。天空の女王は、鮮やかな芸術の額縁の中に閉じ込められた。","画笔长长的一挥将哈皮的羽子钉在墙上。随着油漆以不可思议的速度干燥，她的飞行被封锁。天空女王被艺术定格了。","","","","",""
"MSG_C_BRUSH_I_LOSS","The imp easily danced around the heavy brush strokes, its laughter echoing as it turned the paint into a cloud of blinding soot. It used the artist's tools to mock their efforts, leaving only a mess of wasted color. The prankster remained uncaptured.","インプは重い筆致を軽やかにかわし、その嘲笑はスタジオ中に響き渡った。魔物は絵具を瞬時に盲目的な煤の雲へと変え、芸術家の努力をあざ笑うかのようにその道具を利用する。そこには、無駄になった色彩の混濁だけが残されたのである。","小恶魔轻而易举地躲过了沉重的画笔笔触，它的笑声回荡着，将油漆变成了一团令人失明的煤烟。它利用艺术家的工具嘲笑其努力，只留下一团浪费的颜色。淘气鬼依然未被捕获。","","","","",""
"MSG_C_BRUSH_J_LOSS","The jelly absorbed the brush into its translucent mass, its fluid structure instantly dissolving the wood and bristles. It pulsed with a vibrant, inner power as it used the pigments to grow even larger. The monster was merely strengthened by the medium.","ジェリーはその半透明の肉体で筆を飲み込み、流動的な構造によって木材も毛先も瞬時に溶解させた。魔物は顔料を自らの滋養として吸収し、内側から溢れ出す色彩と共にさらに巨大化していく。怪物は、表現の媒体によって強化されたに過ぎなかった。","果冻怪将画笔吸入其半透明的质量中，其流体结构立即溶解了木头和刷毛。由于它利用颜料变得更加庞大，它搏动着一种充满活力的内在力量。这个怪物只是被媒介加强了。","","","","",""
"MSG_C_BRUSH_K_WIN","The kobold tried to snap the brush, but found its eyes filled with thick ink. It yelped in terror as it lost sight of the enemy and fell into a trap. The hunter was blinded by a master's stroke.","コボルドは筆を折ろうとしたが、厚いインクで視界を奪われた。獲物の姿を見失い、悲鳴を上げながら自ら罠へと落ちた。部族の狩人は、巨匠の一撃の前に盲目となった。","狗头人试图折断画笔，却发现眼睛里充满了浓稠的墨水。由于看不见敌人，它在恐怖中尖叫并掉进了一个陷阱。猎手被大师的一笔弄瞎了。","","","","",""
"MSG_C_BRUSH_L_WIN","The lizard's scales were painted with cool colors that lowered its temperature. It shivered and became lethargic as its energy was stolen by the art. The predator fell into a dream of winter.","リザードの鱗には、体温を下げる寒色系の色が塗られた。環境からの熱を奪われ、魔物は震えながら無気力に陥った。冷血な捕食者は、真冬の夢の中へと堕ちていった。","蜥蜴的鳞片被涂上了清凉的颜色，降低了它的体温。随着能量被艺术夺走，它颤抖着变得昏昏欲睡。捕食者坠入了冬天的梦境。","","","","",""
"MSG_C_BRUSH_M_WIN","The mummy's bandages were soaked in heavy oil paint that prevented movement. It became a living statue, unable to even reach out its ancient hands. The curse was ended by a fresh layer of art.","マミーの包帯は、動きを封じる重い油絵具で浸された。魔物は生ける石像と化し、その古の手を伸ばすことすら叶わなかった。永遠の呪縛は、芸術の新たな層によって塗り潰された。","木乃伊的绷带被沉重的油画颜料浸透，阻止了一切行动。它变成了一尊活生生的雕像，甚至无法伸出古老的手。诅咒被一层崭新的艺术终结了。","","","","",""
"MSG_C_BRUSH_N_LOSS","The naga's smooth scales caused the brush to slip without leaving a mark. She laughed as the paint pooled harmlessly on the cold stone floor. The artist's attempt to capture her beauty failed.","ナーガの滑らかな鱗の上で、筆は跡を残すことなく滑った。床に滴り落ちる無害な絵具を見て彼女は冷笑し、優雅にその場を去った。彼女の美を捉えようとした芸術家の試みは、空虚な結果に終わった。","纳迦光滑的鳞片使画笔滑落，没有留下任何痕迹。当油漆无害地汇聚在冰冷的石地板上时，她笑了。艺术家捕捉她美丽的尝试失败了。","","","","",""
"MSG_C_BRUSH_O_LOSS","The orc ignored the brush and swung its axe, shattering the handle instantly. The brute's thick skin remained untouched by the delicate strokes of art. The monster roared in victory over the fragile tool.","オークは筆の一振りを無視し、その斧で柄を瞬時に粉砕した。繊細な芸術の筆致も、魔物の厚い皮を傷つけることは叶わなかった。怪物は脆弱な道具に勝利し、荒々しい勝鬨を上げた。","兽人无视画笔并挥动斧头，瞬间击碎了柄部。魔物厚实的皮毛在精致的艺术笔触下毫发无伤。怪物对这件脆弱工具的胜利发出了吼叫。","","","","",""
"MSG_C_BRUSH_P_WIN","A small brush painted a perfect portrait on the pixie's delicate wing. The weight of the paint threw her off balance and she fell in a blur of gold. The spirit was brought down by her own image.","小さな筆がピクシーの繊細な翼に、完璧な肖像画を刻んだ。絵具の重みが彼女の均衡を崩し、金色の旋風を巻き起こしながら墜落した。精霊は、自らの肖像の重みの前に膝を突いた。","一支小画笔在小仙女精致的旗舰翅膀上画了一幅完美的画像。油漆的重量使她失去了平衡，她在金色的模糊中坠落。这个生灵被她自己的画像击倒了。","","","","",""
"MSG_C_BRUSH_Q_LOSS","The coeurl sensed the brush's path and moved with lightning speed. It watched from the shadows, eyes glowing with a predatory intelligence. The hunter was far too fast to be framed by any artist.","クアールは筆の軌道を察知し、雷鳴のごとき速さでその場を辞した。影から観察する瞳には、捕食者の冷徹な知性が宿っていた。狩人を額縁に収めるには、その動きはあまりに速すぎた。","夸尔察觉到了画笔的路径，并以闪电般的速度移动。它在阴影中注视着，眼睛里闪烁着掠夺者的智慧。猎手太快了，任何艺术家都无法将其定格。","","","","",""
"MSG_C_BRUSH_R_LOSS","The rats tore at the soft bristles of the brush until nothing remained. The artist's tool was reduced to a handle of shredded wood in seconds. The collective hunger of the pack overcame the beauty.","ラットの群れが筆の柔らかい毛に噛みつき、瞬く間に引き裂いた。芸術家の道具は、数秒で無益な木切れへと成り果てた。群れの集団的な飢えは、いかなる芸術の美しさをも凌駕した。","老鼠们撕扯着画笔柔软的刷毛，直到什么都不剩。艺术家的工具在几秒钟内就变成了一个破碎的木柄。鼠群的集体饥饿感压倒了美感。","","","","",""
"MSG_C_BRUSH_S_LOSS","The slime absorbed the paint and merely changed its translucent color. It continued its slow advance, happy with its new vibrant green hue. The monster was immune to the art's deeper meaning.","スライムは絵具を吸収し、ただ半透明の身体に色を付けただけだった。新たな色調を気に入ったかのように、魔物は悠々と前進を続けた。怪物は芸術の深遠なる意味に対して、あまりに無頓着だった。","史莱姆吸收了油漆，只是改变了它半透明的颜色。它继续缓慢地前进，对它那鲜艳的绿色调感到满意。怪物对艺术的深层含义免疫。","","","","",""
"MSG_C_BRUSH_T_LOSS","The troll's skin was too tough for any artistic stroke to leave a mark. It grunted as the bristles tickled its hide, then swiped the artist aside. The brute preferred survival over aesthetic appreciation.","トロールの皮膚はあまりに硬く、いかなる筆跡も残ることはなかった。毛先が肌を擽るのに苛立ちながら、魔物は芸術家を力任せに薙ぎ払った。野蛮な怪物は、美的価値よりも生存を選んだ。","巨魔的皮肤太坚硬了，任何艺术笔触都无法留下印记。刷毛在它的皮上挠痒，它哼了一声，然后把艺术家扫到一边。比起审美，这个禽兽更喜欢生存。","","","","",""
"MSG_C_BRUSH_U_WIN","The brush drew a circle of holy silver paint around the undead's feet. It was unable to cross the shimmering line, its spirit trapped by the image. The dead were given a boundary they couldn't break.","筆がアンデッドの足元に神聖な銀の円を描いた。光り輝く線を越えることができず、魔物の魂は絵の力によってその場に留められた。死者はついに、破ることのできない境界を与えられた。","画笔在亡灵的脚下画了一个神圣的银色圆圈。它无法越过闪亮的线，它的灵魂被图像困住了。死者被赋予了一个他们无法突破的边界。","","","","",""
"MSG_C_BRUSH_V_LOSS","The vampire turned into a cloud of mist, letting the brush pass harmlessly. He reappeared with a mocking smile, his dark cloak swirling in the air. The prince of shadows was too elusive for any artist.","ヴァンパイアは霧へと姿を変え、筆の攻撃を無害にやり過ごした。闇色のマントをなびかせ、魔物は嘲笑と共に再び姿を現した。影の貴公子は、いかなる芸術家にとってもあまりに捉えがたかった。","吸血鬼化作一团迷雾，让画笔无害地穿过。他带着嘲弄的微笑重新出现，他的玄色斗篷在空气中飞舞。影子王子对任何艺术家来说都太难以捉摸了。","","","","",""
"MSG_C_BRUSH_W_LOSS","The wolf recognized the brush as a hunter's weapon and ripped it away. It stood over the broken tool, growling with a primitive protectiveness. The beast refused to be domesticated by art.","ウルフは筆を武器と認識し、芸術家の手から速やかに奪い去った。壊れた道具の上で、魔物は縄張りを守る本能的な唸り声を上げた。獣が芸術によって手なずけられることは、決してなかった。","狼认出画笔是猎人的武器并将其夺走。它站在损坏的工具旁，带着原本追求进化的低吼。兽类拒绝被艺术驯化。","","","","",""
"MSG_C_BRUSH_X_LOSS","Xalthis's many legs snapped the brush before it could finish a stroke. Its venomous body remained unpainted as it prepared to strike again. The multi-legged terror had no time for portraits.","ザルティスは一筆が完成する前に、その多足で筆を容易くへし折った。毒を持つ身体は何色にも染まることなく、魔物は再び獲物を狙った。多足の恐怖には、肖像画に応じる時間などなかった。","扎尔提斯在画笔完成一笔之前就将其折断了。它带毒的身体保持着未上色的状态，准备再次攻击。多肢的恐怖没有时间画像。","","","","",""
"MSG_C_BRUSH_Y_LOSS","The yeti's thick fur absorbed the paint without changing color at all. It let out a deep growl that shook the peaks, ignoring the fragile tools. The giant of the north was a natural, unpainted monolith.","イエティの厚い毛は、全く色を変えることなく絵具を吸い込んだ。雪山を揺らす咆哮を上げ、魔物は芸術家の脆弱な道具を無視した。北方の巨人は、それ自体が完成された、描かれる必要のない神秘だった。","雪人厚厚的皮毛吸收了油漆，完全没有改变颜色。它发出了地震般的低沉咆哮，震撼了山峰，无视了脆弱的工具。北方巨人是天然的、未被绘制的纪念碑。","","","","",""
"MSG_C_BRUSH_Z_LOSS","The zombie stood blankly as the colors of the palette covered its face. It felt no wonder or confusion, only the eternal hunger driving it forward. The dead could not be moved by the artistry of the living.","ゾンビは色彩が腐敗した顔を覆っても、ただぼんやりと立ち尽くしていた。驚きも混乱もなく、ただ永遠の飢えだけが魔物を突き動かした。生者の芸術性は、死者を動かすことはできなかった。","当调色板的颜色覆盖在僵尸的脸上时，它茫然地站着。它没有感到惊奇或困惑，只有永恒的饥饿驱动着它。死者不会被生者的艺术所打动。","","","","",""
