"keys","en","ja","zh","ru","es","pt","de","ko"
"MSG_C_TRAP_A_WIN","Magic traps entangled the ant pack. Trapped the insects fell into a panic and self-destructed.","足元に仕掛けられた魔法の罠がアリの群れを絡め取った。逃げ場を失った虫たちは、パニックに陥り自滅した。","布在脚下的魔法陷阱缠住了蚁群。失去退路的昆虫们陷入恐慌，最终自取灭亡。","Магические ловушки запутали муравьиную стаю. Попав в ловушку, насекомые впали в панику и самоликвидировались.","Trampas mágicas enredaron a la manada de hormigas. Atrapados, los insectos entraron en pánico y se autodestruyeron.","Armadilhas mágicas emaranharam o bando de formigas. Armadilhados, os insetos entraram em pânico e se autodestruíram.","Magische Fallen verstrickten das Ameisenvolk. In der Falle gerieten die Insekten in Panik und zerstörten sich selbst.","마법 함정이 개미 떼를 얽어매었습니다. 함정에 빠진 곤충들은 패닉에 빠져 자멸했습니다."
"MSG_C_TRAP_B_WIN","Invisible chains from the dark crushed the bat's wings. Stripped of flight the monster hit the dirt.","闇から放たれた目に見えぬ鎖が、コウモリの翼を打ち砕いた。空の自由を奪われた魔物は、地に這いつくばった。","从黑暗中射出的无形锁链击碎了蝙蝠的翅膀。被夺走飞行自由的魔物狼狈地趴在了地上。","Невидимые цепи из темноты раздавили крылья летучей мыши. Лишившись полета, монстр упал в грязь.","Cadenas invisibles de la oscuridad aplastaron las alas del murciélago. Despojado del vuelo, el monstruo cayó al suelo.","Correntes invisíveis da escuridão esmagaram as asas do morcego. Privado do voo, o monstro atingiu o chão.","Unsichtbare Ketten aus der Dunkelheit zerschmetterten die Flügel der Fledermaus. Des Fluges beraubt, schlug das Monster auf dem Boden auf.","어둠 속에서 나타난 투명한 사슬이 박쥐의 날개를 짓부수었습니다. 비행 능력을 박탈당한 마물은 땅바닥에 처박혔습니다."
"MSG_C_TRAP_C_WIN","You placed a blade trap in the cobra's path. Its beautifully patterned body was hacked to pieces.","急降下する毒蛇の通り道に、鋭利な刃の罠を設置した。美しき模様を持つ長躯は、無残にも切り刻まれた。","在剧毒长蛇俯冲的必经之路上设置了利刃陷阱。那有着美丽花纹的长躯被残忍地切成了碎片。","Вы установили ловушку с лезвиями на пути кобры. Её красиво украшенное тело было изрублено в куски.","Colocaste una trampa de cuchillas en el camino de la cobra. Su cuerpo bellamente estampado fue cortado en pedazos.","Você colocou uma armadilha de lâmina no caminho da naja. Seu corpo lindamente padronizado foi cortado em pedaços.","Du hast eine Klingen-Falle auf dem Pfad der Kobra platziert. Ihr wunderschön gemusterter Körper wurde in Stücke gehackt.","코브라의 경로에 칼날 함정을 설치했습니다. 아름다운 무늬의 긴 몸은 처참하게 조각났습니다."
"MSG_C_TRAP_D_WIN","You triggered legendary restraints on the dragon. Its sky-shaking roars couldn't overcome its despair.","巨竜の足を封じる伝説の拘束具を起動した。天をも揺るがす咆哮も、地に縫い付けられた絶望には勝てなかった。","启动了足以封锁巨龙脚步的传说拘束具。震撼天空的咆哮也无法战胜被钉在地面上的绝望。","Вы активировали легендарные оковы на драконе. Его сотрясающий небо рев не смог преодолеть отчаяние.","Activaste restricciones legendarias en el dragón. Sus rugidos que sacudían el cielo no pudieron superar su desesperación.","Você acionou restrições lendárias no dragão. Seus rugidos que abalavam o céu não puderam superar seu desespero.","Du hast legendäre Fesseln am Drachen ausgelöst. Sein himmelserschütterndes Brüllen konnte seine Verzweiflung nicht überwinden.","용에게 전설적인 구속구를 작동시켰습니다. 하늘을 뒤흔드는 포효도 땅에 못 박힌 절망을 이겨내지 못했습니다."
"MSG_C_TRAP_E_WIN","You set a mana-draining trap beneath the tree spirit. Deprived of life the ancient tree withered.","木の精霊の根が張る地面に、魔力を吸い取る罠を仕掛けた。生命の源を絶たれた古木は、そのまま立ち枯れた。","在树精扎根的地面设置了吸取魔力的陷阱。被断绝了生命之源的古木就这样枯萎在了原地。","Вы установили ловушку, поглощающую ману, под духом дерева. Лишившись жизни, древнее дерево засохло.","Colocaste una trampa de drenaje de maná bajo el espíritu del árbol. Despojado de vida, el árbol antiguo se marchitó.","Você armou uma armadilha de drenagem de mana sob o espírito da árvore. Privada de vida, a árvore antiga murchou.","Du hast eine Mana-entziehende Falle unter dem Baumgeist aufgestellt. Seiner Lebenskraft beraubt, verdorrte der alte Baum.","나무 정령 밑에 마나를 흡수하는 함정을 설치했습니다. 생명의 근원을 빼앗긴 고목은 그대로 시들어 버렸습니다."
"MSG_C_TRAP_F_WIN","You set a micro-suction trap for the fly. The small target vanished into the void as if swallowed.","鬱陶しいハエの飛行進路に、微細な吸引の罠を張った。小さな標的は吸い込まれるように、虚空へと消えた。","在讨厌苍蝇的飞行航线上布下了微细吸引陷阱。微小的目标仿佛被吸入一般，消失在了虚空中。","Вы установили ловушку с микро-всасыванием для мухи. Маленькая цель исчезла в пустоте, как будто её проглотили.","Colocaste una trampa de micro-succión para la mosca. El pequeño objetivo desapareció en el vacío como si fuera tragado.","Você armou uma armadilha de micro-sucção para a mosca. O pequeno alvo desapareceu no vazio como se fosse engolido.","Du hast eine Mikro-Saugfalle für die Fliege aufgestellt. Das kleine Ziel verschwand in der Leere, als wäre es verschluckt worden.","파리의 비행 경로에 미세 흡입 함정을 설치했습니다. 작은 목표물은 삼켜지듯 허공으로 사라졌습니다."
"MSG_C_TRAP_G_WIN","You set a trap more complex than the goblin's wit. Drowned in its own plots it met a grisly end.","ゴブリンの狡猾な知恵をも上回る、複雑怪奇な罠を仕掛けた。自らの策略に溺れた奴は、無惨な最期を遂げた。","设置了超越哥布林狡猾智慧的复杂怪异陷阱。溺死在自己策略中的它迎来了凄惨的末路。","Вы установили ловушку более сложную, чем ум гоблина. Утонув в собственных заговорах, он встретил ужасный конец.","Colocaste una trampa más compleja que el ingenio del goblin. Ahogado en sus propios complots, tuvo un final espantoso.","Você armou uma armadilha mais complexa que a astúcia do goblin. Afogado em suas próprias tramas, ele teve um fim horrível.","Du hast eine Falle aufgestellt, die komplexer war als der Verstand des Goblins. Ertrunken in seinen eigenen Komplotten, fand er ein schreckliches Ende.","고블린의 지혜보다 더 복잡한 함정을 설치했습니다. 자신의 계략에 빠진 고블린은 비참한 최후를 맞이했습니다."
"MSG_C_TRAP_H_WIN","A gravity trap slammed the circling harpy down. The queen of the sky died from the impact.","旋回するハーピーを、重力操作の罠が地上へ叩き落とした。空の女王は落下の衝撃に耐えられず、沈黙した。","重力操作陷阱将旋回中的哈皮重重摔在了地上。天空之女王无法承受坠落的冲击，陷入了沉默。","Гравитационная ловушка швырнула кружащую гарпию вниз. Королева неба погибла от удара.","Una trampa de gravedad derribó a la arpía que circulaba. La reina del cielo murió por el impacto.","Uma armadilha de gravidade derrubou a harpia que circulava. A rainha do céu morreu com o impacto.","Eine Gravitationsfalle schmetterte die kreisende Harpie zu Boden. Die Königin des Himmels starb durch den Aufprall.","중력 함정이 선회하던 하피를 땅으로 내동댕이쳤습니다. 하늘의 여왕은 충격으로 사망했습니다."
"MSG_C_TRAP_I_WIN","You sealed the imp's pranks with a viler trap. Bound by icy chains it could only tremble in fear.","小生意気なインプの悪魔的な悪戯を、より悪烈な拘束の罠で封じ込めた。氷のような鎖に繋がれた奴は、ただ怯えるばかりだ。","用更加恶毒的拘束陷阱封锁了小恶魔恶魔般的恶作剧。被冰冷锁链拴住的它只能瑟瑟发抖。","Вы пресекли проделки беса более подлой ловушкой. Скованный ледяными цепями, он мог только дрожать от страха.","Sellaste las bromas del imp con una trampa más vil. Atado por cadenas gélidas, solo podía temblar de miedo.","Você selou as travessuras do imp com uma armadilha mais vil. Preso por correntes geladas, ele só conseguia tremer de medo.","Du hast die Streiche des Imps mit einer noch gemeineren Falle unterbunden. An eisige Ketten gebunden, konnte er nur noch vor Angst zittern.","임프의 장난을 더 지독한 함정으로 봉쇄했습니다. 차가운 사슬에 묶인 임프는 공포에 떨 수밖에 없었습니다."
"MSG_C_TRAP_J_WIN","You set a flash-freeze trap for the jelly. The monster turned into grisly shards of ice.","ジェリーの通り道に瞬間冷凍の罠を仕掛けた。形を保てなくなった怪物は、無残な氷の破片へと変わった。","在果冻怪的必经之路上设置了瞬间冷冻陷阱。无法维持形状的怪物变成了凄惨的冰之碎片。","Вы установили ловушку мгновенной заморозки для желе. Монстр превратился в ужасные осколки льда.","Colocaste una trampa de congelación rápida para la gelatina. El monstruo se convirtió en espantosos fragmentos de hielo.","Você armou uma armadilha de congelamento instantâneo para a geleia. O monstro transformou-se em horríveis cacos de gelo.","Du hast eine Schockfrost-Falle für das Gelee aufgestellt. Das Monster verwandelte sich in grausige Eissplitter.","젤리에게 순간 냉동 함정을 설치했습니다. 형태를 유지할 수 없게 된 마물은 처참한 얼음 조각으로 변했습니다."
"MSG_C_TRAP_K_WIN","A shadow trap from a blind spot caught the nimble kobold. Dragged into the dark it never returned.","コボルドの身軽な動きを、死角に潜む影の罠が捉えた。闇に引きずり込まれた奴は、二度と姿を見せなかった。","在死角潜伏的影子陷阱捉住了狗头人轻盈的身影。被拽入黑暗之中的它再也没有现身。","Теневая ловушка из слепой зоны поймала проворного кобольда. Утащенный в темноту, он больше не вернулся.","Una trampa de sombras desde un punto ciego atrapó al ágil kobold. Arrastrado a la oscuridad, nunca regresó.","Uma armadilha de sombras de um ponto cego pegou o ágil kobold. Arrastado para a escuridão, ele nunca mais voltou.","Eine Schattenfalle aus einem toten Winkel fing den flinken Kobold ein. In die Dunkelheit gezerrt, kehrte er nie zurück.","사각지대에서 나타난 그림자 함정이 민첩한 코볼트를 붙잡았습니다. 어둠 속으로 끌려간 그는 다시는 돌아오지 않았습니다."
"MSG_C_TRAP_L_LOSS","The lizard sensed your trap beforehand. Mocking your failure it attacked from the shadows.","リザードの鋭い感覚は、あなたの罠の気配を事前に察知した。空振りした罠を嘲笑うかのように、奴は影から襲いかかる。","蜥蜴敏锐的感知预先察觉到了你陷阱的气息。它嘲笑着落空的陷阱，并从影子中发起了袭击。","Ящерица заранее почувствовала вашу ловушку. Насмехаясь над вашей неудачей, она атаковала из тени.","El lagarto sintió tu trampa de antemano. Burlándose de tu fracaso, atacó desde las sombras.","O lagarto sentiu sua armadilha de antemão. Zombando do seu fracasso, ele atacou das sombras.","Die Eidechse spürte deine Falle im Voraus. Deinen Misserfolg verspottend, griff sie aus dem Schatten an.","리자드는 당신의 함정을 미리 감지했습니다. 실패를 비웃듯 그림자 속에서 습격해 왔습니다."
"MSG_C_TRAP_M_LOSS","Since mummies feel no pain physical traps are useless. The undead draws near dragging its broken body.","マミーは痛みを感じないため、肉体を損なう罠も意味をなさない。壊れた体を引きずりながら、不死の怪物が迫る。","因为木乃伊感觉不到痛苦，损伤肉体的陷阱毫无意义。拖着残破的身体，不死的怪物逼近了。","Так как мумии не чувствуют боли, физические ловушки бесполезны. Нежить приближается, волоча свое сломленное тело.","Como las momias no sienten dolor, las trampas físicas son inútiles. El no muerto se acerca arrastrando su cuerpo roto.","Como as múmias não sentem dor, armadilhas físicas são inúteis. O morto-vivo se aproxima arrastando seu corpo quebrado.","Da Mumien keinen Schmerz empfinden, sind physische Fallen nutzlos. Der Untote nähert sich und schleift seinen gebrochenen Körper hinter sich her.","미라는 통증을 느끼지 못하기 때문에 육체적 함정은 무용지물입니다. 부서진 몸을 이끌고 불사의 괴물이 다가옵니다."
"MSG_C_TRAP_N_WIN","Spear traps from the earth pierced the naga's body. It was a fitting stage for her beautiful end.","ナーガのしなやかな蛇身を、大地から突き出した槍の罠が貫いた。美しい最期を望んだ彼女に、ふさわしい舞台だった。","从大地刺出的长枪陷阱贯穿了纳迦的蛇身。对于渴望华丽落幕的她来说，这是个合适的舞台。","Ловушки-копья из земли пронзили тело наги. Это была подходящая сцена для её прекрасного конца.","Trampas de lanzas desde la tierra atravesaron el cuerpo de la naga. Fue un escenario apropiado para su hermoso final.","Armadilhas de lança da terra perfuraram o corpo da naga. Foi um palco apropriado para seu belo fim.","Speerfallen aus der Erde durchbohrten den Körper der Naga. Es war eine passende Bühne für ihr schönes Ende.","땅에서 솟아오른 창 함정이 나가의 몸을 꿰뚫었습니다. 그녀의 아름다운 최후에 걸맞은 무대였습니다."
"MSG_C_TRAP_O_LOSS","The orc smashed your trap with brute force bleed and all. Your plot failed before the savage beast.","オークは自らの血を流しながら、罠を力任せに破壊した。蛮勇の怪物を前に、あなたの計略は脆くも崩れ去った。","兽人流着鲜血，凭蛮力破坏了陷阱。在蛮勇的怪物面前，你的计策脆弱地崩塌了。","Орк разбил вашу ловушку грубой силой, несмотря на раны. Ваш заговор провалился перед диким зверем.","El orco destrozó tu trampa con fuerza bruta, sangrando y todo. Tu complot falló ante la bestia salvaje.","O orc esmagou sua armadilha com força bruta, sangrando e tudo. Seu plano falhou diante da besta selvagem.","Der Ork zertrümmerte deine Falle mit roher Gewalt, trotz seiner Wunden. Dein Plan scheiterte an der wilden Bestie.","오크는 피를 흘리면서도 함정을 힘으로 부숴버렸습니다. 야만적인 맹수 앞에서 당신의 계략은 허무하게 무너졌습니다."
"MSG_C_TRAP_P_LOSS","The pixie's light warped your trap's timing. The monster vanished into mist as the trap failed.","ピクシーの幻惑の光が、罠の発動タイミングを狂わせた。空しく空を切る仕掛けを尻目に、魔物は霧へと消えた。","小仙女迷幻的光芒扰乱了陷阱の発动时机。魔物无视徒劳空响的机关，消失在了雾中。","Свет пикси исказил время вашей ловушки. Монстр исчез в тумане, когда ловушка не сработала.","La luz de la pixie distorsionó el tiempo de tu trampa. El monstruo desapareció en la niebla al fallar la trampa.","A luz da pixie distorceu o tempo da sua armadilha. O monstro desapareceu na névoa quando a armadilha falhou.","Das Licht der Pixie verzerrte das Timing deiner Falle. Das Monster verschwand im Nebel, als die Falle fehlschlug.","픽시의 환상적인 빛이 함정의 작동 타이밍을 어긋나게 했습니다. 함정이 헛방을 치는 사이 마물은 안개 속으로 사라졌습니다."
"MSG_C_TRAP_Q_LOSS","The coeurl's field read the air and neutralized your trap. Your reward was a powerful lightning strike.","クアールの電磁場が空気の振動を読み、設置した罠を無効化した。失敗の報酬は、獣が放つ強烈な雷撃だった。","夸尔的电磁场通过读取空气振动使设置的陷阱无效化。失败的回报是猛兽放出的强烈雷击。","Поле куэрла прочитало воздух и нейтрализовало вашу ловушку. Вашей наградой стал мощный удар молнии.","El campo del coeurl leyó el aire y neutralizó tu trampa. Tu recompensa fue un poderoso rayo.","O campo do coeurl leu o ar e neutralizou sua armadilha. Sua recompensa foi um poderoso relâmpago.","Das Feld des Coeurls las die Luft und neutralisierte deine Falle. Deine Belohnung war ein gewaltiger Blitzschlag.","코얼의 전자기장이 공기의 진동을 읽어 설치된 함정을 무력화했습니다. 실패의 대가는 야수가 뿜어내는 강렬한 뇌격이었습니다."
"MSG_C_TRAP_R_WIN","You triggered a massive explosion trap amidst the rats. Their numbers failed against the flames.","ラットの群れが通りかかる瞬間に、大規模な爆破罠を起動した。数に勝る群れも、化学の力の灯火には勝てなかった。","在老鼠群经过的瞬间启动了大规模爆炸陷阱。数量占优的鼠群也无法战胜化学之力的火焰。","Вы активировали массивную ловушку со взрывом среди крыс. Их численность не помогла против пламени.","Activaste una trampa de explosión masiva entre las ratas. Sus números fallaron contra las llamas.","Você acionou uma armadilha de explosão massiva entre os ratos. Seus números falharam contra as chamas.","Du hast eine gewaltige Explosionsfalle inmitten der Ratten ausgelöst. Ihre schiere Anzahl half ihnen nicht gegen die Flammen.","쥐 떼가 지나가는 순간 대규모 폭발 함정을 작동시켰습니다. 숫자가 많아도 화학의 힘인 불길 앞에서는 소용없었습니다."
"MSG_C_TRAP_S_LOSS","Slime mucus swallowed your trap's gears stopping it. Swallowed by sticky dark you knew despair.","スライムの粘液が罠の機構を飲み込み、その働きを止めてしまった。粘つく闇に飲まれたあなたは、絶望を知る。","史莱姆的粘液吞噬了陷阱的机关，使其停止了运作。被粘稠黑暗吞没的你感到了绝望。","Слизь поглотила механизмы вашей ловушки, остановив её. Проглоченный липкой тьмой, вы познали отчаяние.","El mucus del limo se tragó los engranajes de tu trampa, deteniéndola. Tragado por la oscuridad pegajosa, conociste la desesperación.","O muco do limo engoliu as engrenagens da sua armadilha, parando-a. Engolido pela escuridão pegajosa, você conheceu o desespero.","Schleimschleim verschlang die Zahnräder deiner Falle und stoppte sie. Verschluckt von klebriger Dunkelheit, lerntest du Verzweiflung kennen.","슬라임의 점액이 함정의 장치를 삼켜버려 작동을 멈추게 했습니다. 끈적이는 어둠에 삼켜진 당신은 절망을 맛보았습니다."
"MSG_C_TRAP_T_LOSS","The troll's healing sealed even trap wounds instantly. Before that despair your hands shook.","トロールの再生力は、罠による重傷さえも一瞬で癒やしてしまった。絶望の光景を前に、あなたの手は震えた。","巨魔的再生力瞬间治愈了陷阱造成的重伤。面对这绝望的光景，你的双手颤抖了。","Регенерация тролля мгновенно заживила даже раны от ловушки. Перед лицом этого отчаяния ваши руки задрожали.","La curación del trol selló incluso las heridas de la trampa instantáneamente. Ante esa desesperación, tus manos temblaron.","A cura do troll selou até mesmo feridas de armadilha instantaneamente. Diante desse desespero, suas mãos tremeram.","Die Heilkraft des Trolls schloss selbst Fallentüren sofort. Angesichts dieser Verzweiflung zitterten deine Hände.","트롤의 재생력은 함정으로 인한 중상조차 순식간에 치유해 버렸습니다. 절망적인 광경 앞에서 당신의 손은 떨렸습니다."
"MSG_C_TRAP_U_LOSS","Material traps had no effect on the ghostly undead. Death's cold chill froze your heart.","実体のないアンデッドに、物質的な罠は一切の効果を発揮しない。冷たい死の気配が、あなたの心臓を凍りつかせた。","对没有实态的不死族，物质陷阱毫无效果。冰冷的死亡气息令你的心脏感到冻结。","Материальные ловушки не подействовали на призрачную нежить. Холодный озноб смерти заморозил ваше сердце.","Las trampas materiales no tuvieron efecto en el no muerto fantasmal. El gélido escalofrío de la muerte congeló tu corazón.","Armadilhas materiais não tiveram efeito no morto-vivo fantasmagórico. O calafrio gelado da morte congelou seu coração.","Materielle Fallen hatten keine Wirkung auf die geisterhaften Untoten. Der kalte Schauer des Todes ließ dein Herz gefrieren.","실체가 없는 언데드에게 물리적인 함정은 전혀 효과가 없었습니다. 차가운 죽음의 기운이 당신의 심장을 얼어붙게 했습니다."
"MSG_C_TRAP_V_LOSS","The vampire dodged your trap with grace and took your back. From the dark he aimed for your neck.","ヴァンパイアは優雅なステップで罠を回避し、あなたの背後へ。闇に消えた彼の手が、静かに喉元を狙う。","吸血鬼以优雅的步法避开陷阱，绕到了你身后。消失在黑暗中的他正静静地瞄准你的咽喉。","Вампир грациозно уклонился от вашей ловушки и зашел вам в спину. Из темноты он нацелился на вашу шею.","El vampiro esquivó tu trampa con gracia y te tomó la espalda. Desde la oscuridad apuntó a tu cuello.","O vampiro desviou da sua armadilha com graça e pegou suas costas. Da escuridão ele mirou seu pescoço.","Der Vampir wich deiner Falle anmutig aus und fiel dir in den Rücken. Aus der Dunkelheit heraus zielte er auf deinen Nacken.","뱀파이어는 우아한 스텝으로 함정을 회피하고 당신의 뒤를 잡았습니다. 어둠 속으로 사라진 그의 손이 조용히 목덜미를 노립니다."
"MSG_C_TRAP_W_LOSS","The wolf's dodge left your trap snapping at empty air. From your blind spot fangs closed in.","ウルフの俊敏な回避により、罠はただ空しく虚空を噛むだけだった。群れの連携は完璧で、死角から牙が迫る。","由于狼敏捷的躲避，陷阱只是徒劳地咬在了虚空中。它们的协作完美无瑕，毒牙从死角逼近。","Уклонение волка заставило вашу ловушку клацнуть в пустоте. Из вашей слепой зоны сомкнулись клыки.","El esquive del lobo dejó tu trampa cerrándose en el aire vacío. Desde tu punto ciego, los colmillos se cerraron.","A esquiva do lobo deixou sua armadilha estalando no ar vazio. Do seu ponto cego, as presas se fecharam.","Das Ausweichen des Wolfes ließ deine Falle ins Leere schnappen. Aus deinem toten Winkel heraus schlossen sich die Fänge.","늑대의 민첩한 회피로 함정은 허공을 가를 뿐이었습니다. 무리의 협동은 완벽했고, 사각지대에서 송곳니가 다가왔습니다."
"MSG_C_TRAP_X_LOSS","Xalthis's many legs entangled and smashed your trap. A venomous tail aimed for your throat.","ザルティスの不気味な多足が罠を絡め取り、あべこべに破壊した。死を運ぶ尾の毒針が、静かに喉元を狙う。","扎尔提斯诡异的多肢缠绕并破坏了陷阱。死神的尾部毒针静静地瞄准了你的咽喉。","Множество ног Ксалтиса запутали и разбили вашу ловушку. Ядовитый хвост нацелился на ваше горло.","Las muchas patas de Xalthis enredaron y destrozaron tu trampa. Una cola venenosa apuntó a tu garganta.","As muitas pernas de Xalthis emaranharam e esmagaram sua armadilha. Uma cauda venenosa mirou sua garganta.","Xalthis' viele Beine verwickelten und zerschmetterten deine Falle. Ein giftiger Schwanz zielte auf deine Kehle.","잘티스의 기괴한 다리들이 함정을 휘감아 부숴버렸습니다. 죽음을 운반하는 꼬리의 독침이 조용히 목을 노립니다."
"MSG_C_TRAP_Y_LOSS","The yeti's blizzard froze your trap's trigger silencing it. The weapon slipped from your numb hand.","イエティの吹雪のような冷気が、罠の起動部を凍らせ、沈黙させた。感覚のなくなった手から、獲物が滑り落ちる。","雪人如暴风雪般的冷气冻结了陷阱的触发部使其沉默。从失去知觉的手中，猎物滑落了。","Метель йети заморозила спуск вашей ловушки, заставив её замолчать. Оружие выскользнуло из вашей онемевшей руки.","La ventisca del yeti congeló el gatillo de tu trampa, silenciándola. El arma se resbaló de tu mano entumecida.","A nevasca do yeti congelou o gatilho da sua armadilha, silenciando-a. A arma escorregou da sua mão entorpecida.","Der Schneesturm des Yetis ließ den Auslöser deiner Falle einfrieren und verstummen. Die Waffe entglitt deiner tauben Hand.","예티의 눈보라 같은 냉기가 함정의 작동부를 얼려 침묵시켰습니다. 감각이 없어진 손에서 무기가 미끄러졌습니다."
"MSG_C_TRAP_Z_WIN","You set a sticky trap for the zombie. You delivered the final blow as it rotted where it stood.","ゾンビの足元に強粘着の罠を仕掛けた。動けないまま腐敗していく死体に、あなたは最後の一撃を加えた。","在僵尸脚下设置了强力粘着陷阱。对着无法动弹、渐趋腐烂的尸体，你使出了最后一击。","Вы установили липкую ловушку для зомби. Вы нанесли последний удар, пока он гнил там, где стоял.","Colocaste una trampa pegajosa para el zombie. Diste el golpe final mientras se pudría donde estaba.","Você armou uma armadilha pegajosa para o zumbi. Você deu o golpe final enquanto ele apodrecia onde estava.","Du hast eine klebrige Falle für den Zombie aufgestellt. Du versetztest ihm den Todesstoß, während er an Ort und Stelle verrottete.","좀비의 발밑에 강력한 접착 함정을 설치했습니다. 움직이지 못한 채 부패해가는 시체에 마지막 일격을 가했습니다."
"MSG_C_TRUCK_A_WIN","An otherworldly truck pops out of nowhere and crushes a whole group of ants.","どこからともなく飛び出してきた異世界トラックが、アリの群れごと轢き潰した。","一辆超凡脱俗的卡车突然出现，压碎了一群蚂蚁。","Грузовик из другого мира внезапно появился и раздавил целую группу муравьев.","Un camión de otro mundo aparece de la nada y aplasta a todo un grupo de hormigas.","Um caminhão de outro mundo aparece do nada e esmaga todo um grupo de formigas.","Ein Lastwagen aus einer anderen Welt taucht aus dem Nichts auf und zerquetscht eine ganze Gruppe von Ameisen.","어디선가 갑자기 나타난 이세계 트럭이 개미 떼를 한꺼번에 깔아뭉개버렸습니다."
"MSG_C_TRUCK_B_WIN","A speeding truck flies through the night sky, catching a bat in the air and blowing it away.","猛スピードのトラックが夜空を飛び、コウモリを空中でキャッチして吹き飛ばした。","一辆超速行驶的卡车飞过夜空，抓住空中的一只蝙蝠并将其吹走。","Мчащийся на большой скорости грузовик летит по ночному небу, ловя летучую мышь в воздухе и сбивая её.","Un camión a toda velocidad vuela por el cielo nocturno, atrapando a un murciélago en el aire y lanzándolo lejos.","Um caminhão em alta velocidade voa pelo céu noturno, pegando um morcego no ar e soprando-o para longe.","Ein rasender Lastwagen fliegt durch den Nachthimmel, erfasst eine Fledermaus in der Luft und bläst sie weg.","엄청난 속도의 트럭이 밤하늘을 날아 공중의 박쥐를 낚아채 날려버렸습니다."
"MSG_C_TRUCK_C_WIN","The cobra jumped out onto the road, so you hit it with your truck without even stepping on the brakes.","コブラが道路に飛び出してきたため、ブレーキも踏まずにそのままトラックで撥ねた。","眼镜蛇跳到了路上，你什至没有踩刹车就用卡车撞到了它。","Кобра выскочила на дорогу, и вы сбили её грузовиком, даже не нажав на тормоза.","La cobra saltó a la carretera, así que la atropellaste con tu camión sin siquiera pisar el freno.","A naja pulou na estrada, então você a atingiu com seu caminhão sem nem pisar no freio.","Die Kobra sprang auf die Straße, also hast du sie mit deinem Lastwagen angefahren, ohne auch nur auf die Bremse zu treten.","코브라가 도로로 뛰어드는 바람에 브레이크도 밟지 않고 트럭으로 그대로 치어버렸습니다."
"MSG_C_TRUCK_D_WIN","Even the dragon's gigantic physique was powerless against the overwhelming mass of the overloaded truck.","ドラゴンの巨大な体格すら、過積載のトラックの圧倒的な質量の前には無力だった。","即使是巨龙庞大的身躯，也无法抵挡超载卡车的巨大重量。","Даже гигантское телосложение дракона было бессильно против подавляющей массы перегруженного грузовика.","Incluso el gigantesco físico del dragón fue impotente ante la masa abrumadora del camión sobrecargado.","Mesmo o físico gigantesco do dragão era impotente contra a massa esmagadora do caminhão sobrecarregado.","Selbst der gigantische Körperbau des Drachen war machtlos gegen die überwältigende Masse des überladenen Lastwagens.","용의 거대한 체구조차 과적 트럭의 압도적인 질량 앞에서는 무력했습니다."
"MSG_C_TRUCK_E_WIN","A truck hurtles toward the Ent's sacred tree and crashes into it, leaving not a single piece of wood behind.","エントの神聖な大樹に向かってトラックが暴走し、激突して木片一つ残さなかった。","一辆卡车冲向恩特的圣树并撞上了它，没有留下任何一块木头。","Грузовик несется к священному дереву Энта и врезается в него, не оставляя после себя ни щепки.","Un camión se lanza hacia el árbol sagrado del Ent y choca contra él, sin dejar ni un solo trozo de madera.","Um caminhão avança em direção à árvore sagrada do Ent e colide com ela, não deixando um único pedaço de madeira para trás.","Ein Lastwagen rast auf den heiligen Baum des Ents zu und prallt dagegen, wobei nicht ein einziges Stück Holz übrig bleibt.","트럭이 엔트의 신성한 대수를 향해 폭주하며 충돌해 목재 조각 하나 남기지 않았습니다."
"MSG_C_TRUCK_F_LOSS","You tried to swat the fly with the truck, but the high-speed maneuver caused the vehicle to flip over and you were thrown out.","ハエをトラックで叩き落とそうとしたが、無理な高速旋回がたたり、トラックは横転してあなたは車外へ放り出された。","你试图用卡车拍打苍蝇，但强行高速转弯导致卡车侧翻，你被甩出了车外。","Вы пытались прихлопнуть муху грузовиком, но маневр на высокой скорости привел к тому, что автомобиль перевернулся, и вас выбросило наружу.","Intentaste golpear a la mosca con el camión, pero la maniobra a alta velocidad hizo que el vehículo volcara y salieras despedido.","Você tentou acertar a mosca com o caminhão, mas a manobra em alta velocidade fez o veículo capotar e você foi jogado para fora.","Du hast versucht, die Fliege mit dem Lastwagen zu erschlagen, aber das Hochgeschwindigkeitsmanöver führte dazu, dass das Fahrzeug umkippte und du herausgeschleudert wurdest.","트럭으로 파리를 잡으려 했으나 무리한 고속 회전 때문에 트럭이 전복되어 차 밖으로 튕겨져 나갔습니다."
"MSG_C_TRUCK_G_WIN","As the goblin was about to transport the stolen cargo, a truck swooped down and crushed the goblin.","ゴブリンが盗んだ荷物を運ぼうとしたところにトラックが急降下し、奴ごと粉砕した。","当妖精准备运送偷来的货物时，一辆卡车猛冲下来，压死了妖精。","Когда гоблин собирался перевозить украденный груз, грузовик налетел и раздавил гоблина.","Cuando el goblin estaba a punto de transportar la carga robada, un camión bajó en picado y aplastó al goblin.","Enquanto o goblin estava prestes a transportar a carga roubada, um caminhão desceu e esmagou o goblin.","Als der Goblin gerade die gestohlene Ladung transportieren wollte, sauste ein Lastwagen herab und zerquetschte den Goblin.","고블린이 훔친 짐을 운반하려던 참에 트럭이 급강하하여 고블린과 함께 박살 냈습니다."
"MSG_C_TRUCK_H_WIN","A truck launched from the platform directly shot down the Harpy, which attacked from above.","上空から襲いかかるハーピーを、荷台から発射されたトラックが直接撃墜した。","一辆从平台上发射的卡车直接击落了从上方攻击的哈比号。","Грузовик, запущенный с платформы, напрямую сбил гарпию, атаковавшую сверху.","Un camión lanzado desde la plataforma derribó directamente a la arpía, que atacaba desde arriba.","Um caminhão lançado da plataforma abateu diretamente a harpia, que atacava de cima.","Ein von der Plattform gestarteter Lastwagen schoss die Harpie, die von oben angriff, direkt ab.","상공에서 습격해 오는 하피를 적재함에서 발사된 트럭이 직접 격추했습니다."
"MSG_C_TRUCK_I_WIN","A truck was waiting at full speed at the Imp's teleport destination, and it was sent directly to another world.","インプのテレポート先にトラックが全速力で待機しており、そのまま異世界へ送った。","一辆卡车正在全速等待在小鬼的传送目的地，直接传送到了异世界。","Грузовик ждал на полной скорости в пункте телепортации беса, и он был отправлен прямиком в другой мир.","Un camión esperaba a toda velocidad en el destino de teletransporte del imp, y fue enviado directamente a otro mundo.","Um caminhão estava esperando a toda velocidade no destino de teletransporte do imp, e ele foi enviado diretamente para outro mundo.","Ein Lastwagen wartete mit voller Geschwindigkeit am Teleportationsziel des Imps, und er wurde direkt in eine andere Welt geschickt.","임프의 텔레포트 목적지에 트럭이 전속력으로 대기하고 있어 그대로 이세계로 보내버렸습니다."
"MSG_C_TRUCK_J_WIN","The giant tire effortlessly traversed the sea of Jelly's goo, grinding it into the asphalt.","ジェリーの粘液の海を巨大なタイヤが難なく踏破し、奴をアスファルトにすり潰した。","巨大的轮胎毫不费力地穿过了果冻怪的粘液海洋，将它碾成了沥青。","Гигантская шина без труда пересекла море слизи желе, втирая её в асфальт.","El neumático gigante atravesó sin esfuerzo el mar de viscosidad de la gelatina, triturándola contra el asfalto.","O pneu gigante atravessou sem esforço o mar de gosma da geleia, esmagando-a no asfalto.","Der riesige Reifen überquerte mühelos das Meer aus Gelee-Schleim und zermahlte es im Asphalt.","거대한 타이어가 젤리의 점액 바다를 가뿐히 가로질러 젤리를 아스팔트에 갈아버렸습니다."
"MSG_C_TRUCK_K_WIN","The armored truck's sturdy bumper was unharmed by the kobold's small spear.","コボルドの小さな槍など、装甲トラックの頑丈なバンパーには何の傷もつかなかった。","装甲车坚固的保险杠没有被狗头人的小矛伤到。","Прочный бампер бронированного грузовика не пострадал от маленького копья кобольда.","El robusto parachoques del camión blindado no sufrió daños por la pequeña lanza del kobold.","O para-choque resistente do caminhão blindado não foi danificado pela pequena lança do kobold.","Die stabile Stoßstange des gepanzerten Lastwagens wurde durch den kleinen Speer des Kobolds nicht beschädigt.","장갑 트럭의 튼튼한 범퍼는 코볼트의 작은 창에 아무런 상처도 입지 않았습니다."
"MSG_C_TRUCK_L_LOSS","The lizard lured the truck into a narrow, unstable ravine, where the heavy machine eventually became wedged tight and immovable.","リザードはトラックを狭く不安定な峡谷へと誘い込み、巨大な車体は岩の間に挟まって身動きが取れなくなった。","蜥蜴将卡车引向了狭窄而不稳定的峡谷，巨大的车身卡在了岩缝之间，动弹不得。","Ящерица заманила грузовик в узкое нестабильное ущелье, где тяжелая машина в конце концов застряла намертво.","El lagarto atrajo al camión hacia un barranco estrecho e inestable, donde la pesada máquina finalmente quedó encajada y sin poder moverse.","O lagarto atraiu o caminhão para um desfiladeiro estreito e instável, onde a pesada máquina acabou ficando presa e imóvel.","Die Eidechse lockte den Lastwagen in eine enge, instabile Schlucht, wo die schwere Maschine schließlich feststeckte und unbeweglich wurde.","리자드가 트럭을 좁고 불안정한 협곡으로 유인하여 거대한 차체가 바위 사이에 끼어 움직일 수 없게 되었습니다."
"MSG_C_TRUCK_M_LOSS","The mummy's ancient, tattered bandages got caught in the truck's drive shaft, causing the engine to seize and explode.","マミーの古びた包帯がトラックのドライブシャフトに絡まり、エンジンが激しい異音と共に焼き付いて停止した。","木乃伊陈旧的绷带缠住了卡车的传动轴，引擎发出剧烈的异响并烧毁停转。","Древние потрёпанные бинты мумии запутались в приводном валу грузовика, из-за чего двигатель заклинило и он взорвался.","Las antiguas y andrajosas vendas de la momia se enredaron en el eje de transmisión del camión, provocando que el motor se gripara y explotara.","As bandagens antigas e esfarrapadas da múmia ficaram presas no eixo de transmissão do caminhão, fazendo com que o motor travasse e explodisse.","Die uralten, zerlumpten Bandagen der Mumie verfing sich in der Antriebswelle des Lastwagens, was dazu führte, dass der Motor festfress und explodierte.","미라의 낡은 붕대가 트럭의 드라이브 샤프트에 엉키는 바람에 엔진이 격한 소음과 함께 타버려 멈췄습니다."
"MSG_C_TRUCK_N_WIN","The wheels of the truck mercilessly wrapped around the large body of the Naga and dragged it around.","ナーガの巨体をトラックの車輪が容赦なく巻き込み、そのまま引きずり回した。","卡车的轮子无情地缠绕着娜迦庞大的身躯，拖着它到处走。","Колеса грузовика беспощадно обмотали крупное тело наги и потащили её за собой.","Las ruedas del camión envolvieron despiadadamente el gran cuerpo de la naga y lo arrastraron.","As rodas do caminhão envolveram impiedosamente o grande corpo da naga e o arrastaram.","Die Räder des Lastwagens wickelten sich gnadenlos um den großen Körper der Naga und schleiften ihn umher.","트럭의 바퀴가나가의 거대한 몸을 가차 없이 휘감아 그대로 끌고 다녔습니다."
"MSG_C_TRUCK_O_WIN","The truck collided head-on with the orc's thick muscles, shattering it without leaving even a trace of its bones.","オークの分厚い筋肉にトラックが正面衝突し、骨の原型すら残さず粉砕した。","卡车迎面撞上兽人粗壮的肌肉，将其粉碎得连骨头都没有留下。","Грузовик столкнулся лоб в лоб с толстыми мускулами орка, раздробив его, не оставив даже следа от костей.","El camión chocó frontalmente con los gruesos músculos del orco, destrozándolo sin dejar rastro de sus huesos.","O caminhão colidiu de frente com os músculos grossos do orc, estilhaçando-o sem deixar vestígios de seus ossos.","Der Lastwagen kollidierte frontal mit den dicken Muskeln des Orks und zerschmetterte ihn, ohne auch nur eine Spur seiner Knochen zu hinterlassen.","트럭이 오크의 두터운 근육에 정면으로 충돌하여 뼈의 형체도 남기지 않고 분쇄했습니다."
"MSG_C_TRUCK_P_LOSS","Under the influence of Pixie's illusions, you drove the truck straight over a cliff, believing it was a wide highway.","ピクシーが見せた幻覚によって、あなたは広大な高速道路を走っていると思い込んだままトラックを崖下へと走らせてしまった。","在皮克西展示的幻觉下，你以为自己行驶在宽阔的高速公路上，结果将卡车开下了悬崖。","Под влиянием иллюзий пикси вы направили грузовик прямо с обрыва, полагая, что это широкое шоссе.","Bajo la influencia de las ilusiones de la Pixie, condujiste el camión directamente por un acantilado, creyendo que era una autopista ancha.","Sob a influência das ilusões da Pixie, você dirigiu o caminhão direto para um desfiladeiro, acreditando que era uma rodovia larga.","Unter dem Einfluss der Illusionen der Pixie bist du mit dem Lastwagen direkt über eine Klippe gefahren, im Glauben, es sei eine breite Autobahn.","픽시가 보여준 환각 때문에 광활한 고속도로를 달리고 있다고 착각한 채 트럭을 절벽 아래로 몰아버렸습니다."
"MSG_C_TRUCK_Q_LOSS","The truck sped past Coeurl's lightning, but the resulting shockwave caused you to lose control and crash into a ravine.","クアールの雷撃よりもトラックの速度が上回ったが、その際の衝撃波でハンドルを奪われ、そのまま谷底へ転落した。","卡车的速度比科尔的雷击还要快，但当时的冲击波夺走了方向盘，卡车掉进了谷底。","Грузовик промчался мимо молнии Куэрла, но возникшая ударная волна привела к потере управления и падению в овраг.","El camión pasó a toda velocidad junto al rayo de Coeurl, pero la onda de choque resultante hizo que perdieras el control y cayeras en un barranco.","O caminhão passou em alta velocidade pelo relâmpago do Coeurl, mas a onda de choque resultante fez você perder o controle e cair em um desfiladeiro.","Der Lastwagen raste an Coeurls Blitz vorbei, aber die daraus resultierende Druckwelle führte dazu, dass du die Kontrolle verlortest und in eine Schlucht stürztest.","트럭이 코얼의 뇌격보다 빨리 달렸지만 그 충격파에 핸들을 놓쳐 그대로 골짜기로 추락했습니다."
"MSG_C_TRUCK_R_LOSS","A carpet of rats swarmed the truck, clogging the radiator and air intake until the engine overheated and died in a cloud of steam.","ラットの大群がトラックにまとわりつき、ラジエーターと吸気口を塞がれたエンジンはオーバーヒートを起こして沈黙した。","大群老鼠缠住了卡车，散热器和进气口被堵塞，引擎发生过热并停止了运转。","Ковер из крыс облепил грузовик, забив радиатор и воздухозаборник, пока двигатель не перегрелся и не заглох в облаке пара.","Una alfombra de ratas pululó por el camión, obstruyendo el radiador y la entrada de aire hasta que el motor se sobrecalentó y murió en una nube de vapor.","Um tapete de ratos enxameou o caminhão, entupindo o radiador e a entrada de ar até que o motor superaqueceu e parou em uma nuvem de vapor.","Ein Teppich aus Ratten umschwärmte den Lastwagen und verstopfte den Kühler und den Lufteinlass, bis der Motor überhitzte und in einer Dampfwolke abstarb.","쥐떼가 트럭에 달라붙어 라디에이터와 흡기구를 막는 바람에 엔진이 과열되어 수증기 구름과 함께 멈춰 섰습니다."
"MSG_C_TRUCK_S_WIN","The truck's high-speed impact completely dispersed the slime's mass, preventing it from ever reforming.","トラックの高速衝突による凄まじい衝撃がスライムの核をバラバラに粉砕し、再生不可能なほどに四散させた。","卡车高速冲撞产生的巨大冲击将史莱姆的核心粉碎得支离破碎，四处飞散，无法再生。","Высокоскоростной удар грузовика полностью рассеял массу слизи, предотвратив её повторное формирование.","El impacto a alta velocidad del camión dispersó completamente la masa del limo, evitando que volviera a formarse.","O impacto em alta velocidade do caminhão dispersou completamente a massa do limo, impedindo que ele voltasse a se formar.","Der Hochgeschwindigkeitsaufprall des Lastwagens zerstreute die Masse des Schleims vollständig und verhinderte, dass er sich jemals wieder neu formieren konnte.","트럭의 고속 충돌로 인한 엄청난 충격이 슬라임의 핵을 산산조각 내어 재생 불가능할 정도로 흩뿌려버렸습니다."
"MSG_C_TRUCK_T_LOSS","You tried to run over the troll multiple times, but it eventually grabbed the truck's bumper and flipped it over.","トロールを何度も往復して轢こうとしたが、最後にはバンパーを掴んで持ち上げられ、トラックごとひっくり返された。","你想多次往复碾压巨魔，但最后保险杠被抓起提了起来，连同卡车一起被掀翻了。","Вы пытались переехать тролля несколько раз, но в конце концов он схватил бампер грузовика и перевернул его.","Intentaste atropellar al trol varias veces, pero finalmente agarró el parachoques del camión y lo volcó.","Você tentou atropelar o troll várias vezes, mas ele acabou agarrando o para-choque do caminhão e o capotou.","Du hast mehrmals versucht, den Troll zu überfahren, aber er hat schließlich die Stoßstange des Lastwagens gepackt und ihn umgekippt.","트롤을 몇 번이나 앞뒤로 치려 했으나 결국 범퍼를 잡고 들어 올려져 트럭째로 뒤집혀버렸습니다."
"MSG_C_TRUCK_U_LOSS","Because the ghosts are transparent, the truck passes through them, and only the driver suffers a heart attack from the shock.","亡霊は透過するためトラックがすり抜け、運転手だけが驚きで心臓発作を起こした。","由于鬼魂是透明的，卡车从鬼魂中穿过，只有司机被吓得心脏病发作。","Так как призраки прозрачны, грузовик проходит сквозь них, и только водитель получает сердечный приступ от шока.","Debido a que los fantasmas son transparentes, el camión pasa a través de ellos, y solo el conductor sufre un ataque al corazón por el impacto.","Como os fantasmas são transparentes, o caminhão passa por eles, e apenas o motorista sofre um ataque cardíaco com o choque.","Da die Geister transparent sind, fährt der Lastwagen durch sie hindurch, und nur der Fahrer erleidet vor Schreck einen Herzinfarkt.","망령은 투과되기 때문에 트럭이 그냥 지나갔고, 운전자만 놀라 심장마비를 일으켰습니다."
"MSG_C_TRUCK_V_LOSS","Due to the vampire's overwhelming reaction speed, he was able to easily stop the extremely fast truck with one hand.","吸血鬼の圧倒的な反応速度により、猛スピードのトラックは片手で軽々と止められた。","由于吸血鬼压倒性的反应速度，他单手就能轻松拦住速度极快的卡车。","Благодаря подавляющей скорости реакции вампира он смог легко остановить чрезвычайно быстрый грузовик одной рукой.","Debido a la abrumadora velocidad de reacción del vampiro, pudo detener fácilmente el camión extremadamente rápido con una mano.","Devido à velocidade de reação esmagadora do vampiro, ele conseguiu parar facilmente o caminhão extremamente rápido com uma mão.","Aufgrund der überwältigenden Reaktionsgeschwindigkeit des Vampirs konnte er den extrem schnellen Lastwagen problemlos mit einer Hand stoppen.","흡혈귀의 압도적인 반응 속도 덕분에 맹렬한 속도의 트럭을 한 손으로 가볍게 멈춰 세웠습니다."
"MSG_C_TRUCK_W_LOSS","The wolf pack outran the heavy truck, leading you into a deep swamp where the vehicle slowly sank into the mire.","狼の群れは重たいトラックを翻弄して深い湿地帯へと誘導し、車両は底なしの泥の中へとゆっくり沈んでいった。","狼群戏耍了笨重的卡车，将其引向深邃的沼地，车辆在无底的泥潭中缓缓下沉。","Волчья стая перегнала тяжелый грузовик, заведя вас в глубокое болото, где автомобиль медленно погрузился в трясину.","La manada de lobos corrió más que el pesado camión, llevándote a un pantano profundo donde el vehículo se hundió lentamente en el fango.","A alcateia de lobos correu mais que o caminhão pesado, levando você para um pântano profundo onde o veículo afundou lentamente no lodaçal.","Das Wolfsrudel rannte schneller als der schwere Lastwagen und lockte dich in einen tiefen Sumpf, wo das Fahrzeug langsam im Schlamm versank.","늑대 무리가 무거운 트럭을 농락하며 깊은 습지대로 유인했고, 차량은 끝없는 진흙 속으로 서서히 가라앉았습니다."
"MSG_C_TRUCK_X_LOSS","As a result of Xalthis bending space, the truck makes a U-turn and runs you over.","ザルティスが空間を曲げた結果、トラックはUターンしてあなた自身を轢き殺した。","由于扎尔提斯弯曲空间，卡车掉头并碾压了你。","В результате того, что Ксалтис искривил пространство, грузовик разворачивается и переезжает вас.","Como resultado de que Xalthis doblara el espacio, el camión hace un giro en U y te atropella.","Como resultado de Xalthis dobrar o espaço, o caminhão faz um retorno e atropela você.","Infolge dessen, dass Xalthis den Raum bog, macht der Lastwagen eine Kehrtwende und überfährt dich.","잘티스가 공간을 뒤튼 결과 트럭이 유턴하여 당신을 치어버렸습니다."
"MSG_C_TRUCK_Y_LOSS","The truck skidded dramatically on the snowy mountain of Yeti and slid straight down the cliff.","イエティの雪山でトラックが豪快にスリップし、そのまま崖下へと滑落していった。","卡车在雪山上剧烈打滑，直接从悬崖上滑落。","Грузовик эффектно занесло на снежной горе йети, и он соскользнул прямо с обрыва.","El camión patinó dramáticamente en la montaña nevada del Yeti y se deslizó directamente por el acantilado.","O caminhão derrapou dramaticamente na montanha nevada do Yeti e escorregou direto pelo desfiladeiro.","Der Lastwagen schlitterte dramatisch auf dem verschneiten Berg des Yetis und rutschte direkt die Klippe hinunter.","예티의 설산에서 트럭이 크게 미끄러져 그대로 절벽 아래로 추락했습니다."
"MSG_C_TRUCK_Z_LOSS","He drives his truck into a horde of zombies, but a large number of corpses get stuck in the bumper and the truck crashes.","トラックでゾンビの大群に突っ込んだが、大量の死体がバンパーに詰まって大破した。","他开着卡车撞向了一群僵尸，但大量尸体被卡在保险杠里，卡车坠毁。","Он въезжает на своем грузовике в орду зомби, но огромное количество трупов застревает в бампере, и грузовик разбивается.","Conduce su camión hacia una horda de zombis, pero una gran cantidad de cadáveres se atascan en el parachoques y el camión choca.","Ele dirige seu caminhão contra uma horda de zumbis, mas um grande número de cadáveres fica preso no para-choque e o caminhão bate.","Er fährt mit seinem Lastwagen in eine Horde Zombies, aber eine große Anzahl von Leichen bleibt in der Stoßstange stecken und der Lastwagen verunglückt.","트럭으로 좀비 떼에게 돌진했으나 대량의 시체가 범퍼에 끼어 대파되었습니다."
"MSG_C_TRACTOR_A_WIN","The tire treads of giant agricultural tractors completely blocked all entry routes into the ant nest.","巨大な農業用トラクターのタイヤの溝が、アリの巣へのすべての侵入経路を完全に塞いだ。","巨型农用拖拉机的轮胎胎面完全堵塞了进入蚁巢的所有通道。","Протекторы шин гигантских сельскохозяйственных тракторов полностью заблокировали все пути проникновения в муравейник.","Las huellas de los neumáticos de los tractores agrícolas gigantes bloquearon por completo todas las rutas de entrada al hormiguero.","Os sulcos dos pneus de tratores agrícolas gigantes bloquearam completamente todas as rotas de entrada no formigueiro.","Die Reifenprofile riesiger landwirtschaftlicher Traktoren blockierten alle Zugangswege zum Ameisennest vollständig.","거대한 농업용 트랙터의 타이어 홈이 개미집의 모든 침입 경로를 완벽하게 막아버렸습니다."
"MSG_C_TRACTOR_B_WIN","The tractor's ferocious exhaust disoriented the bats as they flew through the night sky, knocking them to the ground.","トラクターの猛烈な排気ガスが、夜空を飛ぶコウモリの方向感覚を奪って地面に叩き落とした。","拖拉机猛烈的尾气使蝙蝠在夜空中飞行时迷失了方向，将它们撞倒在地。","Свирепый выхлоп трактора дезориентировал летучих мышей, когда они летели по ночному небу, сбивая их на землю.","El feroz escape del tractor desorientó a los murciélagos mientras volaban por el cielo nocturno, derribándolos al suelo.","O escapamento feroz do trator desorientou os morcegos enquanto voavam pelo céu noturno, derrubando-os no chão.","Die heftigen Abgase des Traktors desorientierten die Fledermäuse beim Flug durch den Nachthimmel und warfen sie zu Boden.","트랙터의 맹렬한 배기가스가 밤하늘을 나는 박쥐들의 방향 감각을 빼앗아 땅으로 떨어뜨렸습니다."
"MSG_C_TRACTOR_C_WIN","The moment the cobra reared its sickle neck, the tractor's front wheel completely crushed its poisonous head.","コブラが鎌首をもたげた瞬間、トラクターの前輪がその猛毒の頭部ごと完璧に轢き潰した。","眼镜蛇扬起镰刀脖子的那一刻，拖拉机的前轮就彻底碾碎了它的毒头。","В тот момент, когда кобра вытянула шею, переднее колесо трактора полностью раздавило её ядовитую голову.","En el momento en que la cobra levantó su cuello de hoz, la rueda delantera del tractor aplastó por completo su cabeza venenosa.","No momento em que a naja ergueu seu pescoço, a roda dianteira do trator esmagou completamente sua cabeça venenosa.","In dem Moment, als die Kobra ihren Sichelhals aufrichtete, zerquetschte das Vorderrad des Traktors ihren giftigen Kopf vollständig.","코브라가 머리를 쳐든 순간 트랙터의 앞바퀴가 그 맹독의 머리째로 완벽하게 깔아뭉개버렸습니다."
"MSG_C_TRACTOR_D_WIN","The tractor's heavy weight successfully pinned the dragon's tail to the ground, preventing it from taking flight. While the beast struggled, you were able to deliver a decisive blow to its' exposed underside.","トラクターの巨大な自重を利用して、ドラゴンの尻尾を強引に地面へと縫い付けた。飛び立つ自由を奪われ、巨躯を震わせて悶絶する魔物の無防備な腹部へ、あなたは決定的な一撃を叩き込んだ。","利用拖拉机巨大的自重，强行将巨龙的尾바钉在了地面上。被夺走飞行自由、颤抖着庞大身躯痛苦不堪的魔物，在其毫无防备的腹部，你发动了决定性的一击。","Тяжелый вес трактора успешно прижал хвост дракона к земле, не давая ему взлететь. Пока зверь сопротивлялся, вы смогли нанести решающий удар по его открытому брюху.","El gran peso del tractor logró inmovilizar la cola del dragón contra el suelo, impidiendo que emprendiera el vuelo. Mientras la bestia luchaba, pudiste asestar un golpe decisivo a su parte inferior expuesta.","O grande peso do trator conseguiu prender a cauda do dragão ao chão, impedindo-o de levantar voo. Enquanto a fera lutava, você pôde desferir um golpe decisivo em sua parte inferior exposta.","Das schwere Gewicht des Traktors drückte den Schwanz des Drachen erfolgreich zu Boden und hinderte ihn am Auffliegen. Während die Bestie kämpfte, konntest du ihr einen entscheidenden Schlag auf die freigelegte Unterseite versetzen.","트랙터의 거대한 자중을 이용해 용의 꼬리를 강제로 땅에 고정했습니다. 날아갈 자유를 잃고 거대한 몸을 떨며 괴로워하는 마물의 무방비한 배 부분에 결정적인 일격을 가했습니다."
"MSG_C_TRACTOR_E_WIN","The giant tree Ent was uprooted from the ground using the powerful pulling force of a tractor.","巨大な大樹のエントを、トラクターの強力な牽引力で根こそぎ大地から引っこ抜いた。","借助拖拉机强大的拉力，巨树恩特被从地里连根拔起。","Гигантское дерево Энт было выкорчевано из земли с помощью мощной тяги трактора.","El árbol gigante Ent fue arrancado del suelo utilizando la poderosa fuerza de tracción de un tractor.","A árvore gigante Ent foi arrancada do solo usando a poderosa força de tração de um trator.","Der riesige Baum-Ent wurde mit der gewaltigen Zugkraft eines Traktors aus dem Boden entwurzelt.","거대한 대수 엔트를 트랙터의 강력한 견인력으로 뿌리째 대지에서 뽑아버렸습니다."
"MSG_C_TRACTOR_F_WIN","He drove the tractor as if swinging at the flying flies, wiping them out with a smoke screen of exhaust fumes.","飛び回るハエに対してトラクターを振り回すように運転し、排気ガスの煙幕で一掃した。","他开着拖拉机就像是在挥舞着那些飞来飞去的苍蝇，用废气烟幕将它们消灭掉。","Он вел трактор так, словно замахивался на летящих мух, уничтожая их дымовой завесой выхлопных газов.","Condujo el tractor como si golpeara a las moscas voladoras, aniquilándolas con una cortina de humo de gases de escape.","Ele dirigiu o trator como se estivesse golpeando as moscas voadoras, eliminando-as com uma cortina de fumaça de gases de escape.","Er fuhr den Traktor, als würde er nach den fliegenden Fliegen schlagen, und löschte sie mit einer Rauchwand aus Abgasen aus.","날아다니는 파리들을 향해 트랙터를 휘두르듯 운전하여 배기가스 연막으로 일소했습니다."
"MSG_C_TRACTOR_G_WIN","The bag full of jewels that the goblin had stolen was mercilessly flattened with a muddy tractor.","ゴブリンが盗んだ宝石の詰まった袋ごと、泥だらけのトラクターで容赦なくペシャンコにした。","妖精偷来的装满珠宝的袋子被泥泞的拖拉机无情地压扁了。","Сумка, полная драгоценностей, которую украл гоблин, была безжалостно раздавлена грязным трактором.","La bolsa llena de joyas que el goblin había robado fue aplastada sin piedad con un tractor embarrado.","A bolsa cheia de joias que o goblin havia roubado foi impiedosamente esmagada por um trator enlameado.","Die Tasche voller Juwelen, die der Goblin gestohlen hatte, wurde mitleidlos mit einem schlammigen Traktor flachgewalzt.","고블린이 훔친 보석 주머니째로 진흙투성이 트랙터로 가차 없이 납작하게 만들었습니다."
"MSG_C_TRACTOR_H_WIN","You blocked the harpy's claws from the sky with the tractor's cabin, and then stepped on the accelerator.","空から襲いかかるハーピーの爪をトラクターのキャビンで防ぎ、そのままアクセルを踏み込んだ。","你用拖라机的驾驶室挡住了天空中鹰身女妖的利爪，然后踩下了油门。","Вы заблокировали когти гарпии с неба кабиной трактора, а затем нажали на педаль газа.","Bloqueaste las garras de la arpía desde el cielo con la cabina del tractor, y luego pisaste el acelerador.","Você bloqueou as garras da harpia vindas do céu com a cabine do trator e depois pisou no acelerador.","Du hast die Krallen der Harpie aus der Luft mit der Traktorkabine abgeblockt und dann das Gaspedal durchgetreten.","하늘에서 습격해 오는 하피의 발톱을 트랙터의 운전석으로 막아내고 그대로 엑셀을 밟았습니다."
"MSG_C_TRACTOR_I_WIN","You used a tractor to get ahead of the Imp's teleportation landing spot and knocked it away with a surprise attack.","インプの瞬間移動の着地地点にトラクターで先回りし、不意打ちで弾き飛ばした。","你用拖拉机提前到达了小恶魔的传送着陆点，并用突然袭击将其击飞。","Вы использовали трактор, чтобы опередить место приземления телепортации беса, и отбросили его внезапной атакой.","Usaste un tractor para adelantarte al lugar de aterrizaje del teletransporte del Imp y lo golpeaste con un ataque sorpresa.","Você usou um trator para chegar antes ao local de aterrissagem do teletransporte do Imp e o rebateu com um ataque surpresa.","Du hast einen Traktor benutzt, um dem Teleportations-Landepunkt des Imps zuvorzukommen, und ihn mit einem Überraschungsangriff weggekickt.","임프의 순간이동 착지 지점에 트랙터로 미리 가서 불시에 쳐내버렸습니다."
"MSG_C_TRACTOR_J_WIN","Jelly's slime-like body was cut up into small pieces by a rotary tractor and scattered on the ground.","ジェリーのスライム状の体をトラクターのロータリーで細かく切り刻み、大地に撒いた。","果冻怪粘液般的身体被旋转拖拉机切成小块，散落在地上。","Слизеподобное тело желе было разрезано на мелкие кусочки роторным трактором и разбросано по земле.","El cuerpo gelatinoso de la Gelatina fue cortado en trozos pequeños por un tractor rotatorio y esparcido por el suelo.","O corpo viscoso da Geleia foi cortado em pequenos pedaços por um trator rotativo e espalhado pelo chão.","Der schleimartige Körper des Gelees wurde von einer Fräse am Traktor in kleine Stücke geschnitten und auf dem Boden verstreut.","젤리의 슬라임 같은 몸을 트랙터의 로터리로 잘게 조각내어 대지에 뿌렸습니다."
"MSG_C_TRACTOR_K_WIN","You shined the tractor's high beam on the swarm of kobolds, killing them all while they were blinded.","コボルドの群れに対してトラクターのハイビームを照射し、目が眩んだ隙に一網打尽にした。","你用拖拉机的远光灯照射着这群狗头人，在他们失明的情况下杀死了他们。","Вы направили дальний свет трактора на рой кобольдов, убив их всех, пока они были ослеплены.","Iluminaste al enjambre de kobolds con las luces largas del tractor, matándolos a todos mientras estaban cegados.","Você iluminou o enxame de kobolds com o farol alto do trator, matando a todos enquanto estavam cegos.","Du hast das Fernlicht des Traktors auf den Koboldschwarm gerichtet und sie alle getötet, während sie geblendet waren.","코볼트 무리에게 트랙터의 하이빔을 쏘아 눈이 먼 틈을 타 일망타진했습니다."
"MSG_C_TRACTOR_L_LOSS","The lizard's scales deflected the tractor's plow blade at a sharp angle. The rebound sent the machine spinning off course and the surprised reptile vanished into a crevice you could never hope to follow.","リザードの鱗がトラクターの刃を鋭角で弾き返した。反動で機体がコースを外れて旋回し、驚いた爬虫類は追いかけようのない裂け目へと消えた。","蜥蜴的鳞片以锐角偏转了拖拉机的犁刃。反弹使机体偏离轨道旋转起来，受惊的爬行动物消失进了一道你望尘莫及的裂缝中。","Чешуя ящерицы отклонила лезвие плуга трактора под острым углом. Рикошет заставил машину отклониться от курса, и удивленная рептилия исчезла в расщелине, за которой вы никогда не смогли бы последовать.","Las escamas del lagarto desviaron la cuchilla del arado del tractor en un ángulo agudo. El rebote hizo que la máquina girara fuera de curso y el sorprendido reptil desapareció en una grieta que nunca podrías seguir.","As escamas do lagarto desviaram a lâmina do arado do trator em um ângulo agudo. O rebote fez a máquina girar fora de curso e o réptil surpreso desapareceu em uma fenda que você jamais poderia seguir.","Die Schuppen der Eidechse lenkten das Pflugblatt des Traktors in einem spitzen Winkel ab. Der Rückprall schleuderte die Maschine aus der Bahn und das überraschte Reptil verschwand in einer Spalte, der du niemals folgen konntest.","리자드의 비늘이 트랙터의 날을 예리하게 튕겨냈습니다. 그 반동으로 기체가 코스를 벗어나 회전했고, 놀란 파충류는 쫓아갈 수 없는 틈새로 사라졌습니다."
"MSG_C_TRACTOR_M_WIN","Even Mummy's bandages could not withstand the weight of the tractor, and the ancient curse was returned to the sand.","マミーの包帯すらもトラクターの重みには耐えきれず、古代の呪いごと砂に還した。","就连木乃伊의绷带也无法承受拖拉机的重量，古老的诅咒又回到了沙子里。","Даже бинты мумии не выдержали веса трактора, и древнее проклятие вернулось в песок.","Incluso las vendas de la momia no pudieron soportar el peso del tractor, y la antigua maldición regresó a la arena.","Mesmo as bandagens da Múmia não suportaram o peso do trator, e a antiga maldição foi devolvida à areia.","Selbst die Bandagen der Mumie konnten dem Gewicht des Traktors nicht standhalten, und der uralte Fluch kehrte in den Sand zurück.","미라의 붕대조차 트랙터의 무게를 견디지 못하고 고대의 저주와 함께 모래로 돌아갔습니다."
"MSG_C_TRACTOR_N_WIN","The tractor’s massive agricultural rollers were far stronger than the Naga’s coils. The monster tried to constrict the machine but was crushed by its unyielding weight.","トラクターの農作業用ローラーの圧力はナーガの締め付けを遥かに上回っていた。怪物は機体に絡みつこうとしたが、その桁外れの自重でそのまま押し潰された。","拖拉机巨大的农业压路机比娜迦的缠绕要强得多。怪物试图束缚这台机器，但被其不屈的重量压碎了。","Массивные сельскохозяйственные катки трактора были гораздо сильнее колец Наги. Монстр пытался сжать машину, но был раздавлен её неумолимым весом.","Los masivos rodillos agrícolas del tractor eran mucho más fuertes que los anillos de la Naga. El monstruo intentó constreñir la máquina pero fue aplastado por su peso implacable.","Os maciços rolos agrícolas do trator eram muito mais fortes que as espirais da Naga. O monstro tentou constringir a máquina, mas foi esmagado por seu peso implacável.","Die massiven landwirtschaftlichen Walzen des Traktors waren viel stärker als die Windungen der Naga. Das Monster versuchte, die Maschine zu erwürgen, wurde aber von ihrem unnachgiebigen Gewicht zerquetscht.","트랙터의 농작업용 롤러 압력은 나가의 조임보다 훨씬 강력했습니다. 괴물은 기체에 얽히으려 했으나 그 엄청난 자중에 그대로 깔려 죽었습니다."
"MSG_C_TRACTOR_O_LOSS","The tractor was instantly dismantled into scraps by a physical attack from the orc's giant axe.","オークの巨大な斧による物理攻撃を受け、トラクターは一瞬でスクラップへと分解された。","拖拉机瞬间被兽人巨斧的物理攻击拆成了碎片。","Трактор был мгновенно разобран на металлолом в результате физической атаки гигантским топором орка.","El tractor fue desmantelado instantáneamente en chatarra por un ataque físico de la hacha gigante del orco.","O trator foi instantaneamente desmontado em sucata por um ataque físico do machado gigante do orc.","Der Traktor wurde durch einen physischen Angriff der riesigen Axt des Orks sofort in Schrott zerlegt.","트랙터는 오크의 거대한 도끼 공격을 받고 순식간에 고철로 분해되었습니다."
"MSG_C_TRACTOR_P_LOSS","Pixie magically shorts out the tractor's wiring, causing it to lose control and fall off a cliff.","ピクシーがトラクターの配線を魔法でショートさせ、制御不能になってそのまま崖から落ちた。","小精灵神奇地使拖拉机的电线短路，导致拖拉机失去控制并从悬崖上掉下来。","Пикси магическим образом замкнула проводку трактора, из-за чего он потерял управление и упал с обрыва.","La Pixie cortocircuitó mágicamente el cableado del tractor, provocando que perdiera el control y cayera por un acantilado.","A Pixie provocou um curto-circuito mágico na fiação do trator, fazendo-o perder o controle e cair de um penhasco.","Die Pixie schloss die Verkabelung des Traktors magisch kurz, was dazu führte, dass er die Kontrolle verlor und eine Klippe hinunterfiel.","픽시가 트랙터의 배선을 마법으로 합선시켜 제어 불능 상태가 되어 그대로 절벽에서 떨어졌습니다."
"MSG_C_TRACTOR_Q_LOSS","The metal part of the tractor was hit by Coeurl's thunderbolt and was charred black after a huge explosion.","クアールの雷鳴撃をトラクターの金属部分で受けてしまい、大爆発のち黒焦げになった。","拖拉机的金属部分被科尔的雷电击中，发生巨大爆炸后焦黑。","Металлическая часть трактора попала под удар молнии Куэрла и почернела после сильного взрыва.","La parte metálica del tractor fue golpeada por el rayo de Coeurl y quedó carbonizada después de una gran explosión.","A parte metálica do trator foi atingida pelo raio do Coeurl e ficou carbonizada após uma enorme explosão.","Das Metallteil des Traktors wurde von Coeurls Blitz getroffen und war nach einer gewaltigen Explosion schwarz verkohlt.","트랙터의 금속 부분이 코얼의 뇌격을 받아 대폭발 후 검게 타버렸습니다."
"MSG_C_TRACTOR_R_LOSS","He tried to run over a group of rats to death with a tractor, but his wheels became entangled in countless numbers, stopping him from moving.","ラットの群れをトラクターで轢き殺そうとしたが、車輪に無数に絡みついて動きを止められた。","他试图用拖拉机碾死一群老鼠，但他的轮子被无数的老鼠缠住，使他无法前进。","Он пытался задавить группу крыс трактором, но его колеса запутались в бесчисленном их множестве, что не давало ему двигаться.","Intentó atropellar a un grupo de ratas con un tractor, pero sus ruedas se enredaron en un número incontable, impidiéndole moverse.","Ele tentou atropelar um grupo de ratos com um trator, mas suas rodas ficaram emaranhadas em um número incontável, impedindo-o de se mover.","Er versuchte, eine Gruppe Ratten mit einem Traktor zu überfahren, aber seine Räder verhedderten sich in unzähliger Anzahl, was ihn an der Bewegung hinderte.","트랙터로 쥐 떼를 깔아뭉개려 했으나 바퀴에 무수히 엉겨 붙어 움직임이 멈추고 말았습니다."
"MSG_C_TRACTOR_S_LOSS","The slime's body was slashed with a tractor, but it immediately regenerated and was wrapped up and digested in no time.","スライムの体をトラクターで斬ったがすぐに再生し、あっという間に包まれて消化された。","史莱姆的身体被拖拉机划破，但立刻就再生了，不一会儿就被包裹消化了。","Тело слизи было разрезано трактором, но оно немедленно восстановилось и было мгновенно окутано и переварено.","El cuerpo del limo fue cortado por un tractor, pero se regeneró inmediatamente y fue envuelto y digerido en poco tiempo.","O corpo do limo foi cortado por um trator, mas regenerou-se imediatamente e foi envolvido e digerido em pouco tempo.","Der Körper des Schleims wurde mit einem Traktor aufgeschlitzt, regenerierte sich aber sofort und wurde im Handumdrehen eingehüllt und verdaut.","슬라임의 몸을 트랙터로 베었으나 즉시 재생되었고, 순식간에 휘감겨 소화되었습니다."
"MSG_C_TRACTOR_T_LOSS","The troll's self-regeneration outpaced the tractor entirely. Every gash the machine tore open sealed before the next pass and the monster eventually seized a wheel and lifted the whole vehicle off the ground.","トロールの自己再生力はトラクターを完全に上回った。機体が引き裂くたびに次の一手より前に傷が塞がり、怪物はとうとう車輪を掴んで機体ごと地面から持ち上げた。","巨魔的自我再生速度完全超越了拖拉机。机体每撕开一道伤口都在下一次到来之前合上，最终怪物抓住了车轮，将整台机器从地面举了起来。","Саморегенерация тролля полностью опередила трактор. Каждая рана, нанесенная машиной, затягивалась до следующего захода, и монстр в конце концов ухватился за колесо и поднял весь автомобиль над землей.","La autorregeneración del trol superó por completo al tractor. Cada tajo que la máquina abría se cerraba antes de la siguiente pasada y el monstruo finalmente agarró una rueda y levantó todo el vehículo del suelo.","A autorregeneração do troll superou o trator completamente. Cada corte que a máquina abria cicatrizava antes da próxima passagem e o monstro acabou agarrando uma roda e levantou o veículo inteiro do chão.","Die Selbstregeneration des Trolls übertraf den Traktor völlig. Jeder Schlitz, den die Maschine aufriss, schloss sich vor dem nächsten Durchgang, und das Monster ergriff schließlich ein Rad und hob das gesamte Fahrzeug vom Boden ab.","트롤의 자기 재생력이 트랙터를 완전히 압도했습니다. 기체가 벨 때마다 다음 공격 전에 상처가 아물었고, 괴물은 마침내 바퀴를 잡고 기체째로 지면에서 들어 올렸습니다."
"MSG_C_TRACTOR_U_LOSS","Since the ghost is intangible, the tractor's attack passed through it, and it just harvested your soul.","亡霊は実体がないためトラクターの突撃はすり抜けられ、そのままあなたの魂を刈り取った。","由于鬼魂是无形的，拖拉机的攻击就穿过了它，正好收割了你的灵魂。","Поскольку призрак неосязаем, атака трактора прошла сквозь него, и он просто забрал вашу душу.","Como el fantasma es intangible, el ataque del tractor pasó a través de él, y simplemente cosechó tu alma.","Como o fantasma é intangível, o ataque do trator passou por ele, e ele apenas colheu sua alma.","Da der Geist unantastbar ist, ging der Angriff des Traktors durch ihn hindurch, und er erntete einfach deine Seele.","망령은 실체가 없기에 트랙터의 돌격이 그냥 지나갔고, 그대로 당신의 영혼을 거두어갔습니다."
"MSG_C_TRACTOR_V_LOSS","In front of the vampire's invisible movements, the heavy tractor's rush was just a target.","吸血鬼の目にもとまらぬ動きの前で、重厚なトラクターの突進はただの的でしかなかった。","在吸血鬼无形的动作面前，重型拖拉机的冲刺只是一个目标。","Перед невидимыми движениями вампира стремительный рывок тяжелого трактора был всего лишь мишенью.","Ante los movimientos invisibles del vampiro, la embestida del pesado tractor era solo un objetivo.","Diante dos movimentos invisíveis do vampiro, a investida do trator pesado era apenas um alvo.","Angesichts der unsichtbaren Bewegungen des Vampirs war der Ansturm des schweren Traktors nur ein Ziel.","흡혈귀의 눈부신 움직임 앞에서 둔중한 트랙터의 돌진은 그저 표적에 불과했습니다."
"MSG_C_TRACTOR_W_LOSS","The tractor could not keep up with the wolf's mobility, and was attacked from behind, breaking the cabin window.","狼の機動力にトラクターは追いつけず、背後から急襲されキャビンのガラスを割られた。","拖拉机跟不上狼的机动性，从后面袭击，打破了船舱窗户。","Трактор не мог угнаться за мобильностью волка и подвергся нападению сзади, в результате чего было разбито окно кабины.","El tractor no pudo seguir el ritmo de la movilidad del lobo y fue atacado por detrás, rompiendo la ventana de la cabina.","O trator não conseguiu acompanhar a mobilidade do lobo e foi atacado por trás, quebrando a janela da cabine.","Der Traktor konnte mit der Beweglichkeit des Wolfes nicht mithalten und wurde von hinten angegriffen, wobei das Kabinenfenster zerbrach.","늑대의 기동력을 트랙터가 따라잡지 못해 뒤에서 기습당했고 운전석 유리가 깨졌습니다."
"MSG_C_TRACTOR_X_LOSS","With just a wave of Xalthis's hand, the tractor's iron armor turned to sand, completely eradicating its fighting spirit.","ザルティスが手を振るだけでトラクターの鉄の装甲が砂になり、戦意が完全に消滅した。","扎尔提斯一挥手，拖拉机的铁甲就化为沙土，彻底泯灭了斗志。","Всего лишь взмахом руки Ксалтиса железная броня трактора превратилась в песок, полностью искоренив его боевой дух.","Con solo un movimiento de la mano de Xalthis, la armadura de hierro del tractor se convirtió en arena, erradicando por completo su espíritu de lucha.","Com apenas um aceno da mão de Xalthis, a armadura de ferro do trator transformou-se em areia, erradicando completamente seu espírito de luta.","Mit nur einer Handbewegung von Xalthis verwandelte sich die Eisenpanzerung des Traktors in Sand, was seinen Kampfgeist vollständig auslöschte.","잘티스가 손을 흔드는 것만으로 트랙터의 철갑이 모래가 되어 전의가 완전히 사라졌습니다."
"MSG_C_TRACTOR_Y_LOSS","The Yeti's frigid cold caused the tractor's engine to freeze, rendering it completely useless.","イエティの極寒の冷気により、トラクターのエンジンが凍結して完全に使い物にならなくなった。","雪人的严寒导致拖拉机的发动机结冰，使其完全无法使用。","Лютый холод Йети привел к замерзанию двигателя трактора, сделав его совершенно бесполезным.","El frío gélido del Yeti hizo que el motor del tractor se congelara, dejándolo completamente inútil.","O frio gélido do Yeti fez o motor do trator congelar, tornando-o completamente inútil.","Die eisige Kälte des Yetis ließ den Motor des Traktors einfrieren, wodurch er völlig unbrauchbar wurde.","예티의 극심한 냉기로 트랙터 엔진이 얼어붙어 완전히 못 쓰게 되었습니다."
"MSG_C_TRACTOR_Z_LOSS","He runs over a horde of zombies with his tractor, but is overwhelmed by too many of them and is defeated.","ゾンビの大群をトラクターで轢き潰すも、あまりの数にスタックしてしまい押し負けた。","他开着拖拉机碾压了一群僵尸，但被太多的僵尸压垮了。","Он переезжает орду зомби на своем тракторе, но оказывается подавлен слишком большим их количеством и терпит поражение.","Atropella a una horda de zombis con su tractor, pero se ve abrumado por demasiados de ellos y es derrotado.","Ele atropela uma horda de zumbis com seu trator, mas é sobrecarregado por muitos deles e é derrotado.","Er überfährt eine Horde Zombies mit seinem Traktor, wird aber von zu vielen von ihnen überwältigt und besiegt.","좀비 떼를 트랙터로 깔아뭉개려 했으나 너무 많은 숫자에 막혀 밀리고 말았습니다."
"MSG_C_TORNADO_A_WIN","You unleashed a focused whirlwind that swept the entire ant column into a chaotic spiral. The tiny workers were lifted high above the stone floor, their pheromone trails scattered to the winds. As the air stilled, the confused survivors scrambled in every direction but yours. The colony's rigid formation was broken beyond repair in seconds. You walked past the disorganized swarm without a single insect noticing your passage.","集中させた旋風を解き放ち、アリの行列全体を混沌とした螺旋状に巻き上げた。小さな働きアリたちは石の床から高く持ち上げられ、そのフェロモン経路は風の中に散った。空気が静まると、混乱した生存者たちはあなた以外のあらゆる方向へと逃げ惑った。コロニーの厳格な陣形は数秒で修復不可能なほどに破壊された。一匹の虫もあなたの通過に気づくことなく、無秩序な群れの脇を通り過ぎた。","你释放了一股集中の旋风，将整队蚂蚁卷入混沌的螺旋。微小的工蚁被卷离石地高高抛起，它们的信息素轨迹在风中四分五裂。当空气沉静下来，惊魂未定的幸存者们朝着除你以外的任何方向仓皇逃窜。蚁群森严的阵型在数秒内便崩解得无法复原。你大步走过这混乱的群体，没有任何一只昆虫察觉到你的经过。","Вы выпустили направленный смерч, который закрутил всю колонну муравьев в хаотичную спираль. Крошечные рабочие поднялись высоко над каменным полом, их феромонные следы разлетелись по ветру. Когда воздух успокоился, растерянные выжившие бросились врассыпную во всех направлениях, кроме вашего. Жесткий строй колонии был разрушен за считанные секунды без возможности восстановления. Вы прошли мимо дезорганизованного роя, и ни одно насекомое не заметило вашего прохода.","Desataste un torbellino concentrado que barrió a toda la columna de hormigas en una espiral caótica. Las diminutas obreras fueron elevadas muy por encima del suelo de piedra, sus rastros de feromonas se dispersaron al viento. Cuando el aire se calmó, los sobrevivientes confundidos treparon en todas direcciones menos en la tuya. La formación rígida de la colonia se rompió sin remedio en segundos. Pasaste por delante del enjambre desorganizado sin que un solo insecto notara tu paso.","Você liberou um redemoinho concentrado que varreu toda a coluna de formigas em uma espiral caótica. As minúsculas operárias foram elevadas bem acima do chão de pedra, seus rastros de feromônios dispersos ao vento. Quando o ar acalmou, os sobreviventes confusos fugiram em todas as direções, exceto na sua. A formação rígida da colônia foi quebrada sem reparo em segundos. Você passou pelo enxame desorganizado sem que um único inseto notasse sua passagem.","Du entfesseltest einen konzentrierten Wirbelsturm, der die gesamte Ameisenkolonne in eine chaotische Spirale riss. Die winzigen Arbeiter wurden hoch über den Steinboden gehoben, ihre Pheromonspuren in alle Winde zerstreut. Als die Luft stillstand, krabbelten die verwirrten Überlebenden in alle Richtungen außer in deine. Die starre Formation der Kolonie war in Sekunden irreparabel zerstört. Du gingst an dem desorganisierten Schwarm vorbei, ohne dass ein einziges Insekt dein Vorbeikommen bemerkte.","개미 행렬 전체를 혼란스러운 소용돌이 속으로 쓸어버리는 집중된 회오리바람을 일으켰습니다. 작은 일개미들은 돌바닥 위로 높이 치솟았고, 페로몬 경로는 바람에 흩어졌습니다. 공기가 잠잠해지자 혼란에 빠진 생존자들은 당신을 제외한 모든 방향으로 뿔뿔이 흩어졌습니다. 군집의 엄격한 진형은 불과 몇 초 만에 복구 불가능할 정도로 무너졌습니다. 당신은 곤충 한 마리도 눈치채지 못한 채 무질서한 떼 옆을 유유히 지나갔습니다."
"MSG_C_TORNADO_B_WIN","A sudden vortex filled the narrow corridor, completely confusing the bat's fragile sonar. The creature spiraled helplessly as the air pressure shift violently around its wings. It struck the ceiling twice before the wind flung it toward a far corner. Disoriented and bruised, the bat clung to the shadows, its internal map shattered. You navigated the rest of the hall in the sudden, peaceful silence.","突然の渦が狭い廊下を満たし、コウモリの脆弱なソナーを完全に狂わせた。翼の周りの気圧が激しく変化する中、その魔物はなすすべなく螺旋を描いた。風によって遠くの隅へと投げ飛ばされる前に、奴は天井に二度激突した。方向感覚を失い傷ついたコウモリは、内部マップを粉砕されて影の中にしがみついた。あなたは突然の穏やかな静寂の中、残りのホールを進んだ。","一股突如其来的漩涡充盈了狭窄的走廊，彻底搅乱了蝙蝠脆弱的声呐。随着双翼周围的气压剧烈变动，那个生物无助地打着旋。在被风甩向远处的角落前，它结结实实地撞了两下天花板。迷失方向且遍体鳞伤的蝙蝠由于内在地图的粉碎，只能瑟缩在阴影中。你在随之而来的祥和静谧中走完了剩余的长廊。","Внезапный вихрь заполнил узкий коридор, полностью сбив с толку хрупкий сонар летучей мыши. Существо беспомощно кружилось, пока давление воздуха резко менялось вокруг его крыльев. Оно дважды ударилось о потолок, прежде чем ветер отбросил его в дальний угол. Дезориентированная и в синяках, летучая мышь прижалась к теням, ее внутренняя карта была разрушена. Вы прошли по остальной части зала в внезапной мирной тишине.","Un vórtice repentino llenó el estrecho corredor, confundiendo por completo el frágil sonar del murciélago. La criatura giró impotente mientras la presión del aire cambiaba violentamente alrededor de sus alas. Golpeó el techo dos veces antes de que el viento la lanzara hacia un rincón lejano. Desorientado y magullado, el murciélago se aferró a las sombras, su mapa interno destrozado. Navegaste por el resto de la sala en el repentino y pacífico silencio.","Um vórtice repentino encheu o corredor estreito, confundindo completamente o sonar frágil do morcego. A criatura girou impotente enquanto a pressão do ar mudava violentamente em torno de suas asas. Ela atingiu o teto duas vezes antes que o vento a lançasse em um canto distante. Desorientado e ferido, o morcego agarrou-se às sombras, seu mapa interno destruído. Você navegou pelo resto do corredor no silêncio repentino e pacífico.","Ein plötzlicher Wirbel füllte den schmalen Korridor und verwirrte das zerbrechliche Sonar der Fledermaus vollständig. Das Wesen trudelte hilflos, während sich der Luftdruck um seine Flügel herum heftig veränderte. Es schlug zweimal gegen die Decke, bevor der Wind es in eine ferne Ecke schleuderte. Desorientiert und mit Prellungen übersät, klammerte sich die Fledermaus an die Schatten, ihre innere Landkarte war zerstört. Den Rest des Saals durchquertest du in plötzlicher, friedlicher Stille.","갑작스러운 소용돌이가 좁은 복도를 가득 채웠고, 박쥐의 취약한 초음파 탐지기를 완전히 교란시켰습니다. 날개 주변의 기압이 격렬하게 변하자 박쥐는 무력하게 나선형을 그리며 회전했습니다. 바람에 날려 멀리 떨어진 구석으로 처박히기 전까지 천장에 두 번이나 부딪혔습니다. 방향 감각을 잃고 상처투성이가 된 박쥐는 내부 지도가 산산조각 난 채 어둠 속에 매달렸습니다. 당신은 갑자기 찾아온 평화로운 정적 속에서 복도의 나머지를 지나갔습니다."
"MSG_C_TORNADO_C_WIN","You summoned a twisting gale that lifted the cobra's long body, preventing it from coiling to strike. The snake's scales scraped against the ceiling as it was whipped through the air like a heavy rope. It hissed in terrified confusion, its venomous fangs reaching for a target that was no longer there. When the wind subsided, the cobra lay stunned and coiled tight in defensive panic. You stepped over the dazed predator before it could regain its lethal focus.","曲がりくねる疾風を召喚し、コブラの長い体をもたげさせ、攻撃の体制を整えさせなかった。大蛇の鱗は重いロープのように空中で振り回され、天井をこすった。恐怖に満ちた混乱の中で奴は威嚇し、毒牙はもはや存在しない標的を狙った。風が収まると、コブラは呆然とし、防御的なパニックのまま固く丸まっていた。奴が致命的な集中力を取り戻す前に、あなたはその捕食者を跨いで進んだ。","你召唤出一阵扭转的烈风，卷起了眼镜蛇的长躯，使其无法盘踞待击。蛇鳞像一根沉重的绳索在空中被抽打，摩擦着天花板嘶嘶作響。它在惊恐的混乱中发出嘶鸣，毒牙徒劳地咬向早已不在原位的目标。当风力减弱，眼镜蛇在防御性的恐慌中蜷缩成一团，神志恍惚。你在那掠食者重拾致命专注力之前，便从它身上跨了过去。","Вы призвали крутящийся шквал, который поднял длинное тело кобры, не давая ей свернуться для удара. Чешуя змеи скрежетала о потолок, когда ее швыряло по воздуху, как тяжелую веревку. Она шипела в ужасе и замешательстве, ее ядовитые клыки тянулись к цели, которой там больше не было. Когда ветер утих, кобра лежала ошеломленная и туго свернутая в защитной панике. Вы перешагнули через оцепенелого хищника, прежде чем он смог восстановить свою смертоносную концентрацию.","Invocaste un vendaval retorcido que levantó el largo cuerpo de la cobra, evitando que se enroscara para atacar. Las escamas de la serpiente rozaron el techo mientras era azotada por el aire como una cuerda pesada. Siseó con terror y confusión, sus colmillos venenosos buscando un objetivo que ya no estaba allí. Cuando el viento amainó, la cobra yacía aturdida y enroscada con fuerza en un pánico defensivo. Pasaste por encima del depredador aturdido antes de que pudiera recuperar su enfoque letal.","Você convocou um vendaval retorcido que levantou o corpo longo da naja, impedindo-a de se enrolar para atacar. As escamas da cobra rasparam no teto enquanto ela era chicoteada pelo ar como uma corda pesada. Ela sibilou em confusão aterrorizada, suas presas venenosas alcançando um alvo que não estava mais lá. Quando o vento diminuiu, a naja ficou atordoada e enrolada firmemente em pânico defensivo. Você passou por cima do predador atordoado antes que ele pudesse recuperar seu foco letal.","Du beschworst eine wirbelnde Sturmböe, die den langen Körper der Kobra anhob und sie daran hinderte, sich zum Schlag zusammenzurollen. Die Schuppen der Schlange schabten gegen die Decke, während sie wie ein schweres Seil durch die Luft gepeitscht wurde. Sie zischte in verängstigter Verwirrung, ihre giftigen Reißzähne schnappten nach einem Ziel, das nicht mehr da war. Als der Wind nachließ, lag die Kobra benommen da, in defensiver Panik fest zusammengerollt. Du stiegst über das benommene Raubtier hinweg, bevor es seinen tödlichen Fokus wiedererlangen konnte.","뒤틀린 강풍을 소환해 코브라의 긴 몸을 들어 올려 공격을 위해 몸을 똬리 틀지 못하게 했습니다. 뱀의 비늘은 무거운 밧줄처럼 공중에서 휘둘리며 천장에 긁혔습니다. 코브라는 공포에 질려 쉬익 소리를 냈고, 독니는 더 이상 존재하지 않는 표적을 향해 뻗었습니다. 바람이 잦아들자 코브라는 방어적인 패닉 상태로 똬리를 틀고 멍하니 누워 있었습니다. 당신은 그 포식자가 치명적인 집중력을 되찾기 전에 멍한 상태인 그놈을 넘어 지나갔습니다."
"MSG_C_TORNADO_D_WIN","The dragon opened its maw to breathe fire, but your tornado swallowed the flames and fed them back into the beast's own throat. The vortex acted as a vacuum, stripping the heat from the room and turning the monster's power against it. Choked by its own redirected fury, the great dragon staggered backward into the darkness. Its majestic wings beat uselessly against the cyclonic winds that threatened to ground it forever. You seized the moment of the beast's humiliation to depart the chamber.","竜が炎を吐こうと口を開いたが、あなたの竜巻はその炎を飲み込み、魔物自身の喉へと押し戻した。渦は真空のように働き、部屋から熱を奪い、怪物の力をそれ自身へと向けさせた。自分自身の向け直された怒りに息を詰まらせ、偉大な竜は暗闇の中へと後退した。その威厳ある翼は、奴を永遠に地に縛り付けようとするサイクロン風に対して無力に羽ばたいた。あなたは魔物の屈辱の瞬間を捉え、部屋を後にした。","巨龙张开巨口正欲吐息，你的龙卷风却吞噬了火焰，将其反向灌回了那怪物的嗓底。漩涡如真空般掠走了室内的热量，将这怪物の力量反施于其身。大龙被自己转向的怒火呛得踉踉跄跄退入黑暗。那对雄伟的双翼在足以令其永坠地面的旋风中徒劳地拍动。你趁着这猛兽受辱的瞬间，转身离开了地牢大厅。","Дракон раскрыл пасть, чтобы изрыгнуть пламя, но ваш смерч проглотил огонь и направил его обратно в глотку зверя. Вихрь действовал как вакуум, лишая комнату тепла и обращая силу монстра против него самого. Подавившись собственной перенаправленной яростью, великий дракон отшатнулся назад во тьму. Его величественные крылья бесполезно бились против циклонных ветров, угрожавших навсегда прижать его к земле. Вы воспользовались моментом унижения зверя, чтобы покинуть покой.","El dragón abrió su boca para escupir fuego, pero tu tornado se tragó las llamas y las devolvió a la propia garganta de la bestia. El vórtice actuó como un vacío, despojando la habitación de calor y volviendo el poder del monstruo contra él. Asfixiado por su propia furia redirigida, el gran dragón retrocedió tambaleándose hacia la oscuridad. Sus majestuosas alas batieron inútilmente contra los vientos ciclónicos que amenazaban con dejarlo en tierra para siempre. Aprovechaste el momento de la humillación de la bestia para salir de la cámara.","O dragão abriu a bocarra para cuspir fogo, mas seu tornado engoliu as chamas e as devolveu à garganta da própria besta. O vórtice agiu como um vácuo, retirando o calor da sala e voltando o poder do monstro contra ele mesmo. Sufocado por sua própria fúria redirecionada, o grande dragão cambaleou para trás na escuridão. Suas asas majestosas batiam inutilmente contra os ventos ciclônicos que ameaavam prendê-lo ao chão para sempre. Você aproveitou o momento da humilhação da besta para sair da câmara.","Der Drache öffnete sein Maul, um Feuer zu speien, aber dein Tornado schluckte die Flammen und fütterte sie zurück in den eigenen Schlund der Bestie. Der Wirbel wirkte wie ein Vakuum, entzog dem Raum die Hitze und wandte die Macht des Monsters gegen es selbst. Erstickt an seinem eigenen umgeleiteten Zorn, taumelte der große Drache zurück in die Dunkelheit. Seine majestätischen Flügel schlugen nutzlos gegen die Wirbelwinde, die drohten, ihn für immer am Boden zu halten. Du nutztest den Moment der Demütigung der Bestie, um die Kammer zu verlassen.","용이 불을 뿜으려고 입을 벌렸지만, 당신의 회오리바람이 불길을 삼켜 용의 목구멍으로 되돌려 보냈습니다. 소용돌이는 진공 청소기처럼 작동하여 방 안의 열기를 빼앗고 괴물의 힘을 그 자신에게 되돌려주었습니다. 자신의 분노에 숨이 막힌 거대한 용은 어둠 속으로 비틀거리며 물러났습니다. 위엄 있는 날개는 그를 영원히 땅에 주저앉히려는 강력한 회오리바람에 맞서 무력하게 퍼덕였습니다. 당신은 야수가 굴욕을 당하는 순간을 틈타 방을 떠났습니다."
"MSG_C_TORNADO_E_LOSS","The Ent anchored itself deep into the stone floor, its massive roots laughing at your trivial breeze. As the wind reached its peak, the ancient guardian simply stood firmer, its heavy branches barely swaying. You poured all your energy into the storm, but the tree-spirit was part of the mountain itself. With a single, slow movement, it swiped a massive limb through the eye of your vortex. The wind shattered instantly, leaving you vulnerable to the creature's crushing reach.","エントは石の床深くに自らを固定し、その巨大な根はあなたの些細な微風を笑っていた。風が頂点に達しても、古の守護者はただより堅固に立ち、重い枝はほとんど揺れなかった。あなたは嵐に全エネルギーを注いだが、木の精霊は山そのものの一部だった。ゆっくりとした一度の動作で、奴は巨大な枝をあなたの渦の眼に振り下ろした。風は瞬時に砕け散り、あなたは怪物の押しつぶすようなリーチに対して無防備なまま残された。","树人将身躯牢牢锚定在石地深处，庞大的根部嘲笑着你那微小的轻风。尽管风力已至顶峰，古老的守卫却只是站得愈发稳固，沉重的枝干几乎纹丝不动。你倾注了全部魔力于风暴中，但这树精早已与山脉融为一体。随着一次缓慢的摆动，它巨粗的肢干横扫过漩涡中心。风暴瞬间崩解，让你在它那足以粉碎一切的巨臂面前无处遁形。","Энт глубоко закрепился в каменном полу, его массивные корни смеялись над вашим ничтожным ветерком. Когда ветер достиг своего пика, древний страж просто стал стоять тверже, его тяжелые ветви едва качались. Вы вложили всю свою энергию в шторм, но дух дерева был частью самой горы. Одним медленным движением он провел массивной конечностью через око вашего вихря. Ветер мгновенно рассеялся, оставив вас беззащитным перед сокрушительной мощью существа.","El Ent se ancló profundamente en el suelo de piedra, sus raíces masivas riéndose de tu brisa trivial. A medida que el viento alcanzaba su punto máximo, el antiguo guardián simplemente se mantuvo más firme, sus pesadas ramas apenas balanceándose. Vertiste toda tu energía en la tormenta, pero el espíritu del árbol era parte de la montaña misma. Con un solo movimiento lento, barrió una extremidad masiva a través del ojo de tu vórtice. El viento se rompió instantáneamente, dejándote vulnerable al alcance aplastante de la criatura.","O Ent ancorou-se profundamente no chão de pedra, suas raízes maciças rindo de sua brisa trivial. Quando o vento atingiu o auge, o antigo guardião simplesmente manteve-se firme, seus galhos pesados mal balançando. Você derramou toda a sua energia na tempestade, mas o espírito da árvore era parte da própria montanha. Com um único movimento lento, ele passou um membro enorme pelo olho do seu vórtice. O vento se despedaçou instantaneamente, deixando você vulnerável ao alcance esmagador da criatura.","Der Ent verankerte sich tief im Steinboden, seine massiven Wurzeln lachten über deine triviale Brise. Als der Wind seinen Höhepunkt erreichte, stand der uralte Wächter einfach noch fester, seine schweren Äste schwankten kaum. Du hast all deine Energie in den Sturm gesteckt, aber der Baumgeist war Teil des Berges selbst. Mit einer einzigen, langsamen Bewegung fegte er mit einem massiven Ast durch das Auge deines Wirbels. Der Wind zerbrach augenblicklich und ließ dich schutzlos gegenüber der zermalmenden Reichweite des Wesens zurück.","엔트는 돌바닥 깊숙이 뿌리를 내려 고정했고, 거대한 뿌리는 당신의 사소한 산들바람을 비웃었습니다. 바람이 최고조에 달했을 때도 고대의 수호자는 더 굳건히 서 있었고, 무거운 가지는 거의 흔들리지 않았습니다. 폭풍에 모든 에너지를 쏟아부었지만, 나무 정령은 산 그 자체의 일부였습니다. 느릿한 한 번의 동작으로 엔트는 소용돌이의 눈을 가로질러 거대한 가지를 휘둘렀습니다. 바람은 즉시 산산조각 났고, 당신은 괴물의 짓누르는 사정거리 안에서 무방비 상태가 되었습니다."
"MSG_C_TORNADO_F_WIN","You caught the fly mid-air in a miniature funnel, spinning it so fast its compound eyes could no longer track reality. The insect was a prisoner of the centrifugal force, its frantic buzzing silenced by the roar of the wind. With a final flick of the vortex, you sent the pest accelerating into the stone wall. It struck with a definitive crunch and did not rise again. The corridor was suddenly, blissfully free of the irritating drone.","小さな漏斗の中にハエを空中で捕らえ、その複眼がもはや現実を追跡できないほど速く回転させた。その虫は遠心力の囚人となり、狂ったような羽音は風の轟音にかき消された。渦の最後のひと振りで、あなたは害虫を石壁に向かって加速させて送った。奴は確定的な砕ける音とともに壁に当たり、二度と起き上がることはなかった。廊下は突然、煩わしいドローン音から幸福なほど解放された。","你在半空用微型漏斗风卷住了苍蝇，极速的旋转让它的复眼再也无法捕捉现实。这昆虫成了离心力的俘虏，疯狂的嗡鸣被狂风的嘶吼所淹没。随着漩涡最后的一甩，你将这害虫加速撞向了石墙。它发出一声清脆的碎裂声便坠地不起。走廊里那令人心烦意乱的嗡嗡声终于消失了，留下了久违的安宁。","Вы поймали муху в воздухе в миниатюрную воронку, вращая ее так быстро, что ее сложные глаза больше не могли отслеживать реальность. Насекомое стало пленником центробежной силы, его неистовое жужжание затихло в реве ветра. Последним взмахом вихря вы направили вредителя с ускорением в каменную стену. Он ударился с отчетливым хрустом и больше не поднялся. Коридор внезапно и блаженно освободился от раздражающего гула.","Atrapaste a la mosca en el aire en un embudo en miniatura, haciéndola girar tan rápido que sus ojos compuestos ya no podían seguir la realidad. El insecto era un prisionero de la fuerza centrífuga, su zumbido frenético silenciado por el rugido del viento. Con un último movimiento del vórtice, enviaste a la plaga acelerando contra la pared de piedra. Golpeó con un crujido definitivo y no volvió a levantarse. El pasillo quedó repentina y afortunadamente libre del irritante zumbido.","Você pegou a mosca no ar em um funil em miniatura, girando-a tão rápido que seus olhos compostos não podiam mais rastrear a realidade. O inseto era um prisioneiro da força centrífuga, seu zumbido frenético silenciado pelo rugido do vento. Com um movimento final do vórtice, você enviou a praga acelerando contra a parede de pedra. Ela atingiu com um estalo definitivo e não se levantou novamente. O corredor ficou repentinamente e felizmente livre do zumbido irritante.","Du hast die Fliege mitten in der Luft in einem Miniaturtrichter gefangen und sie so schnell gedreht, dass ihre Facettenaugen der Realität nicht mehr folgen konnten. Das Insekt war ein Gefangener der Zentrifugalkraft, sein hektisches Summen wurde vom Brüllen des Windes übertönt. Mit einem letzten Ruck des Wirbels hast du den Schädling beschleunigt gegen die Steinwand geschleudert. Er prallte mit einem deutlichen Knacken auf und erhob sich nicht wieder. Der Korridor war plötzlich auf selige Weise frei von dem lästigen Summen.","공중에서 작은 깔때기 모양의 바람으로 파리를 붙잡아 복안이 현실을 추적할 수 없을 정도로 빠르게 회전시켰습니다. 곤충은 원심력의 포로가 되었고, 미친 듯한 날개짓 소리는 바람의 굉음에 묻혔습니다. 소용돌이의 마지막 휘두름으로 해충을 돌벽으로 가속시켜 날려버렸습니다. 파리는 확실하게 으스러지는 소리와 함께 벽에 부딪혔고 다시는 일어나지 못했습니다. 복도는 갑자기, 그리고 축복처럼 짜증 나는 윙윙거리는 소리에서 해방되었습니다."
"MSG_C_TORNADO_G_WIN","A localized cyclone ripped through the goblin's messy pile of loot, scattering shiny baubles across the room. Panicked by the loss of its treasure, the creature dove headlong into the wind to catch a falling coin. The vortex carried the goblin upward, spinning it like a ragdoll until its stomach finally gave way. Green with nausea and stripped of its dignity, the goblin crawled away once the wind died down. You walked past the groaning creature, its focus entirely lost.","局所的なサイクロンがゴブリンの散らかった戦利品の山を突き抜け、光る安物を部屋中に散らばらせた。宝を失うパニックに陥り、魔物は落ちてくるコインを掴もうと風の中に頭から飛び込んだ。渦はゴブリンを上方へ運び、胃が限界を迎えるまで布人形のように回転させた。吐き気で青ざめ、尊厳を奪われたゴブリンは、風が止むと這って逃げ去った。あなたは完全に集中力を欠いた、うめき声を上げる魔物の脇を通り過ぎた。","一股局部的气旋席卷了哥布林凌乱的赃物堆，将那些闪亮的小玩意儿丢得满屋都是。因财宝散落而陷入恐慌的怪物，为了抓住一枚掉落的金币竟一头扎进了风里。漩涡将哥布林卷向半空，像扯线木偶一样旋转，直到它终于吐了出来。面色铁青、尊严尽丧的哥布林在风停后狼狈地爬走了。你从那个呻吟着的怪物身边走过，它早已无心恋战。","Локальный циклон пронесся сквозь беспорядочную кучу добычи гоблина, разбросав блестящие безделушки по всей комнате. В панике от потери своего сокровища, существо бросилось очертя голову в ветер, чтобы поймать падающую монету. Вихрь унес гоблина вверх, вращая его, как тряпичную куклу, пока его желудок наконец не сдался. Позеленевший от тошноты и лишенный достоинства, гоблин уполз, как только ветер утих. Вы прошли мимо стонущего существа, которое полностью потеряло ориентацию.","Un ciclón localizado atravesó la desordenada pila de botín del goblin, dispersando chucherías brillantes por toda la habitación. Preso del pánico por la pérdida de su tesoro, la criatura se lanzó de cabeza al viento para atrapar una moneda que caía. El vórtice llevó al goblin hacia arriba, haciéndolo girar como un muñeco de trapo hasta que su estómago finalmente cedió. Verde de náuseas y despojado de su dignidad, el goblin se alejó gateando una vez que el viento amainó. Pasaste por delante de la criatura que gemía, con su enfoque totalmente perdido.","Um ciclone localizado rasgou a pilha bagunçada de saques do goblin, espalhando bugigangas brilhantes pela sala. Em pânico com a perda de seu tesouro, a criatura mergulhou de cabeça no vento para pegar uma moeda que caía. O vórtice carregou o goblin para cima, girando-o como uma boneca de pano até que seu estômago finalmente cedeu. Verde de náusea e despojado de sua dignidade, o goblin rastejou para longe assim que o vento parou. Você passou pela criatura gemendo, seu foco inteiramente perdido.","Ein lokaler Wirbelsturm raste durch den unordentlichen Beutehaufen des Goblins und verstreute glänzenden Tand im ganzen Raum. In Panik über den Verlust seines Schatze stürzte sich das Wesen kopfüber in den Wind, um eine fallende Münze aufzufangen. Der Wirbel trug den Goblin nach oben und drehte ihn wie eine Stoffpuppe, bis sein Magen schließlich aufgab. Grün vor Übelkeit und seiner Würde beraubt, kroch der Goblin weg, sobald der Wind nachließ. Du gingst an dem stöhnenden Wesen vorbei, das völlig den Fokus verloren hatte.","국지적인 사이클론이 고블린의 난잡한 전리품 더미를 휩쓸어 방 안에 반짝이는 장신구들을 흩뿌렸습니다. 보물을 잃을까 봐 패닉에 빠진 고블린은 떨어지는 동전을 잡으려고 바람 속으로 머리부터 뛰어들었습니다. 소용돌이는 고블린을 공중으로 들어 올려 위장이 한계에 도달할 때까지 헝겊 인형처럼 회전시켰습니다. 메스꺼움으로 얼굴이 창백해지고 자존심이 짓밟힌 고블린은 바람이 잦아들자 기어서 도망갔습니다. 당신은 집중력을 완전히 잃고 신음하는 괴물 옆을 지나갔습니다."
"MSG_C_TORNADO_H_WIN","You unleashed the wind against the master of the air, creating a turbulence that even the harpy could not master. Her majestic feathers were ruffled and torn as the conflicting currents stripped her of lift. Screaming in frustrated fury, she plummeted toward the ground, her predatory grace entirely vanished. Each time she tried to flap her wings, the vortex pushed her deeper into the stone floor. You left the fallen hunter struggling to regain her footing in the aftermath of your storm.","空の主に対して風を解き放ち、ハーピーでさえ制御できない乱気流を作り出した。対立する気流が彼女から揚力を奪い、その威厳ある羽根は乱され、引き裂かれた。挫折した怒りで叫びながら、彼女は捕食者の優雅さを完全に失い、地面に向かって急降下した。彼女が翼を広げようとするたびに、渦は彼女を石の床へと深く押し付けた。あなたは嵐の余波の中、再び立ち上がろうともがく墜落した狩人を残して立ち去った。","你对着天空之主释放了狂风，制造出连鹰身女妖也无法化解的湍流。随着乱流夺走了升力，她那华美的羽毛被吹得凌乱破碎。她在挫败的怒吼中从空中坠落，掠食者的优雅荡然无存。每当她试图振翅，漩渦便会将她更深地压向石地。你看着那位昔日的猎人在风暴余波中挣扎着想要站稳，随即转身离去。","Вы обрушили ветер на владычицу воздуха, создав турбулентность, с которой не смогла справиться даже гарпия. Ее величественные перья были взъерошены и разорваны, так как встречные потоки лишили ее подъемной силы. Крича в ярости от бессилия, она рухнула на землю, ее хищное изящество полностью исчезло. Каждый раз, когда она пыталась взмахнуть крыльями, вихрь прижимал ее все глубже к каменному полу. Вы оставили поверженную охотницу пытаться встать на ноги после вашего шторма.","Desataste el viento contra el maestro del aire, creando una turbulencia que ni siquiera la arpía pudo dominar. Sus majestuosas plumas se erizaron y se rasgaron mientras las corrientes en conflicto la despojaban de sustentación. Gritando con furia frustrada, cayó en picado hacia el suelo, su gracia depredadora desapareció por completo. Cada vez que intentaba batir sus alas, el vórtice la empujaba más profundamente contra el suelo de piedra. Dejaste a la cazadora caída luchando por recuperar el equilibrio tras tu tormenta.","Você liberou o vento contra o mestre do ar, criando uma turbulência que nem mesmo a harpia conseguiu dominar. Suas penas majestosas ficaram eriçadas e rasgadas enquanto as correntes conflitantes a privavam de sustentação. Gritando em fúria frustrada, ela despencou em direção ao chão, sua graça predatória desaparecendo inteiramente. Cada vez que tentava bater as asas, o vórtice a empurrava mais profundamente contra o chão de pedra. Você deixou a caçadora caída lutando para recuperar o equilíbrio após sua tempestade.","Du entfesseltest den Wind gegen die Herrin der Lüfte und erzeugtest eine Turbulenz, die selbst die Harpie nicht meistern konnte. Ihre majestätischen Federn wurden zerzaust und zerrissen, als die gegensätzlichen Strömungen ihr den Auftrieb nahmen. In frustrierter Wut schreiend stürzte sie zu Boden, ihre räuberische Anmut war völlig verschwunden. Jedes Mal, wenn sie versuchte, mit den Flügeln zu schlagen, drückte der Wirbel sie tiefer auf den Steinboden. Du ließest die gefallene Jägerin zurück, wie sie sich in den Nachwehen deines Sturms abmühte, wieder auf die Füße zu kommen.","하늘의 주인에게 바람을 뿜어내어 하피조차 감당할 수 없는 난기류를 만들었습니다. 충돌하는 기류가 양력을 빼앗자 그녀의 위엄 있는 깃털은 헝클어지고 찢겼습니다. 좌절된 분노로 비명을 지르며 그녀는 땅으로 추락했고, 포식자의 우아함은 완전히 사라졌습니다. 그녀가 날개를 퍼덕이려 할 때마다 소용돌이는 그녀를 돌바닥으로 더 깊숙이 밀어 넣었습니다. 당신은 폭풍이 지나간 후 다시 일어서려고 애쓰는 추락한 사냥꾼을 뒤로하고 떠났습니다."
"MSG_C_TORNADO_I_LOSS","The imp saw the start of your incantation and simply teleported into the very centre of your forming vortex. Safe within the storm's eye, it sat cross-legged and laughed at your frantic efforts to contain it. The wind howled around it, but the demon remained untouchable, its dark magic anchoring it in space.","インプはあなたの呪文の始まりを見て、形成されつつある渦のちょうど中心へとテレポートした。嵐の眼の中で安全に、奴はあぐらをかいて座り、自分を封じ込めようとするあなたの狂ったような努力を笑っていた。風が周りで咆哮していたが、悪魔は触れられないままで、その闇の魔法が空間に奴を固定していた。","小恶魔看穿了你咒语的开端，直接传送到了正在形成的漩涡中心。它在风暴眼中安然盘腿而坐，嘲笑着你试图困住它的徒劳努力。狂风在它周围嘶吼，但恶魔依然毫发无损，其黑暗魔法将其锚定在空间中。","Бес увидел начало вашего заклинания и просто телепортировался в самый центр формирующегося вихря. В безопасности внутри ока шторма он сидел, скрестив ноги, и смеялся над вашими отчаянными попытками сдержать его. Ветер выл вокруг него, но демон оставался неприкосновенным, его темная магия удерживала его в пространстве.","El imp vio el comienzo de tu encantamiento y simplemente se teletransportó al mismo centro de tu vórtice en formación. Seguro dentro del ojo de la tormenta, se sentó con las piernas cruzadas y se rió de tus frenéticos esfuerzos por contenerlo. El viento aullaba a su alrededor, pero el demonio permanecía intocable, su magia oscura anclándolo en el espacio.","O imp viu o início do seu encantamento e simplesmente teletransportou-se para o centro do seu vórtice em formação. Seguro dentro do olho da tempestade, sentou-se de pernas cruzadas e riu de seus esforços frenéticos para contê-lo. O vento uivava ao seu redor, mas o demônio permanecia intocável, sua magia negra ancorando-o no espaço.","Der Imp sah den Beginn deiner Beschwörung und teleportierte sich einfach in das Zentrum deines sich bildenden Wirbels. Sicher im Auge des Sturms saß er im Schneidersitz da und lachte über deine verzweifelten Bemühungen, ihn festzuhalten. Der Wind heulte um ihn herum, aber der Dämon blieb unberührbar, seine dunkle Magie verankerte ihn im Raum.","임프는 당신의 주문이 시작되는 것을 보고 형성 중인 소용돌이의 정중앙으로 텔레포트했습니다. 폭풍의 눈 안에서 안전하게 책상다리를 하고 앉아 자신을 가두려는 당신의 필사적인 노력을 비웃었습니다. 바람은 주변에서 울부짖었지만, 악마는 공간에 고정된 어둠의 마법 덕분에 무사했습니다."
"MSG_C_TORNADO_J_LOSS","The jelly's elastic mass absorbed the wind's pressure, spreading its form thin across the dungeon walls rather than being torn apart. Your tornado only served to spray the monster's acidic slime in a perfect circular arc, coating the entire corridor. Instead of dissipating, the creature used the centrifugal force to launch thousands of tiny, stinging droplets directly at you. You were forced to maintain the wind just to keep the caustic spray at bay, exhausting your magic. The jelly reformed behind the barrier of its own slime, larger and more agitated than before.","ジェリーの弾力ある質量は風の圧力を吸収し、引き裂かれる代わりに自らの形をダンジョンの壁一面に薄く広げた。あなたの竜巻は、魔物の酸性のスライムを完璧な円弧状に散布し、廊下全体をコーティングする役にしか立たなかった。霧散するどころか、怪物は遠心力を使って数千の小さな刺すような滴をあなたに直接飛ばした。あなたはその腐食性の飛沫を防ぐためだけに風を維持することを強いられ、魔法を使い果たした。ジェリーは自らのスライムの障壁の後ろで以前よりも大きく、より興奮した状態で再形成された。","果冻怪弹性的躯体吸收了风压，它不但没被撕碎，反而在地牢墙壁上摊成了一层薄膜。你的龙卷风反而成了帮凶，将怪物的酸性粘液呈完美圆弧喷洒在整条走廊。这怪物非但没消散，反而利用离心力将数千颗刺痛的小液滴直接射向你。你被迫维持风力以阻挡腐蚀性喷雾，这耗尽了你的法力。果冻怪在粘液屏障后重新凝聚，体型比先前更庞大，且愈发暴躁。","Эластичная масса желе поглотила давление ветра, растягивая свою форму тонким слоем по стенам подземелья, вместо того чтобы быть разорванной на части. Ваш смерч только помог распылить кислую слизь монстра идеальной круговой дугой, покрыв весь коридор. Вместо того чтобы рассеяться, существо использовало центробежную силу, чтобы направить тысячи крошечных жгучих капель прямо на вас. Вы были вынуждены поддерживать ветер только для того, чтобы сдерживать едкие брызги, истощая свою магию. Желе восстановилось за барьером из собственной слизи, став больше и раздраженнее, чем раньше.","La masa elástica de la gelatina absorbió la presión del viento, extendiendo su forma finamente por las paredes de la mazmorra en lugar de ser desgarrada. Tu tornado solo sirvió para rociar el limo ácido del monstruo en un arco circular perfecto, cubriendo todo el pasillo. En lugar de disiparse, la criatura usó la fuerza centrífuga para lanzar miles de pequeñas gotas punzantes directamente hacia ti. Te viste obligado a mantener el viento solo para mantener a raya el rocío cáustico, agotando tu magia. La gelatina se reformó detrás de la barrera de su propio limo, más grande y más agitada que antes.","A massa elástica da geleia absorveu a pressão do vento, espalhando sua forma finamente pelas paredes da masmorra em vez de ser despedaçada. Seu tornado serviu apenas para pulverizar o lodo ácido do monstro em um arco circular perfeito, revestindo todo o corredor. Em vez de se dissipar, a criatura usou a força centrífuga para lançar milhares de pequenas gotículas picantes diretamente em você. Você foi forçado a manter o vento apenas para manter o spray cáustico sob controle, esgotando sua magia. A geleia reformou-se atrás da barreira de seu próprio lodo, maior e mais agitada do que antes.","Die elastische Masse des Gelees absorbierte den Winddruck und breitete seine Form dünn über die Wände des Dungeons aus, anstatt zerrissen zu werden. Dein Tornado diente nur dazu, den säurehaltigen Schleim des Monsters in einem perfekten Kreisbogen zu versprühen und den gesamten Korridor zu überziehen. Anstatt sich aufzulösen, nutzte das Wesen die Zentrifugalkraft, um Tausende winziger, stechender Tröpfchen direkt auf dich zu schleudern. Du warst gezwungen, den Wind aufrechtzuerhalten, nur um den ätzenden Sprühnebel in Schach zu halten, was deine Magie erschöpfte. Das Gelee formte sich hinter der Barriere seines eigenen Schleims neu, größer und aufgeregter als zuvor.","젤리의 탄력 있는 질량은 바람의 압력을 흡수하여 찢어지는 대신 던전 벽 전체에 얇게 퍼졌습니다. 당신의 회오리바람은 괴물의 산성 점액을 완벽한 원호 모양으로 흩뿌려 복도 전체를 뒤덮는 역할만 했습니다. 소용돌이하기는커녕 괴물은 원심력을 이용해 수천 개의 작고 따끔거리는 물방울을 당신에게 직접 날렸습니다. 당신은 부식성 비말을 막기 위해 바람을 유지해야만 했고, 결국 마력을 소진했습니다. 젤리는 자신의 점액 장벽 뒤에서 이전보다 더 크고 더 흥분된 모습으로 다시 형성되었습니다."
"MSG_C_TORNADO_K_WIN","You unleashed a thundering gale that scattered the kobold pack like dry leaves in autumn. The small, lizard-like warriors were lifted off their feet, their primitive spears clattering harmlessly against the stones. Those who managed to stay grounded were blinded by the dust and debris your vortex whipped up from the floor. Panic broke through their group training as the roar of the air drowned out their leader's desperate commands. You passed through the confused and terrified kobolds while they were still shielding their eyes.","コボルドの群れを秋の枯葉のように散らす、雷鳴のような疾風を解き放った。トカゲのような小さな戦士たちは足を持ち上げられ、その原始的な槍は石に当たって無害に音を立てた。地に留まることができた者たちも、あなたの渦が床から巻き上げた埃や破片で視界を奪われた。空気の轟音がリーダーの必死の命令をかき消し、パニックが彼らの集団訓練を打ち砕いた。彼らがまだ目を覆っている間に、あなたは混乱し恐怖に陥ったコボルドたちの間を通り抜けた。","你释放出一阵雷鸣般的烈风，像扫秋叶般惊散了狗头人小队。细小的蜥蜴状战士们被卷离地面，原始的长矛杂乱地撞向石地，毫无威胁。那些勉强站稳的也被漩涡卷起的尘土和碎屑蒙住了双眼。狂风的嘶吼淹没了头领疯狂的呐喊，恐慌彻底粉碎了它们的战阵。你大步穿过这些惊恐混亂的狗头人，而它们此时还在徒劳地遮挡风沙。","Вы обрушили громовой шквал, который рассеял стаю кобольдов, как сухие листья осенью. Маленькие воины, похожие на ящериц, были оторваны от земли, их примитивные копья безвредно гремели о камни. Те, кому удалось удержаться на ногах, были ослеплены пылью и мусором, которые ваш вихрь поднял с пола. Паника охватила их, несмотря на групповую подготовку, так как рев воздуха заглушил отчаянные команды их лидера. Вы прошли сквозь растерянных и напуганных кобольдов, пока они все еще закрывали глаза.","Desataste un vendaval atronador que dispersó a la manada de kobolds como hojas secas en otoño. Los pequeños guerreros parecidos a lagartos fueron levantados del suelo, sus lanzas primitivas tintineando inofensivamente contra las piedras. Aquellos que lograron mantenerse en el suelo quedaron cegados por el polvo y los escombros que tu vórtice levantó del suelo. El pánico rompió su entrenamiento grupal mientras el rugido del aire ahogaba las órdenes desesperadas de su líder. Pasaste entre los kobolds confundidos y aterrorizados mientras todavía se cubrían los ojos.","Você liberou um vendaval estrondoso que espalhou o bando de kobolds como folhas secas no outono. Os pequenos guerreiros parecidos com lagartos foram levantados do chão, suas lanças primitivas chacoalhando inofensivamente contra as pedras. Aqueles que conseguiram permanecer no chão ficaram cegos pela poeira e detritos que seu vórtice levantou do chão. O pânico rompeu o treinamento do grupo enquanto o rugido do ar abafava os comandos desesperados de seu líder. Você passou pelos kobolds confusos e aterrorizados enquanto eles ainda protegiam os olhos.","Du entfesseltest eine donnernde Sturmböe, die das Koboldrudel wie trockene Blätter im Herbst verstreute. Die kleinen, echsenartigen Krieger wurden von den Füßen gerissen, ihre primitiven Speere klapperten harmlos gegen die Steine. Diejenigen, denen es gelang, am Boden zu bleiben, wurden von Staub und Trümmern geblendet, die dein Wirbel vom Boden aufwirbelte. Panik durchbrach ihr Gruppentraining, als das Brüllen der Luft die verzweifelten Befehle ihres Anführers übertönte. Du gingst an den verwirrten und verängstigten Kobolden vorbei, während sie sich noch die Augen schützten.","가을의 낙엽처럼 코볼트 무리를 흩뿌리는 천둥 같은 강풍을 일으켰습니다. 도마뱀을 닮은 작은 전사들은 발이 공중에 떴고, 그들의 원시적인 창은 돌바닥에 부딪히며 무해한 소리를 냈습니다. 땅에 붙어 있으려 애쓰던 이들은 소용돌이가 바닥에서 일으킨 먼지와 파편 때문에 눈을 뜰 수 없었습니다. 공기의 굉음이 우두머리의 필사적인 명령을 집어삼키자 그들의 집단 훈련은 공포 속으로 무너졌습니다. 당신은 혼란과 공포에 빠진 코볼트들이 여전히 눈을 가리고 있는 사이 그들 사이를 유유히 지나갔습니다."
"MSG_C_TORNADO_L_WIN","The lizard's heavy body was no match for the violent pressure changes of your localized vacuum. You lifted the predator by its tail, spinning it in a vertical loop that completely disrupted its internal sense of balance. Its claws searched for purchase on the smooth stone ceiling but found only rushing air. Whipped through the storm's eye, the creature finally hit the far wall with a dull, heavy thud. Stunned and confused, the cold-blooded hunter could only watch as you claimed the path ahead.","リザードの重い体は、あなたの局所的な真空の激しい圧力変化には太刀打ちできなかった。あなたは捕食者の尾を持ち上げ、その内部の平衡感覚を完全に乱す垂直のループで回転させた。その爪は滑らかな石の天井に掴みどころを探したが、流れる空気を見つけるだけだった。嵐の眼を通り抜けて振り回され、魔物はついに鈍く重い衝撃音とともに遠くの壁に当たった。呆然とし混乱した冷血な狩人は、あなたが前方の道を進むのをただ見ていることしかできなかった。","蜥蜴沉重的躯体在局部真空的剧烈压强变动面前毫无还手之力。你拎着这掠食者的尾巴将它卷起，在垂直的一周旋中彻底搅乱了它的平衡感。它的爪子在光滑的石质顶棚上徒劳地抓挠，却只抓到了一手空。在穿过风暴眼的剧烈抽打后，它伴随着一声沉闷的撞击声摔在远墙上。这冷血猎手现在只能神志不清地看着你夺路而去。","Тяжелое тело ящерицы не могло противостоять резким изменениям давления вашего локального вакуума. Вы подняли хищника за хвост, вращая его в вертикальной петле, что полностью нарушило его внутреннее чувство равновесия. Его когти искали опору на гладком каменном потолке, но находили только стремительный поток воздуха. Пронесенное через око шторма, существо наконец ударилось о дальнюю стену с глухим тяжелым стуком. Ошеломленный и сбитый с толку, хладнокровный охотник мог только наблюдать, как вы занимаете путь впереди.","El cuerpo pesado del lagarto no fue rival para los violentos cambios de presión de tu vacío localizado. Levantaste al depredador por la cola, haciéndolo girar en un bucle vertical que alteró por completo su sentido interno del equilibrio. Sus garras buscaron dónde agarrarse en el liso techo de piedra, pero solo encontraron aire veloz. Azotada a través del ojo de la tormenta, la criatura finalmente golpeó la pared lejana con un golpe sordo y pesado. Aturdido y confundido, el cazador de sangre fría solo pudo observar cómo reclamabas el camino por delante.","O corpo pesado do lagarto não foi páreo para as violentas mudanças de pressão do seu vácuo localizado. Você levantou o predador pela cauda, girando-o em um loop vertical que perturbou completamente seu senso interno de equilíbrio. Suas garras buscaram apoio no teto de pedra liso, mas encontraram apenas ar veloz. Chicoteada pelo olho da tempestade, a criatura finalmente atingiu a parede distante com um baque surdo e pesado. Atordoado e confuso, o caçador de sangue frio só pôde observar enquanto você seguia pelo caminho à frente.","Der schwere Körper der Eidechse war den heftigen Druckänderungen deines lokalisierten Vakuums nicht gewachsen. Du hast das Raubtier am Schwanz gepackt und es in einer vertikalen Schleife gedreht, was seinen inneren Gleichgewichtssinn völlig durcheinander brachte. Seine Krallen suchten Halt an der glatten Steindecke, fanden aber nur rasende Luft. Durch das Auge des Sturms gepeitscht, prallte das Wesen schließlich mit einem dumpfen, schweren Schlag gegen die ferne Wand. Benommen und verwirrt konnte der kaltblütige Jäger nur zusehen, wie du dir den Weg vor dir bahntest.","리자드의 무거운 몸은 당신이 만든 국지적 진공의 격렬한 압력 변화를 당해낼 수 없었습니다. 당신은 포식자의 꼬리를 잡아 들어 올려 수직 루프로 회전시켰고, 이는 놈의 내부 평형 감각을 완전히 망가뜨렸습니다. 발톱은 매끄러운 돌 천장에서 붙잡을 곳을 찾았지만 세차게 흐르는 공기만을 만질 뿐이었습니다. 폭풍의 눈을 통과해 휘둘린 괴물은 결국 둔하고 무거운 충격음과 함께 먼 벽에 부딪혔습니다. 멍하고 혼란에 빠진 냉혈한 사냥꾼은 당신이 앞길을 점령하는 것을 지켜볼 수밖에 없었습니다."
"MSG_C_TORNADO_M_LOSS","The mummy stood like a pillar of salt, its heavy, sand-infused bandages absorbing the wind's fury without flinching. Your tornado only served to strip away layers of dust, revealing the darker, older curses etched into the linen beneath. Instead of drifting away, the loose wraps caught the wind like specialized sails, allowing the creature to glide forward with supernatural speed. The vortex you created became a current that pulled the dead king directly toward your throat. You were forced to break the spell just to arrest its lethal momentum, leaving you gasping for breath.","マミーは塩の柱のように立ち、砂を含んだ重い包帯がひるむことなく風の怒りを吸収した。あなたの竜巻はただ埃の層を剥ぎ取るだけで、その下のリネンに刻まれたより暗く古い呪いを露わにした。吹き飛ばされる代わりに、緩んだ包帯は特殊な帆のように風を捉え、その魔物が超自然的な速さで前進することを可能にした。あなたが作り出した渦は、死せる王をあなたの喉元へと直接引き寄せる流れとなった。あなたはその致命的な勢いを止めるためだけに呪文を解くことを強いられ、息を切らして残された。","木乃伊如盐柱般屹立，吸饱了沙尘的沉重绷带毫不退缩地承受了狂风的怒火。你的龙卷风只吹开了积尘，露出了其下亚麻布上刻着的更阴暗古老的诅咒。散开的绷带非但没被吹走，反而像特制的帆一样兜住了风，使这怪物以超自然的速度滑行而来。你制造的漩涡成了一条洪流，将这死去的王者直接拉向你的咽喉。为了遏制这致命的势头，你不得不强行中断法術，随后大口喘着粗気。","Мумия стояла как соляной столб, ее тяжелые, пропитанные песком бинты без колебаний поглощали ярость ветра. Ваш смерч только сдул слои пыли, обнажив более темные и древние проклятия, выгравированные на полотне под ними. Вместо того чтобы улететь, свободные обмотки ловили ветер, как паруса, позволяя существу скользить вперед с неестественной скоростью. Вихрь, который вы создали, стал течением, потянувшим мертвого короля прямо к вашему горлу. Вы были вынуждены прервать заклинание, чтобы остановить его смертоносный порыв, оставив вас задыхаться.","La momia se mantuvo como una columna de sal, sus vendajes pesados e infundidos de arena absorbiendo la furia del viento sin inmutarse. Tu tornado solo sirvió para quitar capas de polvo, revelando las maldiciones más oscuras y antiguas grabadas en el lino debajo. En lugar de alejarse a la deriva, las vendas sueltas atraparon el viento como velas especializadas, permitiendo que la criatura se deslizara hacia adelante con una velocidad sobrenatural. El vórtice que creaste se convirtió en una corriente que arrastró al rey muerto directamente hacia tu garganta. Te viste obligado a romper el hechizo solo para detener su impulso letal, dejándote sin aliento.","A múmia ficou como uma coluna de sal, suas bandagens pesadas e infundidas com areia absorvendo a fúria do vento sem vacilar. Seu tornado serviu apenas para remover camadas de poeira, revelando as maldições mais escuras e antigas gravadas no linho abaixo. Em vez de se afastar, as bandagens soltas pegaram o vento como velas especializadas, permitindo que a criatura deslizasse para frente com velocidade sobrenatural. O vórtice que você criou tornou-se uma corrente que puxou o rei morto diretamente para sua garganta. Você foi forçado a quebrar o feitiço apenas para deter seu ímpeto letal, deixando-o ofegante.","Die Mumie stand wie eine Salzsäule da, ihre schweren, sanddurchtränkten Bandagen absorbierten die Wut des Windes ohne mit der Wimper zu zucken. Dein Tornado diente nur dazu, Staubschichten abzutragen und die dunkleren, älteren Flüche freizulegen, die in das Leinen darunter geätzt waren. Anstatt wegzudriften, fingen die losen Wickel den Wind wie spezialisierte Segel ein, was es dem Wesen ermöglichte, mit übernatürlicher Geschwindigkeit vorwärts zu gleiten. Der Wirbel, den du erzeugt hast, wurde zu einer Strömung, die den toten König direkt auf deine Kehle zuzog. Du warst gezwungen, den Zauber zu brechen, nur um seinen tödlichen Schwung zu stoppen, was dich außer Atem zurückließ.","미라는 소금 기둥처럼 서 있었고, 모래가 섞인 무거운 붕대는 움츠러들지 않고 바람의 분노를 흡수했습니다. 당신의 회오리바람은 먼지 층을 벗겨내어 그 아래 린넨에 새겨진 더 어둡고 오래된 저주를 드러낼 뿐이었습니다. 느슨한 붕대는 날아가는 대신 특수한 돛처럼 바람을 타서 괴물이 초자연적인 속도로 전진하게 했습니다. 당신이 만든 소용돌이는 죽은 왕을 당신의 목으로 직접 끌어당기는 기류가 되었습니다. 당신은 그 치명적인 운동량을 멈추기 위해 주문을 깨야만 했고, 숨을 헐떡이며 남겨졌습니다."
"MSG_C_TORNADO_N_LOSS","The naga anchored herself to the dungeon floor with her massive coils, her scales shimmering as they deflected your wind magic. She watched your storm with ancient, unblinking eyes, recognizing the patterns of the air as easily as the currents of a river. With a sudden, rhythmic movement of her hood, she projected a counter-vibration that disrupted the spiral's integrity. Your tornado shattered into harmless gusts, leaving you exposed to her swift, calculated strike. The ancient serpent moved forward, her sovereignty over the corridor reaffirmed.","ナーガはその巨大なとぐろでダンジョンの床に自らを固定し、風の魔法をそらす鱗を輝かせた。彼女は瞬きもしない古の瞳であなたの嵐を見守り、川の流れのように容易に空気のパターンを認識した。フードを突然、リズムを刻むように動かすことで、彼女は渦の完全性を乱す対抗振動を投影した。あなたの竜巻は無害な突風へと砕け散り、あなたは彼女の迅速で計算された一撃にさらされた。古の大蛇は前進し、廊下における彼女の主権は再び確固たるものとなった。","纳迦用她那巨大的蛇阵将自己锚定在地牢地面，闪烁的鳞片拨开了你的风魔法。她用那双古老、从不眨动的眼睛注視着你的风暴，像辨识河流湍流一样轻松地看穿了空气的纹路。随着颈根部一次突然且富有韵律的摆动，她投射出一股反向振动，瞬间瓦解了旋风的完整性。你的龙卷风碎裂成无害的阵风，让你暴露在她迅猛且精确的攻击之下。古老的巨蛇向前游动，再次宣告了她对这条走廊的主权。","Нага закрепилась на полу подземелья своими массивными кольцами, ее чешуя мерцала, отражая вашу магию ветра. Она наблюдала за вашим штормом древними, немигающими глазами, распознавая потоки воздуха так же легко, как течения реки. Внезапным ритмичным движением капюшона она создала противовибрацию, нарушившую целостность спирали. Ваш смерч рассыпался на безобидные порывы, оставив вас беззащитным перед ее быстрым и расчетливым ударом. Древний змей двинулся вперед, вновь подтвердив свое господство над коридором.","La naga se ancló al suelo de la mazmorra con sus espirales masivas, sus escamas brillando mientras desviaban tu magia de viento. Observó tu tormenta con ojos antiguos y sin parpadear, reconociendo los patrones del aire tan fácilmente como las corrientes de un río. Con un movimiento repentino y rítmico de su capucha, proyectó una contravibración que alteró la integridad de la espiral. Tu tornado se rompió en ráfagas inofensivas, dejándote expuesto a su ataque rápido y calculado. La antigua serpiente avanzó, reafirmando su soberanía sobre el corredor.","A naga ancorou-se ao chão da masmorra com suas espirais maciças, suas escamas brilhando enquanto desviavam sua magia de vento. Ela observou sua tempestade com olhos antigos e sem piscar, reconhecendo os padrões do ar tão facilmente quanto as correntes de um rio. Com um movimento rítmico e repentino de seu capuz, ela projetou uma contravibração que perturbou a integridade da espiral. Seu tornado despedaçou-se em rajadas inofensivas, deixando você exposto ao seu ataque rápido e calculado. A serpente antiga avançou, reafirmando sua soberania sobre o corredor.","Die Naga verankerte sich mit ihren massiven Windungen am Boden des Dungeons, ihre Schuppen schimmerten, während sie deine Windmagie ablenkten. Sie beobachtete deinen Sturm mit uralten, unbewegten Augen und erkannte die Luftmuster so leicht wie die Strömungen eines Flusses. Mit einer plötzlichen, rhythmischen Bewegung ihrer Haube projizierte sie eine Gegenvibration, die die Integrität der Spirale störte. Dein Tornado zerbrach in harmlose Böen und ließ dich ihrem schnellen, kalkulierten Schlag schutzlos ausliefern. Die uralte Schlange bewegte sich vorwärts und bekräftigte erneut ihre Souveränität über den Korridor.","나가는 거대한 똬리로 던전 바닥에 몸을 고정했고, 비늘은 바람 마법을 튕겨내며 번뜩였습니다. 그녀는 깜박이지 않는 고대의 눈으로 폭풍을 지켜보며 강물의 흐름을 읽듯 공기의 흐름을 쉽게 파악했습니다. 갑자기 후드를 리드미컬하게 움직여 소용돌이의 구조를 무너뜨리는 역진동을 발산했습니다. 당신의 회오리바람은 무해한 돌풍으로 산산조각 났고, 당신은 그녀의 빠르고 계산된 일격에 노출되었습니다. 고대의 뱀은 전진하며 복도에 대한 지배권을 다시 한번 확고히 했습니다."
"MSG_C_TORNADO_O_LOSS","The orc met your gale with a roar of pure defiance, its heavy iron armor acting as an anchor against the rising winds. Instead of being lifted, the brute used the air resistance to lean into the storm, its massive muscles tensing for a direct charge. Your tornado howled around the monster, but it only seemed to fuel its bloodlust. With a final, explosive burst of strength, the orc broke through the outer wall of your vortex. You were caught off guard by the sheer physical power that ignored your magic entirely.","オークは純粋な反抗の咆哮であなたの疾風を迎え撃ち、その重い鉄の鎧は高まる風に対する錨として働いた。持ち上げられる代わりに、その荒くれ者は空気抵抗を利用して嵐に身を乗り出し、巨大な筋肉を直接の突撃のために緊張させた。あなたの竜巻は魔物の周りで咆哮したが、それはただ奴の殺意を煽るだけのようだった。最後の一気に爆発的な力の放出で、オークはあなたの渦の外壁を突き破った。あなたの魔法を完全に無視した純粋な肉体的な力に、あなたは不意を突かれた。","兽人以一声纯粹蔑视的怒吼迎接了你的烈风，沉重的铁甲成了它对抗狂风的铁锚。这蛮类非但没被卷起，反倒利用风阻前倾身体，巨大的肌肉紧绷着准备发起冲锋。你的龙卷風在怪物周围嘶吼，却似乎只点燃了它的嗜血欲望。伴随着最后一次爆发性的蛮力，兽人冲破了漩渦的外围。你因其完全无视法术的原始体能而措手不及。","Орк встретил ваш шквал ревом чистого неповиновения, его тяжелые железные доспехи служили якорем против усиливающегося ветра. Вместо того чтобы быть поднятым в воздух, брут использовал сопротивление воздуха, чтобы наклониться в сторону шторма, его массивные мускулы напряглись для прямой атаки. Ваш смерч выл вокруг монстра, но это, казалось, только подпитывало его жажду крови. Последним взрывным рывком орк прорвался сквозь внешнюю стену вашего вихря. Вы были застигнуты врасплох чистой физической силой, которая полностью игнорировала вашу магию.","El orco recibió tu vendaval con un rugido de puro desafío, su pesada armadura de hierro actuando como un ancla contra los vientos crecientes. En lugar de ser levantado, el bruto usó la resistencia del aire para inclinarse hacia la tormenta, sus músculos masivos tensándose para una carga directa. Tu tornado aullaba alrededor del monstruo, pero solo parecía alimentar su sed de sangre. Con un estallido de fuerza final y explosivo, el orco rompió la pared exterior de tu vórtice. Te pilló desprevenido la pura potencia física que ignoró por completo tu magia.","O orc enfrentou seu vendaval com um rugido de puro desafio, sua armadura de ferro pesada agindo como uma âncora contra os ventos crescentes. Em vez de ser levantado, o bruto usou a resistência do ar para se inclinar em direção à tempestade, seus músculos maciços tensionando-se para uma investida direta. Seu tornado uivava ao redor do monstro, mas parecia apenas alimentar sua sede de sangue. Com uma explosão final de força, o orc rompeu a parede externa do seu vórtice. Você foi pego de surpresa pela pura força física que ignorou inteiramente sua magia.","Der Ork begegnete deinem Sturm mit einem Brüllen reiner Verleumdung, seine schwere Eisenrüstung wirkte wie ein Anker gegen die aufkommenden Winde. Anstatt hochgehoben zu werden, nutzte der Grobian den Luftwiderstand, um sich in den Sturm zu lehnen, seine massiven Muskeln spannten sich für einen direkten Angriff an. Dein Tornado heulte um das Monster herum, aber es schien nur seine Blutlust zu schüren. Mit einem letzten, explosiven Kraftakt durchbrach der Ork die Außenwand deines Wirbels. Du wurdest von der schieren physischen Gewalt überrascht, die deine Magie völlig ignorierte.","오크는 순전한 저항의 포효로 당신의 강풍에 맞섰고, 무거운 철갑은 거세지는 바람에 대항하는 똬리 역할을 했습니다. 공중에 뜨는 대신 이 짐승은 공기 저항을 이용해 폭풍 쪽으로 몸을 기울였고, 거대한 근육은 직접적인 돌진을 위해 긴장했습니다. 당신의 회오리바람은 괴물 주변에서 울부짖었지만, 그것은 오직 놈의 살의를 자극할 뿐이었습니다. 마지막 폭발적인 힘으로 오크는 소용돌이의 외벽을 뚫고 나왔습니다. 당신의 마법을 완전히 무시하는 압도적인 물리적 힘에 당신은 허를 찔리고 말았습니다."
"MSG_C_TORNADO_P_WIN","The pixie found herself caught in a wind faster than her own fluttering wings could manage. You spun her in a shimmering orbit, the light catching her iridescent wings in a blur of beautiful, frantic motion. All her mischievous magic was useless against the raw physics of the vortex. As the centripetal force increased, she let out a tiny, high-pitched yelp of surrender. You released the wind, sending the dizzy creature into a soft pile of dust at the far end of the hall. She remained there, wings tangled and pride wounded, as you slipped past.","ピクシーは、自らの羽ばたきでは制御できないほど速い風に捕らえられた。あなたは彼女をきらめく軌道で回転させ、光が彼女の虹色の翼を捉えて美しくも狂ったような動きがぼやけて見えた。彼女のいたずらな魔法は全て、渦の生の物理法則の前では無力だった。求心が強まるにつれ、彼女は降参を意味する小さな高い鳴き声を上げた。あなたは風を解き放ち、目の回ったその魔物をホールの端にある柔らかな埃の山へと送り込んだ。彼女が翼を絡ませ尊厳を傷つけられたままそこに留まっている間に、あなたは通り過ぎた。","小仙女发现自己陷入了一阵快到连她那拍动的双翼也无法应对的狂风中。你让她在闪烁的轨道上飞旋，光影映照着她那对虹彩之翼，化作一片美丽又狂乱的虚影。在漩涡原始的物理法则面前，她所有的恶作劇法術都失去了作用。随着向心力不断增强，她发出一声细小高亢的惊呼表示投降。你撤去风力，将这晕头转向的小生灵摔进走廊尽头的一堆软土里。当你溜过去时，她还待在原地，双翼扭成一团，自尊心大受打击。","Пикси оказалась во власти ветра, который был быстрее, чем могли справиться ее собственные трепещущие крылья. Вы закружили ее на мерцающей орбите, свет ловил ее радужные крылья в вихре прекрасного, неистового движения. Вся ее озорная магия была бесполезна против грубой физики вихря. Когда центростремительная сила возросла, она издала крошечный, пронзительный визг капитуляции. Вы отпустили ветер, отправив ошеломленное существо в мягкую кучу пыли в дальнем конце зала. Она осталась там с запутавшимися крыльями и уязвленной гордостью, пока вы ускользали мимо.","La pixie se vio atrapada en un viento más rápido de lo que sus propias alas revoloteantes podían manejar. La hiciste girar en una órbita resplandeciente, la luz captando sus alas iridiscentes en un desenfoque de movimiento hermoso y frenético. Toda su magia traviesa fue inútil contra la física pura del vórtice. A medida que aumentaba la fuerza centrípeta, lanzó un pequeño aullido de rendición en tono alto. Liberaste el viento, enviando a la criatura mareada a una suave pila de polvo en el otro extremo del pasillo. Permaneció allí, con las alas enredadas y el orgullo herido, mientras te escabullías.","A pixie viu-se presa em um vento mais rápido do que suas próprias asas esvoaçantes podiam aguentar. Você a girou em uma órbita cintilante, a luz captando suas asas iridescentes em um borrão de movimento belo e frenético. Toda a sua magia travessa foi inútil contra a física bruta do vórtice. À medida que a força centrípeta aumentava, ela soltou um pequeno ganido agudo de rendição. Você liberou o vento, enviando a criatura tonta para uma pilha macia de poeira na extremidade oposta do corredor. Ela permaneceu lá, com as asas emaranhadas e o orgulho ferido, enquanto você passava.","Die Pixie fand sich in einem Wind gefangen, der schneller war, als ihre eigenen flatternden Flügel bewältigen konnten. Du hast sie in einer schimmernden Bahn gedreht, das Licht fing ihre schillernden Flügel in einem Verschwimmen aus schöner, hektischer Bewegung ein. All ihre schelmische Magie war nutzlos gegen die rohe Physik des Wirbels. Als die Zentripetalkraft zunahm, stieß sie einen winzigen, hohen Jaulen der Kapitulation aus. Du hast den Wind losgelassen und das schwindlige Wesen in einen weichen Staubhaufen am fernen Ende des Saals geschleudert. Sie blieb dort, die Flügel verheddert und der Stolz verletzt, während du vorbeischlüpftest.","픽시는 자신의 날개짓보다 더 빠른 바람에 휩쓸렸습니다. 당신은 그녀를 반짝이는 궤도로 회전시켰고, 빛은 그녀의 무지갯빛 날개를 아름답고 광기 어린 움직임의 잔상으로 포착했습니다. 그녀의 모든 장난스러운 마법은 소용돌이의 가차 없는 물리 법칙 앞에서 무용지물이었습니다. 구심력이 강해지자 그녀는 항복을 선언하듯 작고 높은 비명을 질렀습니다. 당신은 바람을 멈춰 어지러워진 그녀를 복도 끝의 부드러운 먼지 더미로 날려 보냈습니다. 그녀는 날개가 엉키고 자존심이 상한 채 그곳에 머물렀고, 당신은 그 옆을 빠져나갔습니다."
"MSG_C_TORNADO_Q_LOSS","The coeurl detected the electromagnetic shift of your gathering storm and adapted its own neural output to compensate. It stood perfectly balanced atop its long, agile legs, its tentacles weaving a complex counter-frequency that grounded the wind's energy. Your tornado flickered and died as if its very source had been disconnected. The creature watched you with a calm, predatory intelligence, its eyes reflecting the sparks of its own internal power. Having drained the momentum from your spell, it lunged forward before you could even draw a breath. The silence that followed was broken only by the beast's lethal movement.","クアールは集まりつつある嵐の電磁的な変化を検知し、自身の神経出力を調整してそれを補った。奴はその長く敏捷な肢の上で完璧なバランスを保ち、触手が風のエネルギーを逃がす複雑な対抗周波数を織り成した。あなたの竜巻は、まるでもとの供給源が切断されたかのように明滅して消えた。魔物は冷静で捕食者のような知性であなたを見つめ、その瞳には自身の内部の力の火花が映っていた。あなたの呪文から勢いを奪い取った奴は、あなたが息を吸う間もなく前方へ飛びかかった。その後の静寂は、獣の致命的な動作によってのみ破られた。","夸尔探测到了你汇聚风暴时的电磁偏移，并相应调整了自己的神经输出予以抵销。它那长而灵动的四肢稳稳伫立，触须编织出一套复杂的反向频率，导走了狂风의能量。你的龙卷风闪烁了几下便熄灭了，仿佛源头被切断了一般。这怪物以冷静而机敏的眼神注视着你，眼中映着它内在力量의火花。在吸干了法术的势能后，它在你还没来得及吸一口气之前便猛扑了过来。随之而来的寂静，唯有这野兽致命的闪身将其打破。","Куэрл обнаружил электромагнитный сдвиг вашей собирающейся бури и адаптировал свои собственные нейронные импульсы для компенсации. Он стоял в идеальном равновесии на своих длинных проворных ногах, а его щупальца плели сложную контрчастоту, которая заземляла энергию ветра. Ваш смерч мигнул и погас, как будто его источник был отключен. Существо наблюдало за вами с холодным хищным интеллектом, его глаза отражали искры его собственной внутренней силы. Лишив ваше заклинание импульса, оно бросилось вперед, прежде чем вы успели даже вздохнуть. Последовавшая тишина была нарушена только смертоносным движением зверя.","El coeurl detectó el cambio electromagnético de tu tormenta en formación y adaptó su propia salida neuronal para compensarlo. Se mantuvo perfectamente equilibrado sobre sus largas y ágiles patas, sus tentáculos tejiendo una compleja contrafrecuencia que conectó a tierra la energía del viento. Tu tornado parpadeó y murió como si su propia fuente hubiera sido desconectada. La criatura te observó con una inteligencia depredadora y tranquila, sus ojos reflejando las chispas de su propio poder interno. Habiendo drenado el impulso de tu hechizo, se lanzó hacia adelante antes de que pudieras siquiera recuperar el aliento. El silencio que siguió solo fue roto por el movimiento letal de la bestia.","O coeurl detectou a mudança eletromagnética de sua tempestade em formação e adaptou sua própria saída neural para compensar. Ele permaneceu perfeitamente equilibrado sobre suas pernas longas e ágeis, seus tentáculos tecendo uma contrafrequência complexa que aterrou a energia do vento. Seu tornado piscou e morreu como se sua própria fonte tivesse sido desconectada. A criatura observou você com uma inteligência predatória calma, seus olhos refletindo as faíscas de seu próprio poder interno. Tendo drenado o ímpeto de seu feitiço, ele avançou antes mesmo que você pudesse respirar. O silêncio que se seguiu foi quebrado apenas pelo movimento letal da besta.","Der Coeurl erkannte die elektromagnetische Verschiebung deines aufziehenden Sturms und passte seinen eigenen neuronalen Output an, um dies zu kompensieren. Er stand perfekt ausbalanciert auf seinen langen, flinken Beinen, während seine Tentakel eine komplexe Gegenfrequenz webten, die die Energie des Windes ableitete. Dein Tornado flackerte und erlosch, als wäre seine Quelle unterbrochen worden. Das Wesen beobachtete dich mit einer ruhigen, räuberischen Intelligenz, seine Augen spiegelten die Funken seiner eigenen inneren Kraft wider. Nachdem es deinem Zauber den Schwung entzogen hatte, stürzte es vorwärts, noch bevor du überhaupt Luft holen konntest. Die Stille, die folgte, wurde nur durch die tödliche Bewegung der Bestie unterbrochen.","코얼은 당신이 폭풍을 모으는 동안의 전자기적 변화를 감지하고 자신의 신경 출력을 조정해 이를 상쇄했습니다. 코얼은 길고 민첩한 다리 위에서 완벽한 균형을 잡고 서 있었으며, 촉수는 바람의 에너지를 지면으로 흘려보내는 복잡한 역주파수를 만들어냈습니다. 당신의 회오리바람은 마치 전원이 끊긴 것처럼 깜박이다가 사라졌습니다. 괴물은 차분하고 포식자다운 지성으로 당신을 지켜보았고, 눈동자에는 내부의 힘이 내뿜는 불꽃이 비쳤습니다. 주문의 기세를 꺾은 코얼은 당신이 숨을 들이쉬기도 전에 앞으로 달려들었습니다. 뒤따르는 정적은 오직 야수의 치명적인 움직임에 의해서만 깨졌습니다."
"MSG_C_TORNADO_R_LOSS","Individual rats were lifted and tossed aside, but the swarm as a whole remained an unstoppable river of fur and teeth. Your tornado focused on a single point, but the infestation covered every inch of the corridor, flowing through the cracks your wind ignore. For every dozen rats thrown into the air, a hundred more surged forward along the floor. The density of the pack was so great that it actually dampened the wind's force, using collective weight to press onward. You were eventually overwhelmed by the sheer number of tiny, biting creatures that the wind could never fully contain.","個々のラットは持ち上げられ、脇へ投げ飛ばされたが、群れ全体としては毛皮と歯の止まらない川のままだった。あなたの竜巻は一点に集中したが、害獣は廊下の隅々まで覆い、あなたの風が無視する隙間を通って流れてきた。宙に投げ出される十数匹のラットに対して、さらに百匹が床を伝って前進してきた。群れの密度はあまりに高く、集団の重みを使って突進を続け、実際には風の力を弱めていた。結局、風では決して完全には封じ込められない、数え切れないほどの小さな嚙みつく生き物たちにあなたは圧倒された。","单独的老鼠被卷起并甩到一旁，但整个鼠群依然是一条由皮毛和利齿构成的不可阻挡的洪流。你的龙卷风专注于一点，但鼠患覆盖了走廊的每一寸，从风暴忽略的裂缝中穿行而过。每有十几只老鼠被抛向空中，就有上百只沿着地面涌上前来。鼠群의 密度가 너무 커서 실제로는 바람의 힘을 약화시키고 집단적인 무게를 이용해 전진했습니다. 당신은 결국 바람으로 결코 완전히 억제할 수 없는 수많은 작고 물어뜯는 생물들에 의해 압도당했습니다.","Отдельные крысы поднимались в воздух и отбрасывались в сторону, но стая в целом оставалась неудержимой рекой из меха и зубов. Ваш смерч сфокусировался на одной точке, но заражение охватило каждый дюйм коридора, протекая через щели, которые ваш ветер игнорировал. На каждый десяток крыс, подброшенных в воздух, сотня новых устремлялась вперед по полу. Плотность стаи была настолько велика, что она фактически гасила силу ветра, используя коллективный вес, чтобы продвигаться вперед. В конце концов вы были подавлены огромным количеством крошечных кусачих тварей, которых ветер никогда не смог бы полностью сдержать.","Las ratas individuales fueron levantadas y arrojadas a un lado, pero el enjambre en su conjunto permaneció como un río imparable de pelaje y dientes. Tu tornado se centró en un solo punto, pero la plaga cubría cada centímetro del pasillo, fluyendo a través de las grietas que tu viento ignoraba. Por cada docena de ratas lanzadas al aire, cien más surgían hacia adelante por el suelo. La densidad de la manada era tan grande que en realidad amortiguaba la fuerza del viento, usando el peso colectivo para seguir adelante. Eventualmente fuiste abrumado por la pura cantidad de diminutas criaturas mordedoras que el viento nunca pudo contener por completo.","Ratos individuais foram levantados e jogados de lado, mas o enxame como um todo permaneceu como um rio imparável de pelos e dentes. Seu tornado concentrou-se em um único ponto, mas a infestação cobria cada centímetro do corredor, fluindo através das rachaduras que seu vento ignorava. Para cada dúzia de ratos lançados ao ar, mais cem avançavam pelo chão. A densidade do bando era tão grande que na verdade amortecia a força do vento, usando o peso coletivo para pressionar adiante. Você acabou sendo sobrecarregado pelo número absoluto de minúsculas criaturas mordedoras que o vento nunca conseguiu conter totalmente.","Einzelne Ratten wurden hochgehoben und beiseite geschleudert, aber der Schwarm als Ganzes blieb ein unaufhaltsamer Fluss aus Fell und Zähnen. Dein Tornado konzentrierte sich auf einen einzigen Punkt, aber der Befall bedeckte jeden Zentimeter des Korridors und floss durch die Risse, die dein Wind ignorierte. Auf jedes Dutzend Ratten, die in die Luft geworfen wurden, stürmten hundert weitere über den Boden vorwärts. Die Dichte des Rudels war so groß, dass sie die Kraft des Windes tatsächlich dämpfte und das kollektive Gewicht nutzte, um weiter vorzudringen. Schließlich wurdest du von der schieren Anzahl winziger, beißender Kreaturen überwältigt, die der Wind niemals vollständig zurückhalten konnte.","개개의 쥐들은 공중으로 들려 옆으로 던져졌지만, 무리 전체는 털과 이빨로 이루어진 거역할 수 없는 강물처럼 남았습니다. 당신의 회오리바람은 한 지점에 집중되었지만, 쥐 떼는 복도의 모든 구석을 뒤덮으며 바람이 닿지 않는 틈새로 흘러들었습니다. 공중으로 날려간 쥐 수십 마리당 수백 마리가 바닥을 따라 앞으로 밀려왔습니다. 무리의 밀도가 너무 높아 집단적인 무게로 바람의 힘을 억제하며 전진했습니다. 결국 당신은 바람으로 결코 완전히 막을 수 없는 수많은 작고 물어뜯는 괴물들에게 압도당하고 말았습니다."
"MSG_C_TORNADO_S_LOSS","The slime simply let itself be drawn into the vortex, turning your clean wind into a rotating cylinder of caustic, green gel. The centripetal force didn't break the creature; it only dispersed it into millions of airborne acidic droplets. Your tornado became a weapon for the monster, coating you in corrosive slime as you tried to maintain the spell. When you finally cut the wind, the slime reformed instantly from the thousands of parts scattered across the room. Larger and stickier than before, the creature oozed toward you while you struggled with the burning residue on your skin.","スライムはただ渦の中に引き込まれるに任せ、あなたの純粋な風を腐食性の緑のゲルの回転する筒へと変えた。求心力は魔物を壊さず、ただ数百万の空中の酸性滴へと分散させただけだった。あなたの竜巻は怪物の武器となり、あなたが呪文を維持しようとする間に腐食性のスライムであなたを覆った。ついに風を止めたとき、スライムは部屋中に散らばった数千のパーツから即座に再構成された。以前よりも大きく粘り強くなった怪物は、あなたが肌の焼けるような残渣に苦しむ間にあなたの方へと滲み寄ってきた。","史莱姆任由自己被吸入漩涡，将你清冽的风变成了一根旋转的腐蚀性绿色胶体柱。离心力并没有撕碎这怪物，反而将其分散成数百万个漂浮在空中的酸性液滴。你的龙卷风变成了它的武器，在你试图维持法术时将腐蚀性的粘液裹满了你的全身。当你最终撤掉风力，史莱姆立即从散落在屋内的成千上万个碎片中重新凝聚。它比先前更庞大、更粘稠，趁你还在痛苦地清理皮肤上的灼烧残留物时，正向你缓缓爬来。","Слизь просто позволила втянуть себя в вихрь, превратив ваш чистый ветер в вращающийся цилиндр из едкого зеленого геля. Центростремительная сила не разрушила существо; она только рассеяла его на миллионы взвешенных в воздухе капель кислоты. Ваш смерч стал оружием монстра, покрывая вас коррозийной слизью, пока вы пытались поддерживать заклинание. Когда вы наконец прекратили ветер, слизь мгновенно восстановилась из тысяч частей, разбросанных по комнате. Став больше и липче, чем раньше, существо поползло к вам, пока вы боролись с жгучими остатками на своей коже.","El limo simplemente se dejó arrastrar por el vórtice, convirtiendo tu viento limpio en un cilindro giratorio de gel verde cáustico. La fuerza centrípeta no rompió a la criatura; solo la dispersó en millones de gotas ácidas en el aire. Tu tornado se convirtió en un arma para el monstruo, cubriéndote de limo corrosivo mientras intentabas mantener el hechizo. Cuando finalmente cortaste el viento, el limo se reformó instantáneamente a partir de las miles de partes dispersas por la habitación. Más grande y pegajoso que antes, la criatura rezumó hacia ti mientras luchabas con el residuo ardiente en tu piel.","O lodo simplesmente deixou-se atrair pelo vórtice, transformando seu vento limpo em um cilindro giratório de gel verde cáustico. A força centrípeta não quebrou a criatura; apenas a dispersou em milhões de gotículas ácidas no ar. Seu tornado tornou-se uma arma para o monstro, cobrindo você com lodo corrosivo enquanto você tentava manter o feitiço. Quando você finalmente parou o vento, o lodo reformou-se instantaneamente a partir das milhares de partes espalhadas pela sala. Maior e mais pegajosa do que antes, a criatura escorreu em sua direção enquanto você lutava com o resíduo ardente em sua pele.","Der Schleim ließ sich einfach in den Wirbel ziehen und verwandelte deinen sauberen Wind in einen rotierenden Zylinder aus ätzendem, grünem Gel. Die Zentripetalkraft zerbrach das Wesen nicht; sie verteilte es nur in Millionen von säurehaltigen Tröpfchen in der Luft. Dein Tornado wurde zu einer Waffe für das Monster und überzog dich mit korrosivem Schleim, während du versuchtest, den Zauber aufrechtzuerhalten. Als du den Wind schließlich abstelltest, formte sich der Schleim augenblicklich aus den Tausenden im Raum verstreuten Teilen neu. Größer und klebriger als zuvor, kroch das Wesen auf dich zu, während du mit den brennenden Rückständen auf deiner Haut kämpftest.","슬라임은 소용돌이에 순순히 끌려 들어가 당신의 깨끗한 바람을 부식성 녹색 젤이 회전하는 원통으로 바꾸어버렸습니다. 구심력은 괴물을 파괴하지 못했고, 오히려 수백만 개의 공중 산성 물방울로 비산시켰을 뿐입니다. 당신의 회오리바람은 괴물의 무기가 되어 주문을 유지하려 애쓰는 당신을 부식성 점액으로 뒤덮었습니다. 마침내 바람을 멈추자 슬라임은 방 안에 흩어진 수천 개의 조각으로부터 즉시 재결합했습니다. 이전보다 더 크고 끈적해진 괴물은 당신이 피부의 타는 듯한 잔여물과 사투를 벌이는 사이 당신을 향해 기어왔습니다."
"MSG_C_TORNADO_T_LOSS","The troll planted its massive feet and leaned his heavy weight directly into your gale. Your tornado shrieked against the monster's thick hide, but the creature used its incredible regeneration to heal the wind-burn as fast as it occurred. With a grunt of effort, it reached out and grabbed a section of the dungeon wall, anchoring itself against the vacuum. Slowly but surely, the troll began to stomp forward, the wind barely slowing its immense physical momentum. You realized too late that your storm lacked the power to actually move something so heavy and determined. The beast's shadow fell over you as it closed the final distance.","トロールはその巨大な足を固定し、その重い体重を直接あなたの疾風へと預けた。あなたの竜巻は魔物の厚い皮に対して悲鳴を上げたが、怪物はその驚異的な再生能力を使い、風による傷を発生するそばから癒していった。努力のうなり声とともに、奴は手を伸ばしてダンジョンの壁の一部を掴み、真空に対して自らを固定した。ゆっくりと、しかし確実にトロールは前進を始め、風はその巨大な肉体的勢いをほとんど遅らせることができなかった。あなたの嵐には、これほど重く決意の固いものを実際に動かす力がないことに、あなたは気づくのが遅すぎた。最後の間を詰めるにつれ、獣の影があなたの頭上に落ちた。","巨魔站稳了它那巨大的双脚，将沉重的体重直接倾斜在你的烈风中。你的龙卷风拂过怪物厚实的皮层发出尖厉의 啸叫，但它凭借惊人的再生能力，在风灼伤产生的瞬间便将其治愈。随着一声用力的闷哼，它伸手抓住了地牢墙壁的一截，稳住了身形抗拒真空。缓慢而坚定地，巨魔开始向前迈步，狂风几乎无法减缓它那巨大的物理动량。你意识到得太晚了，你的风暴缺乏足够的力量去真正撬动如此沉重且坚毅的目标。当它走完最后一段距离，那巨兽的影子笼罩了你。","Тролль уперся своими массивными ногами и направил свой тяжелый вес прямо против вашего шквала. Ваш смерч визжал о толстую шкуру монстра, но существо использовало свою невероятную регенерацию, чтобы залечивать ожоги от ветра так же быстро, как они появлялись. С натужным хрипом он протянул руку и схватил секцию стены подземелья, закрепившись против вакуума. Медленно, но верно тролль начал шагать вперед, ветер едва замедлял его огромный физический импульс. Вы слишком поздно поняли, что вашему шторму не хватает силы, чтобы сдвинуть что-то настолько тяжелое и решительное. Тень зверя пала на вас, когда он преодолел последнее расстояние.","El trol plantó sus pies masivos e inclinó su gran peso directamente hacia tu vendaval. Tu tornado chilló contra la gruesa piel del monstruo, pero la criatura usó su increíble regeneración para curar las quemaduras del viento tan rápido como ocurrían. Con un gruñido de esfuerzo, estiró la mano y agarró una sección de la pared de la mazmorra, anclándose contra el vacío. Lenta pero seguramente, el trol comenzó a avanzar con paso firme, el viento apenas frenando su inmenso impulso físico. Te diste cuenta demasiado tarde de que tu tormenta carecía del poder para mover realmente algo tan pesado y decidido. La sombra de la bestia cayó sobre ti mientras cerraba la distancia final.","O troll plantou seus pés maciços e inclinou seu peso pesado diretamente contra seu vendaval. Seu tornado gritou contra a pele grossa do monstro, mas a criatura usou sua regeneração incrível para curar as queimaduras do vento tão rápido quanto ocorriam. Com um grunhido de esforço, ele estendeu a mão e agarrou uma seção da parede da masmorra, ancorando-se contra o vácuo. Lentamente, mas com segurança, o troll começou a marchar para frente, o vento mal diminuindo seu imenso ímpeto físico. Você percebeu tarde demais que sua tempestade não tinha o poder de mover algo tão pesado e determinado. A sombra da besta caiu sobre você enquanto ela fechava a distância final.","Der Troll setzte seine massiven Füße auf und lehnte sein schweres Gewicht direkt gegen deine Sturmböe. Dein Tornado kreischte gegen die dicke Haut des Monsters, aber das Wesen nutzte seine unglaubliche Regeneration, um den Windbrand so schnell zu heilen, wie er entstand. Mit einem angestrengten Grunzen streckte er die Hand aus und packte einen Abschnitt der Dungeonwand, um sich gegen das Vakuum zu verankern. Langsam aber sicher stampfte der Troll vorwärts, der Wind bremste seinen immensen physischen Schwung kaum. Du erkanntest zu spät, dass deinem Sturm die Kraft fehlte, etwas so Schweres und Entschlossenes tatsächlich zu bewegen. Der Schatten der Bestie fiel auf dich, als sie die letzte Distanz überwand.","트롤은 거대한 발을 내디디고 무거운 체중을 강풍에 직접 실었습니다. 당신의 회오리바람은 괴물의 두꺼운 가죽에 부딪혀 비명을 질렀지만, 놈은 놀라운 재생력을 발휘해 바람에 의한 상처가 생기는 즉시 치유했습니다. 힘겨운 신음과 함께 트롤은 손을 뻗어 던전 벽면을 붙잡고 진공에 맞서 몸을 고정했습니다. 천천히 하지만 확실하게 트롤은 앞으로 발을 내디뎠고, 바람은 그의 거대한 물리적 운동량을 거의 늦추지 못했습니다. 당신은 당신의 폭풍이 이토록 무겁고 단호한 존재를 실제로 움직이기에는 힘이 부족하다는 것을 너무 늦게 깨달았습니다. 마지막 거리를 좁혀오자 야수의 그림자가 당신을 덮쳤습니다."
"MSG_C_TORNADO_U_LOSS","The undead were already detached from the needs of the living, their cold frames indifferent to the lack of air at the storm's centre. Your tornado whipped through their skeletal forms, passing between ribs and empty eye sockets without finding any resistance. They continued their slow, rhythmic advance as if the swirling winds were nothing more than a light summer breeze. One after another, the pale figures emerged from the edge of your vortex, their blank gazes fixed on you. The wind could not scatter what had no breath or will left to be taken. You were forced to retreat as the relentless march continued through your useless storm.","アンデッドはすでに生者の必要事項から切り離されており、その冷たい体は嵐の中心の空気の欠乏に無関心だった。あなたの竜巻は彼らの骨格の間を突き抜け、肋骨や空の眼窩の間を抵抗を受けることなく通り過ぎた。彼らは渦巻く風が夏の微風に過ぎないかのように、ゆっくりと一定のリズムで前進を続けた。次々と蒼白な人影があなたの渦の端から現れ、その空虚な視線はあなたに固定されていた。残された息も意志もないものを、風で散らすことはできなかった。役に立たない嵐の中を絶え間ない行進が続く中、あなたは退却を余儀なくされた。","亡灵早已脱离了生者的需求，他们冰冷的躯壳对于风暴中心的缺氧漠不关心。你的龙卷风穿透了他们的骸骨，在肋骨和空的眼窝间穿行，未曾遇到任何阻碍。他们继续缓慢、有节奏地推进，仿佛那盘旋的狂风不过是夏日的一抹微风。一个接一个苍白的身影从你的漩涡边缘走出来，空洞的目光死死盯着你。风无法吹散已无呼吸、亦无意志可言的存在。当这无情的行军穿过你那毫无作用的风暴时，你被迫选择了退却。","Нежить уже была отделена от нужд живых, их холодные тела были безразличны к нехватке воздуха в центре шторма. Ваш смерч пронесся сквозь их скелетные формы, проходя между ребрами и пустыми глазницами, не встречая никакого сопротивления. Они продолжали свое медленное ритмичное продвижение, как будто вихри ветра были не более чем легким летним бризом. Один за другим бледные фигуры появлялись из края вашего вихря, их пустые взгляды были устремлены на вас. Ветер не мог рассеять то, у чего не осталось дыхания или воли, которые можно было бы забрать. Вы были вынуждены отступить, пока неумолимый марш продолжался сквозь ваш бесполезный шторм.","Los no muertos ya estaban desprendidos de las necesidades de los vivos, sus fríos cuerpos indiferentes a la falta de aire en el centro de la tormenta. Tu tornado azotó sus formas esqueléticas, pasando entre costillas y cuencas vacías sin encontrar resistencia. Continuaron su avance lento y rítmico como si los vientos arremolinados no fueran más que una ligera brisa de verano. Una tras otra, las figuras pálidas surgieron del borde de tu vórtice, sus miradas vacías fijas en ti. El viento no podía dispersar lo que no tenía aliento ni voluntad que arrebatar. Te viste obligado a retirarte mientras la marcha implacable continuaba a través de tu tormenta inútil.","Os mortos-vivos já estavam desligados das necessidades dos vivos, seus corpos frios indiferentes à falta de ar no centro da tempestade. Seu tornado chicoteou suas formas esqueléticas, passando entre costelas e órbitas vazias sem encontrar resistência. Eles continuaram seu avanço lento e rítmico como se os ventos giratórios não passassem de uma leve brisa de verão. Uma após outra, as figuras pálidas emergiram da borda de seu vórtice, seus olhares vazios fixos em você. O vento não podia dispersar o que não tinha fôlego ou vontade de ser levado. Você foi forçado a recuar enquanto a marcha implacável continuava através de sua tempestade inútil.","Die Untoten waren bereits von den Bedürfnissen der Lebenden losgelöst, ihre kalten Körper ließen der Luftmangel im Zentrum des Sturms gleichgültig. Dein Tornado peitschte durch ihre skelettartigen Formen, passierte Rippen und leere Augenhöhlen, ohne Widerstand zu finden. Sie setzten ihren langsamen, rhythmischen Vormarsch fort, als wären die wirbelnden Winde nichts weiter als eine leichte Sommerbrise. Einer nach dem anderen tauchten die blassen Gestalten am Rand deines Wirbels auf, ihre leeren Blicke auf dich gerichtet. Der Wind konnte nicht zerstreuen, was keinen Atem oder Willen mehr hatte, der genommen werden konnte. Du warst zum Rückzug gezwungen, während der unerbittliche Marsch durch deinen nutzlosen Sturm fortgesetzt wurde.","언데드는 이미 살아있는 자의 요구에서 벗어나 있었고, 그들의 차가운 신체는 폭풍 중심의 공기 결핍에 무관심했습니다. 당신의 회오리바람은 그들의 해골 형태를 휘저으며 갈비뼈와 텅 빈 눈구멍 사이를 아무런 저항 없이 통과했습니다. 그들은 소용돌이치는 바람이 그저 가벼운 여름 산들바람인 것처럼 느릿하고 리드미컬하게 전진을 계속했습니다. 창백한 형체들이 하나둘씩 소용돌이 가장자리에서 나타났고, 멍한 시선은 당신에게 고정되었습니다. 바람은 앗아갈 숨결도 의지도 남지 않은 존재들을 흩어놓을 수 없었습니다. 무익한 폭풍 속에서도 가차 없는 행진이 계속되자 당신은 퇴각할 수밖에 없었습니다."
"MSG_C_TORNADO_V_LOSS","The vampire vanished into a swarm of bats the moment your wind began to swirl. Your tornado caught a few of the small creatures, but the majority simply rode the currents, their supernatural agility turning your storm into a high-speed transit system. Before you could adjust the vortex, the mist reformed directly behind you, outside the wind's reach. He watched your efforts with a cold, amused smile, his cloak barely fluttering in the secondary gusts. Your magic was an amateur performance to one who had lived through a thousand winters. Before you could turn, his cold hand was already heavy on your shoulder.","あなたの風が渦巻き始めた瞬間、ヴァンパイアはコウモリの群れへと消えた。あなたの竜巻は数匹の小さな生き物を捕らえたが、大部分はただ気流に乗り、その超自然的な敏捷性によってあなたの嵐を高速輸送システムへと変えてしまった。あなたが渦を調整する前に、霧は風の届かないあなたのすぐ後ろで再形成された。彼は冷たく楽しそうな笑みを持ってあなたの努力を見つめ、その外套は二次的な突風にわずかにたなびくだけだった。千の冬を生き抜いてきた者にとって、あなたの魔法は素人の芸に過ぎなかった。あなたが振り向く前に、彼の冷たい手はすでにあなたの肩に重く置かれていた。","就在你的风开始盘旋的那一刻，吸血鬼化作一群蝙蝠消失了。你的龙卷风卷住了几只小生物，但绝大多数却顺着气流飞行，凭借超自然的敏捷将你的风暴变成了高速运输系统。在你调整漩涡前，迷雾已直接在你身后——也就是大风够不到的地方——重新聚形。他带着冰冷戏谑的微笑看着你的努力，斗篷在余风中几乎纹丝不动。对于一个历经千冬的存在来说，你的法术不过是业余表演。在你回身之前，他冰冷的手已经重重扣在了你的肩头。","Вампир исчез в стае летучих мышей в тот момент, когда ваш ветер начал закручиваться. Ваш смерч поймал несколько маленьких существ, но большинство просто оседлали потоки, их сверхъестественная ловкость превратила ваш шторм в высокоскоростную транспортную систему. Прежде чем вы успели отрегулировать вихрь, туман восстановился прямо позади вас, вне досягаемости ветра. Он наблюдал за вашими усилиями с холодной, забавной улыбкой, его плащ едва развевался от вторичных порывов. Ваша магия была любительским представлением для того, кто прожил тысячу зим. Прежде чем вы успели обернуться, его холодная рука уже тяжело легла вам на плечо.","El vampiro desapareció en un enjambre de murciélagos en el momento en que tu viento comenzó a arremolinarse. Tu tornado atrapó a algunas de las pequeñas criaturas, pero la mayoría simplemente cabalgó sobre las corrientes, su agilidad sobrenatural convirtiendo tu tormenta en un sistema de tránsito de alta velocidad. Antes de que pudieras ajustar el vórtice, la niebla se reformó directamente detrás de ti, fuera del alcance del viento. Observó tus esfuerzos con una sonrisa fría y divertida, su capa apenas ondeando con las ráfagas secundarias. Tu magia era una actuación de aficionado para alguien que había vivido mil inviernos. Antes de que pudieras darte la vuelta, su mano fría ya pesaba sobre tu hombro.","O vampiro desapareceu em um enxame de morcegos no momento em que seu vento começou a girar. Seu tornado pegou algumas das pequenas criaturas, mas a maioria simplesmente cavalgou nas correntes, sua agilidade sobrenatural transformando sua tempestade em um sistema de trânsito de alta velocidade. Antes que você pudesse ajustar o vórtice, a névoa reformou-se diretamente atrás de você, fora do alcance do vento. Ele observou seus esforços com um sorriso frio e divertido, sua capa mal balançando nas rajadas secundárias. Sua magia era uma performance amadora para quem viveu mil invernos. Antes que você pudesse se virar, sua mão fria já pesava em seu ombro.","Der Vampir verschwand in einem Schwarm Fledermäuse, sobald dein Wind zu wirbeln begann. Dein Tornado fing einige der kleinen Kreaturen ein, aber die Mehrheit ritt einfach auf den Strömungen, ihre übernatürliche Beweglichkeit verwandelte deinen Sturm in ein Hochgeschwindigkeits-Transportsystem. Bevor du den Wirbel anpassen konntest, formte sich der Nebel direkt hinter dir neu, außerhalb der Reichweite des Windes. Er beobachtete deine Bemühungen mit einem kalten, amüsierten Lächeln, sein Umhang flatterte kaum in den sekundären Böen. Deine Magie war eine Amateurvorstellung für jemanden, der tausend Winter durchlebt hatte. Bevor du dich umdrehen konntest, lag seine kalte Hand bereits schwer auf deiner Schulter.","바람이 소용돌이치기 시작하는 순간 뱀파이어는 박쥐 떼로 변해 사라졌습니다. 당신의 회오리바람은 작은 박쥐 몇 마리를 낚아챘지만, 대다수는 기류를 타고 흐름을 이용했습니다. 그들의 초자연적인 민첩성은 당신의 폭풍을 고속 이동 시스템으로 바꾸어버렸습니다. 당신이 소용돌이를 조절하기도 전에 안개는 바람이 닿지 않는 당신의 바로 뒤에서 다시 형체를 갖추었습니다. 그는 차갑고 즐거운 미소를 지으며 당신의 노력을 지켜보았고, 그의 망토는 이차적인 돌풍에도 거의 흔들리지 않았습니다. 천 번의 겨울을 지내온 존재에게 당신의 마법은 아마추어의 공연에 불과했습니다. 당신이 몸을 돌리기도 전에 그의 차가운 손이 이미 당신의 어깨를 무겁게 짓눌렀습니다."
"MSG_C_TORNADO_W_LOSS","The wolf pack operated as a single, distributed mind, using their collective weight to anchor each other against the gale. They stayed low to the ground, their claws digging deep into the cracks between the dungeon stones. Each time your tornado threatened to lift one wolf, the others would lean in to provide a living barrier. They advanced in a tight, disciplined circle, the wind howling uselessly over their heads. You realized that against a group so perfectly coordinated, your focused vortex was simply spreading its power too thin. The pack was upon you before the storm could reach its full, breaking strength.","狼の群れは一つの分散された精神として活動し、集団の重みを使って強風に対してお互いを固定し合った。彼らは地面に低く止まり、その爪はダンジョンの石の間の割れ目に深く食い込んでいた。あなたの竜巻が一匹の狼を持ち上げようとするたびに、他の狼たちが寄り添って生きた障壁を形成した。彼らは引き締まった訓練された円陣で前進し、風は彼らの頭上で無力に咆哮を上げた。これほど完璧に連携のとれた集団に対しては、あなたの集中した渦はその力を薄く広げすぎていることに、あなたは気づいた。嵐がその完全な破壊力に達する前に、群れはあなたに襲いかかった。","狼群作为一个单一的分布式心智在运作，利用集体的重量在烈风中互相稳固。它们伏低身体，利爪深扣进地牢石块间的缝隙。每当你的龙卷风试图卷起某只狼，其他狼便会靠向它形成一道肉体屏障。它们排成紧凑且纪律严明的圆阵推进，任凭狂风在头顶徒劳地嘶吼。你意识到，面对配合如此完美的群体，你那集中的漩涡分散了太多的力量。在风暴达到足以将其冲散的全力之前，狼群已扑到了你的面前。","Волчья стая действовала как единый распределенный разум, используя свой коллективный вес, чтобы удерживать друг друга против шквала. Они держались низко к земле, их когти глубоко впивались в щели между камнями подземелья. Каждый раз, когда ваш смерч угрожал поднять одну волчицу, остальные прижимались к ней, создавая живой барьер. Они продвигались плотным, дисциплинированным кругом, пока ветер бесполезно выл над их головами. Вы поняли, что против группы, так идеально скоординированной, ваш сфокусированный вихрь просто слишком сильно распыляет свою силу. Стая набросилась на вас прежде, чем шторм смог достичь своей полной разрушительной силы.","La manada de lobos operaba como una sola mente distribuida, usando su peso colectivo para anclarse unos a otros contra el vendaval. Se mantuvieron pegados al suelo, sus garras cavando profundamente en las grietas entre las piedras de la mazmorra. Cada vez que tu tornado amenazaba con levantar a un lobo, los demás se inclinaban para proporcionar una barrera viva. Avanzaron en un círculo cerrado y disciplinado, el viento aullando inútilmente sobre sus cabezas. Te diste cuenta de que contra un grupo tan perfectamente coordinado, tu vórtice enfocado simplemente estaba extendiendo su poder demasiado fino. La manada estaba sobre ti antes de que la tormenta pudiera alcanzar su fuerza máxima de ruptura.","A alcateia de lobos operava como uma única mente distribuída, usando seu peso coletivo para se ancorar contra o vendaval. Eles permaneceram rentes ao chão, suas garras cavando fundo nas rachaduras entre as pedras da masmorra. Cada vez que seu tornado ameaçava levantar um lobo, os outros se inclinavam para fornecer uma barreira viva. Eles avançaram em um círculo apertado e disciplinado, o vento uivando inutilmente sobre suas cabeças. Você percebeu que contra um grupo tão perfeitamente coordenado, seu vórtice focado estava simplesmente espalhando seu poder de forma muito tênue. A matilha estava sobre você antes que a tempestade pudesse atingir sua força total de ruptura.","Das Wolfsrudel agierte wie ein einziger, verteilter Verstand und nutzte sein kollektives Gewicht, um sich gegenseitig gegen den Sturm zu verankern. Sie blieben dicht am Boden, ihre Krallen gruben sich tief in die Risse zwischen den Dungeonsteinen. Jedes Mal, wenn dein Tornado drohte, einen Wolf hochzuheben, lehnten sich die anderen dagegen, um eine lebende Barriere zu bilden. Sie rückten in einem engen, disziplinierten Kreis vor, während der Wind nutzlos über ihre Köpfe heulte. Du erkanntest, dass dein fokussierter Wirbel gegen eine so perfekt koordinierte Gruppe seine Kraft einfach zu weit streute. Das Rudel war über dir, noch bevor der Sturm seine volle, brechende Stärke erreichen konnte.","늑대 무리는 하나의 분산된 정신처럼 움직였으며, 집단적인 무게를 이용해 강풍에 맞서 서로를 지탱했습니다. 그들은 땅에 바짝 엎드렸고, 발톱은 던전 바닥 돌 틈에 깊숙이 박혔습니다. 당신의 회오리바람이 늑대 한 마리를 들어 올리려 할 때마다 다른 늑대들이 몸을 기울여 살아있는 장벽이 되어주었습니다. 그들은 치밀하고 훈련된 원형 진형으로 전진했고, 바람은 그들의 머리 위에서 무력하게 울부짖었습니다. 이토록 완벽하게 협동하는 집단을 상대로 집중된 소용돌이는 힘이 너무 분산된다는 것을 당신은 깨달았습니다. 폭풍이 완전한 파괴력에 도달하기도 전에 무리가 당신을 덮쳤습니다."
"MSG_C_TORNADO_X_LOSS","Xalthis simply altered the local gravitational constants of its own mass to remain completely unaffected by the moving air. Your tornado was a masterpiece of elemental control, but to this being, it was merely an atmospheric curiosity. It watched the swirling winds with its many unblinking eyes, calculating the exact moment your magic would peak. When that moment came, the creature reached out a single, spindly limb and touched the storm's eye. The entire vortex collapsed into a silent, freezing mist that coated the floor in frost. You stood trembling in the sudden cold, your most powerful spell dismissed as a triviality.","ザルティスは自身の質量の局所的な重力定数を変更し、動く空気の影響を全く受けないようにした。あなたの竜巻はエレメンタル制御の傑作だったが、この存在にとってそれは単なる大気圏の好奇心に過ぎなかった。奴は数多くの瞬きもしない瞳で渦巻く風を見つめ、あなたの魔法が頂点に達する正確な瞬間を計算していた。その時が来ると、魔物は一本の細長い肢を伸ばし、嵐の眼に触れた。渦全体が静かな凍てつく霧へと崩壊し、床を霜で覆った。あなたの最も強力な呪文が些細なものとして切り捨てられ、あなたは突然の寒さの中で震えながら立っていた。","扎尔提斯只是改变了自身质量的局部重力常数，使自己完全不受气流运动的影响。你的龙卷风是元素操控的杰作，但对这个存在而言，它仅仅是一场大气层里的奇观。它用那数不清、从不眨动的眼睛注视着盘旋的狂风，计算着你法力登峰造极的确切瞬间。当那一刻来临，怪物伸出一根纤细的肢体触碰了风暴眼。整场漩涡崩解成了寂静、冰冷的迷雾，在地板上结出了一层寒霜。你站在突如其来的严寒中瑟瑟发抖，你最强大的法术被当作儿戏般抹除了。","Ксалтис просто изменил локальные гравитационные константы своей собственной массы, чтобы оставаться совершенно невосприимчивым к движущемуся воздуху. Ваш смерч был шедевром управления стихиями, но для этого существа он был лишь атмосферным курьезом. Он наблюдал за вихрями ветра своими многочисленными немигающими глазами, рассчитывая точный момент, когда ваша магия достигнет пика. Когда этот момент настал, существо протянуло одну тонкую конечность и коснулось ока шторма. Весь вихрь превратился в безмолвный ледяной туман, покрывший пол инеем. Вы стояли, дрожа от внезапного холода, ваше самое мощное заклинание было отвергнуто как пустяк.","Xalthis simplemente alteró las constantes gravitatorias locales de su propia masa para permanecer completamente inafectado por el aire en movimiento. Tu tornado fue una obra maestra del control elemental, pero para este ser, era simplemente una curiosidad atmosférica. Observó los vientos arremolinados con sus muchos ojos sin parpadear, calculando el momento exacto en que tu magia alcanzaría su punto máximo. Cuando llegó ese momento, la criatura estiró una sola extremidad delgada y tocó el ojo de la tormenta. Todo el vórtice colapsó en una niebla silenciosa y gélida que cubrió el suelo de escarcha. Te quedaste temblando en el frío repentino, tu hechizo más poderoso descartado como una trivialidad.","Xalthis simplesmente alterou as constantes gravitacionais locais de sua própria massa para permanecer completamente inalterado pelo ar em movimento. Seu tornado foi uma obra-prima do controle elemental, mas para este ser, era apenas uma curiosidade atmosférica. Ele observou os ventos giratórios com seus muitos olhos sem piscar, calculando o momento exato em que sua magia atingiria o pico. Quando esse momento chegou, a criatura estendeu um único membro esguio e tocou o olho da tempestade. Todo o vórtice colapsou em uma névoa silenciosa e congelante que cobriu o chão com geada. Você ficou tremendo no frio repentino, seu feitiço mais poderoso descartado como uma trivialidade.","Xalthis änderte einfach die lokalen Gravitationskonstanten seiner eigenen Masse, um von der bewegten Luft völlig unbeeinflusst zu bleiben. Dein Tornado war ein Meisterwerk der Elementarkontrolle, aber für dieses Wesen war er lediglich eine atmosphärische Kuriosität. Er beobachtete die wirbelnden Winde mit seinen vielen unbewegten Augen und berechnete den exakten Moment, in dem deine Magie ihren Höhepunkt erreichen würde. Als dieser Moment kam, streckte das Wesen ein einzelnes, spindeldürres Glied aus und berührte das Auge des Sturms. Der gesamte Wirbel brach in einen lautlosen, gefrierenden Nebel zusammen, der den Boden mit Frost überzog. Du standst zitternd in der plötzlichen Kälte da, dein mächtigster Zauber wurde als Belanglosigkeit abgetan.","잘티스는 자신의 질량에 대한 국지적 중력 상수를 변경하여 움직이는 공기의 영향을 전혀 받지 않게 했습니다. 당신의 회오리바람은 원소 제어의 걸작이었지만, 이 존재에게는 그저 대기의 기이한 현상에 불과했습니다. 그는 수많은 깜박이지 않는 눈으로 소용돌이치는 바람을 지켜보며 당신의 마법이 정점에 달하는 정확한 순간을 계산했습니다. 그 순간이 오자 괴물은 가늘고 긴 팔 하나를 뻗어 폭풍의 눈을 만졌습니다. 소용돌이 전체가 고요하고 얼어붙은 안개로 무너지며 바닥을 서리로 뒤덮었습니다. 당신은 갑작스러운 추위 속에 떨며 서 있었고, 당신의 가장 강력한 주문은 하찮은 것으로 치부되었습니다."
"MSG_C_TORNADO_Y_LOSS","The yeti's home was the heart of the world's most violent blizzards, making your tornado seem like a summer draft by comparison. It stood its ground with the solidity of a glacier, its massive fur trapping the wind's energy and using it to insulate its body. Each gust you sent only seemed to make the giant more comfortable, as if it were finally breathing familiar air. With a deep, resonating rumble that shook the dungeon walls, the yeti stepped through the very centre of your vortex. The wind could not move the mountain, and you were but a small shadow in its path. You watched in terror as a massive, snow-covered hand reached through your dying storm.","イエティの故郷は世界で最も激しい吹雪の中心であり、それに比べればあなたの竜巻は夏の新風のように思えた。奴は氷河のような堅固さでその場に留まり、巨大な毛皮は風のエネルギーを捕らえ、自身の体を断熱するためにそれを利用した。あなたが送る各突風は、まるで巨人がようやく馴染みのある空気を吸っているかのように、奴をより快適にさせているようだった。ダンジョンの壁を揺らす深く響き渡る隆々とした音とともに、イエティはあなたの渦のど真ん中を通り抜けた。風は山を動かすことはできず、あなたはその通り道にある小さな影に過ぎなかった。消えゆく嵐の中から、雪に覆われた巨大な手が伸びてくるのを、あなたは恐怖の中で見つめた。","雪人的家园位于世上最猛烈暴风雪的核心，相比之下，你的龙卷风简直像一阵夏日的凉风。它如冰川般稳立原地，厚重的皮毛捕捉了狂风의 能量并以此作为身体的隔热层。你送出的每一阵烈风似乎都让这巨人感到更加惬意，仿佛它终于呼吸到了熟悉的空气。伴随着一声震颤地牢墙壁的低沉轰鸣，雪人踏入了你漩涡的最中心。狂风无法撼动高山，而你不过是它路途上的一抹微影。你惊恐地看着一只覆盖着冰雪의 巨手穿透你那渐弱의 风暴抓了过来。","Домом йети было сердце самых сильных метелей в мире, поэтому ваш смерч по сравнению с ними казался летним сквозняком. Он стоял на своем с твердостью ледника, его массивная шерсть улавливала энергию ветра и использовала ее для изоляции своего тела. Каждый порыв, который вы посылали, казалось, только делал гиганта более спокойным, как будто он наконец-то вдыхал знакомый воздух. С глубоким резонирующим грохотом, сотрясшим стены подземелья, йети прошел через самый центр вашего вихря. Ветер не мог сдвинуть гору, а вы были лишь маленькой тенью на его пути. Вы с ужасом наблюдали, как массивная, покрытая снегом рука протянулась сквозь ваш затухающий шторм.","El hogar del yeti era el corazón de las ventiscas más violentas del mundo, haciendo que tu tornado pareciera una corriente de verano en comparación. Se mantuvo firme con la solidez de un glaciar, su pelaje masivo atrapando la energía del viento y usándola para aislar su cuerpo. Cada ráfaga que enviabas solo parecía hacer que el gigante se sintiera más cómodo, como si finalmente estuviera respirando aire familiar. Con un estruendo profundo y resonante que sacudió las paredes de la mazmorra, el yeti caminó a través del mismo centro de tu vórtice. El viento no podía mover la montaña, y tú no eras más que una pequeña sombra en su camino. Observaste con terror cómo una mano enorme, cubierta de nieve, se extendía a través de tu tormenta agonizante.","O lar do yeti era o coração das nevascas mais violentas do mundo, fazendo com que seu tornado parecesse uma corrente de ar de verão em comparação. Ele manteve-se firme com a solidez de uma geleira, seu pelo maciço prendendo a energia do vento e usando-a para isolar seu corpo. Cada rajada que você enviava parecia apenas deixar o gigante mais confortável, como se ele estivesse finalmente respirando um ar familiar. Com um estrondo profundo e ressonante que sacudiu as paredes da masmorra, o yeti passou pelo centro de seu vórtice. O vento não podia mover a montanha, e você era apenas uma pequena sombra em seu caminho. Você assistiu aterrorizado enquanto uma mão enorme, coberta de neve, estendia-se através de sua tempestade moribunda.","Die Heimat des Yetis war das Herz der heftigsten Schneestürme der Welt, was deinen Tornado im Vergleich dazu wie einen Sommerzug erscheinen ließ. Er blieb mit der Festigkeit eines Gletschers stehen, sein massives Fell fing die Windenergie ein und nutzte sie, um seinen Körper zu isolieren. Jede Böe, die du schicktest, schien den Riesen nur noch behaglicher zu machen, als würde er endlich vertraute Luft atmen. Mit einem tiefen, resonanten Grollen, das die Dungeonwände erschütterte, schritt der Yeti mitten durch das Zentrum deines Wirbels. Der Wind konnte den Berg nicht bewegen, und du warst nur ein kleiner Schatten auf seinem Weg. Du sahst voller Entsetzen zu, wie eine massive, schneebedeckte Hand durch deinen sterbenden Sturm griff.","예티의 고향은 세상에서 가장 격렬한 눈보라의 중심지였기에 당신의 회오리바람은 그에 비하면 여름의 산들바람처럼 느껴졌습니다. 그는 빙하 같은 견고함으로 자리를 지켰고, 거대한 털은 바람의 에너지를 가두어 체온을 유지하는 단열재로 사용했습니다. 당신이 보내는 돌풍은 마치 거인이 마침내 익숙한 공기를 마시는 것처럼 그를 더 편안하게 만드는 듯했습니다. 던전 벽을 뒤흔드는 깊고 울림 있는 굉음과 함께 예티는 소용돌이의 한복판을 뚫고 걸어 나왔습니다 바람은 산을 움직일 수 없었고, 당신은 그 길 위의 작은 그림자일 뿐이었습니다. 당신은 사라져가는 폭풍 사이로 눈에 뒤덮인 거대한 손이 뻗어 나오는 것을 공포 속에서 지켜보았습니다."
"MSG_C_TORNADO_Z_WIN","The zombie's dead, heavy frame was the perfect weight for your centripetal forces to exploit. You spun the undead creature in a tight, violent spiral that snapped its dry tendons and shattered its brittle bones against the stones. Lacking the intelligence to resist or the coordination to anchor itself, the monster was a helpless passenger in your storm. Each rotation stripped away another piece of its decaying form until nothing remained but a disjointed pile of rags and bone. When the wind finally subsided, the threat had been reduced to literal dust scattered across the corridor. You walked past the remains of the creature that would never rise again.","ゾンビの死んで重い体は、あなたの求心力が利用するのに完璧な重さだった。あなたはアンデッドの魔物を引き締まった激しい螺旋の中で回転させ、乾いた腱を断ち切り、脆い骨を石に叩きつけて粉砕した。抵抗するための知性も、自らを固定するための連携も欠けていた怪物は、あなたの嵐の中の無力な乗客だった。一回転ごとに腐敗した姿の破片が剥ぎ取られ、最後にはバラバラになったボロ布と骨の山しか残らなかった。風がついに静まったとき、その脅威は廊下に散らばった文字通りの塵となっていた。二度と起き上がることのない魔物の残骸の脇を、あなたは通り過ぎた。","僵尸那沉重死寂的躯体恰好是离心力最理想的施力对象。你让这不死生物在紧凑且剧烈的螺旋中旋转，以此绷断了它干枯의 肌腱，并让它脆弱의 骨骼在石块上撞得粉碎。由于缺乏抵抗의 智力，也没有稳住身形의 协调性，这怪物在你的风暴中成了一个无助의 囚客。每一次旋转都带走了它腐败躯体의 一部分，直到最后只剩下一堆散乱의 碎布和残骨。当风力最终平息，那个威胁已然化作走廊里四散의 尘埃。你从这具再也无法站起의 怪物残骸旁走过。","Мертвое тяжелое тело зомби идеально подходило для использования вашими центростремительными силами. Вы закрутили нежить в тугую, яростную спираль, которая порвала ее сухие сухожилия и раздробила хрупкие кости о камни. Не обладая интеллектом для сопротивления или координацией, чтобы закрепиться, монстр был беспомощным пассажиром в вашем шторме. Каждое вращение срывало еще один кусок его разлагающейся формы, пока не осталось ничего, кроме разрозненной кучи лохмотьев и костей. Когда ветер наконец утих, угроза превратилась в буквальную пыль, рассеянную по коридору. Вы прошли мимо останков существа, которое больше никогда не восстанет.","El cuerpo muerto y pesado del zombi era el peso perfecto para que tus fuerzas centrípetas lo explotaran. Hiciste girar a la criatura no muerta en una espiral tensa y violenta que rompió sus tendones secos y destrozó sus huesos quebradizos contra las piedras. Al carecer de la inteligencia para resistir o de la coordinación para anclarse, el monstruo era un pasajero indefenso en tu tormenta. Cada rotación arrancaba otro trozo de su forma en descomposición hasta que no quedaba nada más que una pila desarticulada de trapos y huesos. Cuando el viento finalmente amainó, la amenaza se había reducido a polvo literal esparcido por el corredor. Pasaste por delante de los restos de la criatura que nunca volvería a levantarse.","O corpo morto e pesado do zumbi era o peso perfeito para suas forças centrípetas explorarem. Você girou a criatura morta-viva em uma espiral apertada e violenta que rompeu seus tendões secos e estilhaçou seus ossos quebradiços contra as pedras. Sem a inteligência para resistir ou a coordenação para se ancorar, o monstro era um passageiro indefeso em sua tempestade. Cada rotação arrancava outro pedaço de sua forma em decomposição até que nada restasse além de uma pilha desconexa de trapos e ossos. Quando o vento finalmente diminuiu, a ameaça foi reduzida a poeira literal espalhada pelo corredor. Você passou pelos restos da criatura que nunca mais se levantaria.","Der tote, schwere Körper des Zombies war das perfekte Gewicht, das deine Zentripetalkräfte ausnutzen konnten. Du hast die untote Kreatur in einer engen, heftigen Spirale gedreht, die ihre trockenen Sehnen zerriss und ihre spröden Knochen an den Steinen zerschmetterte. Da es dem Monster an Intelligenz mangelte, um Widerstand zu leisten, oder an Koordination, um sich zu verankern, war es ein hilfloser Passagier in deinem Sturm. Jede Umdrehung riss ein weiteres Stück seiner verwesenden Gestalt weg, bis nichts mehr übrig blieb als ein unzusammenhängender Haufen Lumpen und Knochen. Als der Wind schließlich nachließ, war die Bedrohung zu buchstäblichem Staub reduziert worden, der im Korridor verstreut war. Du gingst an den Überresten des Wesens vorbei, das nie wieder auferstehen würde.","좀비의 죽은 무거운 몸은 당신의 구심력이 이용하기에 완벽한 무게였습니다. 당신은 언데드 괴물을 팽팽하고 격렬한 나선형으로 회전시켜 마른 힘줄을 끊고 약해진 뼈를 돌에 부딪혀 산산조각 냈습니다. 저항할 지능도 몸을 고정할 협응력도 부족했던 괴물은 폭풍 속에서 무력한 승객일 뿐이었습니다. 회전할 때마다 부패한 몸의 조각들이 떨어져 나갔고, 결국 뿔뿔이 흩어진 누더기와 뼈무덤만이 남았습니다. 마침내 바람이 잦아들었을 때 위협은 복도에 흩어진 문자 그대로의 먼지로 변해 있었습니다 당신은 다시는 일어날 수 없는 괴물의 잔해 옆을 지나갔습니다."
"MSG_C_TSUNAMI_A_WIN","The towering wall of water swept clean through the ant colony's underground network. Every tunnel was flooded in seconds before the workers could react. The queen's last chemical signal dissolved harmlessly into the retreating tide.","押し寄せる津波の壁がアリのコロニーの地下網を一掃した。働きアリが動く間もなく、あらゆるトンネルが数秒で水没した。女王の最後の化学信号は、引き戻す潮の中に虚しく溶けていった。","汹涌的海啸墙彻底冲刷了蚂蚁巢穴의 地下网络。工蚁还没来得及反应，所有隧道就在数秒内被淹没了。女王最后의 化学信号溶解在退潮中，消散得无影无踪。","Возвышающаяся стена воды пронеслась сквозь подземную сеть муравьиной колонии. Каждый туннель был затоплен за считанные секунды, прежде чем рабочие успели среагировать. Последний химический сигнал королевы безвредно растворился в отступающем приливе.","La imponente pared de agua barrió la red subterránea de la colonia de hormigas. Cada túnel se inundó en segundos antes de que las obreras pudieran reaccionar. La última señal química de la reina se disolvió inofensivamente en la marea que se retiraba.","A parede imponente de água varreu a rede subterrânea da colônia de formigas. Cada túnel foi inundado em segundos antes que as operárias pudessem reagir. O último sinal químico da rainha dissolveu-se inofensivamente na maré que recuava.","Die gewaltige Wasserwand fegte durch das unterirdische Netzwerk der Ameisenkolonie. Jeder Tunnel wurde in Sekunden überflutet, bevor die Arbeiter reagieren konnten. Das letzte chemische Signal der Königin löste sich harmlos in der zurückweichenden Flut auf.","거대한 물벽이 개미 군집의 지하 네트워크를 휩쓸었습니다. 일개미들이 반응하기도 전에 모든 터널이 몇 초 만에 침수되었습니다. 여왕의 마지막 화학 신호는 물러가는 파도 속으로 무해하게 녹아들었습니다."
"MSG_C_TSUNAMI_B_WIN","The massive wave crashed over the cave mouth where the bats hung sleeping. The force of the water shattered their echolocation with an overwhelming roar. The colony was swept out to sea before a single wing could open.","押し寄せる大波がコウモリたちの眠る洞窟の入り口を叩き割った。水流の轟音が奴らのエコーロケーションを粉砕し、一羽たりとも翼を広げる暇もなく群れごと海へと飲み込まれた。","汹涌의 大浪击碎了蝙蝠们沉睡의 洞口。水流의 轰鸣粉碎了它们의 回声定位，在任何一只来得及展翅之前，整个群落就被卷入大海。","Массивная волна обрушилась на вход в пещеру, где спали летучие мыши. Сила воды разрушила их эхолокацию подавляющим ревом. Колония была смыта в море прежде, чем успело раскрыться хоть одно крыло.","La ola masiva se estrelló sobre la entrada de la cueva donde los murciélagos colgaban durmiendo. La fuerza del agua destrozó su ecolocalización con un rugido abrumador. La colonia fue arrastrada al mar antes de que una sola ala pudiera abrirse.","A onda maciça quebrou sobre a boca da caverna onde os morcegos dormiam pendurados. A força da água estilhaçou sua ecolocalização com um estrondo avassalador. A colônia foi varrida para o mar antes que uma única asa pudesse se abrir.","Die gewaltige Welle schlug über dem Höhleneingang zusammen, in dem die Fledermäuse schlafend hingen. Die Wucht des Wassers zertrümmerte ihre Echolotung mit einem überwältigenden Dröhnen. Die Kolonie wurde ins Meer gespült, noch bevor sich ein einziger Flügel öffnen konnte.","거대한 파도가 박쥐들이 잠들어 있던 동굴 입구를 덮쳤습니다. 쏟아지는 물의 위력은 압도적인 굉음과 함께 그들의 초음파 탐지 능력을 박살 냈습니다. 날개 하나 펴기도 전에 군집 전체가 바다로 쓸려 내려갔습니다."
"MSG_C_TSUNAMI_C_WIN","The cobra sensed something wrong in the ground vibrations but had no time to burrow. The wave hit with the force of a thousand rivers and stripped the scales clean from its body. Only a twisted spine remained in the sand when the water receded.","コブラは地面の振動に異変を感じ取ったが、潜る時間はなかった。千の川に匹敵する勢いで波が激突し、奴の体から鱗を根こそぎ剥ぎ取った。水が引いた後の砂浜に、歪んだ脊骨だけが残された。","眼镜蛇从地面震动中察觉到了异样，但已没有潜逃의 时间。以千条河流之势汹涌而来의 波浪将它身上의 鳞片全部剥净。水退之后，沙滩上只剩下一根扭曲의 脊骨。","Кобра почувствовала что-то неладное по вибрации почвы, но у нее не было времени зарыться. Волна ударила с силой тысячи рек и сорвала чешую с ее тела. В песке остался только скрученный позвоночник, когда вода отступила.","La cobra sintió que algo andaba mal en las vibraciones del suelo, pero no tuvo tiempo de enterrarse. La ola golpeó con la fuerza de mil ríos y arrancó las escamas de su cuerpo. Solo quedó una columna vertebral retorcida en la arena cuando el agua retrocedió.","A naja sentiu algo errado nas vibrações do solo, mas não teve tempo de se enterrar. A onda atingiu com a força de mil rios e arrancou as escamas de seu corpo. Apenas uma espinha retorcida restou na areia quando a água recuou.","Die Kobra spürte an den Bodenvibrationen, dass etwas nicht stimmte, hatte aber keine Zeit, sich einzugraben. Die Welle traf sie mit der Kraft von tausend Flüssen und riss die Schuppen von ihrem Körper. Nur ein verdrehter Wirbelsäule blieb im Sand zurück, als das Wasser zurückwich.","코브라는 지면의 진동으로 이상을 감지했지만 땅을 파고 숨을 시간이 없었습니다. 파도는 수천 개의 강물과 같은 위력으로 몰아쳤고, 코브라의 몸에서 비늘을 깨끗이 벗겨냈습니다. 물이 빠진 뒤 모래 위에는 뒤틀린 척추만이 남아 있었습니다."
"MSG_C_TSUNAMI_D_WIN","Even the dragon's instinct to flee into the sky was overwhelmed by the sheer speed of the wave. Its mighty wings were pinned flat by the hydraulic pressure before they could fully extend. The great serpent of the sky drowned like any other creature of flesh.","空へ逃げようとするドラゴンの本能さえも、波の圧倒的な速度に追いつかれた。強大な翼は水圧に押しつぶされ、完全に広げる間もなく下へと引かれた。天空の大蛇もまた、肉の生き物として溺れていった。","即便是龙想飞上天空逃跑의 本能，也被海浪压倒性의 速度追上了。强大의 翅膀在水压下被压平，来不及完全展开就被向下拖拽。天空의 大蛇也如同其他血肉之躯一样溺死了。","Даже инстинкт дракона бежать в небо был подавлен самой скоростью волны. Его могучие крылья были прижаты гидравлическим давлением прежде, чем они смогли полностью раскрыться. Великий небесный змей утонул, как любое другое существо из плоти.","Incluso el instinto del dragón de huir al cielo fue abrumado por la pura velocidad de la ola. Sus poderosas alas quedaron inmovilizadas por la presión hidráulica antes de que pudieran extenderse por completo. La gran serpiente del cielo se ahogó como cualquier otra criatura de carne.","Mesmo o instinto do dragão de fugir para o céu foi dominado pela velocidade da onda. Suas asas poderosas foram presas pela pressão hidráulica antes que pudessem se estender totalmente. A grande serpente do céu afogou-se como qualquer outra criatura de carne.","Sogar der Instinkt des Drachen, in den Himmel zu fliehen, wurde von der schieren Geschwindigkeit der Welle überwältigt. Seine mächtigen Flügel wurden durch den hydraulischen Druck flachgedrückt, noch bevor sie sich vollständig ausbreiten konnten. Die große Schlange des Himmels ertrank wie jedes andere Wesen aus Fleisch und Blut.","하늘로 도망치려는 용의 본능조차 파도의 압도적인 속도에 제압당했습니다. 강력한 날개는 완전히 펴지기도 전에 수압에 눌려 고정되었습니다. 하늘의 거대한 뱀도 다른 육신을 가진 생물들과 마찬가지로 익사하고 말았습니다."
"MSG_C_TSUNAMI_E_WIN","The ancient Ent's roots made it impossible to flee as the ocean arrived without warning. The colossal surge tore branches and bark from the trunk with relentless precision. The forest guardian was carried far inland as a floating log.","古のエントの根は、警告もなく海が到達した時に逃亡を不可能にした。大波は容赦なくトランクから枝と樹皮を引き剥がした。森の守護者はただの浮木となり、遥か内陸へと運ばれた。","远古树精의 根部让它在海洋不期而至时无法逃跑。巨浪以无情의 精准将树干上의 枝和树皮一一剥落。森林의 守护者变成了一根浮木，被带到了遥远의 内陆。","Корни древнего Энта сделали невозможным побег, когда океан прибыл без предупреждения. Колоссальный прилив с неумолимой точностью срывал ветви и кору со ствола. Лесной страж был унесен далеко вглубь суши в виде плавающего бревна.","Las raíces del antiguo Ent hicieron imposible la huida cuando el océano llegó sin previo aviso. La oleada colosal arrancó ramas y corteza del tronco con una precisión implacable. El guardián del bosque fue llevado tierra adentro como un tronco flotante.","As raízes do antigo Ent tornaram impossível a fuga quando o oceano chegou sem aviso. A onda colossal arrancou galhos e casca do tronco com precisão implacable. O guardião da floresta foi carregado para o interior como um tronco flutuante.","Die Wurzeln des uralten Ents machten eine Flucht unmöglich, als der Ozean ohne Vorwarnung eintraf. Die kolossale Flut riss mit unerbittlicher Präzision Äste und Rinde vom Stamm. Der Waldwächter wurde als treibender Baumstamm weit ins Landesinnere getragen.","고대 엔트의 뿌리는 예고 없이 들이닥친 바다로부터 도망치는 것을 불가능하게 만들었습니다. 거대한 파도는 가차 없는 정밀함으로 줄기에서 가지와 나무껍질을 찢어냈습니다. 숲의 수호자는 떠다니는 통나무가 되어 내륙 깊숙이 운반되었습니다."
"MSG_C_TSUNAMI_F_WIN","The fly's compound eyes detected the wall of darkness approaching on the horizon but its tiny wings generated no escape velocity. The wall of water hit it with a force billions of times its own body mass. It simply ceased to exist.","ハエの複眼は地平線に迫る暗闇の壁を捉えたが、小さな翼では逃げるだけの速度を生み出せなかった。水の壁はハエ自身の体重の何十億倍もの力で直撃した。奴はただ、存在を失った。","苍蝇의 复眼看到了逼近地平线의 黑暗之墙，但小小의 翅膀无法产生逃脱所需의 速度。水墙以其自身体重数十亿倍의 力量直接撞击。它就这样失去了存在。","Сложные глаза мухи обнаружили стену тьмы, приближающуюся на горизонте, но ее крошечные крылья не давали скорости для побега. Стена воды ударила по ней с силой, в миллиарды раз превышающей массу ее собственного тела. Она просто перестала существовать.","Los ojos compuestos de la mosca detectaron la pared de oscuridad que se acercaba en el horizonte, pero sus diminutas alas no generaron velocidad de escape. La pared de agua la golpeó con una fuerza miles de millones de veces superior a su propia masa corporal. Simplemente dejó de existir.","Os olhos compostos da mosca detectaram a parede de escuridão aproximando-se no horizonte, mas suas asas minúsculas não geraram velocidade de escape. A parede de água atingiu-a com uma força bilhões de vezes superior à sua própria massa corporal. Ela simplesmente deixou de existir.","Die Facettenaugen der Fliege entdeckten die am Horizont aufziehende Wand der Dunkelheit, aber ihre winzigen Flügel erzeugten keine Fluchtgeschwindigkeit. Die Wasserwand traf sie mit einer Kraft, die milliardenfach höher war als ihre eigene Körpermasse. Sie hörte einfach auf zu existieren.","파리의 복안은 지평선에서 다가오는 어둠의 벽을 감지했지만, 작은 날개로는 탈출 속도를 낼 수 없었습니다. 물벽은 파리 몸무게의 수십억 배에 달하는 위력으로 강타했습니다. 파리는 그냥 존재 자체가 지워졌습니다."
"MSG_C_TSUNAMI_G_WIN","The goblin's stolen gold weighed it down as the water rushed in. It refused to drop the coins even as it sank into the deep. The greed that defined the goblin's life became the anchor of its death.","ゴブリンが盗んだ金が水中で奴を重くした。沈みながらも、奴は金貨を手放そうとしなかった。ゴブリンの生涯を彩った強欲が、その死の錨となった。","哥布林盗来의 黄金在水中成了负担。即便沉入水中，它也不愿松开金币。贪婪——哥布林一生의 写照，成了它死亡의 锚。","Украденное золото гоблина тянуло его вниз, когда хлынула вода. Он отказывался бросать монеты, даже когда погружался в бездну. Жадность, определявшая жизнь гоблина, стала якорем его смерти.","El oro robado del goblin lo hundió mientras el agua entraba a raudales. Se negó a soltar las monedas incluso mientras se hundía en las profundidades. La codicia que definió la vida del goblin se convirtió en el ancla de su muerte.","O ouro roubado do goblin pesou enquanto a água entrava. Ele recusou-se a soltar as moedas, mesmo enquanto afundava nas profundezas. A ganância que definiu a vida do goblin tornou-se a âncora de sua morte.","Das gestohlene Gold des Goblins zog ihn nach unten, als das Wasser hereinbrach. Er weigerte sich, die Münzen loszulassen, selbst als er in die Tiefe sank. Die Gier, die das Leben des Goblins bestimmt hatte, wurde zum Anker seines Todes.","고블린이 훔친 금들이 물이 들이닥치자 놈을 무겁게 짓눌렀습니다. 깊은 곳으로 가라앉으면서도 고블린은 동전 놓기를 거부했습니다. 그의 삶을 정의했던 탐욕이 죽음의 똬리가 되었습니다."
"MSG_C_TSUNAMI_H_WIN","The harpy's aerial advantage vanished the moment the salt spray reached her altitude. The wave climbed higher than any mountain as it rolled in from the open ocean. She was snatched from the sky by the churning white foam and pulled under forever.","波しぶきが高度に達した瞬間、ハーピーの空中優位は消え去った。波は外洋から転がり込むにつれ、いかなる山よりも高く登った。奴は泡立つ白波に空から引きずり落とされ、永遠に引き込まれた。","盐雾到达高空의 那一瞬间，哈皮의 空中优势消失了。从大洋滚滚而来의 波浪，爬升得比任何山峰都要高。它被翻涌의 白色泡沫从空中夺下，永远被拉入水底。","Воздушное преимущество гарпии исчезло в тот момент, когда соленые брызги достигли ее высоты. Волна поднималась выше любой горы, катясь из открытого океана. Ее выхватила из неба бурлящая белая пена и навсегда утащила под воду.","La ventaja aérea de la arpía desapareció en el momento en que la espuma salada alcanzó su altitud. La ola subió más alto que cualquier montaña mientras rodaba desde el océano abierto. Fue arrebatada del cielo por la agitada espuma blanca y arrastrada hacia abajo para siempre.","A vantagem aérea da harpia desapareceu no momento em que a maresia atingiu sua altitude. A onda subiu mais alto que qualquer montanha enquanto avançava do oceano aberto. Ela foi arrancada do céu pela espuma branca agitada e puxada para baixo para sempre.","Der Luftvorteil der Harpie verschwand in dem Moment, als die Gischt ihre Höhe erreichte. Die Welle stieg höher als jeder Berg, während sie vom offenen Ozean heranrollte. Sie wurde vom aufgewühlten weißen Schaum aus dem Himmel gerissen und für immer unter Wasser gezogen.","하피의 공중 우세는 소금 안개가 그녀의 고도에 도달하는 순간 사라졌습니다. 파도는 대양에서 밀려오며 그 어떤 산보다도 높이 솟구쳤습니다. 그녀는 소용돌이치는 흰 거품에 낚여 하늘에서 떨어졌고 영원히 물밑으로 끌려갔습니다."
"MSG_C_TSUNAMI_I_LOSS","The imp teleported away the moment it sensed the seismic tremor miles out to sea. It watched the disaster unfold from a safe hilltop with gleeful malice. The chaos of the aftermath gave it endless new opportunities for mischief.","インプは海上数マイル先の地震の揺れを感じた瞬間にテレポートして逃げた。安全な丘の上から大惨事が展開するのを、嬉々とした悪意を持って眺めた。その後の混乱が、奴に悪戯の機会を無限に与えた。","小恶魔在感受到海上数英里外의 地震震动의 那一刻传送逃走了。它带着幸灾乐祸의 恶意从安全의 山顶观看灾难展开。事后의 混乱为它提供了无穷无尽의 恶作剧机会。","Бес телепортировался в тот момент, когда почувствовал сейсмический толчок в милях от моря. Он наблюдал за развитием катастрофы с безопасной вершины холма с радостной злобой. Хаос последствий открыл ему бесконечные новые возможности для озорства.","El imp se teletransportó en el momento en que sintió el temblor sísmico a millas de distancia en el mar. Observó cómo se desarrollaba el desastre desde la cima de una colina segura con alegre malicia. El caos resultante le dio infinitas oportunidades nuevas para sus travesuras.","O imp teletransportou-se no momento em que sentiu o tremor sísmico a quilômetros de distância no mar. Ele assistiu ao desenrolar do desastre de uma colina segura com malícia alegre. O caos do pós-catástrofe deu-lhe infinitas novas oportunidades para travessuras.","Der Imp teleportierte sich weg, sobald er das seismische Beben meilenweit draußen auf dem Meer spürte. Er beobachtete die Katastrophe von einem sicheren Hügel aus mit schadenfroher Bosheit. Das Chaos danach bot ihm endlose neue Gelegenheiten für Unfug.","임프는 바다 멀리서 지진의 진동을 감지한 순간 텔레포트로 도망쳤습니다. 그는 안전한 산꼭대기에서 대재앙이 일어나는 것을 즐거운 악의로 지켜보았습니다. 재앙 뒤의 혼란은 그에게 끝없는 새로운 장난의 기회를 제공했습니다."
"MSG_C_TSUNAMI_J_LOSS","The jelly's amorphous body merged seamlessly with the surging ocean. It rode the wave like a native element returning home. When the water receded the jelly was everywhere and impossible to fight.","ジェリーの不定形の体は押し寄せる海と境界なく溶け合った。奴は故郷に帰る固有の元素のように波に乗った。水が引いた後、ジェリーはあらゆる場所に存在し、戦うことは不可能だった。","果冻怪那无定形의 身体与汹涌의 大海无缝融合。它像回归故乡의 固有元素一样乘着波浪。水退之后，果冻怪无处不在，根本无从对抗。","Аморфное тело желе плавно слилось с бушующим океаном. Оно ехало на волне, как родная стихия, возвращающаяся домой. Когда вода отступила, желе было повсюду, и бороться с ним было невозможно.","El cuerpo amorfo de la gelatina se fusionó a la perfección con el océano embravecido. Cabalgó la ola como un elemento nativo que regresa a casa. Cuando el agua retrocedió, la gelatina estaba por todas partes y era imposible de combatir.","O corpo amorfo da geleia fundiu-se perfeitamente com o oceano revolto. Ela cavalgou a onda como um elemento nativo voltando para casa. Quando a água recuou, a geleia estava em todos os lugares e era impossível de combater.","Der amorphe Körper des Gelees verschmolz nahtlos mit dem wogenden Ozean. Es ritt auf der Welle wie ein heimisches Element, das nach Hause zurückkehrt. Als das Wasser zurückwich, war das Gelee überall und unmöglich zu bekämpfen.","젤리의 무정형 신체는 밀려드는 바다와 완벽하게 융합되었습니다. 젤리는 고향으로 돌아가는 원래의 원소처럼 파도를 타고 나아갔습니다. 물이 빠진 뒤 젤리는 모든 곳에 퍼져 있었고 싸우는 것이 불가능했습니다."
"MSG_C_TSUNAMI_K_WIN","The kobold's frantic digging only loosened the soil as the water arrived. Their underground refuge collapsed inward under the hydraulic pressure. They were sealed beneath the hardened mud like insects in amber.","コボルドの必死の穴掘りは、水が来た時にかえって土を緩めただけだった。地下の避難所は水圧の下で内側へと崩落した。奴らは固まった泥の下に、琥珀の中の虫のように封印された。","狗头人拼命挖洞，水来时却只是让土壤变得更松软。地下避难所在水压下向内坍塌。它们被封在凝固의 泥土之下，宛如琥珀中의 昆虫。","Отчаянное копание кобольдов только разрыхлило почву, когда пришла вода. Их подземное убежище обрушилось внутрь под гидравлическим давлением. Они были замурованы под затвердевшей грязью, как насекомые в янтаре.","Las excavaciones frenéticas de los kobolds solo aflojaron el suelo cuando llegó el agua. Su refugio subterráneo colapsó hacia adentro bajo la presión hidráulica. Quedaron sellados bajo el barro endurecido como insectos en ámbar.","A escavação frenética dos kobolds apenas afrouxou o solo quando a água chegou. Seu refúgio subterrâneo desabou para dentro sob a pressão hidráulica. Eles foram selados sob a lama endurecida como insetos em âmbar.","Das hektische Graben der Kobolde lockerte nur den Boden auf, als das Wasser eintraf. Ihr unterirdischer Zufluchtsort stürzte unter dem hydraulischen Druck in sich zusammen. Sie wurden unter dem gehärteten Schlamm wie Insekten in Bernstein eingeschlossen.","코볼트들의 필사적인 굴착은 물이 들이닥칠 때 토양을 더 헐겁게 만들었을 뿐입니다. 그들의 지하 은신처는 수압에 의해 안으로 무너져 내렸습니다. 그들은 호박 속의 곤충처럼 굳어버린 진흙 아래에 봉인되었습니다."
"MSG_C_TSUNAMI_L_LOSS","The lizard sensed the pressure drop and climbed to the highest ledge before the water arrived. Its cold-blooded patience let it wait out the entire disaster without moving. When the waters receded it descended and watched you with reptilian indifference.","リザードは気圧の低下を感じ取り、水が来る前に最高の岩棚へと登った。冷血な忍耐で全ての災害をじっと動かずに乗り越えた。水が引いた後、降りてきてあなたを爬虫類的な無関心で眺めた。","蜥蜴感受到气压下降，在水来之前爬上了最高의 岩架。以冷血의 耐心一动不动地度过了整场灾难。水退之后，它下来用爬行类特有의 漠然打量着你。","Ящерица почувствовала падение давления и забралась на самый высокий выступ до того, как пришла вода. Хладнокровное терпение позволило ей переждать всю катастрофу без движения. Когда вода отступила, она спустилась и наблюдала за вами с рептильным безразличием.","El lagarto sintió la caída de presión y subió a la cornisa más alta antes de que llegara el agua. Su paciencia de sangre fría le permitió esperar a que pasara todo el desastre sin moverse. Cuando las aguas retrocedieron, descendió y te observó con indiferencia reptiliana.","O lagarto sentiu a queda de pressão e subiu na saliência mais alta antes da chegada da água. Sua paciência de sangue frio permitiu que esperasse todo o desastre passar sem se mover. Quando as águas recuaram, ele desceu e observou você com indiferença reptiliana.","Die Eidechse spürte den Druckabfall und kletterte auf den höchsten Vorsprung, bevor das Wasser eintraf. Ihre kaltblütige Geduld ließ sie die gesamte Katastrophe unbeweglich aussitzen. Als das Wasser zurückwich, stieg sie herab und beobachtete dich mit reptilienhafter Gleichgültigkeit.","리자드는 기압 강하를 감지하고 물이 도착하기 전에 가장 높은 바위 선반으로 올라갔습니다. 냉혈한 인내심 덕분에 그는 한 발짝도 움직이지 않고 재앙 전체를 견뎌냈습니다. 물이 빠지자 그는 내려와서 파충류 특유의 무심함으로 당신을 지켜보았습니다."
"MSG_C_TSUNAMI_M_LOSS","The mummy's ancient burial spell included protection from the four primordial floods. The water split around it like a stone in a river without disturbing a single bandage. It continued its cursed march through the drowned landscape.","マミーの古代の埋葬呪文には四つの原初の洪水からの保護が含まれていた。水は川の中の石のように巻き付いたが、包帯一本も乱さなかった。不死者は溺れた風景の中を、呪われた行進で進み続けた。","木乃伊古老의 埋葬咒语包含对四种原始洪水의 防护。水像河中의 石头一样绕它流过，连一根绷带都没有打乱。不死者穿越被淹没의 风景，继续着那被诅咒의 行进。","Древнее заклинание погребения мумии включало защиту от четырех первобытных потопов. Вода разделялась вокруг нее, как вокруг камня в реке, не потревожив ни одного бинта. Она продолжала свой проклятый марш по затопленному ландшафту.","El antiguo hechizo de entierro de la momia incluía protección contra las cuatro inundaciones primordiales. El agua se dividió a su alrededor como una piedra en un río sin alterar un solo vendaje. Continuó su marcha maldita a través del paisaje inundado.","O antigo feitiço de sepultamento da múmia incluía proteção contra as quatro inundações primordiais. A água dividiu-se ao redor dela como uma pedra em um rio, sem perturbar uma única bandagem. Ela continuou sua marcha amaldiçoada pela paisagem inundada.","Der uralte Bestattungszauber der Mumie beinhaltete Schutz vor den vier Urfluten. Das Wasser teilte sich um sie herum wie an einem Stein in einem Fluss, ohne eine einzige Bandage zu lösen. Sie setzte ihren verfluchten Marsch durch die überflutete Landschaft fort.","미라의 고대 매장 주문에는 네 가지 원초적 홍수로부터의 보호가 포함되어 있었습니다. 물은 단 하나의 붕대도 건드리지 못한 채 강물 속의 돌처럼 미라 주변에서 갈라졌습니다. 미라는 침수된 풍경 속에서 저주받은 행진을 계속했습니다."
"MSG_C_TSUNAMI_N_WIN","The naga's long body was turned against itself by the rotating currents of the wave. It was spun into a helpless coil before it could contract its muscles. The ocean delivered a death the serpent's strength could never have suffered otherwise.","ナーガの長い体は波の回転流によって自らに対して向けられた。筋肉を収縮させる前に、奴は為す術もなくコイルに巻かれた。海は蛇の力では決して叶わなかっただろう死を届けた。","纳迦修长의 身体被波浪의 旋转水流反过来对抗自身。在来得及收缩肌肉之前，它便被无助地卷成一团。大海送来了一个仅凭蛇自身의 力量绝无可能遭受의 死亡。","Длинное тело наги было обращено против нее самой вращающимися потоками волны. Оно свернулось в беспомощную спираль прежде, чем она успела сократить свои мышцы. Океан принес смерть, которую сила змеи никогда не смогла бы претерпеть иначе.","El largo cuerpo de la naga se volvió contra sí mismo por las corrientes rotativas de la ola. Fue enrollada en una espiral indefensa antes de que pudiera contraer sus músculos. El océano le entregó una muerte que la fuerza de la serpiente nunca habría sufrido de otra manera.","O corpo longo da naga voltou-se contra si mesmo pelas correntes rotativas da onda. Foi enrolado em uma espiral indefesa antes que pudesse contrair seus músculos. O oceano entregou uma morte que a força da serpente jamais teria sofrido de outra forma.","Der lange Körper der Naga wurde durch die rotierenden Strömungen der Welle gegen sie selbst gewandt. Sie wurde in eine hilflose Windung gedreht, noch bevor sie ihre Muskeln anspannen konnte. Der Ozean bereitete ihr einen Tod, den die Kraft der Schlange sonst niemals hätte erleiden müssen.","나가이의 긴 몸은 파도의 회전하는 기류에 의해 스스로를 옥죄게 되었습니다. 근육을 수축시키기도 전에 놈은 무력한 똬리 모양으로 말려버렸습니다. 바다는 뱀의 힘으로는 결코 겪지 않았을 죽음을 안겨주었습니다."
"MSG_C_TSUNAMI_O_LOSS","The orc held its ground as the first surge hit and physically stopped the water with its bulk. The sheer mass of muscle proved stronger than the hydrostatic pressure. It waded out of the subsiding flood roaring with brute triumph.","最初の波が来た時、オークは立場を守り肉体的にその巨体で水を止めた。筋肉の圧倒的な質量が静水圧より強いことを証明した。奴は引き潮の中から、野獣の勝利の叫びと共に歩み出た。","第一波冲来时，兽人坚守阵地，用其庞大의 身躯从肉体上阻挡住了水流。肌肉의 压倒性质量被证明比静水压更强。它从退潮中迈步而出，伴随着野兽의 胜利嗥叫。","Орк устоял на месте, когда ударил первый прилив, и физически остановил воду своей массой. Сама масса мышц оказалась сильнее гидростатического давления. Он вышел из спадающего наводнения, ревя от звериного триумфа.","El orco se mantuvo firme cuando golpeó la primera oleada y detuvo físicamente el agua con su volumen. La pura masa de músculo demostró ser más fuerte que la presión hidrostática. Salió de la inundación que bajaba rugiendo con un triunfo brutal.","O orc manteve-se firme quando a primeira onda atingiu e parou fisicamente a água com seu volume. A pura massa muscular provou ser mais forte do que a pressão hidrostática. Ele saiu da inundação que baixava rugindo com triunfo bruto.","Der Ork hielt stand, als die erste Woge einschlug, und stoppte das Wasser physisch mit seiner Masse. Die schiere Muskelmasse erwies sich als stärker als der hydrostatische Druck. Er watete aus der sinkenden Flut heraus und brüllte vor rohem Triumph.","오크는 첫 번째 파도가 덮쳤을 때 자리를 지키며 거대한 몸으로 물을 물리적으로 막아냈습니다. 근육의 압도적인 질량은 정수압보다 강하다는 것을 증명했습니다. 놈은 빠져나가는 물속에서 짐승 같은 승리의 포효를 내지르며 걸어 나왔습니다."
"MSG_C_TSUNAMI_P_LOSS","Pixie rode the air pressure wave ahead of the main water wall to safety. Her gossamer wings were engineered for exactly this kind of sudden updraft survival. She landed on a treetop and sent sparkling curses down as you were swept away.","ピクシーは主な水の壁の前の気圧波に乗り、安全なところへ逃げた。彼女のかすかな透き通った翼は、まさにこの種の突然の上昇気流の生存のために設計されていた。彼女は木の天辺に降り立ち、あなたが流されゆく中、輝く呪いを降り注いだ。","小仙女乘着主水墙前方의 气压波逃到了安全地带。她那如蚕丝般의 翅膀正是为这种突如其来의 上昇气流生存而生의 。她降落在树梢上，在你被卷走之际向你降下闪光의 诅咒。","Пикси проехала на волне давления воздуха впереди основной стены воды в безопасное место. Ее паутинные крылья были созданы именно для такого выживания при внезапном восходящем потоке. Она приземлилась на верхушку дерева и посылала вниз сверкающие проклятия, пока вас уносило водой.","La pixie cabalgó la ola de presión de aire delante de la pared de agua principal hacia la seguridad. Sus alas de gasa fueron diseñadas exactamente para este tipo de supervivencia en corrientes ascendentes repentinas. Aterrizó en la copa de un árbol y envió maldiciones brillantes mientras eras arrastrado.","A pixie cavalgou a onda de pressão de ar à frente da parede principal de água para a segurança. Suas asas de teia foram projetadas exatamente para esse tipo de sobrevivência em correntes ascendentes repentinas. Ela pousou no topo de uma árvore e enviou maldições brilhantes enquanto você era varrido.","Die Pixie ritt auf der Luftdruckwelle vor der Hauptwasserwand in Sicherheit. Ihre hauchzarten Flügel waren genau für diese Art von Überleben in plötzlichen Aufwinden konstruiert. Sie landete auf einer Baumkrone und schickte funkelnde Flüche herab, während du fortgeschwemmt wurdest.","픽시는 주 물벽 앞의 기압파를 타고 안전한 곳으로 이동했습니다. 그녀의 얇은 날개는 바로 이런 종류의 갑작스러운 상승 기류에서 살아남도록 설계되었습니다. 그녀는 나무 꼭대기에 내려앉아 당신이 휩쓸려 가는 동안 반짝이는 저주를 내려보냈습니다."
"MSG_C_TSUNAMI_Q_LOSS","The coeurl used its electromagnetic sense to map the incoming wave's electromagnetic field. It found the single narrow column of air where the surge would not reach. The monster rode out the disaster in perfect calculated comfort.","クアールは電磁感覚を使って押し寄せる波の電磁場を地図に描いた。奴は波の届かない単一の狭い空気柱を見つけた。怪物は完璧に計算された安穏の中で、大惨事を乗り越えた。","夸尔利用电磁感知绘制了汹涌波浪의 电磁场地图。它找到了波浪唯一无法到达의 细长气柱。怪物在完美计算의 安逸中度过了这场灾难。","Куэрл использовал свое электромагнитное чутье, чтобы составить карту электромагнитного поля набегающей волны. Он нашел единственный узкий столб воздуха, куда не дошел бы прилив. Монстр переждал катастрофу в идеальном просчитанном комфорте.","El coeurl usó su sentido electromagnético para mapear el campo electromagnético de la ola entrante. Encontró la única columna estrecha de aire donde la marea no llegaría. El monstruo superó el desastre con una comodidad perfectamente calculada.","O coeurl usou seu sentido eletromagnético para mapear o campo eletromagnético da onda que se aproximava. Ele encontrou a única coluna estrecha de ar onde a onda não chegaria. O monstro passou pelo desastre em perfeito conforto calculado.","Der Coeurl nutzte seinen elektromagnetischen Sinn, um das elektromagnetische Feld der herannahenden Welle zu kartieren. Er fand die einzige schmale Luftsäule, die die Flut nicht erreichen würde. Das Monster überstand die Katastrophe in perfekt kalkuliertem Komfort.","코얼은 전자기 감각을 이용해 밀려오는 파도의 전자기장을 파악했습니다. 놈은 파도가 닿지 않는 유일하고 좁은 공기 기둥을 찾아냈습니다. 괴물은 완벽하게 계산된 안락함 속에서 재앙을 피했습니다."
"MSG_C_TSUNAMI_R_WIN","The rats' underground network was flooded from every entrance simultaneously. Thousands of chambers collapsed as the soil became saturated and moved. Not a single rat emerged on the other side of the receding water.","ラットの地下ネットワークはすべての入口から同時に浸水した。土壌が飽和して移動するにつれ、何千もの部屋が崩壊した。引いた水の向こう側に、ただの一匹のラットも姿を現さなかった。","老鼠의 地下网络从每个入口同时被淹没。随着土壤饱和移动，数千个洞室相继崩塌。退水之后，没有一只老鼠从另一侧现身。","Подземная сеть крыс была затоплена изо всех входов одновременно. Тысячи камер обрушились, когда почва напиталась водой и пришла в движение. Ни одна крыса не появилась на другой стороне отступающей воды.","La red subterránea de las ratas se inundó por cada entrada simultáneamente. Miles de cámaras colapsaron a medida que el suelo se saturaba y se movía. Ni una sola rata emergió al otro lado del agua que retrocedía.","A rede subterrânea dos ratos foi inundada por todas as entradas simultaneamente. Milhares de câmaras desabaram à medida que o solo ficava saturado e se movia. Nem um único rato emergiu do outro lado da água que recuava.","Das unterirdische Netzwerk der Ratten wurde von jedem Eingang aus gleichzeitig überflutet. Tausende von Kammern stürzzten ein, als der Boden gesättigt wurde und in Bewegung geriet. Keine einzige Ratte tauchte auf der anderen Seite des zurückweichenden Wassers auf.","쥐들의 지하 네트워크는 모든 입구에서 동시에 침수되었습니다. 토양이 물에 젖어 움직이면서 수천 개의 방이 무너졌습니다. 물이 빠진 뒤 반대편에서 나타난 쥐는 단 한 마리도 없었습니다."
"MSG_C_TSUNAMI_S_LOSS","The slime expanded joyfully into the new seawater environment and dissolved its outer membrane. Fused with the entire ocean it became an entity too vast and diffuse to fight. The tsunami did not defeat the slime but freed it into something unknowable.","スライムは新しい海水環境に喜々として広がり、外膜を溶かした。海全体と融合した奴は、戦うには大きすぎ拡散しすぎる存在となった。津波はスライムを倒さず、奴を未知のものへと解き放った。","史莱姆愉快地在新의 海水环境中扩张，溶解了外膜。与整个大洋融为一体后，它变成了一个太过庞大弥散而无从对抗의 存在。海啸没有打败史莱姆，而是将其释放成了某种未知의 东西。","Слизь радостно расширилась в новой среде морской воды и растворила свою внешнюю мембрану. Слившись со всем океаном, она стала сущностью слишком огромной и диффузной, чтобы с ней бороться. Цунами не победило слизь, а освободило ее в нечто непознаваемое.","El limo se expandió alegremente en el nuevo entorno de agua salada y disolvió su membrana exterior. Fusionado con todo el océano, se convirtió en una entidad demasiado vasta y difusa para combatir. El tsunami no derrotó al limo, sino que lo liberó en algo incognoscible.","O lodo expandiu-se alegremente no novo ambiente de água salgada e dissolveu sua membrana externa. Fundido com todo o oceano, tornou-se uma entidade vasta e difusa demais para combater. O tsunami não derrotou o lodo, mas libertou-o em algo desconhecido.","Der Schleim breitete sich freudig in der neuen Meerwasserumgebung aus und löste seine Außenmembran auf. Mit dem gesamten Ozean verschmolzen, wurde er zu einer Einheit, die zu gewaltig und diffus war, um bekämpft zu werden. Der Tsunami besiegte den Schleim nicht, sondern entließ ihn in etwas Unbekanntes.","슬라임은 새로운 해수 환경 속으로 즐겁게 확장하며 외막을 녹였습니다. 바다 전체와 융합된 슬라임은 싸우기에는 너무나 거대하고 산만한 존재가 되었습니다. 해수면은 슬라임을 패배시킨 것이 아니라 미지의 존재로 해방해주었습니다."
"MSG_C_TSUNAMI_T_LOSS","The troll simply grabbed the seabed as the wave passed over and anchored itself with supernatural grip strength. The colossal current tore everything else away but could not move its fingers. It stood again after the water passed and glared at you undamaged.","トロールは波が通り過ぎる際に海底を掴み、超自然的な握力で身体を固定した。巨大な流れは他の全てを押し流したが、奴の指を動かすことはできなかった。水が過ぎた後、奴は傷一つなく立ち上がりあなたを睨みつけた。","巨魔在海浪经过时直接抓住海底，以超自然의 握力将自身锚定。巨大의 水流冲走了其他一切，却无法移动它의 手指。水过之后，它毫发无损地再次站起，怒视着你。","Тролль просто ухватился за морское дно, когда проходила волна, и закрепился с помощью сверхъестественной силы хватки. Колоссальное течение унесло все остальное, но не смогло сдвинуть его пальцы. Он снова встал после того, как вода прошла, и уставился на вас невредимым.","El trol simplemente se agarró al lecho marino mientras pasaba la ola y se ancló con una fuerza de agarre sobrenatural. La corriente colosal se llevó todo lo demás, pero no pudo mover sus dedos. Se puso de pie nuevamente después de que pasó el agua y te miró fijamente sin daños.","O troll simplesmente agarrou o fundo do mar enquanto a onda passava e ancorou-se com uma força de preensão sobrenatural. A corrente colossal varreu tudo o mais, mas não conseguiu mover seus dedos. Ele levantou-se novamente após a passagem da água e encarou você, ileso.","Der Troll packte einfach den Meeresboden, als die Welle über ihn hinwegrollte, und verankerte sich mit übernatürlicher Griffkraft. Die gewaltige Strömung riss alles andere fort, konnte aber seine Finger nicht bewegen. Er stand wieder auf, nachdem das Wasser abgezogen war, und starrte dich unbeschadet an.","트롤은 파도가 지나갈 때 바닥을 붙잡고 초자연적인 악력으로 몸을 고정했습니다. 거대한 물살이 다른 모든 것을 휩쓸어 갔지만 놈의 손가락은 움직이지 못했습니다. 물이 빠진 뒤 놈은 아무 상처 없이 다시 일어서서 당신을 노려보았습니다."
"MSG_C_TSUNAMI_U_LOSS","The undead walked calmly into the wave and through it as the water parted around its spiritual aura. Death holds no power over that which has already died. The ghost emerged dripping with seaweed but completely unaffected.","アンデッドは霊的なオーラの周囲で水が割れながら、波へと静かに歩み込んだ。死はすでに死んだものに対しては力を持たない。霊は海藻でずぶ濡れになりながら現れたが、全くの無傷だった。","不死者在灵性光环使水流分开的同时，平静地走入了波浪之中。死亡对已经死去의 存在没有任何力量。亡魂浑身沾满海藻地现身，但完全未受影响。","Нежить спокойно вошла в волну и прошла сквозь нее, так как вода расступилась вокруг ее духовной ауры. Смерть не властна над тем, что уже умерло. Призрак появился, истекая морскими водорослями, но совершенно невредимым.","El no muerto caminó tranquilamente hacia la ola y la atravesó mientras el agua se partía alrededor de su aura espiritual. La muerte no tiene poder sobre lo que ya ha muerto. El fantasma emergió goteando algas pero completamente inafectado.","O morto-vivo caminhou calmamente para dentro da onda e através dela, enquanto a água se abria em torno de sua aura espiritual. A morte não tem poder sobre o que já morreu. O fantasma emergiu pingando algas, mas completamente inalterado.","Der Untote schritt ruhig in die Welle hinein und durch sie hindurch, während sich das Wasser um seine spirituelle Aura teilte. Der Tod hat keine Macht über das, was bereits gestorben ist. Der Geist tauchte triefend vor Seetang auf, aber völlig unbeeindruckt.","언데드는 영적인 오라 주변으로 물이 갈라지는 가운데 침착하게 파도 속을 걸어 통과했습니다. 죽음은 이미 죽은 존재에게 아무런 힘을 쓰지 못합니다. 유령은 해초를 뚝뚝 흘리며 나타났지만 전혀 영향을 받지 않았습니다."
"MSG_C_TSUNAMI_V_LOSS","The vampire dissolved into mist the moment the salt water was in the air. It drifted above the destruction on the wind in its gaseous form. When the water receded it recondensed behind you already prepared to strike.","吸血鬼は塩水が空気中に入った瞬間に霧へと溶け込んだ。霧状の形で風に乗り、破壊の上を漂った。水が引いた後、あなたの背後ですでに攻撃の準備をしながら再凝縮した。","塩水进入空气中의 那一瞬间，吸血鬼化作了雾气。以气态의 形式乘风飘浮于破坏之上。水退之后，它在你背后重新凝结，已然准备好发动攻击。","Вампир растворился в тумане в тот момент, когда соленая вода оказалась в воздухе. Он дрейфовал над разрушениями на ветру в своей газообразной форме. Когда вода отступила, он снова сконденсировался позади вас, уже готовый к удару.","El vampiro se disolvió en niebla en el momento en que el agua salada estuvo en el aire. Derivó sobre la destrucción con el viento en su forma gaseosa. Cuando el agua retrocedió, se recondensó detrás de ti, ya preparado para atacar.","O vampiro dissolveu-se em névoa no momento em que a água salgada estava no ar. Ele flutuou sobre a destruição ao sabor do vento em sua forma gasosa. Quando a água recuou, ele recondensou-se atrás de você, já preparado para atacar.","Der Vampir löste sich in Nebel auf, sobald das Salzwasser in der Luft war. Er trieb in seiner gasförmigen Gestalt auf dem Wind über der Zerstörung dahin. Als das Wasser zurückwich, verdichtete er sich wieder hinter dir, bereits zum Schlag bereit.","뱀파이어는 소금물이 공기 중에 닿는 순간 안개로 변했습니다. 그는 기체 형태로 바람을 타고 파괴된 현장 위를 떠다녔습니다. 물이 빠지자 그는 이미 공격 준비를 마친 채 당신의 뒤에서 다시 모습을 드러냈습니다."
"MSG_C_TSUNAMI_W_LOSS","The wolf pack used scent and seismic instinct to reach the highland minutes before the wave arrived. Their primitive survival bond let them move as a single fluid organism to safety. They waited patiently on the hill watching you fail below.","狼の群れは嗅覚と地震の本能を持ち、波が来る数分前に高地に達した。原始的な生存の絆が、奴らを安全へ向かう単一の流動生物のように動かした。奴らは丘の上で忍耐強く待ち、下でのあなたの失敗を見守った。","狼群凭借嗅觉和地震本能，在海浪到来前数分钟就抵达了高地。原始의 生存羁绊让它们像单一의 流动生物一样向安全处运动。它们在山顶上耐心地等候，俯视着你在下方의 失败。","Волчья стая использовала запах и сейсмический инстинкт, чтобы добраться до возвышенности за несколько минут до прихода волны. Их первобытная связь ради выживания позволила им двигаться к безопасности как единый текучий организм. Они терпеливо ждали на холме, наблюдая за вашим поражением внизу.","La manada de lobos usó el olfato y el instinto sísmico para llegar a las tierras altas minutos antes de que llegara la ola. Su vínculo primitivo de supervivencia les permitió moverse hacia la seguridad como un solo organismo fluido. Esperaron pacientemente en la colina viendo tu fracaso abajo.","A alcateia de lobos usou o faro e o instinto sísmico para alcançar as terras altas minutos antes da chegada da onda. Seu vínculo primitivo de sobrevivência permitiu que se movessem para a segurança como um único organismo fluido. Eles esperaram pacientemente na colina assistindo ao seu fracasso lá embaixo.","Das Wolfsrudel nutzte seinen Geruchssinn und seinen seismischen Instinkt, um die Anhöhe Minuten vor dem Eintreffen der Welle zu erreichen. Ihre primitive Überlebensgemeinschaft ließ sie wie einen einzigen fließenden Organismus in Sicherheit bringen. Sie warteten geduldig auf dem Hügel und beobachteten dein Scheitern unter ihnen.","늑대 무리는 후각과 지진 본능을 이용해 파도가 도착하기 몇 분 전에 고지대에 도달했습니다. 그들의 원시적인 생존 결속력은 안전을 위해 하나의 유기체처럼 움직이게 했습니다. 그들은 언덕 위에서 참을성 있게 기다리며 아래에서 실패한 당신을 지켜보았습니다."
"MSG_C_TSUNAMI_X_LOSS","Xalthis anchored all its dozens of limbs into the rock face and became a living barnacle as the wave hit. Its exoskeleton was perfectly shaped to let the water stream past with minimum resistance. It descended when the sea calmed and prepared a methodical hunt.","ザルシスは全ての無数の肢を岩面に固定し、波が来た時に生きたフジツボとなった。外骨格は水が最小限の抵抗で流れる完璧な形状をしていた。奴は海が凪いだ時に降りてきて、組織的な狩りの準備をした。","扎尔希斯将所有众多의 肢体固定在岩面上，在浪来时成为了活着의 藤壶。外骨骼被塑造成让水以最小阻力流过의 完美形状。海面平静后它降下来，开始了有条不紊의 狩猎准备。","Ксалтис закрепил все свои десятки конечностей в скале и стал живой морской уточкой, когда ударила волна. Его экзоскелет имел идеальную форму, позволяющую воде обтекать его с минимальным сопротивлением. Он спустился, когда море успокоилось, и подготовился к методичной охоте.","Xalthis ancló sus docenas de extremidades en la pared de roca y se convirtió en un percebe viviente cuando golpeó la ola. Su exoesqueleto tenía una forma perfecta para dejar pasar la corriente de agua con la mínima resistencia. Descendió cuando el mar se calmó y preparó una caza metódica.","Xalthis ancorou todas as suas dezenas de membros na face da rocha e tornou-se uma craca viva quando a onda atingiu. Seu exoesqueleto tinha o formato perfeito para deixar a água passar com o mínimo de resistência. Ele desceu quando o mar acalmou e preparou uma caçada metódica.","Xalthis verankerte alle seine Dutzenden Gliedmaßen in der Felswand und wurde zu einer lebenden Seepocke, als die Welle einschlug. Sein Exoskelett war perfekt geformt, um das Wasser mit minimalem Widerstand vorbeiströmen zu lassen. Er stieg herab, als sich das Meer beruhigte, und bereitete eine methodische Jagd vor.","잘티스는 수십 개의 팔다리를 모두 암벽에 고정하고 파도가 칠 때 살아있는 따개비가 되었습니다. 그의 외골격은 물이 최소한의 저항으로 흐를 수 있도록 완벽한 형태를 갖추고 있었습니다. 바다가 잔잔해지자 그는 내려와 체계적인 사냥을 준비했습니다."
"MSG_C_TSUNAMI_Y_LOSS","The yeti surfed the wave on a slab of glacial ice it had been storing for decades. Its massive body mass gave it enough stability to stay on the ice platform. It rode the surge inland and prepared a frozen reception for you.","イエティは何十年もStorageしてきた氷河の氷の板に乗って波をサーフした。巨大な体の質量が、氷のプラットフォームに留まるだけの安定性を与えた。奴は波に乗って内陸へと向かい、あなたのための凍った歓迎を準備した。","雪人乘着保存了几十年의 冰川冰块冲浪。庞大의 体重赋予了它足够의 稳定性留在冰台上。它随波涌向内陆，为你准备了冰冻의 接待。","Йети серфил на волне на плите ледникового льда, которую хранил десятилетиями. Его массивная масса тела давала ему достаточно устойчивости, чтобы оставаться на ледяной платформе. Он проехал на приливе вглубь суши и подготовил для вас ледяной прием.","El yeti surfeó la ola sobre una placa de hielo glacial que había estado guardando durante décadas. Su masa corporal masiva le dio suficiente estabilidad para permanecer en la plataforma de hielo. Cabalgó la marea tierra adentro y preparó una recepción helada para ti.","O yeti surfou a onda em uma placa de gelo glacial que guardava há décadas. Sua massa corporal maciça deu-lhe estabilidade suficiente para permanecer na plataforma de gelo. Ele cavalgou a onda para o interior e preparou uma recepção congelada para você.","Der Yeti surfte auf der Welle auf einer Gletschereisplatte, die er seit Jahrzehnten aufbewahrt hatte. Seine gewaltige Körpermasse gab ihm genug Stabilität, um auf der Eisplattform zu bleiben. Er ritt auf der Flut landeinwärts und bereitete einen frostigen Empfang für dich vor.","예티는 수십 년 동안 보관해 온 빙하 얼음판 위에서 파도를 탔습니다. 그의 거대한 체질량은 얼음 플랫폼 위에 머물기에 충분한 안정성을 제공했습니다. 그는 파도를 타고 내륙으로 이동하여 당신을 위한 차가운 환영을 준비했습니다."
"MSG_C_TSUNAMI_Z_WIN","The zombie swarm had no instinct for self-preservation and simply stood in the water as it rose. Their rotting leg muscles could not generate the locomotion to wade against the current. The entire horde was washed out to sea like discarded mannequins.","ゾンビの群れには自己保存の本能がなく、ただ水の中に立っていた。腐った脚の筋肉は、流れに逆らって進む動きを生み出せなかった。群れ全体はまるで廃棄されたマネキンのように海へと流された。","僵尸群没有自我保存의 本能，只是站在上涨의 水中。腐烂의 腿部肌肉无法产生对抗水流前进의 动力。整个群落像丢弃의 人体模型一样被冲入大海。","У стаи зомби не было инстинкта самосохранения, и они просто стояли в воде, пока она поднималась. Их гниющие мышцы ног не могли создавать движение, чтобы идти против течения. Весь орда была смыта в море, как выброшенные манекены.","La horda de zombis no tenía instinto de autoconservación y simplemente se quedó en el agua mientras subía. Sus músculos podridos de las piernas no podían generar la locomoción para avanzar contra la corriente. Toda la horda fue arrastrada al mar como maniquíes desechados.","O enxame de zumbis não tinha instinto de autopreservação e simplesmente ficou parado na água enquanto ela subia. Os músculos podres de suas pernas não conseguiam gerar a locomoção para avançar contra a correnteza. Toda a horda foi varrida para o mar como manequins descartados.","Der Zombieschwarm hatte keinen Selbsterhaltungstrieb und blieb einfach im Wasser stehen, während es stieg. Ihre verrottenden Beinmuskeln konnten nicht genug Vortrieb erzeugen, um gegen die Strömung anzukommen. Die gesamte Horde wurde wie weggeworfene Schaufensterpuppen ins Meer gespült.","좀비 떼는 자기 보존 본능이 없어서 물이 차오르는 동안 그냥 가만히 서 있었습니다. 부패한 다리 근육은 물살을 가르고 나아갈 힘을 내지 못했습니다. 무리 전체가 버려진 마네킹처럼 바다로 휩쓸려 내려갔습니다."
"MSG_C_TELEPORT_A_WIN","The ant was left biting the air as you suddenly appeared behind it. It couldn't process the sudden shift in space and fell into confusion. You ended its tiny life before it could turn around.","あなたが背後に現れた瞬間、アリは空を切る顎に戸惑った。空間の急激な変化を理解できず、魔物は混乱に陥る。振り向く間も与えず、あなたはその小さな命を断った。","当你突然出现在它身后时，蚂蚁只能咬到空气。它无法处理空间의 突然转变，陷入了混乱。在它转身之前，你就结束了它微小의 生命。","Муравей остался кусать воздух, когда вы внезапно появились позади него. Он не смог осознать резкий сдвиг в пространстве и впал в замешательство. Вы покончили с его крошечной жизнью прежде, чем он успел обернуться.","La hormiga se quedó mordiendo el aire cuando apareciste de repente detrás de ella. No pudo procesar el cambio repentino en el espacio y cayó en la confusión. Terminaste con su pequeña vida antes de que pudiera darse la vuelta.","A formiga ficou mordendo o ar quando você apareceu de repente atrás dela. Ela não conseguiu processar a mudança repentina no espaço e caiu em confusão. Você acabou com sua vidinha antes que ela pudesse se virar.","Die Ameise schnappte nur noch in die Luft, als du plötzlich hinter ihr auftauchtest. Sie konnte die plötzliche Raumverschiebung nicht verarbeiten und geriet in Verwirrung. Du beendetest ihr winziges Leben, noch bevor sie sich umdrehen konnte.","당신이 갑자기 뒤에서 나타나자 개미는 허공만 물었습니다. 갑작스러운 공간 변화를 받아들이지 못한 개미는 혼란에 빠졌습니다. 당신은 개미가 뒤를 돌아보기도 전에 그 작은 생명을 끝냈습니다."
"MSG_C_TELEPORT_B_WIN","The bat's ultrasonic waves couldn't track a target that wasn't there anymore. You blinked into existence above it and brought it down with a single strike. The confused creature crashed into the cold stones.","コウモリの超音波は、もはやそこにいない標的を追うことはできなかった。一瞬で上空へと転移したあなたは、一撃で魔物を叩き落とした。混乱した生物は、冷たい岩肌へと激突した。","蝙蝠의 超声波无法追踪已不在那里의 目标。你闪现到它上方，一击将其击落。受惊의 生物撞在了冰冷의 石头上。","Ультразвуковые волны летучей мыши не могли отследить цель, которой больше не было. Вы мигнули, появившись над ней, и сбили ее одним ударом. Сбитое с толку существо врезалось в холодные камни.","Las ondas ultrasónicas del murciélago no pudieron rastrear un objetivo que ya no estaba allí. Apareciste en un parpadeo sobre él y lo derribaste de un solo golpe. La criatura confundida se estrelló contra las piedras frías.","As ondas ultrassônicas do morcego não conseguiram rastrear um alvo que não estava mais lá. Você surgiu em um piscar de olhos acima dele e o derrubou com um único golpe. A criatura confusa colidiu com as pedras frias.","Die Ultraschallwellen der Fledermaus konnten kein Ziel mehr orten, das nicht mehr da war. Du blinktest über ihr ins Dasein und brachtest sie mit einem einzigen Schlag zu Boden. Das verwirrte Wesen prallte auf die kalten Steine.","박쥐의 초음파는 더 이상 그곳에 없는 목표물을 추적할 수 없었습니다. 당신은 박쥐의 위쪽으로 순식간에 이동해 단 한 번의 타격으로 놈을 떨어뜨렸습니다. 혼란에 빠진 괴물은 차가운 바닥으로 추락했습니다."
"MSG_C_TELEPORT_C_WIN","The cobra struck at your previous position, only to find you standing safely to its side. Before it could recoil, your blade was already descending on its long neck. The serpent died chasing a shadow of where you used to be.","コブラがさっきまで your 居た場所を襲ったが、あなたは既に横で平然と佇んでいた。魔物が体勢を立て直す前に、刃はその長い首へと振り下ろされた。毒蛇は、あなたの残像を追ったまま絶命した。","眼镜蛇攻击了你之前의 位置，却发现你正安然站在它身侧。在它收缩之前，你의 剑已经落在了它长长의 脖子上。这条蛇因追逐你留下의 残影而死。","Кобра ударила в ваше прежнее положение, только чтобы обнаружить, что вы благополучно стоите рядом с ней. Прежде чем она успела отпрянуть, ваш клинок уже опускался на ее длинную шею. Змея умерла, преследуя тень того места, где вы были раньше.","La cobra atacó tu posición anterior, solo para encontrarte parado a salvo a su lado. Antes de que pudiera retroceder, tu espada ya estaba descendiendo sobre su largo cuello. La serpiente murió persiguiendo una sombra de donde solías estar.","A naja atacou sua posição anterior, apenas para encontrar você parado em segurança ao lado dela. Antes que ela pudesse recuar, sua lâmina já estava descendo sobre seu pescoço longo. A serpente morreu perseguindo uma sombra de onde você costumava estar.","Die Kobra schlug nach deiner vorherigen Position, nur um dich sicher an ihrer Seite stehen zu sehen. Bevor sie zurückweichen konnte, senkte sich deine Klinge bereits auf ihren langen Hals. Die Schlange starb, während sie dem Schatten nachjagte, wo du zuvor gewesen warst.","코브라는 당신이 방금 전까지 있던 자리를 공격했지만, 당신은 이미 옆에서 태연하게 서 있었습니다. 괴물이 태세를 정비하기도 전에 칼날이 그 긴 목 위로 떨어졌습니다. 독사는 당신의 잔상을 쫓다 목숨을 잃었습니다."
"MSG_C_TELEPORT_D_WIN","Even the dragon's wide-range breath couldn't catch you as you teleported to its blind spot. The massive beast roared in frustration as you struck its vulnerable neck from behind. Spatial magic proved superior to ancient scales.","ドラゴンの広範なブレスでさえ、死角へと転移したあなたを捉えることは叶わなかった。背後から弱点の首筋を突かれ、巨獣は無念の咆哮を上げた。古の鱗も、空間魔法の利便性の前には無力だった。","即使是巨龙의 范围攻击，也无法在传送到它의 死角时抓到你。当你从背后袭击它脆弱의 颈部时，庞大의 猛兽发出了沮丧의 咆哮。空间魔法证明了它优于古老의 鳞片。","Даже широкомасштабное дыхание дракона не смогло задеть вас, когда вы телепортировались в его слепую зону. Массивный зверь взревел от разочарования, когда вы ударили его в уязвимую шею сзади. Пространственная магия оказалась сильнее древней чешуи.","Incluso el aliento de amplio alcance del dragón no pudo atraparte mientras te teletransportabas a su punto ciego. La enorme bestia rugió de frustración mientras golpeabas su vulnerable cuello desde atrás. La magia espacial demostró ser superior a las escamas antiguas.","Mesmo o sopro de amplo alcance do dragão não conseguiu te pegar enquanto você se teletransportava para o seu ponto cego. A besta massiva rugiu de frustração enquanto você golpeava seu pescoço vulnerável por trás. A magia espacial provou ser superior às escamas antigas.","Sogar der weitreichende Atem des Drachen konnte dich nicht erwischen, als du dich in seinen toten Winkel teleportiertest. Die gewaltige Bestie brüllte frustriert auf, als du ihren verletzlichen Nacken von hinten trafst. Raummagie erwies sich als überlegen gegenüber alten Schuppen.","용의 광범위한 브레스조차 사각지대로 텔레포트한 당신을 잡을 수는 없었습니다. 당신이 뒤에서 취약한 목덜미를 공격하자 거대한 야수는 좌절 섞인 포효를 내질렀습니다. 공간 마법이 고대의 비늘보다 우월하다는 것이 증명되었습니다."
"MSG_C_TELEPORT_E_LOSS","You tried to teleport behind the Ent, but its ancient roots sensed the spatial disturbance. It swatted you out of the air before your feet could touch the ground. The forest spirit's intuition was faster than your magic.","エントの背後へ転移を試みたが、古の根が空間の歪みを敏感に察知した。着地するよりも早く、巨大な枝があなたを空中で薙ぎ払った。森の精霊の直感は、あなたの魔法よりも一歩早かった。","你试图传送到树精身后，但它古老의 根感知到了空间扰动。在你의 脚落地之前，它就在空中把你扇飞了。森林之灵의 直觉比你의 魔法更快。","Вы пытались телепортироваться позади Энта, но его древние корни почувствовали пространственное возмущение. Он смахнул вас из воздуха прежде, чем ваши ноги коснулись земли. Интуиция лесного духа оказалась быстрее вашей магии.","Intentaste teletransportarte detrás del Ent, pero sus raíces antiguas sintieron la perturbación espacial. Te golpeó en el aire antes de que tus pies pudieran tocar el suelo. La intuición del espíritu del bosque fue más rápida que tu magia.","Você tentou se teletransportar para trás do Ent, mas suas raízes antigas sentiram a perturbação espacial. Ele te golpeou no ar antes que seus pés pudessem tocar o chão. A intuição do espírito da floresta foi mais rápida que sua magia.","Du hast versucht, dich hinter den Ent zu teleportieren, aber seine uralten Wurzeln spürten die räumliche Störung. Er fegte dich aus der Luft, noch bevor deine Füße den Boden berühren konnten. Die Intuition des Waldgeistes war schneller als deine Magie.","엔트의 뒤로 텔레포트를 시도했지만, 고대의 뿌리가 공간의 왜곡을 예민하게 감지했습니다. 착지하기도 전에 거대한 가지가 공중에 있던 당신을 쳐냈습니다. 숲 정령의 직관이 당신의 마법보다 한발 앞섰습니다."
"MSG_C_TELEPORT_F_WIN","The annoying fly couldn't outmaneuver a teleporting opponent. You appeared right in its flight path with a readied trap. The tiny pest's speed was meaningless against instantaneous travel.","目障りなハエも、瞬間移動の前にはその機動力を活かせなかった。飛行ルート上に先回りしたあなたの罠に、魔物は自ら飛び込んだ。瞬時の移動を前に、小さな害虫の速度は何の意味も持たなかった。","讨厌의 苍蝇无法在一个能瞬间移动의 对手面前闪避。你带着准备好의 陷阱直接出现在它의 飞行路径上。微小害虫의 速度在瞬时移动面前毫无意义。","Назойливая муха не смогла перехитрить телепортирующегося противника. Вы появились прямо на ее пути с готовой ловушкой. Скорость крошечного вредителя была бессмысленна против мгновенного перемещения.","La molesta mosca no pudo superar a un oponente que se teletransporta. Apareciste justo en su trayectoria de vuelo con una trampa preparada. La velocidad de la pequeña plaga no significó nada contra el viaje instantáneo.","A mosca irritante não conseguiu superar um oponente que se teletransporta. Você apareceu bem em sua trajetória de voo com uma armadilha preparada. A velocidade da pequena praga não significou nada contra o deslocamento instantâneo.","Die lästige Fliege konnte einen teleportierenden Gegner nicht ausmanövrieren. Du erschienst mit einer vorbereiteten Falle direkt in ihrer Flugbahn. Die Geschwindigkeit des winzigen Schädlings war bedeutungslos gegenüber dem augenblicklichen Reisen.","성가신 파리도 순간이동 앞에서는 기동력을 발휘할 수 없었습니다. 당신은 놈의 비행 경로에 미리 나타나 함정을 준비했고, 파리는 스스로 그 안으로 뛰어들었습니다. 즉각적인 이동 앞에서 작은 해충의 속도는 아무런 의미가 없었습니다."
"MSG_C_TELEPORT_G_WIN","The goblin's cowardly trick was countered by your sudden shift in space. You appeared right in front of its terrified face while it was preparing its next move. The brute dropped its weapon in sheer panic before dying.","ゴブリンの卑怯な手口も、あなたの空間転移によって完全に封じられた。次の一手を練る魔物の目の前にあなたが現れると、奴は恐怖に顔を歪めた。絶望した怪物は武器を投げ捨て、パニックの中で命を落とした。","哥布林猥琐의 小动作被你突然의 空间切换完美化解。当它准备下一步动作时，你直接出现在它恐惧의 脸庞前。这头蛮兽在极度恐慌中丢下武器死去了。","Трусливая уловка гоблина была отражена вашим внезапным сдвигом в пространстве. Вы появились прямо перед его перепуганным лицом, пока он готовил свой следующий шаг. Брут в панике уронил оружие перед смертью.","El truco cobarde del goblin fue contrarrestado por tu repentino cambio en el espacio. Apareciste justo frente a su rostro aterrorizado mientras preparaba su próximo movimiento. El bruto soltó su arma en puro pánico antes de morir.","O truque covarde do goblin foi combatido por sua mudança repentina no espaço. Você apareceu bem na frente de seu rosto aterrorizado enquanto ele preparava seu próximo movimento. O bruto deixou cair sua arma em puro pânico antes de morrer.","Der feige Trick des Goblins wurde durch deine plötzliche Raumverschiebung gekontert. Du erschienst direkt vor seinem verängstigten Gesicht, während er seinen nächsten Zug vorbereitete. Der Grobian ließ in schierer Panik seine Waffe fallen, bevor er starb.","고블린의 비열한 수법도 당신의 공간 이동에 의해 완벽하게 봉쇄되었습니다. 다음 수를 생각하던 괴물 앞에 당신이 나타나자 놈은 공포로 얼굴이 일그러졌습니다. 절망한 괴물은 무기를 내던지고 패닉 속에서 숨을 거두었습니다."
"MSG_C_TELEPORT_H_WIN","The harpy shrieked in surprise as you matched her height in an instant. Your blade bit deep into her wings before she could even adjust her flight. The queen of the sky met a grounded end.","空中に逃れたハーピーだったが、一瞬で同じ高さに現れたあなたに驚愕した。体勢を立て直す暇もなく、刃は彼女の翼を深く切り裂いた。空の女王は、地上に引きずり下ろされ最期を迎えた。","在你瞬间达到与她同样의 高度时，哈皮发出了惊愕의 尖叫。在她调整飞行姿态之前，你의 利刃已经深深刻入她의 双翼。天空女王迎来了坠地의 末日。","Гарпия вскрикнула от удивления, когда вы в мгновение ока сравнялись с ней по высоте. Ваш клинок глубоко вонзился в ее крылья прежде, чем она успела скорректировать полет. Королева неба встретила свой конец на земле.","La arpía gritó de sorpresa cuando igualaste su altura en un instante. Tu espada mordió profundamente sus alas antes de que pudiera siquiera ajustar su vuelo. La reina del cielo tuvo un final terrenal.","A harpia gritou de surpresa quando você igualou a altura dela em um instante. Sua lâmina mordeu fundo em suas asas antes mesmo que ela pudesse ajustar seu voo. A rainha do céu teve um fim no chão.","Die Harpie kreischte überrascht auf, als du in einem Augenblick ihre Höhe erreichtest. Deine Klinge biss tief in ihre Flügel, noch bevor sie ihren Flug anpassen konnte. Die Königin des Himmels fand ein Ende am Boden.","공중으로 도망친 하피였지만, 순식간에 같은 높이에 나타난 당신을 보고 경악했습니다. 태세를 정비할 틈도 없이 칼날이 그녀의 날개를 깊숙이 베었습니다. 하늘의 여왕은 땅으로 추락하며 최후를 맞이했습니다."
"MSG_C_TELEPORT_I_WIN","The imp's deceptive whispers were cut short when you blinked past its defenses. It tried to vanish into the shadows, but you were already there waiting. The small demon realized too late that you own the space now.","インプの欺瞞に満ちたささやきは、防御を抜けて転移したあなたによって断ち切られた。影に逃げ込もうとする魔物を、あなたは先回りして迎え撃つ。空間を支配する者の前で、小悪魔は自らの無力を悟った。","当你闪过它의 防御时，小恶魔欺骗性의 低语戛然而止。它试图消失在阴影中，但你已经等在那里了。这只小恶魔意识到太晚了，现在空间归你掌控。","Обманчивый шепот беса прервался, когда вы мигнули, пройдя сквозь его защиту. Он пытался исчезнуть в тенях, но вы уже ждали его там. Маленький демон слишком поздно понял, что теперь пространство принадлежит вам.","Susurros engañosos del imp se cortaron cuando pasaste sus defensas en un parpadeo. Intentó desaparecer en las sombras, pero ya estabas allí esperando. El pequeño demonio se dio cuenta demasiado tarde de que ahora eres el dueño del espacio.","Os sussurros enganosos do imp foram interrompidos quando você passou por suas defesas em um piscar de olhos. Ele tentou desaparecer nas sombras, mas você já estava lá esperando. O pequeno demônio percebeu tarde demais que agora você domina o espaço.","Das trügerische Flüstern des Imps wurde jäh unterbrochen, als du an seinen Verteidigungen vorbeiblinktest. Er versuchte, in den Schatten zu verschwinden, aber du wartetest dort bereits auf ihn. Der kleine Dämon erkannte zu spät, dass du nun den Raum beherrscht.","임프의 기만적인 속삭임은 방어막을 뚫고 텔레포트한 당신에 의해 끊겼습니다. 그림자 속으로 사라지려던 괴물을 당신은 미리 가서 기다렸습니다. 공간을 지배하는 자 앞에서 소악마는 자신의 무력함을 깨달았습니다."
"MSG_C_TELEPORT_J_LOSS","You teleported into the middle of the jelly, only to realize the danger of its acidic body. The slime-like mass engulfed you before you could blink away again. Your spatial trick became a self-made trap.","ジェリーの中央へと転移したが、その酸性の肉体の危険性に気づくのが遅すぎた。再転移する前に、粘液の塊があなたを飲み込んでしまう。空間のトリックは、皮肉にも自らを捕らえる罠と化した。","你传送到果冻怪中间，却才意识到它酸性身体의 危险。在你再次闪开之前，这种黏痰般의 物质就吞噬了你。你의 空间技巧变成了自制의 陷阱。","Вы телепортировались в середину желе, только чтобы осознать опасность его кислотного тела. Слизеподобная масса поглотила вас прежде, чем вы успели снова мигнуть. Ваш пространственный трюк стал для вас ловушкой.","Te teletransportaste al centro de la gelatina, solo para darte cuenta del peligro de su cuerpo ácido. La masa gelatinosa te envolvió antes de que pudieras teletransportarte de nuevo. Tu truco espacial se convirtió en una trampa propia.","Você se teletransportou para o meio da geleia, apenas para perceber o perigo de seu corpo ácido. A massa viscosa envolveu você antes que pudesse se teletransportar novamente. Seu truque espacial tornou-se uma armadilha para si mesmo.","Du hast dich mitten in das Gelee teleportiert, nur um die Gefahr seines säurehaltigen Körpers zu erkennen. Die schleimartige Masse verschlang dich, noch bevor du dich wieder wegblinken konntest. Dein Raumtrick wurde zu einer selbstgestellten Falle.","젤리의 한가운데로 텔레포트했지만, 그 산성 신체의 위험성을 깨닫는 것이 너무 늦었습니다 다시 이동하기도 전에 점액 덩어리가 당신을 집어삼켰습니다. 공간의 트릭이 역설적으로 자신을 가두는 함정이 되었습니다."
"MSG_C_TELEPORT_K_WIN","The kobold followed your scent only to find it suddenly missing from the earth. You reappeared from above, delivering a fatal blow to the confused warrior. The canine hunter became the easy prey.","コボルドはあなたの臭いを追ったが、それが突如として地上から消えたことに狼狽した。上空から再出現したあなたの致命的な一撃が、混乱した戦士を襲う。狩人であったはずの魔物は、格好の獲物となった。","狗头人顺着你의 气味追踪，却发现它突然在地球上消失了。你从上方重新出现，给这名混乱의 战士致命一击。这名犬类猎人变成了容易得手의 猎物。","Кобольд шел по вашему запаху, но обнаружил, что он внезапно исчез с земли. Вы снова появились сверху, нанеся смертельный удар сбитому с толку воину. Псовый охотник стал легкой добычей.","El kobold siguió tu rastro solo para descubrir que de repente había desaparecido de la tierra. Reapareciste desde arriba, asestando un golpe fatal al guerrero confundido. El cazador canino se convirtió en una presa fácil.","O kobold seguiu seu rastro apenas para descobrir que ele havia sumido subitamente da terra. Você reapareceu de cima, desferindo um golpe fatal no guerreiro confuso. O caçador canino tornou-se uma presa fácil.","Der Kobold folgte deinem Geruch, nur um festzustellen, dass er plötzlich vom Erdboden verschwunden war. Du erschienst wieder von oben und versetztest dem verwirrten Krieger einen tödlichen Schlag. Der hündische Jäger wurde zur leichten Beute.","코볼트는 당신의 냄새를 쫓았지만 그것이 갑자기 지상에서 사라지자 당황했습니다. 위에서 다시 나타난 당신의 치명적인 일격이 혼란에 빠진 전사를 덮쳤습니다. 사냥꾼이었던 괴물은 손쉬운 먹잇감이 되었습니다."
"MSG_C_TELEPORT_L_WIN","The desert lizard's camouflage was useless when you bypassed its field of vision. You struck from where light shouldn't be, ending its stealthy approach. The cold predator died without ever seeing its killer.","視界の外へと転移したあなたに、リザードの擬態は何の役にも立たなかった。光の届かぬ死角からの一撃が、魔物の密やかな接近を終わらせる。冷酷な捕食者は、刺客の姿を一度も拝むことなく果てた。","当你绕过蜥蜴의 视野时，沙漠蜥蜴의 伪装毫无用处。你从光线触及不到의 地方发起攻击，结束了它潜行의 企图。这只冷血掠食者死时甚至没看到杀手。","Камуфляж пустынной ящерицы был бесполезен, когда вы миновали поле ее зрения. Вы ударили оттуда, где не должно быть света, положив конец ее скрытному приближению. Хладнокровный хищник умер, так и не увидев своего убийцу.","El camuflaje del lagarto del desierto fue inútil cuando pasaste por alto su campo de visión. Atacaste desde donde no debería haber luz, terminando con su enfoque sigiloso. El depredador frío murió sin haber visto nunca a su asesino.","A camuflagem do lagarto do deserto foi inútil quando você contornou seu campo de visão. Você atacou de onde a luz não deveria estar, encerrando sua aproximação furtiva. O predador frio morreu sem nunca ver seu assassino.","Die Tarnung der Wüsteneidechse war nutzlos, als du ihr Sichtfeld umgingst. Du schlugst von dort aus zu, wo kein Licht sein sollte, und beendetest ihre heimliche Annäherung. Das kalte Raubtier starb, ohne jemals seinen Mörder gesehen zu haben.","시야 밖으로 텔레포트한 당신에게 리자드의 의태는 아무런 도움이 되지 않았습니다. 빛이 닿지 않는 사각지대에서의 일격이 괴물의 은밀한 접근을 끝냈습니다. 냉혹한 포식자는 자객의 모습도 보지 못한 채 죽었습니다."
"MSG_C_TELEPORT_M_WIN","The mummy's ancient curse missed as you shifted out of the physical realm for a heartbeat. You appeared behind the guardian of the tomb, striking through brittle bandages. The eternity of its rest was finally ended.","物理次元から一瞬だけ姿を消したあなたに、マミーの呪いは届かなかった。墓所の守護者の背後に現れ、もろい包帯越しに鋭い刃を突き立てる。魔物が守り続けてきた永遠の眠りは、唐突に幕を閉じた。","当你从现实层面上消失一瞬时，木乃伊古老의 诅咒落空了。你出现在墓穴守护者身后，刺穿了它脆弱의 绷带。它永恒의 安息终于结束了。","Древнее проклятие мумии промахнулось, когда вы на мгновение вышли из физического мира. Вы появились позади стража гробницы, нанеся удар сквозь хрупкие бинты. Вечность его покоя была наконец прервана.","La antigua maldición de la momia falló mientras te salías del reino físico por un instante. Apareciste detrás del guardián de la tumba, golpeando a través de los vendajes quebradizos. La eternidad de su descanso finalmente terminó.","A antiga maldição da múmia falhou enquanto você saía do reino físico por um instante. Você apareceu atrás do guardião da tumba, golpeando através das bandagens quebradiças. A eternidade de seu descanso finalmente acabou.","Der uralte Fluch der Mumie ging fehl, als du für einen Herzschlag aus der physischen Welt verschwandst. Du erschienst hinter dem Wächter des Grabes und schlugst durch die brüchigen Bandagen zu. Die Ewigkeit seiner Ruhe wurde schließlich beendet.","물리적 차원에서 한순간 모습을 감춘 당신에게 미라의 저주는 닿지 않았습니다. 무덤 수호자의 뒤에 나타나 부서지기 쉬운 붕대 너머로 날카로운 칼날을 찔러 넣었습니다. 괴물이 지켜온 영원한 안식은 갑작스럽게 끝났습니다."
"MSG_C_TELEPORT_N_LOSS","The naga's magical perception tracked your spatial transition perfectly. She cast a binding spell on the exact spot you reappeared. You were trapped in her coils before your vision could clear.","ナーガの魔法的な知覚は、あなたの空間転移を完璧に追尾していた。再出現したその瞬間に、彼女は束縛の呪文を完璧なタイミングで放った。視界が開ける前に、あなたは蛇身の締め付けに捕らえられた。","纳迦의 魔法感知完美追踪了你의 空间转换。她在你重新出现의 地点施加了约束法术。在你视线清晰之前，你就被她의 蛇身束缚住了。","Магическое восприятие наги идеально отследило ваш пространственный переход. Она наложила связывающее заклинание именно на то место, где вы снова появились. Вы оказались в ловушке в ее кольцах прежде, чем ваше зрение прояснилось.","La percepción mágica de la naga rastreó perfectamente tu transición espacial. Lanzó un hechizo de atadura en el lugar exacto donde reapareciste. Quedaste atrapado en sus anillos antes de que tu visión pudiera aclararse.","A percepção mágica da naga rastreou perfeitamente sua transição espacial. Ela lançou um feitiço de aprisionamento no local exato onde você reapareceu. Você ficou preso em suas espirais antes que sua visão pudesse clarear.","Die magische Wahrnehmung der Naga verfolgte deinen Raumübergang perfekt. Sie wirkte einen Bindungszauber genau an der Stelle, an der du wieder erschienst. Du warst in ihren Windungen gefangen, noch bevor dein Blick klar wurde.","나가의 마법적 지각은 당신의 공간 이동을 완벽하게 추적하고 있었습니다. 당신이 다시 나타난 그 순간, 그녀는 완벽한 타이밍으로 구속 주문을 걸었습니다 시야가 확보되기도 전에 당신은 뱀 몸의 조임에 갇혔습니다."
"MSG_C_TELEPORT_O_LOSS","The orc's massive shield covered all angles even after you teleported. It swung its weapon in a powerful circular arc, anticipating your move. The brute's combat instinct was sharp enough to counter magic.","転移を繰り返しても、オークの巨大な盾はあらゆる角度からの攻撃を防ぎ続けた。魔物はあなたの動きを予見し、強力な円月斬であなたを迎え撃つ。蛮勇の戦士の直感は、魔法に対抗できるほど鋭かった。","即使你瞬间传送，兽人의 巨大盾牌也覆盖了所有角度。它以强大의 圆弧挥动武器，预见到了你의 动作。这头蛮兽의 战斗本能尖锐到足以对抗魔法。","Массивный щит орка закрывал все углы даже после того, как вы телепортировались. Он взмахнул своим оружием по мощной круговой дуге, предвидя ваш ход. Боевой инстинкт брута был достаточно острым, чтобы противостоять магии.","El enorme escudo del orco cubría todos los ángulos incluso después de que te teletransportaste. Balanceó su arma en un potente arco circular, anticipando tu movimiento. El instinto de combate del bruto era lo suficientemente agudo como para contrarrestar la magia.","O escudo enorme do orc cobria todos os ângulos mesmo depois de você ter se teletransportado. Ele girou sua arma em um arco circular poderoso, antecipando seu movimento. O instinto de combate do bruto era aguçado o suficiente para combater a magia.","Der gewaltige Schild des Orks deckte alle Winkel ab, selbst nachdem du dich teleportiert hattest. Er schwang seine Waffe in einem kraftvollen Kreisbogen und sah deinen Zug voraus. Der Kampfinstinkt des Grobians war scharf genug, um Magie zu kontern.","텔레포트를 반복해도 오크의 거대한 방패는 모든 각도에서의 공격을 계속 막아냈습니다. 괴물은 당신의 움직임을 예견하고 강력한 원월참으로 당신을 맞이했습니다. 야만적인 전사의 직관은 마법에 대항할 수 있을 만큼 날카로웠습니다."
"MSG_C_TELEPORT_P_WIN","The pixie's playful blinking couldn't match the precision of your teleportation. You anticipated her next move and grabbed her out of the air. The light of the forest faded in your iron grip.","ピクシーの気まぐれな明滅も、あなたの精密な転移の前には子供騙しだった。次の移動先を予見して彼女を空中で捕らえると、魔物は驚愕に羽を震わせた。森の灯火は、あなたの冷徹な掴みの前で潰えた。","小仙女顽皮의 闪现无法与你空间传送의 精度相提并论。你预判了她의 下一步，并从空中抓住了她。森林之光在你铁青의 紧握中消逝。","Игривое мерцание пикси не могло сравниться с точностью вашей телепортации. Вы предвидели ее следующий шаг и поймали ее в воздухе. Свет леса угас в вашей железной хватке.","El parpadeo juguetón de la pixie no pudo igualar la precisión de tu teletransportación. Anticipaste su siguiente movimiento y la agarraste en el aire. La luz del bosque se desvaneció en tu agarre de hierro.","O piscar brincalhão da pixie não conseguiu igualar a precisão do seu teletransporte. Você antecipou o próximo movimento dela e a agarrou no ar. A luz da floresta desvaneceu em seu aperto de ferro.","Das spielerische Blinken der Pixie kam nicht an die Präzision deiner Teleportation heran. Du sahst ihren nächsten Zug voraus und packtest sie aus der Luft. Das Licht des Waldes erlosch in deinem eisernen Griff.","픽시의 변덕스러운 깜박임도 당신의 정밀한 텔레포트 앞에서는 아이들 장난이었습니다. 다음 이동지를 예측해 그녀를 공중에서 붙잡자 괴물은 경악하며 날개를 떨었습니다. 숲의 등불은 당신의 냉철한 손아귀에서 꺼져버렸습니다."
"MSG_C_TELEPORT_Q_WIN","The coeurl's lightning struck your afterimage while you moved to safety. You reappeared when its electricity was recharging, striking a decisive blow. The high-speed beast died from a failure of timing.","あなたが安全圏へと逃れたため、クアールの雷撃は空しく残像を焼き払った。放電後の隙を突いて再出現し、必殺の刃を叩き込む。高速を誇る獣は、タイミングのわずかな狂いによって命を散らした。","当你传送到安全地带时，夸尔의 闪电击中了你의 残影। 你在它의 电力充电时重新出现，给予决定性의 一击。这只高速野兽死于时机失败。","Молния куэрла ударила в ваш остаточный образ, пока вы перемещались в безопасное место. Вы снова появились, когда его электричество перезаряжалось, нанеся решающий удар. Скоростной зверь погиб из-за ошибки в расчете времени.","El rayo del coeurl golpeó tu imagen residual mientras te movías a un lugar seguro. Reapareciste cuando su electricidad se estaba recargando, asestando un golpe decisivo. La bestia veloz murió por un error de sincronización.","O relâmpago do coeurl atingiu sua imagem residual enquanto você se movia para a segurança. Você reapareceu quando a eletricidade dele estava recarregando, desferindo um golpe decisivo. A besta de alta velocidade morreu por uma falha de timing.","Der Blitz des Coeurls traf dein Nachbild, während du dich in Sicherheit brachtest. Du erschienst wieder, als seine Elektrizität gerade aufgeladen wurde, und versetztest ihm einen entscheidenden Schlag. Das Hochgeschwindigkeitsbiest starb an einem Timing-Fehler.","당신이 안전지대로 피했기 때문에 코얼의 뇌격은 허무하게 잔상만 태웠습니다. 방전 후의 빈틈을 노려 다시 나타나 필살의 일격을 가했습니다. 빠른 속도를 자랑하던 야수는 미세한 타이밍의 어긋남으로 목숨을 잃었습니다."
"MSG_C_TELEPORT_R_LOSS","The rat swarm filled every inch of the room, leaving no safe place to teleport. You appeared in the middle of the pack and were immediately overwhelmed. Numbers proved to be the ultimate counter to spatial magic.","ラットの群れが部屋の隅々まで埋め尽くし、転移すべき安全な場所など残されていなかった。群れの真っ只中に現れてしまったあなたは、瞬時に呑み込まれてしまう。多勢の暴力は、空間魔法の天敵だった。","鼠群填满了房间의 每一寸空间，没有留下安全传送의 地方。你出现在鼠群中间，立即被淹没。事实证明，数量是对抗空间魔法의 终极手段。","Стая крыс заполнила каждый дюйм комнаты, не оставив безопасного места для телепортации. Вы появились в самой середине стаи и были немедленно подавлены. Число оказалось абсолютным средством против пространственной магии.","El enjambre de ratas llenó cada centímetro de la habitación, sin dejar un lugar seguro para teletransportarse. Apareciste en medio de la manada y fuiste abrumado de inmediato. Los números demostraron ser el contraataque definitivo a la magia espacial.","O enxame de ratos preencheu cada centímetro da sala, não deixando lugar seguro para se teletransportar. Você apareceu no meio do bando e foi imediatamente sobrecarregado. Os números provaram ser o contra-ataque final à magia espacial.","Der Rattenschwarm füllte jeden Zentimeter des Raumes aus und ließ keinen sicheren Ort zum Teleportieren. Du erschienst mitten im Rudel und wurdest sofort überwältigt. Zahlen erwiesen sich als der ultimative Konter gegen Raummagie.","쥐 떼가 방의 구석구석을 가득 채워 텔레포트할 안전한 장소가 남지 않았습니다. 무리의 한복판에 나타난 당신은 순식간에 집어삼켜졌습니다. 다수의 폭력은 공간 마법의 천적이었습니다."
"MSG_C_TELEPORT_S_LOSS","You teleported to escape the slime, but the ground was already covered in its sticky mass. Your feet were stuck the moment you reappeared, leaving you helpless. The simple monster defeated your complex spell.","スライムから逃れるために転移したが、着地点は既に粘り気のある肉体で覆われていた。出現した瞬間に足を取られ、あなたは身動きが取れなくなる。単純な魔物が、あなたの複雑な呪文を打ち負かした。","你为了躲避史莱姆而传送，但地面已经覆盖了它粘稠의 物质。在你重新出现의 那一刻，你의 脚就被粘住了，无计可施。简单의 怪物打败了你复杂의 法术。","Вы телепортировались, чтобы спастись от слизи, но земля уже была покрыта ее липкой массой. Ваши ноги застряли в тот момент, когда вы снова появились, оставив вас беспомощным. Простое чудовище победило ваше сложное заклинание.","Te teletransportaste para escapar del limo, pero el suelo ya estaba cubierto por su masa pegajosa. Tus pies se quedaron pegados en el momento en que reapareciste, dejándote indefenso. El simple monstruo derrotó tu complejo hechizo.","Você se teletransportou para escapar do lodo, mas o chão já estava coberto por sua massa pegajosa. Seus pés ficaram presos no momento em que você reapareceu, deixando-o indefeso. O monstro simples derrotou seu feitiço complexo.","Du hast dich teleportiert, um dem Schleim zu entkommen, aber der Boden war bereits mit seiner klebrigen Masse bedeckt. Deine Füße steckten in dem Moment fest, als du wieder erschienst, was dich hilflos zurückließ. Das einfache Monster besiegte deinen komplexen Zauber.","슬라임으로부터 도망치기 위해 텔레포트했지만, 착지 지점은 이미 끈적이는 육체로 뒤덮여 있었습니다. 나타난 순간 발이 묶여버린 당신은 꼼짝도 할 수 없게 되었습니다. 단순한 괴물이 당신의 복잡한 주문을 이겼습니다."
"MSG_C_TELEPORT_T_LOSS","The troll's massive reach caught you mid-teleportation through raw power. It sensed the air pressure change and grabbed you by the leg. Your attempt to play with space ended in a bone-crushing reality.","トロールの圧倒的な巨体は、力任せに空間の揺らぎさえも掴み取った。気圧の変化を敏感に察知した魔物に脚を掴まれ、転移の試みは失敗に終わる。空間を操る小細工は、骨を砕く非情な現実の前に砕け散った。","巨魔庞大의 伸展范围通过蛮力捕捉到了你。它感知到了气压의 变化，抓住了你의 腿。你玩弄空间의 企图在粉碎骨头의 现实中结束了。","Огромный размах рук тролля позволил ему поймать вас прямо во время телепортации благодаря грубой силе. Он почувствовал изменение давления воздуха и схватил вас за ногу. Ваша попытка поиграть с пространством закончилась костедробительной реальностью.","El enorme alcance del trol te atrapó en medio de la teletransportación mediante pura fuerza bruta. Sintió el cambio de presión del aire y te agarró por la pierna. Tu intento de jugar con el espacio terminó en una realidad que aplasta los huesos.","O alcance enorme do troll pegou você no meio do teletransporte através de força bruta. Ele sentiu a mudança de pressão do ar e agarrou você pela perna. Sua tentativa de brincar com o espaço terminou em uma realidade de esmagar ossos.","Die gewaltige Reichweite des Trolls erwischte dich mitten in der Teleportation durch rohe Gewalt. Er spürte die Luftdruckänderung und packte dich am Bein. Dein Versuch, mit dem Raum zu spielen, endete in einer knochenzermalmenden Realität.","트롤의 압도적인 거체는 힘으로 공간의 흔들림조차 잡아챘습니다. 기압의 변화를 예민하게 감지한 괴물에게 다리를 붙잡혀 텔레포트 시도는 실패로 돌아갔습니다. 공간을 다루는 잔재주는 뼈를 으스러뜨리는 냉혹한 현실 앞에 부서졌습니다."
"MSG_C_TELEPORT_U_WIN","The undead's ghostly hands grabbed only the air as you shifted planes. You reappeared from within the shadow realm, striking at its core essence. The restless spirit was finally banished from this world.","あなたが次元を越えたため、アンデッドの不気味な手は虚空を掴むだけに終わった。影の世界から再出現した一撃が、魔物の核となる本質を粉砕する。彷徨える魂は、ようやくこの世の理から解き放たれた。","当你转换位面时，亡灵那幽灵般의 手只抓到了空气。你从阴影位面重新出现，打击它의 核心本质。焦躁不安의 灵魂终于从这个世界上消失了。","Призрачные руки нежити хватали только воздух, когда вы сменили планы бытия. Вы снова появились из теневого царства, нанеся удар по самой его сути. Неупокоенный дух был наконец изгнан из этого мира.","Las manos fantasmales del no muerto solo agarraron el aire mientras cambiabas de plano. Reapareciste desde el reino de las sombras, atacando su esencia central. El espíritu inquieto fue finalmente desterrado de este mundo.","As mãos fantasmagóricas do morto-vivo agarraram apenas o ar enquanto você mudava de plano. Você reapareceu de dentro do reino das sombras, atingindo sua essência central. O espírito inquieto foi finalmente banido deste mundo.","Die geisterhaften Hände des Untoten griffen nur in die Luft, als du die Ebenen wechseltest. Du erschienst aus dem Schattenreich heraus wieder und trafst seinen Kern. Der ruhelose Geist wurde schließlich aus dieser Welt verbannt.","당신이 차원을 넘었기 때문에 언데드의 기괴한 손은 허공만 휘저었습니다. 그림자 세계에서 다시 나타난 일격이 괴물의 핵심 본질을 분쇄했습니다. 방황하던 영혼은 마침내 이 세상의 이치에서 해방되었습니다."
"MSG_C_TELEPORT_V_LOSS","The vampire moved with a speed that rivaled your instant travel. He appeared at the destination before you did, baring his fangs in a cruel smile. The master of the night laughed at your mortal magic.","ヴァンパイアの超常的な速度は、あなたの瞬間移動にさえ比肩するものだった。転移先を先読みした夜の王は、残酷な笑みを浮かべてあなたを待ち構える。魔法に頼る命を、魔王は嘲笑と共に蹂躙した。","吸血鬼의 移动速度足以与你의 瞬时旅行媲美。他比你先到达目的地，露出獠牙露出残酷의 微笑。黑夜之主嘲笑你凡人의 魔法。","Вампир двигался со скоростью, соперничающей с вашим мгновенным перемещением. Он появился в пункте назначения раньше вас, обнажив клыки в жестокой улыбке. Повелитель ночи смеялся над вашей смертной магией.","El vampiro se movió con una velocidad que rivalizaba con tu viaje instantáneo. Apareció en el destino antes que tú, mostrando sus colmillo en una sonrisa cruel. El señor de la noche se rió de tu magia mortal.","O vampiro moveu-se com uma velocidade que rivalizava com seu deslocamento instantâneo. Ele apareceu no destino antes de você, mostrando as presas em um sorriso cruel. O mestre da noite riu de sua magia mortal.","Der Vampir bewegte sich mit einer Geschwindigkeit, die mit deinem augenblicklichen Reisen konkurrierte. Er erschien vor dir am Zielort und entblößte seine Reißzähne in einem grausamen Lächeln. Der Herr der Nacht lachte über deine sterbliche Magie.","뱀파이어의 초상적인 속도는 당신의 순간이동에 견줄 만한 것이었습니다. 이동지를 예측한 밤의 왕은 잔인한 미소를 지으며 당신을 기다리고 있었습니다. 마법에 의존하는 생명을 마왕은 비웃음과 함께 유린했습니다."
"MSG_C_TELEPORT_W_LOSS","The wolf pack surrounded every possible exit point through pure instinct. No matter where you blinked, a wolf was already there ready to bite. Your magic couldn't outsmart the primal coordination of the pack.","ウルフの群れは純粋な直感によって、あらゆる退路を完全に包囲した。どこに転移しようとも、牙を剥いた獣が既にそこには待ち構えている。群れの原始的な連携が、あなたの魔法的な策略を上回った。","狼群凭纯粹의 本能包围了所有可能의 出口। 无论你闪现到哪里，都有一只狼等在那里准备撕咬。你의 魔法无法战胜狼群原始의 配合。","Волчья стая окружила все возможные точки выхода благодаря чистому инстинкту. Куда бы вы ни переместились, волк уже был там, готовый укусить. Ваша магия не смогла перехитрить первобытную координацию стаи.","La manada de lobos rodeó cada posible punto de salida por puro instinto. No importaba dónde aparecieras, un lobo ya estaba allí listo para morder. Tu magia no pudo superar la coordinación primaria de la manada.","A alcateia de lobos cercou todos os pontos de saída possíveis através de puro instinto. Não importa para onde você se teletransportasse, um lobo já estava lá pronto para morder. Sua magia não pôde superar a coordenação primitiva do bando.","Das Wolfsrudel umzingelte rein instinktiv jeden möglichen Ausgangspunkt. Egal wohin du blinktest, ein Wolf war bereits da und bereit zuzubeißen. Deine Magie konnte die urtümliche Koordination des Rudels nicht überlisten.","늑대 무리는 순수한 직관으로 모든 퇴로를 완전히 포위했습니다. 어디로 텔레포트하든 이빨을 드러낸 짐승이 이미 그곳에서 기다리고 있었습니다. 무리의 원시적인 협동이 당신의 마법적 계략을 넘어섰습니다."
"MSG_C_TELEPORT_X_LOSS","Xalthis's multiple eyes monitored the ripples of space around it. It struck the exact coordinate of your return before you fully materialized. The multi-legged nightmare proved that no space is safe near it.","ザルティスの無数の目は、周囲の空間に生じる微かなさざ波を監視していた。あなたが実体化する直前、正確な座標へと魔物の脚が突き立てられる。多足の悪夢の前では、いかなる空間も安全ではなかった。","扎尔提斯의 复眼监控着周围空间의 涟漪。在你完全实体化之前，它击中了你返回의 精确坐标。多肢의 噩梦证明在它附近没有空间是安全의 。","Множество глаз Ксалтиса следили за рябью пространства вокруг него. Он нанес удар точно по координатам вашего возвращения еще до того, как вы полностью материализовались. Многоногий кошмар доказал, что рядом с ним ни одно пространство не безопасно.","Los múltiples ojos de Xalthis monitorearon las ondas del espacio a su alrededor. Golpeó la coordenada exacta de tu regreso antes de que te materializaras por completo. La pesadilla de múltiples patas demostró que ningún espacio es seguro cerca de él.","Os múltiplos olhos de Xalthis monitoraram as ondulações do espaço ao seu redor. Ele atingiu a coordenada exata do seu retorno antes que você se materializasse completamente. O pesadelo de pernas múltiplas provou que nenhum espaço é seguro perto dele.","Die vielen Augen von Xalthis überwachten die Wellen im Raum um ihn herum. Er schlug genau auf die Koordinaten deiner Rückkehr zu, noch bevor du vollständig materialisiert warst. Der vielbeinige Albtraum bewies, dass kein Raum in seiner Nähe sicher ist.","잘티스의 무수한 눈은 주변 공간에 생기는 미세한 파동을 감시하고 있었습니다. 당신이 실체화하기 직전, 정확한 좌표에 괴물의 다리가 꽂혔습니다. 다지류 악몽 앞에서는 그 어떤 공간도 안전하지 않았습니다."
"MSG_C_TELEPORT_Y_LOSS","The yeti's blizzard generated a field of freezing static that disrupted your spell. You reappeared several feet off-course, knee-deep in frozen snow. The mountain king capitalized on your failure with a heavy roar.","イエティの吹雪が生み出す魔力の乱れが、あなたの転移呪文を狂わせた。座標がずれ、深い雪の中に埋もれて出現したあなたを、凍てつく冷気が襲う。山嶺の王は、あなたの失態を見逃さず咆哮を上げた。","雪人의 暴风雪产生了一股冻结静电，扰乱了你의 法术。你在偏离终点几英尺의 地方重新出现，膝盖深陷在冻雪中。雪山之王随着一声沉重의 咆哮利用了你의 失败。","Метель йети создала поле морозных статических помех, которое нарушило ваше заклинание. Вы снова появились в нескольких футах от намеченного курса, по колено в замерзшем снегу. Горный король воспользовался вашей неудачей тяжелым ревом.","La ventisca del yeti generó un campo de estática gélida que alteró tu hechizo. Reapareciste a varios pies fuera de curso, con la nieve congelada hasta las rodillas. El rey de la montaña capitalizó tu error con un rugido pesado.","A nevasca do yeti gerou um campo de estática congelante que perturbou seu feitiço. Você reapareceu a vários pés fora de curso, com a neve congelada até os joelhos. O rei da montanha aproveitou sua falha com um rugido pesado.","Der Schneesturm des Yetis erzeugte ein Feld gefrierender Statik, das deinen Zauber störte. Du erschienst einige Fuß abseits des Kurses, knietief im gefrorenen Schnee. Der Bergkönig nutzte dein Scheitern mit einem schweren Brüllen aus.","예티의 눈보라가 일으킨 마력의 혼란이 당신의 텔레포트 주문을 방해했습니다. 좌표가 어긋나 깊은 눈 속에 파묻힌 채 나타난 당신을 얼어붙을 듯한 냉기가 덮쳤습니다 산령의 왕은 당신의 실책을 놓치지 않고 포효를 내질렀습니다."
"MSG_C_TELEPORT_Z_LOSS","The zombie's sheer mass of rotting bodies made the area too crowded to teleport into. You appeared partially fused with a wall of decaying flesh. The unfeeling dead didn't care about your magic, they just bit.","ゾンビの腐敗した死体の壁が、転移可能な空間を埋め尽くしていた。実体化の際に肉の壁と重なってしまい、あなたは身動きが取れなくなる。意思のない死体は魔法に驚くこともなく、ただ食らいついた。","僵尸那庞大腐烂의 尸群使得该区域过于拥挤，无法传送到। 你重新出现时部分与一堵腐烂의 肉墙相融合。无感의 死者不在乎你의 魔法，它们只是撕咬。","Сама масса гниющих тел зомби сделала это место слишком переполненным для телепортации. Вы появились, частично слившись со стеной разлагающейся плоти. Бесчувственным мертвецам было наплевать на вашу магию, они просто кусались.","La pura masa de cuerpos podridos de los zombis hizo que el área estuviera demasiado llena para teletransportarse. Apareciste parcialmente fusionado con una pared de carne en descomposición. A los muertos sin sentimientos no les importaba tu magia, solo mordían.","A própria massa de corpos apodrecidos dos zumbis tornou a área cheia demais para se teletransportar. Você apareceu parcialmente fundido a uma parede de carne em decomposição. Os mortos sem sentimentos não se importavam com sua magia, eles apenas mordiam.","Die schiere Masse an verrottenden Zombiekörpern machte das Gebiet zu überfüllt, um sich hineinzuteleportieren. Du erschienst teilweise verschmolzen mit einer Wand aus verwesendem Fleisch. Die gefühllosen Toten kümmerten sich nicht um deine Magie, sie bissen einfach zu.","좀비의 부패한 시체 벽이 텔레포트 가능한 공간을 가득 메우고 있었습니다 실체화할 때 고기 벽과 겹쳐지는 바람에 당신은 움직일 수 없게 되었습니다. 의지 없는 시체들은 마법에 놀라지도 않고 그저 달려들어 물어뜯었습니다."
"MSG_C_TIMESTOP_A_WIN","The ant was frozen in time, its tiny legs caught in mid-scuttle as the world turned grey. You calmly walked past the static insect, which remained trapped in its own fraction of a second. Time was your absolute ally today.","世界の色彩が失われる中、アリは這いずり回る足の動きを mid-scuttle で完全に停止させられた。静止した虫の傍らを平然と歩み、コンマ一秒の狭間に閉じ込められた獲物を見下ろす。今日、時間はあなたの絶対的な味方となった。","随着世界变成灰色，蚂蚁의 时间被冻结了，它微小의 腿在快速移动中被定格。你平静地走过停滞의 昆虫，它依然被困在它自己의 那一秒钟里。今天时间是你의 绝对盟友。","Муравей застыл во времени, его крошечные ножки замерли на полушаге, когда мир стал серым. Вы спокойно прошли мимо неподвижного насекомого, которое осталось запертым в своей собственной доле секунды. Сегодня время было вашим абсолютным союзником.","La hormiga se congeló en el tiempo, sus diminutas patas atrapadas en medio del movimiento mientras el mundo se volvía gris. Caminaste tranquilamente junto al insecto estático, que permaneció atrapado en su propia fracción de segundo. El tiempo fue tu aliado absoluto hoy.","A formiga foi congelada no tempo, suas pernas minúsculas presas no meio do movimento enquanto o mundo ficava cinza. Você passou calmamente pelo inseto estático, que permaneceu preso em sua própria fração de segundo. O tempo foi seu aliado absoluto hoje.","Die Ameise war in der Zeit eingefroren, ihre winzigen Beine mitten im Krabbeln gefangen, als die Welt grau wurde. Du gingst gelassen an dem unbeweglichen Insekt vorbei, das in seinem eigenen Sekundenbruchteil gefangen blieb. Die Zeit war heute dein absoluter Verbündeter.","세계의 색이 바래가는 가운데 개미는 기어가는 다리 동작이 그대로 멈춰버렸습니다. 정지된 곤충 옆을 평연히 지나치며 찰나의 틈새에 갇힌 먹잇감을 내려다봅니다 오늘 시간은 당신의 절대적인 아군이 되었습니다."
"MSG_C_TIMESTOP_B_WIN","The bat froze in mid-air, its wings locked in a full downstroke as time came to a stuttering halt. You placed it gently onto the floor where its momentum wouldn't matter once time resumed. The flyer was grounded by the clock.","時間の流れが不自然に止まると、コウモリは空中で完全に固定され、羽ばたきの途中で静止した。時間が再び動き出した後も影響が出ぬよう、魔物をそっと床に置く。空を駆ける者は、時計の針によって地に伏したのだ。","蝙蝠在半空中冻结了，随着时间磕磕绊绊地停止，它의 翅膀被锁定在完整의 向下挥动状态。你把它轻轻放在地板上，等时间恢复后它의 惯性也就无关紧要了。飞行者被时钟困在地上。","Летучая мышь застыла в воздухе, ее крылья замерли в полном взмахе вниз, когда время резко остановилось. Вы осторожно положили ее на пол, где ее инерция не будет иметь значения, когда время возобновится. Летун был приземлен часами.","El murciélago se congeló en el aire, sus alas bloqueadas en pleno aleteo descendente mientras el tiempo se detenía bruscamente. Lo colocaste suavemente en el suelo, donde su impulso no importaría una vez que el tiempo se reanudara. El volador fue puesto en tierra por el reloj.","O morcego congelou no ar, suas asas travadas em um batimento descendente completo enquanto o tempo parava bruscamente. Você o colocou gentilmente no chão, onde seu ímpeto não importaria assim que o tempo recomeçasse. O voador foi aterrado pelo relógio.","Die Fledermaus fror mitten in der Luft ein, ihre Flügel in einem vollen Abwärtsschlag arretiert, als die Zeit stockend zum Stillstand kam. Du legtest sie vorsichtig auf den Boden, wo ihr Schwung keine Rolle mehr spielen würde, sobald die Zeit weiterlief. Der Flieger wurde von der Uhr am Boden festgesetzt.","시간의 흐름이 부자연스럽게 멈추자 박쥐는 공중에서 완전히 고정되어 날갯짓 도중에 정지했습니다. 시간이 다시 흐르기 시작해도 영향이 없도록 괴물을 부드럽게 바닥에 내려놓았습니다. 하늘을 날던 자는 시계바늘에 의해 땅에 내려앉았습니다."
"MSG_C_TIMESTOP_C_WIN","The cobra's strike was caught in a moment of eternal stillness, its fangs mere inches from the ground. You maneuvered around the statue of a snake, finishing the battle before the first tick of the clock. The future was rewritten.","コブラの突進は永遠の静寂の中に捕らえられ、その牙は地表からわずか数センチの場所で止まった。ヘビの彫像と化した敵の周囲を悠々と回り、時計が再び時を刻む前に勝負を決める。未来は、今書き換えられたのだ。","眼镜蛇의 攻击被捕捉在永恒静谧의 一刻，它의 毒牙离地面仅几英寸。你绕着蛇의 雕像闪转腾挪，在时钟发出第一声滴答之前就结束了战斗。未来被重写了。","Бросок кобры застыл в моменте вечной неподвижности, ее клыки находились всего в нескольких дюймах от земли. Вы маневрировали вокруг статуи змеи, завершив битву до первого тика часов. Будущее было переписано.","El ataque de la cobra quedó atrapado en un momento de quietud eterna, sus colmillos a pocos centímetros del suelo. Maniobraste alrededor de la estatua de la serpiente, terminando la batalla antes del primer tictac del reloj. El futuro fue reescrito.","O ataque da naja foi capturado em um momento de quietude eterna, suas presas a apenas alguns centímetros do chão. Você manobrou ao redor da estátua da cobra, terminando a batalha antes do primeiro tique-taque do relógio. O futuro foi reescrito.","Der Schlag der Kobra wurde in einem Moment ewiger Stille eingefangen, ihre Giftzähne nur Zentimeter vom Boden entfernt. Du manövriertest um die Statue einer Schlange herum und beendetest den Kampf vor dem ersten Ticken der Uhr. Die Zukunft wurde neu geschrieben.","코브라의 돌진은 영원한 정적 속에 갇혔고, 그 독니는 지면에서 불과 몇 센티미터 떨어진 곳에서 멈췄습니다. 뱀 조각상이 된 적의 주변을 여유롭게 돌며 시계가 다시 작동하기 전에 승부를 결정짓습니다. 미래는 지금 다시 쓰였습니다."
"MSG_C_TIMESTOP_D_WIN","Even the dragon's legendary speed couldn't outrun the freezing touch of stopped time. You walked its massive flanks in silence, placing your finishing blows with precise, careful deliberation. The king of the sky fell in zero seconds.","ドラゴンの伝説的な速さをもってしても、停止した時間がもたらす極寒の抱擁からは逃げられなかった。静寂の中で巨大な側面に歩み寄り、精密かつ冷静なとどめの一撃を叩き込む。空の王は、ゼロ秒の狭間で地に堕ちた。","即使是巨龙传奇般의 的速度也跑不过停止时间의 冻结触碰。你在沈默中走过它巨大의 侧翼，以精确、细心의 深思熟虑给予致命一击。天空之王在零秒内陨落。","Даже легендарная скорость дракона не могла обогнать леденящее прикосновение остановившегося времени. Вы в тишине обходили его массивные бока, нанося завершающие удары с точным и тщательным расчетом. Король неба пал за ноль секунд.","Incluso la velocidad legendaria del dragón no pudo superar el toque gélido del tiempo detenido. Recorriste sus flancos masivos en silencio, asestando tus golpes finales con una deliberación precisa y cuidadosa. El rey del cielo cayó en cero segundos.","Mesmo a velocidade lendária do dragão não conseguiu superar o toque congelante do tempo parado. Você caminhou por seus flancos maciços em silêncio, desferindo seus golpes finais com deliberação precisa e cuidadosa. O rei do céu caiu em zero segundos.","Sogar die legendäre Geschwindigkeit des Drachen konnte der gefrierenden Berührung der angehaltenen Zeit nicht entkommen. Du schrittest schweigend an seinen massiven Flanken entlang und setztest deine Finishing-Blows mit präziser, sorgfältiger Überlegung. Der König des Himmels fiel in null Sekunden.","용의 전설적인 속도조차 멈춘 시간이 가져온 극한의 포옹에서 벗어날 수 없었습니다. 정적 속에서 거대한 옆구리로 다가가 정밀하고 냉정한 최후의 일격을 가합니다. 하늘의 왕은 0초의 찰나에 땅으로 떨어졌습니다."
"MSG_C_TIMESTOP_E_WIN","The Ent's slow, ponderous movement was rendered even slower as you brought time to a dead end. It became a permanent monument in the forest, its groans frozen in transition. The guardian was defeated by the infinity of a moment.","不自然なまでに時間の流れを断ち切ると、エントの緩慢で重厚な動きは完全な静止へと変わった。森の中にそびえ立つ動かぬ碑となり、呻き声さえも空気の中に凍りつく。守護者は、瞬間という無限の前に敗れ去ったのである。","由于你将时间带入死胡同，树精缓慢沉重의 动作变得更慢了。它变成了森林里一座永久의 纪念碑，它의 呻吟在转变中冻结。守护者被瞬间의 无限所击败。","Медленное, тяжелое движение Энта стало еще медленнее, когда вы завели время в тупик. Он стал постоянным монументом в лесу, его стоны застыли в процессе. Страж был побежден бесконечностью мгновения.","El movimiento lento y pesado del Ent se volvió aún más lento cuando llevaste el tiempo a un punto muerto. Se convirtió en un monumento permanente en el bosque, sus gemidos congelados en la transición. El guardián fue derrotado por la infinitud de un momento.","O movimento lento e pesado do Ent tornou-se ainda mais lento quando você levou o tempo a um beco sem saída. Ele tornou-se um monumento permanente na floresta, seus gemidos congelados na transição. O guardião foi derrotado pela infinitude de um momento.","Die langsame, schwerfällige Bewegung des Ents wurde noch langsamer, als du die Zeit in eine Sackgasse führtest. Er wurde zu einem dauerhaften Monument im Wald, seine Stöhnen mitten im Übergang eingefroren. Der Wächter wurde durch die Unendlichkeit eines Augenblicks besiegt.","부자연스러울 정도로 시간의 흐름을 끊어버리자 엔트의 느릿하고 둔중한 움직임은 완벽한 정지로 변했습니다. 숲속에 우뚝 솟은 움직이지 않는 비석이 되었고, 신음소리조차 공기 중에 얼어붙었습니다. 수호자는 순간이라는 무한함 앞에 패배했습니다."
"MSG_C_TIMESTOP_F_LOSS","The fly moved through a different perception of time that parried your attempt to freeze it. It buzzed away into the corners of the room just as your field of stillness expanded. The smallest target was always one tick ahead of you.","ハエは、時間の静止さえも受け流すような異なる時間知覚の中に生きていた。あなたの静止結界が広がる寸前、魔物は部屋の隅へと悠々と逃げ去っていく。最小の標的は、常にあなたの一拍先を行っていたのである。","苍蝇以不同의 时间感知移动，避开了你冻结它의 尝试。正当你의 静止场扩大时，它嗡鸣着飞向房间의 角落。最小의 目标总是比你领先一拍。","Муха двигалась в ином восприятии времени, которое парировало вашу попытку заморозить ее. Она улетела в углы комнаты как раз в тот момент, когда ваше поле неподвижности расширилось. Самая маленькая цель всегда была на один шаг впереди вас.","La mosca se movió a través de una percepción diferente del tiempo que paró tu intento de congelarla. Se alejó zumbando hacia las esquinas de la habitación justo cuando tu campo de quietud se expandía. El objetivo más pequeño siempre estuvo un paso por delante de ti.","A mosca moveu-se através de uma percepção diferente de tempo que parou sua tentativa de congelá-la. Ela zumbiu para os cantos da sala bem no momento em que seu campo de quietude se expandia. O menor alvo estava sempre um passo à frente de você.","Die Fliege bewegte sich durch eine andere Zeitwahrnehmung, die deinen Versuch, sie einzufrieren, parierte. Sie summte in die Ecken des Raumes davon, genau in dem Moment, als sich dein Feld der Stillstand ausdehnte. Das kleinste Ziel war dir immer einen Tick voraus.","파리는 시간의 정지조차 받아넘기는 다른 시간 지각 속에 살고 있었습니다 당신의 정지 결계가 펼쳐지기 직전, 괴물은 방 구석으로 유유히 날아갔습니다. 가장 작은 표적은 항상 당신보다 한 박자 앞서 있었습니다."
"MSG_C_TIMESTOP_G_WIN","The goblin was caught in the act of sneaky aggression, leaving him a motionless thief in the grey world. You took back your items and ended the threat before he could even blink. The thief's time had finally run out.","卑怯な不意打ちの最中に捕らえられ、ゴブリンは灰色に染まった世界で動かぬ泥棒と化した。盗まれた品を奪い返し、瞬きをする暇もなく脅威を排除する。泥棒に与えられた時間は、ついに底をついたのだ。","哥布林在进行鬼鬼祟祟进攻时被抓住了，让他成了灰色世界里一个一动不动의 小偷。你在他甚至来不及眨眼之前就拿回了物品并结束了威胁。这个小偷의 时间终于用完了。","Гоблин был пойман на месте подлого нападения, оставшись неподвижным вором в сером мире. Вы вернули свои вещи и покончили с угрозой прежде, чем он успел даже моргнуть. Время вора наконец истекло.","El goblin fue atrapado en el acto de una agresión furtiva, dejándolo como un ladrón inmóvil en el mundo gris. Recuperaste tus pertenencias y terminaste con la amenaza antes de que pudiera siquiera parpadear. El tiempo del ladrón finalmente se había agotado.","O goblin foi pego no ato de uma agressão furtiva, tornando-se um ladrão imóvel no mundo cinza. Você recuperou seus itens e encerrou a ameaça antes mesmo que ele pudesse piscar. O tempo do ladrão finalmente acabou.","Der Goblin wurde bei seinem hinterhältigen Angriff ertappt und blieb als unbeweglicher Dieb in der grauen Welt zurück. Du hast dir deine Gegenstände zurückgeholt und die Bedrohung beendet, noch bevor er blinzeln konnte. Die Zeit des Diebes war endgültig abgelaufen.","비열한 기습 도중에 붙잡힌 고블린은 회색으로 물든 세계에서 움직이지 못하는 도둑이 되었습니다. 훔친 물건을 되찾고, 눈을 깜박일 틈도 없이 위협을 제거합니다. 도둑에게 주어진 시간은 마침내 바닥이 났습니다."
"MSG_C_TIMESTOP_H_WIN","The harpy found herself suspended in the air, her beautiful plumage a static display of color. You neutralized the sky queen with clinical precision while she was trapped in the amber of time. Her song ended in absolute silence.","空中で宙吊りになったハーピーは、その美しき羽を色彩豊かな静止画のように晒け出していた。時間の琥珀に捕らわれた彼女を、あなたは精密な動作で無力化する。彼女の歌は、絶対的な静寂の中で終わりを告げた。","哈皮发现自己悬浮在空中，她美丽의 羽毛成了静止의 色彩展示。当你把天空女王困在时间의 琥珀中时，你冷静精准地中和了她。她의 歌声在绝对의 寂静中结束。","Гарпия оказалась подвешенной в воздухе, ее прекрасное оперение стало неподвижной демонстрацией цвета. Вы обезвредили королеву неба с клинической точностью, пока она была заперта в янтаре времени. Ее песня закончилась в абсолютной тишине.","La arpía se encontró suspendida en el aire, su hermoso plumaje una exhibición estática de color. Neutralizaste a la reina del cielo con precisión clínica mientras estaba atrapada en el ámbar del tiempo. Su canción terminó en absoluto silencio.","A harpia viu-se suspensa no ar, sua bela plumagem uma exibição estática de cores. Você neutralizou a rainha do céu com precisão clínica enquanto ela estava presa no âmbar do tempo. Sua canção terminou em silêncio absoluto.","Die Harpie fand sich in der Luft schwebend wieder, ihr wunderschönes Gefieder eine statische Zurschaustellung von Farben. Du hast die Himmelskönigin mit klinischer Präzision neutralisiert, während sie im Bernstein der Zeit gefangen war. Ihr Gesang endete in absoluter Stille.","공중에 매달린 하피는 그 아름다운 깃털을 다채로운 정지 화면처럼 드러내고 있었습니다. 시간의 호박 속에 갇힌 그녀를 당신은 정밀한 동작으로 무력화합니다. 그녀의 노래는 절대적인 정적 속에서 끝을 맺었습니다."
"MSG_C_TIMESTOP_I_WIN","The imp's magical trickery was useless as time itself was no longer a platform for its illusions. You simply stepped behind the frozen devil and struck before reality could catch up. The trickster was fooled by the ticking clock.","時間の流れという足場を失い、インプの魔法の欺瞞は何の役にも立たなくなった。静止した悪魔の背後へと悠々と回り、現実が追いつく前に一撃を放つ。悪戯っ子は、自慢の時計に裏切られたのである。","随着时间本身不再是它幻象의 平台，小恶魔의 魔法诡计毫无用处。你只是走到冻结의 恶魔身后，在现实追上之前发起攻击。骗子被滴答作响의 时钟愚弄了。","Магические уловки беса были бесполезны, так как само время больше не было платформой для его иллюзий. Вы просто зашли за спину застывшего дьявола и нанесли удар прежде, чем реальность успела настигнуть его. Трикстер был обманут тиканьем часов.","La astucia mágica del imp fue inútil ya que el tiempo mismo ya no era una plataforma para sus ilusiones. Simplemente te pusiste detrás del diablo congelado y lo golpeaste antes de que la realidad pudiera alcanzarlo. El bromista fue engañado por el tictac del reloj.","As artimanhas mágicas do imp foram inúteis, pois o tempo em si não era mais uma plataforma para suas ilusões. Você simplesmente deu um passo para trás do demônio congelado e atacou antes que a realidade pudesse alcançá-lo. O trapaceiro foi enganado pelo tique-taque do relógio.","Die magischen Trickereien des Imps waren nutzlos, da die Zeit selbst keine Plattform mehr für seine Illusionen bot. Du bist einfach hinter den eingefrorenen Teufel getreten und hast zugeschlagen, bevor die Realität aufholen konnte. Der Trickser wurde von der tickenden Uhr überrumpelt.","시간의 흐름이라는 발판을 잃자 임프의 마법적인 기만은 아무런 소용이 없게 되었습니다 정지된 악마의 뒤로 여유롭게 돌아가 현실이 따라잡기 전에 일격을 가합니다. 장난꾸러기는 자신의 시계에 배신당했습니다."
"MSG_C_TIMESTOP_J_WIN","The jelly's slow expansion was halted by your command, turning it into a shimmering statue of slime. You shattered its core with a single, careful blow while it could not possibly respond. The ooze was defeated by a pause.","あなたの命に従い、ジェリーの緩慢な増殖は止まり、魔物は煌めくスライムの彫像へと姿を変えた。反撃の余地もなきまま、その核を一撃で粉砕する。泥濘は、物語の「一時停止」によって最期を迎えたのだ。","果冻怪缓慢의 扩张在你의 命令下停止了，将它变成了一座闪闪发光의 史莱姆雕像。当它根本无法做出反应时，你小心翼翼地击碎了它의 核心。软泥被暂停所击败。","Медленное расширение желе было остановлено вашим приказом, превратив его в мерцающую статую из слизи. Вы разбили его ядро одним осторожным ударом, пока оно не могло ответить. Слизь была побеждена паузой.","La lenta expansión de la gelatina fue detenida por tu orden, convirtiéndola en una estatua de limo resplandeciente. Destrozaste su núcleo con un solo golpe cuidadoso mientras no podía responder. El lodo fue derrotado por una pausa.","A expansão lenta da geleia foi interrompida por seu comando, transformando-a em uma estátua cintilante de lodo. Você despedaçou o núcleo dela com um único golpe cuidadoso enquanto ela não podia responder. O lodo foi derrotado por uma pausa.","Die langsame Ausdehnung des Gelees wurde durch deinen Befehl gestoppt und verwandelte es in eine schimmernde Schleimstatue. Du hast seinen Kern mit einem einzigen, vorsichtigen Schlag zertrümmert, während es unmöglich reagieren konnte. Der Schlamm wurde durch eine Pause besiegt.","당신의 명령에 따라 젤리의 느릿한 증식은 멈췄고, 괴물은 반짝이는 슬라임 조각상으로 변했습니다. 반격할 틈도 없이 그 핵을 일격에 분쇄합니다. 진흙은 이야기의 '일시 정지'에 의해 최후를 맞이했습니다."
"MSG_C_TIMESTOP_K_WIN","The kobold warrior's desperate leap was caught in the air, leaving it a helpless target in the grey light. You ended the battle with a single flourish of steel while time remained your personal playground. The tribal hero fell in zero seconds.","必死の跳躍は空中で捕らえられ、コボルドの戦士は灰色の光の中で無力な標的と化した。時間があなただけの遊び場であるうちに、鋼を振るい戦いに終止符を打つ。部族の英雄は、ゼロ秒の刹那に沈んだ。","狗头人战士绝望의 飞跃在空中被定格，让它在灰色의 光线下成了无助의 目标। 当时间依然是你个人의 游乐场时，你用一次钢铁의 挥舞结束了战斗。这名部族英雄在零秒内倒下。","Отчаянный прыжок воина-кобольда застыл в воздухе, превратив его в беспомощную мишень в сером свете. Вы закончили битву одним взмахом стали, пока время оставалось вашей личной игровой площадкой. Племенной герой пал за ноль секунд.","El salto desesperado del guerrero kobold quedó atrapado en el aire, dejándolo como un objetivo indefenso en la luz gris. Terminaste la batalla con un solo floreo de acero mientras el tiempo seguía siendo tu patio de recreo personal. El héroe tribal cayó en cero segundos.","O salto desesperado do guerreiro kobold foi capturado no ar, tornando-o um alvo indefeso na luz cinza. Você encerrou a batalha com um único floreio de aço enquanto o tempo permanecia seu parque de diversões pessoal. O herói tribal caiu em zero segundos.","Der verzweifelte Sprung des Koboldkriegers wurde in der Luft eingefangen und ließ ihn im grauen Licht als hilfloses Ziel zurück. Du beendetest den Kampf mit einem einzigen Stahlschwung, während die Zeit dein persönlicher Spielplatz blieb. Der Stammesheld fiel in null Sekunden.","필사적인 도약은 공중에서 붙잡혔고, 코볼트 전사는 회색 빛 속에서 무력한 표적이 되었습니다. 시간이 당신만의 놀이터인 동안 강철을 휘둘러 전투에 종지부를 찍습니다. 부족의 영웅은 0초의 찰나에 쓰러졌습니다."
"MSG_C_TIMESTOP_L_WIN","The lizard's desert speed was rendered meaningless as time stopped its scuttling permanently. You walked around its frozen form, finding the weak points in its tough hide with ease. The cold predator was mastered by the clock.","時間の静止がその這いずりを永遠に止め、リザードの砂漠仕込みの速度は無意味なものとなった。固定された魔物の周囲を歩き回り、頑強な皮に潜む弱点を見事に突く。冷血な捕食者は、時計の針によって支配された。","由于时间永久停止了它의 爬行，蜥蜴在沙漠中의 速度变得毫无意义。你绕着它冻结의 形体走动，轻而易举地在它坚韧의 皮上找到了弱点。这位冷酷의 掠食者被时钟制服了。","Пустынная скорость ящерицы стала бессмысленной, так как время навсегда остановило ее бег. Вы обходили ее застывшую форму, с легкостью находя слабые места в ее жесткой шкуре. Хладнокровный хищник был покорен часами.","La velocidad del desierto del lagarto quedó sin sentido ya que el tiempo detuvo sus movimientos permanentemente. Caminaste alrededor de su forma congelada, encontrando los puntos débiles en su piel dura con facilidad. El depredador frío fue dominado por el reloj.","A velocidade do deserto do lagarto tornou-se sem sentido, pois o tempo parou seus movimentos permanentemente. Você caminhou ao redor de sua forma congelada, encontrando os pontos fracos em seu couro resistente com facilidade. O predador frio foi dominado pelo relógio.","Die Wüstengeschwindigkeit der Eidechse wurde bedeutungslos, da die Zeit ihr Krabbeln dauerhaft stoppte. Du schrittest um ihre eingefrorene Gestalt herum und fandest mit Leichtigkeit die Schwachstellen in ihrer zähen Haut. Das kalte Raubtier wurde von der Uhr gemeistert.","시간의 정지가 기어가는 동작을 영원히 멈추게 했고, 리자드의 사막 특유의 속도는 무의미해졌습니다. 고정된 괴물 주변을 걸어 다니며 견고한 가죽에 숨겨진 약점을 훌륭하게 찔렀습니다. 냉혈한 포식자는 시계바늘에 의해 지배당했습니다."
"MSG_C_TIMESTOP_M_WIN","The mummy's ancient curse was frozen alongside its body, leaving it powerless against your precision. You unraveled its form while it was suspended in the air, ending its long vigil in an instant. The past was forgotten in stopped time.","マミーの身体と共に、古の呪いまでもが時間の凍結に呑み込まれた。魔物はあなたの精密な一撃に対し、完全に無防備となる。空中に吊るされたまま、その存在を解き放ち、長きにわたる監視に終止符を打つ。時間は、過去を忘却へと誘った。","木乃伊古老의 诅咒与其身体一同被冻结，使其在你精准의 攻击面前无能为力。当它悬浮在空中时，你拆解了它의 形态，瞬间结束了它长久의 守望。过去在停止의 时间中被遗忘了。","Древнее проклятие мумии застыло вместе с ее телом, оставив ее бессильной перед вашей точностью. Вы распутали ее форму, пока она висела в воздухе, мгновенно завершив ее долгое бдение. Прошлое было забыто в остановленном времени.","La antigua maldición de la momia se congeló junto con su cuerpo, dejándola impotente ante tu precisión. Deshiciste su forma mientras estaba suspendida en el aire, terminando su larga vigilia en un instante. El pasado fue olvidado en el tiempo detenido.","A antiga maldição da múmia foi congelada junto com seu corpo, deixando-a impotente contra sua precisão. Você desfez a forma dela enquanto estava suspensa no ar, encerrando sua longa vigília em um instante. O passado foi esquecido no tempo parado.","Der uralte Fluch der Mumie wurde zusammen mit ihrem Körper eingefroren, was sie gegenüber deiner Präzision machtlos machte. Du hast ihre Gestalt aufgelöst, während sie in der Luft schwebte, und ihre lange Wache in einem Augenblick beendet. Die Vergangenheit wurde in der angehaltenen Zeit vergessen.","미라의 신체와 함께 고대의 저주마저 시간의 동결에 삼켜졌습니다. 괴물은 당신의 정밀한 일격에 완전히 무방비 상태가 됩니다. 공중에 매달린 채 그 존재를 해체하여 오랜 감시에 종지부를 찍습니다. 시간은 과거를 망각으로 이끌었습니다."
"MSG_C_TIMESTOP_N_WIN","The naga's undulating dance was stilled as the time-flow was severed by your absolute power. She looked like a masterpiece of emerald stone, frozen in a moment of elegant survival. You finished the fight before the next second dawned.","あなたの絶対的な力で時の流れが断ち切られると、ナーガのうねるような舞いはぴたりと止まった。優雅に生き延びようとするその姿は、まるでエメラルドの彫刻のようだ。次の秒が訪れる前に、あなたは勝負を決したのである。","纳迦起伏의 舞蹈随着时间流动의 断开而被你绝对의 力量静止。她看起来像一件绿宝石石雕杰作，被冻结在优雅生存의 一刻。你在下一秒开启之前结束了战斗。","Волнистый танец наги замер, когда поток времени был прерван вашей абсолютной властью. Она выглядела как шедевр из изумрудного камня, застывший в моменте элегантного выживания. Вы закончили бой до того, как наступила следующая секунда.","La danza ondulante de la naga se detuvo cuando el flujo del tiempo fue cortado por tu poder absoluto. Parecía una obra maestra de piedra esmeralda, congelada en un momento de supervivencia elegante. Terminaste la pelea antes de que amaneciera el siguiente segundo.","A dança ondulante da naga foi paralisada quando o fluxo do tempo foi cortado por seu poder absoluto. Ela parecia uma obra-prima de pedra esmeralda, congelada em um momento de sobrevivência elegante. Você terminou a luta antes que o próximo segundo surgisse.","Der wellenförmige Tanz der Naga wurde gestillt, als der Zeitfluss durch deine absolute Macht unterbrochen wurde. Sie sah aus wie ein Meisterwerk aus smaragdgrünem Stein, eingefroren in einem Moment eleganten Überlebens. Du hast den Kampf beendet, bevor die nächste Sekunde anbrach.","당신의 절대적인 힘으로 시간의 흐름이 끊기자 나가의 꿈틀거리는 춤은 딱 멈췄습니다. 우아하게 살아남으려는 그 모습은 마치 에메랄드 조각품 같습니다. 다음 초가 찾아오기 전에 당신은 승부를 냈습니다."
"MSG_C_TIMESTOP_O_LOSS","The orc's primal rage was so intense it actually warped the field of stopped time around its massive frame. It continued to move with a sluggish, terrifying force, its eyes never leaving yours. The brute's will was stronger than your magic.","オークの原始的な怒りはあまりに凄まじく、巨大な肉体の周囲にある停止した時間さえも歪めてしまった。恐るべき緩慢な力で動き続け、その瞳は執拗にあなたを射抜く。蛮勇の意志は、あなたの魔法よりも強固であった。","兽人原始의 愤怒如此剧烈，实际上扭曲了其巨大身躯周围停止의 时间场。它继续以一种迟缓、可怕의 力量移动，眼睛从未离开过你。蛮兽의 意志比你의 魔法更强大。","Первобытная ярость орка была настолько сильна, что она фактически исказила поле остановленного времени вокруг его массивного тела. Он продолжал двигаться с вялой, ужасающей силой, его глаза не отрывались от ваших. Воля брута была сильнее вашей магии.","La rabia primaria del orco fue tan intensa que de hecho deformó el campo de tiempo detenido alrededor de su enorme cuerpo. Continuó moviéndose con una fuerza lenta y aterradora, sus ojos nunca abandonaron los tuyos. La voluntad del bruto era más fuerte que tu magia.","A raiva primitiva do orc foi tão intensa que na verdade deformou o campo de tempo parado ao redor de seu corpo maciço. Ele continuou a se mover com uma força lenta e terrível, seus olhos nunca deixando os seus. A vontade do bruto era mais forte que sua magia.","Die urtümliche Wut des Orks war so intensiv, dass sie tatsächlich das Feld der angehaltenen Zeit um seinen massiven Körper herum verzerrte. Er bewegte sich weiterhin mit einer schleppenden, erschreckenden Kraft, seine Augen ließen die deinen nie los. Der Wille des Grobians war stärker als deine Magie.","오크의 원시적인 분노는 너무나 엄청나서 거대한 육체 주변의 멈춘 시간마저 왜곡해버렸습니다. 두려울 정도로 느릿한 힘으로 계속 움직이며, 그 눈동자는 집요하게 당신을 꿰뚫습니다. 야만적인 의지는 당신의 마법보다 강했습니다."
"MSG_C_TIMESTOP_P_LOSS","The pixie was a creature of pure spirit and chaotic magic, existing outside the normal flow of time. She fluttered through your frozen field with a giggle, completely unaffected by the grey world. The forest spirit was free from your clock.","ピクシーは純粋な霊体と混沌の魔法の化身であり、通常の時間の流れの外側に存在していた。灰色の世界をせせら嗤うように舞い、凍てついた結界を軽々とすり抜ける。森の精霊は、あなたの時計の支配下にはなかったのだ。","小仙女是纯粹精神和混乱魔法의 产物，存在于正常의 时间流逝之外。她咯咯笑着在你의 冷冻场中飞舞，完全不受灰色世界의 影响。森林之灵不受你时钟의 限制。","Пикси была существом чистого духа и хаотичной магии, существующим вне обычного течения времени. Она летала через ваше застывшее поле с хихиканьем, совершенно не затронутая серым миром. Лесной дух был свободен от ваших часов.","La pixie era una criatura de puro espíritu y magia caótica, existiendo fuera del flujo normal del tiempo. Revoloteó a través de tu campo congelado con una risita, completamente inafectada por el mundo gris. El espíritu del bosque estaba libre de tu reloj.","A pixie era uma criatura de puro espírito e magia caótica, existindo fora do fluxo normal do tempo. Ela esvoaçou por seu campo congelado com uma risadinha, completamente inafetada pelo mundo cinza. O espírito da floresta estava livre do seu relógio.","Die Pixie war ein Wesen aus reinem Geist und chaotischer Magie, das außerhalb des normalen Zeitflusses existierte. Sie flatterte mit einem Kichern durch dein eingefrorenes Feld, völlig unbeeindruckt von der grauen Welt. Der Waldgeist war frei von deiner Uhr.","픽시는 순수한 영체와 혼돈 마법의 화신으로, 일반적인 시간의 흐름 바깥에 존재하고 있었습니다 회색 세계를 비웃듯 춤추며 얼어붙은 결계를 가볍게 빠져나갑니다. 숲의 정령은 당신의 시계 지배 아래 있지 않았던 것입니다."
"MSG_C_TIMESTOP_Q_WIN","The coeurl's high-speed pounce was caught in mid-air, its lightning sparks frozen like golden needles. You calmly dismantled the threat while the predator was an unmoving statue of static electricity. The high-speed nightmare was finally paused.","跳躍したクアールの姿は空中で捕らえられ、放電の火花は黄金の針のように凍りついた。魔物が静電気の彫像と化している間に、あなたは冷静に脅威を排除する。高速の悪夢は、ついに「一時停止」されたのである。","夸尔의 高速扑击在半空中被定格，它의 闪电火花像金针一样冻结。当捕食者是一个一动不动地静电雕象时，你冷静地解除了威胁。高速噩梦终于被暂停了。","Высокоскоростной прыжок куэрла был пойман в воздухе, его искры молнии застыли как золотые иглы. Вы спокойно устранили угрозу, пока хищник был неподвижной статуей статического электричества. Высокоскоростной кошмар был наконец поставлен на паузу.","El salto de alta velocidad del coeurl fue atrapado en el aire, sus chispas de rayos congeladas como agujas doradas. Desmantelaste calmadamente la amenaza mientras el depredador era una estatua inmóvil de electricidad estática. La pesadilla de alta velocidad finalmente fue pausada.","O bote de alta velocidade do coeurl foi capturado no ar, suas faíscas de relâmpago congeladas como agulhas douradas. Você desmantelou calmamente a ameaça enquanto o predador era uma estátua imóvel de eletricidade estática. O pesadelo de alta velocidade foi finalmente pausado.","Der Hochgeschwindigkeitssprung des Coeurls wurde mitten in der Luft eingefangen, seine Blitzfunken wie goldene Nadeln eingefroren. Du hast die Bedrohung gelassen demontiert, während das Raubtier eine unbewegliche Statue aus statischer Elektrizität war. Der Hochgeschwindigkeitsalbtraum wurde endlich angehalten.","도약한 코얼의 모습은 공중에서 붙잡혔고, 방전된 불꽃은 황금 바늘처럼 얼어붙었습니다. 괴물이 정전기 조각상이 된 사이 당신은 침착하게 위협을 제거합니다. 고속의 악몽은 마침내 '일시 정지'되었습니다."
"MSG_C_TIMESTOP_R_LOSS","The rat swarm was too vast and disconnected for time-stopping magic to hold every individual. Thousands of rats continued to surge forward through the edges of your stillness, driven by collective hunger. Numbers beat the chronal lock.","ラットの群れはあまりに膨大的かつ分断されており、時の静止魔法で個体全てを繋ぎ止めることは叶わなかった。結界の端から数千の群れが溢れ出し、集団的な飢えに従ってあなたへと迫る。数という暴力が、時間の枷を打ち砕いた。","鼠群过于庞大且零散，静止时间의 魔法无法稳住每一个个体。成千上万的老鼠在集体饥饿의 驱动下，继续穿过你静止场의 边缘向前涌动。数量击败了时间锁定。","Стая крыс была слишком огромной и разобщенной, чтобы магия остановки времени могла удержать каждого отдельного особя. Тысячи крыс продолжали устремляться вперед через края вашей неподвижности, движимые коллективным голодом. Число победило хрональный замок.","El enjambre de ratas era demasiado vasto y desconectado para que la magia de detención del tiempo sujetara a cada individuo. Miles de ratas continuaron surgiendo a través de los bordes de tu quietud, impulsadas por el hambre colectiva. Los números vencieron el bloqueo cronal.","O enxame de ratos era vasto e desconectado demais para que a magia de parada do tempo segurasse cada indivíduo. Milhares de ratos continuaram avançando pelas bordas de sua quietude, movidos pela fome coletiva. Os números venceram o bloqueio cronal.","Der Rattenschwarm war zu gewaltig und unzusammenhängend, als dass die Zeitstopp-Magie jedes einzelne Individuum hätte festhalten können. Tausende von Ratten stürmten weiterhin durch die Ränder deines Stillstands vorwärts, getrieben von kollektivem Hunger. Zahlen besiegten die chronale Sperre.","쥐 떼는 너무나 방대하고 분산되어 있어 시간 정지 마법으로 개체 모두를 붙잡아둘 수 없었습니다. 결계의 끝자락에서 수천 마리의 무리가 쏟아져 나와 집단적인 굶주림에 따라 당신에게 다가옵니다. 수라는 폭력이 시간의 멍에를 부수었습니다."
"MSG_C_TIMESTOP_S_WIN","The slime's simple consciousness was easily anchored, turning the fluid monster into a block of static ooze. You destroyed its structure while it was unable to flow or reform under the grey light. The formless threat was stopped forever.","スライムの単純な意識は容易く固定され、流動的な怪物は動かぬ泥濘の塊へと姿を変えた。灰色の光の下、魔物が流れることも再構成することも叶わぬうちに、その構造を破壊する。形なき脅威は、永遠にその歩みを止めた。","史莱姆简单의 意识很容易被锚定，将这个流体怪物变成一块静止의 黏液。在它无法在灰光下流动或重组时，你摧毁了它의 结构。无定形의 威胁被永久停止了。","Простое сознание слизи было легко закрепить, превратив текучего монстра в блок неподвижной жижи. Вы разрушили его структуру, пока оно не могло течь или восстанавливаться под серым светом. Бесформенная угроза была остановлена навсегда.","La simple conciencia del limo se ancló fácilmente, convirtiendo al monstruo fluido en un bloque de lodo estático. Destruiste su estructura mientras era incapaz de fluir o reformarse bajo la luz gris. La amenaza sin forma fue detenida para siempre.","A consciência simples do lodo foi facilmente ancorada, transformando o monstro fluido em um bloco de gosma estática. Você destruiu sua estrutura enquanto ele era incapaz de fluir ou se reformar sob a luz cinza. A ameaça sem forma foi parada para sempre.","Das einfache Bewusstsein des Schleims ließ sich leicht verankern und verwandelte das flüssige Monster in einen Block aus statischem Schlamm. Du hast seine Struktur zerstört, während er unter dem grauen Licht weder fließen noch sich neu formieren konnte. Die gestaltlose Bedrohung wurde für immer gestoppt.","슬라임의 단순한 의식은 쉽게 고정되었고, 유동적인 괴물은 움직이지 않는 진흙 덩어리로 변했습니다 회색 빛 아래 괴물이 흐르지도 재구성되지도 못하는 사이에 그 구조를 파괴합니다. 형태 없는 위협은 영원히 발걸음을 멈췄습니다."
"MSG_C_TIMESTOP_T_WIN","The troll's massive regeneration was frozen in time, preventing its wounds from closing as you struck. It stood there like a mountain of immobilized meat, powerless against your careful execution. The giant king met a zero-second end.","トロールの伝説的な再生能力さえも時間の凍結に呑み込まれ、あなたが与えた傷は塞がることを許されなかった。動かぬ肉の山と化した魔物は、あなたの精密な処刑の前にただ無力に晒される。巨人の王は、ゼロ秒の最期を迎えた。","巨魔庞大의 再生能力在时间中冻结，当你发起攻击时阻止了它伤口의 愈合。它站在那里像一座无法动弹의 肉山，在你细致의 处决面前无能为力。巨人之王迎来了零秒의 结局。","Массивная регенерация тролля застыла во времени, не давая его ранам затягиваться, пока вы наносили удары. Он стоял там как гора неподвижного мяса, бессильный перед вашей тщательной казнью. Король гигантов встретил свой конец за ноль секунд.","La regeneración masiva del trol se congeló en el tiempo, evitando que sus heridas se cerraran mientras golpeabas. Se quedó allí como una montaña de carne inmovilizada, impotente ante tu cuidadosa ejecución. El rey gigante tuvo un final de cero segundos.","A regeneração maciça do troll foi congelada no tempo, impedindo que suas feridas se fechassem enquanto você golpeava. Ele ficou ali como uma montanha de carne imobilizada, impotente contra sua execução cuidadosa. O rei gigante teve um fim de zero segundos.","Die gewaltige Regeneration des Trolls wurde in der Zeit eingefroren, was verhinderte, dass sich seine Wunden schlossen, während du zuschlugst. Er stand da wie ein Berg aus immobilisiertem Fleisch, machtlos gegen deine sorgfältige Hinrichtung. Der Riesenkönig fand ein Ende in null Sekunden.","트롤의 전설적인 재생 능력마저 시간의 동결에 삼켜졌고, 당신이 입힌 상처는 아물지 못했습니다. 움직이지 않는 고기 산이 된 괴물은 당신의 정밀한 처형 앞에 그저 무력하게 노출됩니다. 거인의 왕은 0초의 최후를 맞이했습니다."
"MSG_C_TIMESTOP_U_WIN","The undead were caught in a loop of their own past, their existence frozen by your chronal magic. You simply erased their memories while they were trapped in the grey, silent world of the clock. The wandering souls found a permanent rest.","アンデッドたちは自らの過去のループに捕らわれ、その存在は時間の魔法によって凍結された。灰色の静寂に包まれた時計の世界で、あなたは魔物たちの記憶を消し去っていく。彷徨い続けた魂は、ようやく永遠の休息を得た。","亡灵被困在它们自己过去의 循环中，它们의 存在被你의 时间魔法所冻结。当它们被困在时钟那灰色、寂静의 世界里时，你只是抹去了它们의 记忆。徘徊의 灵魂找到了永久의 安息。","Нежить оказалась в ловушке петли собственного прошлого, их существование застыло благодаря вашей хрональной магии. Вы просто стерли их воспоминания, пока они были заперты в сером, безмолвном мире часов. Блуждающие души обрели вечный покой.","Los no muertos quedaron atrapados en un bucle de su propio pasado, su existencia congelada por tu magia cronal. Simplemente borraste sus recuerdos mientras estaban atrapados en el mundo gris y silencioso del reloj. Las almas errantes encontraron un descanso permanente.","Os mortos-vivos foram pegos em um loop de seu próprio passado, sua existência congelada por sua magia cronal. Você simplesmente apagou as memórias deles enquanto estavam presos no mundo cinza e silencioso do relógio. As almas errantes encontraram um descanso permanente.","Die Untoten waren in einer Schleife ihrer eigenen Vergangenheit gefangen, ihre Existenz durch deine Chronomagie eingefroren. Du hast einfach ihre Erinnerungen gelöscht, während sie in der grauen, stillen Welt der Uhr gefangen waren. Die wandernden Seelen fanden eine dauerhafte Ruhe.","언데드들은 자신의 과거 루프에 갇혔고, 그 존재는 시간의 마법에 의해 동결되었습니다. 회색의 정적이 감도는 시계의 세계에서 당신은 괴물들의 기억을 지워나갑니다. 방황하던 영혼들은 마침내 영원한 안식을 얻었습니다."
"MSG_C_TIMESTOP_V_LOSS","The vampire manipulated the timestream around himself, moving freely while the rest of the world was grey. He walked up to you, laughing at your attempt to control the master of eternity. The prince of the night ignored your clock.","ヴァンパイアは自らの周囲の時流を操り、世界が灰色に染まる中でも平然と動き続けた。永遠の主を操ろうとするあなたの企てを嗤い、彼はゆっくりと歩み寄る。夜の貴公子の前では、あなたの時計など無意味な玩具だった。","吸血鬼操纵了自己周围의 时间流，当世界其他地方都变成灰色时，他依然可以自由移动。他走向你，嘲笑你试图控制永恒之主의 企图。黑夜王子无视了你의 时钟。","Вампир манипулировал потоком времени вокруг себя, свободно двигаясь, пока остальной мир был серым. Он подошел к вам, смеясь над вашей попыткой контролировать хозяина вечности. Принц ночи проигнорировал ваши часы.","El vampiro manipuló el flujo del tiempo a su alrededor, moviéndose libremente mientras el resto del mundo estaba gris. Se acercó a ti, riéndose de tu intento de controlar al maestro de la eternidad. El príncipe de la noche ignoró tu reloj.","O vampiro manipulou o fluxo do tempo ao seu redor, movendo-se livremente enquanto o resto do mundo estava cinza. Ele caminhou até você, rindo de sua tentativa de controlar o mestre da eternidade. O príncipe da noite ignorou seu relógio.","Der Vampir manipulierte den Zeitstrom um sich herum und bewegte sich frei, während der Rest der Welt grau war. Er kam auf dich zu und lachte über deinen Versuch, den Herrn der Ewigkeit zu kontrollieren. Der Prinz der Nacht ignorierte deine Uhr.","뱀파이어는 자신의 주변 시류를 조종하여 세계가 회색으로 물든 중에도 평연히 계속 움직였습니다. 영원의 주인을 조종하려는 당신의 시도를 비웃으며 그는 천천히 다가옵니다 밤의 귀공자 앞에서 당신의 시계 따위는 무의미한 장난감이었습니다."
"MSG_C_TIMESTOP_W_WIN","The wolf pack was frozen in mid-stalk, their coordination shattered by the absolute stillness of time. You moved through the pack like a ghost, neutralizing each threat before they could even sense a change. The hunters were outmaneuvered.","追跡の最中に捕らえられたウルフの群れは、時間の絶対的な静止によってその完璧な連携を粉砕された。幽霊のように群れの間を抜け、異変を感じる暇も与えず各個に無力化していく。狩人たちは、その智略によって出し抜かれたのである。","狼群在潜伏의 中途被冻结，它们의 配合由于时间의 绝对静止而瓦解。你像幽灵一样穿过狼群，在它们感觉到变化之前就中和了每一个威胁。猎人们由于计谋不当而利。","Волчья стая застыла во время охоты, их координация была разрушена абсолютной неподвижностью времени. Вы двигались сквозь стаю как призрак, нейтрализуя каждую угрозу прежде, чем они могли почувствовать перемены. Охотники были перехитрены.","La manada de lobos se congeló en medio del acecho, su coordinación destrozada por la quietud absoluta del tiempo. Te moviste a través de la manada como un fantasma, neutralizando cada amenaza antes de que pudieran siquiera sentir un cambio. Los cazadores fueron superados.","A alcateia de lobos foi congelada no meio da espreita, sua coordenação despedaçada pela quietude absoluta do tempo. Você moveu-se pelo bando como um fantasma, neutralizando cada ameaça antes mesmo que pudessem sentir uma mudança. Os caçadores foram superados.","Das Wolfsrudel wurde mitten beim Pirschen eingefroren, seine Koordination durch die absolute Stille der Zeit erschüttert. Du bewegtest dich wie ein Geist durch das Rudel und neutralisiertest jede Bedrohung, bevor sie auch nur eine Veränderung spüren konnten. Die Jäger wurden ausgespielt.","추격 도중에 붙잡힌 늑대 무리는 시간의 절대적인 정지에 의해 완벽한 협동이 박살 났습니다. 유령처럼 무리 사이를 빠져나가며 이상을 느낄 틈도 주지 않고 각개 무력화합니다 사냥꾼들은 지략에 의해 허를 찔렸습니다."
"MSG_C_TIMESTOP_X_WIN","Xalthis's many eyes were wide and static as time brought its ancient scuttling to an end. You navigated the terrifying legs and eyes with careful movements, finishing the job in the zero-second void. The ancient horror was permanently paused.","時間の静止が古の這いずりに終止符を打つと、ザルティスの無数の瞳は虚ろに開かれたまま固定された。恐ろしい脚と瞳の隙間を慎重に縫い、ゼロ秒の虚無の中で仕事を完遂する。古の恐怖は、永遠に「一時停止」されたのである。","扎尔提斯众多의 眼睛睁得大大의 且静止不动，因为时间终结了它古老의 爬行。你以小心의 动作穿行在可怕의 腿和眼睛之间，在零秒의 虚空中完成了任务。古老의 恐怖被永久暂停了。","Многочисленные глаза Ксалтиса широко раскрылись и застыли, когда время положило конец его древнему бегу. Вы пробирались между ужасающими ногами и глазами осторожными движениями, завершив работу в пустоте нулевой секунды. Древний ужас был поставлен на вечную паузу.","Los muchos ojos de Xalthis estaban muy abiertos y estáticos mientras el tiempo ponía fin a sus antiguos movimientos. Navegaste por las terroríficas patas y ojos con movimientos cuidadosos, terminando el trabajo en el vacío de cero segundos. El horror antiguo fue pausado permanentemente.","Os muitos olhos de Xalthis estavam arregalados e estáticos enquanto o tempo encerrava seu rastejar milenar. Você navegou pelas pernas e olhos terríveis com movimentos cuidadosos, terminando o trabalho no vácuo de zero segundos. O horror antigo foi pausado permanentemente.","Die vielen Augen von Xalthis waren weit aufgerissen und statisch, als die Zeit seinem uralten Krabbeln ein Ende setzte. Du navigiertest mit vorsichtigen Bewegungen durch die schrecklichen Beine und Augen und beendetest die Arbeit in der Null-Sekunden-Leere. Der uralte Horror wurde dauerhaft angehalten.","시간의 정지가 고대의 기어감을 멈추게 하자 잘티스의 무수한 눈동자는 허공을 향해 열린 채 고정되었습니다. 무시무시한 다리와 눈동자 사이를 신중하게 헤치며 0초의 허무 속에서 일을 완수합니다. 고대의 공포는 영원히 '일시 정지'되었습니다."
"MSG_C_TIMESTOP_Y_LOSS","The yeti's blizzard was so intense it actually blurred the boundaries of time, allowing him to stay mobile. He emerged from the swirling white-out unaffected by your field of stillness, roaring his mountain pride. The giant resisted the clock.","イエティの吹雪はあまりに激しく、時間の境界さえも曖昧にすることで彼の機動力を保ち続けていた。静止した結界を物ともせず白銀の嵐から姿を現し、嶺の誇りを咆哮に変える。巨人は、時計の支配を撥ね退けたのである。","雪人의 暴风雪非常猛烈，实际上模糊了时间의 边界，让他保持行动能力。他从旋转의 白茫中出现，不受你静止场의 影响，发出他山峰傲气의 咆哮。巨人抵抗了时钟。","Метель йети была настолько сильной, что она фактически размыла границы времени, позволяя ему оставаться мобильным. Он вышел из кружащейся белой пелены, не затронутый вашим полем неподвижности, ревя о своей гордости горца. Великан воспротивился часам.","La ventisca del yeti fue tan intensa que de hecho desdibujó los límites del tiempo, permitiéndole permanecer móvil. Surgió de la blancura arremolinada sin verse afectado por tu campo de quietud, rugiendo su orgullo de montaña. El gigante resistió al reloj.","A nevasca do yeti foi tão intensa que na verdade borrou as fronteiras do tempo, permitindo que ele permanecesse móvel. Ele emergiu do redemoinho branco sem ser afetado por seu campo de quietude, rugindo seu orgulho da montanha. O gigante resistiu ao relógio.","Der Schneesturm des Yetis war so intensiv, dass er tatsächlich die Grenzen der Zeit verwischte und es ihm ermöglichte, mobil zu bleiben. Er tauchte unbeeindruckt von deinem Feld der Stillstand aus dem wirbelnden White-out auf und brüllte seinen Bergstolz heraus. Der Riese widerstand der Uhr.","예티의 눈보라는 너무나 격렬해서 시간의 경계마저 모호하게 만들어 그의 기동력을 유지해주고 있었습니다. 정지된 결계를 아랑곳하지 않고 은빛 폭풍 속에서 모습을 드러내며 산령의 자부심을 포효에 담습니다 거인은 시계의 지배를 걷어찼습니다."
"MSG_C_TIMESTOP_Z_WIN","The zombie moved with a slow pace that made it an easy victim for the absolute freeze of your chronal power. You dismantled the rotting frame while it was trapped in the grey light, never to rise again. The dead were finally and truly silent.","ゾンビの緩慢な動きは、時間の絶対的な凍結にとってあまりに容易い獲物でしかなかった。灰色の光に捕らわれた腐肉の塊を解き放ち、二度と立ち上がらぬよう処置する。死者たちは、ついに真の沈黙を手に入れたのである。","僵尸以缓慢의 步伐移动，使其成为了你时间力量绝对冻结下의 简单受害者。你在它被困在灰光下时拆解了腐烂의 框架，让它永不再起。死者终于真正安静了。","Зомби двигался медленным шагом, что делало его легкой жертвой для абсолютной заморозки вашей хрональной силы. Вы разобрали гниющее тело, пока оно было заперто в сером свете, чтобы оно никогда больше не восстало. Мертвецы наконец-то по-настоящему замолкли.","El zombi se movía a un ritmo lento que lo convertía en una víctima fácil para la congelación absoluta de tu poder cronal. Desmantelaste el armazón podrido mientras estaba atrapado en la luz gris, para que nunca volviera a levantarse. Los muertos finalmente quedaron verdadera y totalmente en silencio.","O zumbi movia-se em um ritmo lento que o tornava uma vítima fácil para o congelamento absoluto do seu poder cronal. Você desmantelou a carcaça apodrecida enquanto ela estava presa na luz cinza, para nunca mais se levantar. Os mortos ficaram finalmente e verdadeiramente silenciosos.","Der Zombie bewegte sich in einem langsamen Tempo, das ihn zu einem leichten Opfer für das absolute Einfrieren deiner Chronokraft machte. Du hast das verrottende Gestell demontiert, während es im grauen Licht gefangen war, damit es nie wieder auferstehen würde. Die Toten waren endlich und wahrhaftig still.","좀비의 느릿한 움직임은 시간의 절대적인 동결에게 너무나 쉬운 먹잇감일 뿐이었습니다. 회색 빛에 갇힌 부패한 고깃덩어리를 해체하여 다시는 일어나지 못하도록 처치합니다 죽은 자들은 마침내 진정한 침묵을 얻었습니다."
"MSG_C_TEST","Test EN","テスト JA","测试 ZH","Тест RU","Prueba ES","Teste PT","Test DE","테스트 KO"
