"keys","en","ja","zh"
"MSG_C_MICROWAVE_A_WIN","The ant was forced into a microwave oven and heated at 1000W, causing it to completely explode.","アリを強引に電子レンジに押し込み、1000wで温めて完全に破裂させた。","蚂蚁被强行放入微波炉中，以1000瓦的功率加热，导致其完全爆炸。"
"MSG_C_MICROWAVE_B_WIN","The intense electromagnetic waves leaking from the microwave drowned out the bat's ultrasonic waves, causing it to crash.","電子レンジから漏れる強烈な電磁波がコウモリの超音波をかき消し、墜落させた。","微波炉泄漏出的强烈电磁波淹没了蝙蝠的超声波，导致其坠毁。"
"MSG_C_MICROWAVE_C_WIN","When the cobra was heated, the deadly poison inside its body boiled over at high temperatures and self-destructed.","コブラを温めたら、体内の猛毒が高温で沸騰して自爆して果てた。","当眼镜蛇被加热时，其体内的剧毒在高温下沸腾而自毁。"
"MSG_C_MICROWAVE_D_WIN","The intense microwave radiation resonated with the dragon's internal fire sack, causing a massive internal explosion.","電子レンジの強力な電磁波がドラゴンの体内にある火炎袋と共鳴し、凄まじい内部爆発を引き起こさせた。","微波炉强大的电磁波与龙体内的火炎袋共鸣，引起了可怕的内部爆炸。"
"MSG_C_MICROWAVE_E_WIN","When the Ent's wooden body was heated in the microwave, it instantly dried, ignited, and turned to ash.","エントの木材ボディは電子レンジに入れて加熱すると、一瞬で乾燥し発火して灰になった。","当恩特的木质身体被微波炉加热后，立刻就干燥、着火，化为灰烬。"
"MSG_C_MICROWAVE_F_LOSS","Because of the flies flying around at high speed inside the microwave, it didn't heat up at all and they escaped when you opened the door.","レンジの中を高速で飛び回るハエのせいで、全く温められずドアを開けた隙に逃げられた。","因为苍蝇在微波炉里高速飞来飞去，根本没有加热，一开门它们就逃走了。"
"MSG_C_MICROWAVE_G_WIN","The goblins heated up the metal coins they had stolen in a microwave, causing a huge explosion and wiping them out.","ゴブリンが盗んだ金属の貨幣ごとレンジで温め、大爆発を起こして一網打尽にした。","妖精们用微波炉加热了他们偷来的金属硬币，引起了巨大的爆炸，把它们消灭了。"
"MSG_C_MICROWAVE_H_WIN","You threw a harpy egg into the microwave and used it as a bargaining chip, causing her to lose her will to fight.","ハーピーの卵を電子レンジに放り込み、取引の材料にすることで彼女の戦意を喪失させた。","你将一枚哈皮蛋扔进了微波炉，并以此作为筹码，让她失去了战斗意志。"
"MSG_C_MICROWAVE_I_WIN","You aimed the microwave's exposed magnetron at the imp's portal and blasted it with raw microwaves. The imp was caught mid-teleport in a burst of static energy and popped out the other side dazed and groaning.","電子レンジのマグネトロンをインプの転移孔へ向け、生のマイクロ波を照射した。テレポートの途中で捕まったインプは静電エネルギーの炸裂に飲まれ、ぼーっとした状態で反対側から這い出てきた。","你将微波炉裸露的磁控管对准了小鬼的传送门，以原始微波将其轰炸。小鬼在传送途中被捕获，在一阵静电能量爆发中被吞噬，从另一侧迷迷糊糊地爬了出来。"
"MSG_C_MICROWAVE_J_LOSS","The jelly's acidic substance short-circuited the microwave's magnetron before it could even start heating, leaving you defenseless.","ジェリーの酸性物質が加熱開始前にレンジのマグネトロンをショートさせ、ただの重たい箱にしてしまった。","果冻怪的酸性物质在加热开始前使微波炉的磁控管短路，将其变成了一个沈重的箱子。"
"MSG_C_MICROWAVE_K_LOSS","When you pushed a kobold's metal spear into the microwave, a violent spark emitted and the inside exploded.","コボルドの金属製の槍をレンジに押し込んだら、激しいスパークが発生して庫内が大爆発した。","当你将狗头人的金属矛推入微波炉时，猛烈的火花发出，内部爆炸了。"
"MSG_C_MICROWAVE_L_WIN","The microwave's intense heat instantly boiled the moisture in the lizard's cold blood ending the fight before its metabolism had a chance to react.","電子レンジの強烈な熱がリザードの冷たい血液を一瞬で沸騰させた。変温動物の代謝が反応する前に、勝負は決した。","微波炉强烈的热能瞬间沸腾了蜥蜴冷血中的水分，在它的代谢有机会反应之前结束了战斗。"
"MSG_C_MICROWAVE_M_LOSS","When you tried to heat the Mummy, the ancient bandages caught fire and caused the microwave to explode in your face.","マミーを温めようとしたが、古代の包帯がレンジ内で爆発的な燃焼を起こし、レンジごとあなたの眼前で吹き飛んだ。","当你试图加热木乃伊时，古老的绷带在微波炉内引起爆炸性燃烧，连同微波炉一起在你眼前炸飞了。"
"MSG_C_MICROWAVE_N_LOSS","Naga's huge torso could not fit into the range, and she was strangled to death in frustration.","ナーガの巨大な胴体は到底レンジに入りきらず、イライラした彼女に絞め殺された。","娜迦巨大的躯干根本无法进入范围，无奈之下被勒死。"
"MSG_C_MICROWAVE_O_WIN","You modified the microwave to emit a directional beam that fried the orc's nervous system from ten paces away. The giant fell in absolute silence.","電子レンジを改造して指向性のビームを照射し、十歩先からオークの神経系を焼き切った。巨体は物音一つ立てず崩れ落ちた。","你改装了微波炉使其发射定向射束，从十步外烧焦了兽人的神经系统。巨人陷入绝对的沉默而倒下了。"
"MSG_C_MICROWAVE_P_WIN","The microwave caught the fast-moving pixie in a cross-section of high-energy waves instantly incinerating its delicate wings.","電子レンジから放たれた高エネルギー波の交差点が、素早く動くピクシーを捕捉してその繊細な羽を一瞬で焼き尽くした。","微波炉在高能波的截面中捕捉到了快速移动的小精灵，瞬间焚毁了它脆弱的翅膀。"
"MSG_C_MICROWAVE_Q_LOSS","The coeurl's biological electricity fused the microwave's components together, causing it to catch fire in your hands.","クアールの生体電気が電子レンジの精密部品を瞬時に融着させ、あなたの手元で火を噴いて暴走した。","科阿尔的生物电使微波炉的精密零件瞬间熔合，在你的手边喷火失控。"
"MSG_C_MICROWAVE_R_LOSS","The radiation from the microwave caused the rats to mutate into a giant, aggressive mass that burst through the door.","電子レンジの熱がラットの群れを異常進化させ、扉を突き破って巨大な肉塊となって襲いかかってきた。","微波炉的热量使老鼠群发生了异常进化，它们冲破炉门，化作巨大的肉块袭击了过来。"
"MSG_C_MICROWAVE_S_LOSS","When you heated the slime in the microwave, it melted and became huge, and the entire room was covered in slime.","スライムをレンジで温めたらドロドロに溶けて巨大化し、部屋中がスライムまみれになった。","当你用微波炉加热史莱姆时，它融化并变得巨大，整个房间都被史莱姆覆盖了。"
"MSG_C_MICROWAVE_T_WIN","The microwave's rapid internal heating bypassed the troll's legendary external regeneration. It was cooked to the core before its cells could even begin to heal.","電子レンジの急速な内部加熱が、トロールの驚異的な外部再生能力を無効化した。細胞が癒え始める前に、芯まで熱が通り沈黙させた。","微波炉快速的内部加热绕过了巨魔传奇般的外部再生。在它的细胞还没开始修复之前，它就已经被彻底煮熟了。"
"MSG_C_MICROWAVE_U_LOSS","Since ghosts are not physical objects, no matter how much you heat them in the microwave, they have no effect and are cursed.","亡霊は物質ではないため、電子レンジでいくら温めても一切の効果がなく呪われた。","由于鬼魂不是实体，所以不管你用微波炉加热多少鬼魂，它们都没有任何效果，而且会受到诅咒。"
"MSG_C_MICROWAVE_V_LOSS","The vampire reflected the microwave's radiation back into the room, causing the internal components to melt and burn you.","吸血鬼が電子レンジの電磁波を鏡のように反射し、逆にレンジの精密部品を融解させてあなたに火傷を負わせた。","吸血鬼像镜子一样反射了微波炉的电磁波，反而熔化了微波炉的精密零件，导致你被烫伤。"
"MSG_C_MICROWAVE_W_LOSS","You tried to force the wild wolf into the microwave, but it resisted and got its face bitten off.","荒野の狼を無理やりレンジに入れようとしたが、普通に抵抗されて顔面を噛みちぎられた。","你试图将野狼强行放入微波炉中，但它反抗并被咬掉了脸。"
"MSG_C_MICROWAVE_X_LOSS","Xalthis reversed the space inside the microwave, and before you knew it, you were trapped inside the microwave.","ザルティスが電子レンジの庫内の空間を反転させ、気がつけばあなたがレンジの中に閉じ込められた。","扎尔提斯颠倒了微波炉内部的空间，不知不觉间，你就被困在了微波炉里。"
"MSG_C_MICROWAVE_Y_LOSS","Due to the frigid cold of the Yeti, the output of the microwave oven was completely insufficient, and he froze to death.","イエティの極寒の冷気によって電子レンジの出力が全くパワー不足で、そのまま凍死した。","由于雪人天寒地冻，微波炉的出力完全不足，他就被冻死了。"
"MSG_C_MICROWAVE_Z_LOSS","When you microwaved a zombie's carrion, it emitted a strong odor that made you pass out.","ゾンビの腐肉をレンジでチンしたところ、強烈すぎる異臭が発生してあなたが気絶した。","当你用微波炉加热僵尸的腐肉时，它会散发出强烈的气味，让你昏倒。"
"MSG_C_MIMIC_A_WIN","You replicated the queen ant's chemical trail with perfect fidelity, sending the colony marching in the opposite direction. By the time the swarm corrected its error you had long since vanished.","女王アリのフェロモン経路を完璧に再現し、群れを全く逆の方向へ行進させた。群れが誤りを修正する頃には、あなたはとっくに姿を消していた。","你以完美的忠实度复制了蚁后的化学轨迹，让蚁群向相反的方向行进。当蚂蚁群发现错误并纠正时，你早已消失无踪了。"
"MSG_C_MIMIC_B_WIN","You mimicked the bat's distress screech with uncanny accuracy. Convinced that kin was in mortal danger it dove headlong toward the sound and cracked into the dungeon wall.","コウモリの危機の鳴き声を不気味なほど正確に模倣した。仲間が命の危機にあると確信した魔物は、音のした場所へと一直線に飛び込み、ダンジョンの壁に激突した。","你以惊人的准确性模仿了蝙蝠的危难嘶鸣。确信同伴身处生死关头，魔物径直冲向声音来源，撞裂了地牢的石墙。"
"MSG_C_MIMIC_C_WIN","You doused yourself in the musk of a mongoose - the cobra's most ancient terror - and stood perfectly still. The great viper recoiled without striking and slithered away with its belly pressed to the cold stone.","コブラが最も恐れる天敵、マングースの体臭を全身に塗り込み、微動だにせず立った。大蛇は攻撃することなく身を引き、冷たい石に腹を押し当てながら逃げていった。","你将眼镜蛇最恐惧的天敌——獴的气味涂遍全身，纹丝不动地伫立着。大蛇未曾发动攻击便退缩了，将肚皮贴着冷石悄然离去。"
"MSG_C_MIMIC_D_WIN","You unleashed a note-perfect imitation of an elder dragon's territorial roar. The younger dragon froze in confusion at the arrival of a superior and abandoned the cave without a backward glance.","長老竜の縄張り宣言の咆哮を、音程まで完璧に模倣した。格上の来訪に混乱した若き竜は、振り返ることもなく洞窟を去った。","你以完美无误的音调，模仿出了长老龙的领地宣告咆哮。面对疑似上位者的来临而陷入困惑的年轻之龙，头也不回地离开了洞窟。"
"MSG_C_MIMIC_E_LOSS","You stood motionless attempting to pass yourself off as a weathered oak. The tree spirit sensed your warm heartbeat through its own root network and the forest answered by pulling you off your feet.","古い樫の木のふりをして微動だにせず立った。木の精霊は根のネットワークで温かい鼓動を感じ取り、森そのものがあなたを倒そうと反応した。","你纹丝不动地站着，试图冒充一棵饱经风霜的橡树。树精通过自身的根网络感知到了你温热的心跳，森林本身随即作出了反应，将你绊倒在地。"
"MSG_C_MIMIC_F_WIN","You scattered a fermented lure that precisely replicated the fly's ideal breeding site. Overwhelmed by instinct the creature flew directly into your waiting trap without a moment's hesitation.","ハエが好む産卵場所の匂いを精密に再現した発酵液を撒いた。本能に圧倒された魔物は、一瞬の迷いも見せずにあなたの仕掛けた罠へと直行した。","你撒下了精确复制苍蝇理想产卵地气味的发酵诱饵。魔物被本能所裹挟，不假思索地直接飞入了你预备好的陷阱。"
"MSG_C_MIMIC_G_WIN","You barked orders in a dead-on impression of the goblin chief's raspy voice. The confused underlings turned on each other long before they realized the real boss had never entered the room.","ゴブリン親分のしゃがれた声を完璧に真似て命令を怒鳴りつけた。本物の親分が一度も部屋に入っていないと気づくよりずっと前に、混乱した手下たちは互いに争い始めた。","你死死咬住哥布林头目沙哑嗓音的精髓，一声令下。手下们在意识到真正的头目从未进过这个房间之前，就早已争打了起来。"
"MSG_C_MIMIC_H_LOSS","You donned a cloak of stolen feathers and practiced the harpy's wing-spread posture. Her raptor's eye stripped away the deception in an instant and her talons reached your throat before a single word could leave your lips.","盗んだ羽根で外套を作り、ハーピーの翼を広げる姿勢を練習した。猛禽の目が瞬時に偽りを見抜き、一言も声を発する前に鋭い爪が喉元に届いた。","你用盗来的羽毛制成了斗篷，练习着哈皮展翼的姿态。猎禽之眼瞬间洞穿了伪装，一句话还没出口，那锐利的爪子便扣上了你的咽喉。"
"MSG_C_MIMIC_I_WIN","You dressed as a higher-ranked demon and bellowed bureaucratic commands in corrupted infernal dialect. The imp's low station compelled an instinctive bow before its suspicion could catch up and you walked away unchallenged.","上位の悪魔に扮し、歪んだ地獄の方言で官僚的命令を怒鳴り散らした。インプの低い身分が疑念より先に服従の本能を呼び起こし、誰にも咎められず立ち去った。","你扮作上位恶魔，以扭曲的地狱方言怒吼出官僚式命令。小恶魔低下的身份在疑心追上来之前便引起了本能的臣服，你大摇大摆地走人了。"
"MSG_C_MIMIC_J_WIN","You sprayed a chemical that perfectly replicated the signal of the jelly's natural dissolving predator. The monster contracted in alarm and retreated in the opposite direction as fast as its shapeless body allowed.","ジェリーの本能的な天敵が放つ化学信号を完璧に模した薬品を噴霧した。怪物は驚いて縮み上がり、その形なき体が許す限りの速さで逆方向へと退いていった。","你喷洒了完美复制果冻怪天然天敌化学信号的药剂。怪物惊慌收缩，以其无形躯体所允许的最快速度向反方向退去了。"
"MSG_C_MIMIC_K_WIN","You wore the ceremonial mask of a kobold shaman and chanted garbled ritual syllables with theatrical authority. The reverent pack bowed as one to the apparent holy emissary from the deepest mines.","コボルドのシャーマンが用いる儀式用の仮面を被り、でたらめな呪文を威厳たっぷりに詠唱した。敬虔な群れは、深い鉱山からの神聖な使者だと思い込んで一斉に頭を垂れた。","你戴上了狗头人萨满的仪式面具，满怀威严地唱出了胡乱编凑的咒文音节。那虔诚的群体整齐划一地低下头，将你当成了来自最深矿穴的神圣使者。"
"MSG_C_MIMIC_L_LOSS","The disguise fooled your own eyes perfectly but not the lizard's thermosensory pits. Warm blood cannot be counterfeited in infrared and the predator struck in near silence before you realized you were already found.","変装はあなた自身の目を完璧に欺いたが、リザードの熱感知器官は騙せなかった。温血は赤外線の前では偽れず、すでに見つかっていたと気づく間もなく捕食者が無音で飛びかかった。","伪装完美地欺骗了你自己的眼睛，却欺骗不了蜥蜴的热感应器官。温热的血液在红外线面前无法伪造，在你意识到已经暴露之前，掠食者几乎无声地扑来了。"
"MSG_C_MIMIC_M_WIN","You reproduced the robes and sealed insignia of the ancient priesthood that had originally interred the mummy. Responding to a command older than memory the undead froze in ritual obeisance and crumbled into dust.","マミーをかつて埋葬した古代神官団の法衣と封印の紋章を再現した。記憶より古い命令に従うように、不死者は儀礼的な服従の姿勢で固まり、砂となって崩れ落ちた。","你复制了当年下葬木乃伊的古代神官团的法袍与封印徽记。如同遵从比记忆更古老的命令，不死者以礼仪服从的姿势定格，化成了沙尘崩散而去。"
"MSG_C_MIMIC_N_WIN","You draped yourself in silver cloth and adopted the posture of the divine serpent from naga sacred text. Believing you to be a messenger from her pantheon she lowered her great hood in reverence and withdrew.","ナーガの聖典に記された神蛇の姿勢を取り、銀色の布を纏った。自らのパンテオンからの使者だと確信した彼女は、恭しく大きな頭を垂れて引いていった。","你身披银布，摆出了纳迦圣典中神蛇的姿态。确信你是自家神殿使者的她，恭敬地低垂起那宽大的蛇颈，退去了。"
"MSG_C_MIMIC_O_LOSS","You smeared grey mud over your skin and bellowed broken common words trying to blend in. The orc's bloodlust sees only the shape of prey; no cosmetic trick dulls the edge of a weapon already in motion.","灰色の泥を全身に塗りたくり、壊れた言葉で怒鳴ってオークになりすまそうとした。オークの殺気は獲物の形しか見ない。いかなる変装も、すでに振り上げられた武器の刃先を鈍らせない。","你将灰色泥土涂满全身，用破碎的语言怒吼试图混入其中。兽人的杀意只见猎物的轮廓，任何伪装都无法使已然挥起的武器刃锋变钝。"
"MSG_C_MIMIC_P_WIN","You released a coded flash of light that perfectly replicated a pixie kin-distress signal. Her own tribemates answered the false call and accidentally broke her flight path, letting you slip past in the chaos.","ピクシーの仲間への危難信号を完璧に複製した閃光を放った。本物の仲間がその偽信号に応じて飛び込み、誤って彼女の飛行ルートを乱したため、あなたは混乱の中をすり抜けた。","你发出了完美复制了小仙女同族危难信号的闪光。她真正的族人响应了那虚假的信号飞扑而来，无意间打乱了她的飞行路线，你借着混乱溜了过去。"
"MSG_C_MIMIC_Q_LOSS","You fashioned makeshift coils to mimic the coeurl's electromagnetic signature. The beast detected your imitation frequency instantly and used the signal you broadcast to pinpoint your location to the inch.","即席のコイルでクアールの電磁シグネチャを模倣しようとした。獣は模倣信号を即座に検知し、あなたが放ったシグナルを逆に方位として使い、位置をインチ単位で特定した。","你用临时线圈模仿夸尔的电磁特征。那野兽瞬间探测到了你的仿冒信号，反而将你发出的信号用作方位线索，将你的位置精确到了厘米级别。"
"MSG_C_MIMIC_R_WIN","You played a recording of the swarm's own panic alarm at maximum volume through the dungeon corridor. The leaderless mass shattered into pure chaos and scattered long enough for you to deal with the remnants.","ダンジョンの通路に最大音量でラットの群れ自身のパニック警戒音の録音を流した。統率を失った大群は完全な混乱に陥り散り散りになったため、あなたは残党を片付けることができた。","你在地牢通道里以最大音量播放了老鼠群自身的恐慌警报录音。失去统领的大群陷入彻底混乱四散奔逃，给了你充裕的时间解决残余敌人。"
"MSG_C_MIMIC_S_LOSS","You poured a slime-textured fluid over yourself and shambled forward hoping to blend in. The real slime sensed a foreign molecule impersonating its colony's biochemistry and expelled you as an invasive contaminant.","スライムの質感に似せた液体を全身に塗り、交じり込もうとよたよた歩いた。本物のスライムは群体の生化学物質を偽る異分子を感知し、侵入汚染物質として排除した。","你将仿照史莱姆质感的液体涂满全身，踉踉跄跄地想要混入其中。真正的史莱姆察觉到了假冒群体生化学物质的异种分子，将你作为入侵污染物驱逐了出去。"
"MSG_C_MIMIC_T_LOSS","You painted yourself grey and crouched perfectly still for seven full minutes posing as a boulder. The troll licked the rock out of idle curiosity tasted human sweat and hurled you into the far wall with a grunt of contempt.","七分間完璧に静止して岩のふりをするため灰色に体を塗った。トロールは暇つぶしに岩を舐め、人間の汗の味を検知してから軽蔑のうなり声とともにあなたを遠くの壁に投げつけた。","你将身体涂成灰色，完完整整地静止了七分钟来冒充一块岩石。巨魔出于无聊舔了舔岩石，尝到了人类汗水的味道，随即发出一声轻蔑的哼声，将你抛向了远处的石壁。"
"MSG_C_MIMIC_U_LOSS","There is nothing alive among the dead for impersonation to leverage. They sense the warmth radiating beneath any costume and spiral toward it indifferent to whatever shape walks above it.","死者の中には、擬態が利用できる生きているものは何もない。どんな衣装の下から放たれる温もりも感じ取り、その上を何が歩いていようと無関心に群がってくる。","在死者之中，没有任何活物可以供拟态利用。他们感知任何服装下散发出的温热，对其上方走动的究竟是什么形状漠然置之，径直向那暖意涌去。"
"MSG_C_MIMIC_V_LOSS","You performed the role of a noble guest but the vampire had personally tutored the actual nobleman three centuries prior. He identified the impostor in under a second and found the amateur performance a charmingly ironic excuse to bite.","貴族の客人を演じたが、ヴァンパイアは三世紀前にその本物の貴族を直々に指導したことがあった。一秒もかからず偽物と見抜き、素人の演技を何とも皮肉な噛む理由だと思った。","你扮演起了贵族宾客，然而吸血鬼三百年前曾亲自指导过那位真正的贵族。他不到一秒便识穿了冒牌货，觉得这业余的演技不失为一个颇具讽刺意味的下嘴理由。"
"MSG_C_MIMIC_W_LOSS","Scent is the wolf pack's true map and yours told them everything. The moment you entered the edge of their territory they triangulated your exact position beneath every layer of disguise and closed in without a sound.","臭いが狼の群れの本当の地図であり、あなたの臭いは全てを語った。縄張りの端に踏み込んだ瞬間、あらゆる変装の下の正確な位置を三角測量し、物音ひとつなく包囲してきた。","气味才是狼群真正的地图，而你的气味将一切和盘托出。踏入其领地边缘的那一刻，它们便穿透所有伪装，三角测量出你的精确位置，无声无息地将你包围了。"
"MSG_C_MIMIC_X_LOSS","Xalthis possesses compound eyes that perceive spectra no disguise could ever account for. The transformation looked flawless to you and grotesquely wrong to every single facet lens the creature possessed.","ザルティスはどんな変装も対処できないスペクトルで見る複眼を持つ。あなたには完璧に見えた変装は、奴が持つ全ての複眼レンズには気味悪いほど的外れに映っていた。","扎尔提斯拥有复眼，能以任何伪装都无法应对的光谱看穿一切。你眼中无懈可击的伪装，在它所有复眼镜面中看来，却是令人不适的大相径庭。"
"MSG_C_MIMIC_Y_LOSS","The disguise was excellent but the blizzard stripped the upper layer of the costume bare within the opening seconds. The yeti glimpsed a half-person half-nothing and chose to answer the ambiguity with one swing.","変装は優れていたが、吹雪が最初の数秒でコスチュームの上層部を剥ぎ取った。イエティは人間と何もない物の半々の存在を一瞥し、曖昧さには一振りで答えることにした。","伪装本身很出色，但暴风雪在起初的几秒内便剥去了服装的外层。雪人瞥见了半人半虚无的存在，决定以一击来回应这份模糊不清。"
"MSG_C_MIMIC_Z_WIN","You smeared decomposing matter over every inch of exposed skin and perfected the zombie's lurching gait through hours of practice. The undead accepted you as kin without a second glance and shuffled away from your path.","腐敗した物質を全身の露出部分に塗り込み、何時間もの練習でゾンビの歩き方を完璧に再現した。不死者はあなたを二度も見ることなく仲間と認め、道を外れてよたよたと去っていった。","你将腐败物质涂满全身每一寸裸露的皮肤，经过数时间的练习将僵尸的蹒跚步态练得炉火纯青。不死者连多瞧一眼都没有便接纳你为同类，拖着脚步让开了你的道路。"
"MSG_C_METEOR_A_WIN","A flaming rock from the heavens crushed the ant colony instantly. The shockwave reached the deepest chambers of the nest. Silence returned to the scorched earth.","天空から降り注いだ燃え盛る岩石が、蟻のコロニーを一瞬で押し潰した。衝撃波は巣の最深部まで到達し、全てを破壊した。焦土と化した地上に、再び静寂が戻った。","天空中降下的烈焰巨岩瞬间摧毁了蚂蚁巢穴。冲击波直达洞穴最深处，将一切夷为平地。在化为焦土的地面上，宁静再次降临。"
"MSG_C_METEOR_B_WIN","The falling star caught the bat mid-flight with overwhelming force. It vanished in a streak of light before it could even screech. Only glowing dust remained in the night sky.","流れ星が圧倒的な力で、飛行中のコウモリを捉えた。悲鳴を上げる暇もなく、光の筋となって消え去った。夜空には、ただ輝く塵だけが残された。","坠落的星辰以压倒性的力量击中了飞行中的狂。它甚至来不及惨叫便化作一道光束消失。夜空中只留下了闪烁的尘埃。"
"MSG_C_METEOR_C_WIN","The cobra looked up to see the sky fall upon its head. The precision strike left no room for the serpent to coil or strike. The desert heat was eclipsed by the star's fire.","コブラが見上げた先には、頭上に落下する空があった。精密な一撃は、蛇がとぐろを巻く余裕さえ与えなかった。砂漠の熱気は、星の炎によって塗り替えられた。","眼镜蛇抬头仰望，只见天空正向头顶坠落。精准的打击让它根本没有盘旋或反击的机会。荒漠的热气被星辰之火彻底覆盖。"
"MSG_C_METEOR_D_WIN","Even the king of the sky was brought low by a true falling star. The impact shattered the dragon's legend and its physical form simultaneously. The earth shook at the fall of two titans.","空の王でさえ、本物の流星の前には膝を屈するしかなかった。衝撃はドラゴンの伝説とその肉体を同時に粉砕した。二つの巨体の衝突に、大地が激しく揺れた。","即便是天空之王，在真正的流星面前也只能俯首。冲击同时粉碎了巨龙的传说与其肉体。大地在两个泰坦级的碰撞中剧烈颤动。"
"MSG_C_METEOR_E_LOSS","The ent simply looked up as the meteor approached and stood its ground. The celestial rock hit only the ancient branches, which regrew almost instantly. The forest guardian remained unmoved by the fire from above.","小さな流星が接近しても、エントはただその場に立ち尽くしていた。天の岩石は古の枝に当たったが、それらは即座に再生した。森の守護者は、天からの炎を受けても微動だにしなかった。","当陨石接近时，树精只是静静地站在原地。天外来客仅击中了它古老的枝干，而那些枝干几乎瞬间重装。森林守护者在天火面前岿然不动。"
"MSG_C_METEOR_F_WIN","The tiny fly was incinerated by the mere heat of the passing meteor. It vanished into carbon before the rock even hit the ground. Not a single buzz was left in the aftermath.","ハエは通過するメテオの熱気だけで、小さなハエは灰となった。岩石が地面に届く前に、その存在は炭素へと変わった。後に残されたのは、羽音一つない静寂だけだった。","微小的苍蝇仅被划过的陨石热气就烧成了灰烬。在巨石落地之前，它已化为原子。余波之中，再也听不到半点嗡鸣。"
"MSG_C_METEOR_G_WIN","The goblin's greedy eyes reflected the falling fire for only a second. The impact demolished its camp and its crude ambitions alike. The green-skinned nuisance was erased from the record.","ゴブリンの欲にまみれた瞳に、落下する炎が映ったのは一瞬だった。衝撃は奴のキャンプと、粗末な野望を同時に吹き飛ばした。緑の肌の邪魔者は、歴史から消し去られた。","哥布林贪婪的双眼只映照了一秒坠落的火光。冲击摧毁了它的营地和简陋的野望。由于这绿皮麻烦已被抹除，历史翻开了新的一页。"
"MSG_C_METEOR_H_WIN","The harpy's scream was drowned out by the roar of the atmospheric entry. The meteor caught her in mid-ascent and drove her into the cliffs. Her feathers became part of the rising smoke.","ハーピーの叫びは、大気圏突入の轟音にかき消された。メテオは上昇中の彼女を捉え、崖へと叩きつけた。彼女の羽は、立ち昇る煙の一部となった。","哈皮尖叫被大气层坠入的咆哮声淹没。陨石在它上升到一半时将其击中并砸向悬崖。她的羽毛化作了升腾烟雾的一部分。"
"MSG_C_METEOR_I_WIN","The imp's teleportation was no match for a target the size of a mountain. It appeared directly in the path of the falling rock and was flattened. The portal to the underworld was closed by the strike.","山のような巨大な標的に対し、インプの転移は無力だった。奴は落下する岩の進路に直接現れ、押し潰された。魔界への門は、その一撃によって閉ざされた。","面对山岳般巨大的目标，小恶魔的传送毫无意义。它直接出现在坠落巨岩的路径上并被压扁。地狱之门被这一击永久封印。"
"MSG_C_METEOR_J_LOSS","The jelly mass absorbed the kinetic energy of the meteor and simply wobbled. The intense heat turned it into steam, but it reformed just as quickly. The celestial strike failed to find a solid target.","ジェリーの塊はメテオの運動エネルギーを吸収し、ただ揺れるだけだった。猛烈な熱で蒸気となったが、すぐに元の形に戻った。天の一撃は、確かな手応えを得られなかった。","果冻怪吸收了陨石的动能，只是轻轻摇晃了一下。剧烈的高温将其化为蒸汽，但它很快又重新凝聚。天外一击未能找到实感。"
"MSG_C_METEOR_K_WIN","The kobold pack was caught in the open with nowhere to hide. The meteor turned their hunting ground into a smoldering crater. Their yelps were silenced by the sound of the earth breaking.","逃げ場のない平原で、コボルドの群れは炎に包まれた。メテオは彼らの狩場を、くすぶるクレーターへと変えた。彼らの悲鳴は、大地が裂ける音に飲み込まれた。","狗头人群在开阔地带无处遁形。陨石将它们的猎场变成了闷烧的火山口。它们的哀鸣淹没在大地碎裂的声音中。"
"MSG_C_METEOR_L_WIN","The lizard's cold blood couldn't save it from the solar heat. The impact turned the flat sunning rocks into molten glass. The predator became one with the geological record.","リザードの冷たい血は、太陽の熱から身を守ることはできなかった。衝撃は日光浴の岩場を、溶けたガラスへと変えた。捕食者は、地層の一部として永劫に刻まれた。","蜥蜴的冷血无法让它在太阳般的高温下幸存。冲击将晒太阳的平坦岩石变成了熔化的玻璃。捕食者成为了地层记录的一部分。"
"MSG_C_METEOR_M_WIN","The mummy's ancient wrappings and curse were incinerated in a heartbeat. The celestial fire purified the tomb and its inhabitant forever. The sand reclaimed the remaining ash.","マミーの古びた包帯と呪いは、一瞬で焼き尽くされた。天の炎は墓所とその住人を永遠に浄化。砂の中に残されたのは、わずかな灰だけだった。","木乃伊古老的裹尸布与诅咒在一瞬间被烧毁。天火永远地净化了墓穴及其住人。黄沙收回了仅剩 garden的灰烬。"
"MSG_C_METEOR_N_LOSS","The naga's deep sea affinity allowed her to call forth a protective geyser. The meteor's heat was spent uselessly against the rising wall of water. She watched the steam rise with a cold smile.","ナーガは深海の加護により、巨大な間欠泉を呼び出した。メテオの熱は、立ち上がる水の壁に対して虚しく消費された。彼女は冷ややかな笑みを浮かべ、蒸気を見つめた。","纳迦凭借深海的亲和力召唤了巨大的保护喷泉。陨石的热量在升腾的水墙面前徒劳耗尽。她带着冷酷的微笑看着水蒸气升起。"
"MSG_C_METEOR_O_LOSS","The orc caught the meteor with its bare hands in a feat of impossible strength. It stood in the crater, holding the glowing rock above its head in a defiant roar. Your ultimate weapon was now his trophy.","オークはあり得ない怪力で、メテオを素手で受け止めた。クレーターの中に立ち、輝く岩を頭上に掲げて咆哮した。究極の武器は、今や奴の戦利品となった。","兽人以不可思议的怪力徒手接住了陨石名。它站在火山口中，将发光的巨石举过头顶并发出挑衅的咆哮。你的终极武器如今成了它的战利品。"
"MSG_C_METEOR_P_WIN","The pixie's wings of light were extinguished by the true fire of the sun. The meteor crushed her illusions and her small life in one strike. The forest went dark at the loss of its spark.","小仙女の光の翼は、本物の太陽の炎によってかき消された。メテオは彼女の幻影と小さな命を、一つの衝撃で粉砕した。森の輝きが失われ、辺りは闇に包まれた。","小仙女的光之翼在真正的太阳之火面前熄灭。陨石一击粉碎了她的幻象与其微小的生命。森林因失去这份灵动而陷入黑暗。"
"MSG_C_METEOR_Q_LOSS","The coeurl used its sensitive feelers to predict the meteor's magnetic influence on the air. It hummed with static energy and created a localized anti-gravity field that diverted the rock. The star hit the terrain miles away, leaving the beast untouched.","クアールは敏感な触角を使い、メテオが空気に与える磁気的影響を予測した。奴は静電気エネルギーを響かせ、岩を偏向させる局所的な反重力場を作り出した。星は数マイル離れた地形を直撃し、獣は無傷のままだった。","夸尔利用灵敏的触须预测了陨石对空气的磁性影响。它发出静电共鸣，制造了一个局部反重力场使巨岩偏转。星辰击中了数英里外的地面，野兽毫发无伤。"
"MSG_C_METEOR_R_LOSS","The rat swarm detected the atmospheric vibrations long before the impact. They retreated into the deepest natural caverns, where the shockwave was only a distant rumble. Surface fire could not reach the heart of the colony.","ラットの群れは、衝撃のずっと前に大気の振動を感知した。彼らは最も深い自然の洞窟へと退却し、そこでは衝撃波は遠くの轟音に過ぎなかった。地表の炎は、コロニーの核心まで届くことはなかった。","鼠群在大气震动到达之前就已察觉。它们退入最深的天然洞穴，在那里冲击波仅仅是遥远的隆隆声。地表的烈焰无法触及群落的核心。"
"MSG_C_METEOR_S_LOSS","The slime simply divided itself into thousands of microscopic droplets as the meteor hit. Each fragment was too small to be destroyed by the heat, and they reformed once the crater cooled. The celestial fire found no single heart to break.","スライムはメテオが直撃する瞬間、自らを数千の微細な滴に分割した。個々のかけらは熱で破壊されるにはあまりに小さく、クレーターが冷えると再び結合した。天の炎は、撃ち抜くべき一つの心臓を見つけることができなかった。","在陨石击中的瞬间，史莱姆将自己分裂成数千个微小的液滴。每个碎片都小到无法被高温摧毀，并在火山口冷却后重新凝聚。天火未能找到可以击碎的单一核心。"
"MSG_C_METEOR_T_LOSS","The troll's skin turned into igneous rock as the solar heat approached. While the outer layer was scorched, it protected the soft tissues beneath long enough for regeneration to begin. It stepped out of the ash, its new skin still glowing red.","トロールの皮膚は、太陽の熱が迫るにつれて火成岩へと変化した。外層は焦げたものの、再生が始まるまで下の軟組織を十分に保護した。奴は灰の中から歩み出し、新しい皮膚はまだ赤く輝いていた。","当太阳热力迫近时，巨魔的皮肤变成了火成岩。虽然外层被烧焦，但它保护了下方的软组织，直到再生开始。它从灰烬中走出，新生的皮肤依然泛着红光。"
"MSG_C_METEOR_U_WIN","The undead was nothing but dry bone and ancient energy, both of which were consumed by the star's arrival. The impact vaporized the physical remains and scattered the soul energy into the void. There was no ghost left to haunt the crater.","アンデッドは乾燥した骨と古のエナジーに過ぎず、その両方が星の到来によって消費された。衝撃は肉体の遺骸を蒸発させ、魂のエネルギーを空虚へと散らした。クレーターに留まる幽霊さえ残らなかった。","亡灵不过是枯骨与古老能量的结合，在星辰降临时两者皆被吞噬。冲击蒸发了肉体残余，将灵魂能量散入虚空。火山口中甚至没有留下可以徘徊的孤魂。"
"MSG_C_METEOR_V_LOSS","The vampire vanished into shadow just as the meteor eclipsed the sun. He reappeared in the cool darkness of the newly formed crater, completely unharmed by the celestial fire. Night was his true sanctuary, even when the sky fell.","吸血鬼はメテオが太陽を覆い隠した瞬間、影の中に消えた。奴は新しく形成されたクレーターの冷たい闇の中に現れ、天の炎から完全に守られていた。空が落ちてきても、夜こそが奴の真の聖域だった。","当陨石遮蔽太阳的刹那，吸血鬼消失在阴影中。他在新形成的火山口那阴凉的黑暗中重新出现，在天火之下毫发无伤。即便天空坠落，黑夜依然是他真正的圣所。"
"MSG_C_METEOR_W_LOSS","The wolf pack used the initial shockwave to mask their coordinated retreat. They moved with the wind of the explosion, staying just ahead of the fire line. They regrouped on the horizon, watching the meteor's glow with unblinking eyes.","ウルフの群れは、最初の衝撃波を利用して組織的な退却を隠した。彼らは爆発の風と共に移動し、火線のわずか先を保ち続けた。彼らは地平線で再集結し、瞬きもせずにメテオの輝きを見つめた。","狼群利用最初的冲击波掩护了它们的协调撤退。它们顺着爆炸的气流移动，始终保持在火线前方。它们在天际线重新集结，目不转睛地注視着陨石的光芒。"
"MSG_C_METEOR_X_LOSS","Xalthis's many legs allowed it to sense the asteroid's trajectory through seismic vibrations miles away. It calculated the exact impact point and moved to a safe sub-basement of the ruins. The celestial rock merely provided more rubble for its nest.","ザルシスの無数の脚は、数マイル離れた地震振動から小惑星の軌道を感知させた。奴は正確な衝突地点を計算し、遺跡の安全な地下深層へと移動した。天の岩石は、奴の巣にさらなる瓦礫を提供したに過ぎなかった。","扎尔希斯众多的步足让它能通过数英里外的地震波感知小行星的轨迹。它计算出了精确的撞击点，并移向遗迹安全的深层地下室。天外巨岩仅仅为它的巢穴提供了更多碎片。"
"MSG_C_METEOR_Y_LOSS","The yeti's home were the highest peaks, where the air was too thin for the meteor's friction to reach maximum heat. The stone hit the eternal ice and was buried in a massive avalanche. The mountain swallowed the star and remained frozen.","イエティの家は最高峰にあり、そこでは空気が薄すぎてメテオの摩擦が最大熱に達することはなかった。岩石は永久凍土を直撃し、巨大な雪崩の中に埋もれた。山は星を飲み込み、凍てついたままだった。","雪人的家园位于最高峰，那里的空气稀薄到陨石摩擦无法达到最高温。巨岩击中了万年冰川并被埋在了巨大的雪崩之下。大山吞噬了星辰，依旧冰封如故。"
"MSG_C_METEOR_Z_LOSS","The zombie cohort was flattened by the impact, but their broken forms continued to twitch. Without a brain or nervous system to destroy, the kinetic force simply rearranged their parts. They began to crawl out of the burning dust, eyes still fixed on their goal.","ゾンビの群れは衝撃で押し潰されたが、その壊れた体は痙攣を続けた。破壊すべき脳も神経系もなかったため、運動エネルギーは単にパーツを並べ替えただけだった。彼らは燃える塵の中から這い出し、その瞳は依然として目標を凝視していた。","僵尸群被冲击压扁，但它们破碎的身躯仍在抽动。由于没有大脑或神经系统可以被摧毁，动能仅仅是重组了它们的零件。它们开始从燃烧的尘埃中爬出，双眼依旧紧盯着目标。"
"MSG_C_MINEFIELD_A_WIN","The advancing colony of ants begins to trigger a chain of micro-explosions hidden beneath the sand. Each step leads to a lethal pop that sends multi-segmented corpses flying in all directions. The disciplined lines are broken as the path forward becomes a graveyard.","行軍するアリの群れが、砂に隠されたマイクロ爆弾の連鎖を誘発し始めた。一歩進むたびに致命的な破裂音が響き、千切れた死骸があらゆる方向へ飛んでいく。統制された行列は崩れ、進むべき道は一瞬で墓場と化した。","前进中的蚁群开始触发埋在沙地下的微型连锁爆炸。每走一步都会引发致命的爆裂，将残缺不全的身躯炸飞到四面八方。随着前路变成墓地，纪律严明的队列土崩瓦解。"
"MSG_C_MINEFIELD_B_WIN","Even in flight, the bats are not safe as proximity-fused mines detonate with a specialized shrapnel cloud. The pressure in the tight tunnel ensures that the shockwaves are concentrated, shattering their delicate wing bones. The fluttering of wings is replaced by the silent settling of metallic dust.","近接信管を備えた地雷が飛散弾を放ち、飛行中のコウモリさえも逃さない。狭いトンネル内では衝撃波が凝縮され、繊細な翼の骨を無残に砕く。羽ばたきの音は消え、後には静かに沈んでいく金属の塵だけが残った。","即使在飞行中，蝙蝠们也无法幸免，因为带有近炸引信的地雷炸开了一团特种碎片云。狭窄隧道内的压力确保了冲击波的集中，震碎了它们脆弱的翼骨。拍打翅膀的声音消失了，取而代之的是金属粉尘静静落下的沉寂。"
"MSG_C_MINEFIELD_C_WIN","The cobra slithers across wait-and-see mines, its weight just enough to trigger the sensitive sensors. A series of shaped charges blast upward, severing the serpent's long body into multiple smoking pieces. The silent hunter is taken by surprise by an invisible and immovable enemy.","コブラが潜伏していた地雷の上を滑るように移動したとき、その重みが精密なセンサーを反応させた。上方へ向けて放たれた指向性爆薬が、その長い体を複数の破片へと引き千切る。静かな狩人は、目に見えず動かない敵によって最期を迎えた。","眼镜蛇滑行过待命地雷时，其重量恰好触发了灵敏的传感器。一连串成型装药向上喷发，将这条长蛇炸成了数段冒烟的残骸。无声的猎手被一个看不见且无法移动的敌人突袭了。"
"MSG_C_MINEFIELD_D_WIN","A dragon's heavy footsteps are its undoing as it enters a high-yield naval minefield. Each massive stomp triggers an explosion that rivals its own fiery breath in intensity. The great beast finds its scales no protection against the force emerging from the earth.","伝説の竜も、高火力の地雷原に足を踏み入れたことが運の尽きだった。巨体が生み出す重みが地雷を誘発し、自身の吐息に匹敵する炎が噴き出す。いかに誇り高き鱗を持とうとも、大地から突き上げる破壊力からは身を守れなかった。","龙那沉重的脚步成了它的催命符，因为它踏入了高载药量地雷区。每一次沉重的跺脚都会触发一场强度足以与其龙息相媲美的爆炸。这头巨兽发现，自己的鳞片在从地底喷薄而出的力量面前毫无防御力。"
"MSG_C_MINEFIELD_E_WIN","The ancient ent's massive roots trigger the deep-buried anti-fortification mines. The intense heat of the thermite-based explosions sears through the magical wood, causing the titan to collapse into a pyre. The forest guardian is brought down by an underground trap that ignores its sturdy bark.","エントが伸ばした巨大な根が、深く埋められた対要塞地雷を起動させた。テルミット反応による猛烈な熱が魔法の木を焼き尽くし、巨人はそのまま燃える薪の山と化した。自慢の硬い樹皮も、地中から襲う罠の前には無防備だった。","古老树精巨大的树根触发了深埋的坚固地雷。基于铝热剂的爆炸产生的高热烧穿了魔法木材，导致这个巨人倒在了火堆中。这位森林守护者倒在了一个无视其坚韧树皮的地下陷阱之下。"
"MSG_C_MINEFIELD_F_WIN","Thousands of light-pressure mines detonate as the swarm of flies attempts to land on the area. The chain reaction creates a continuous wall of fire that consumes every single insect within the zone. The buzzing pestilence is neutralized by a sophisticated and automated defense system.","無数の軽荷重地雷が、ハエの群れが着陸しようとした瞬間に牙を剥いた。連鎖的な爆発が炎の壁を作り出し、区域内の虫を一匹残らず飲み込んでいく。不快な害虫は、高度に自動化された防衛システムによって一掃された。","当成千上万只苍蝇企図在该区域降落时，成千上万个轻压地雷被引爆。连锁反应制造了一道持续的火焰墙，吞噬了区域内的每一只昆虫。由于配备了精密且自动化的防御系统，这些嗡嗡作响的害虫被彻底清除了。"
"MSG_C_MINEFIELD_G_WIN","The goblin's cautious advance is thwarted by a cleverly concealed jumping mine. The device leaps to chest height before exploding, catching the creature and its companions in a lethal spray of shrapnel. Its primitive trap-finding skills were no match for modern industrial engineering.","慎重に進もうとしたゴブリンも、巧妙に隠された地雷の前には無力だった。跳躍式の罠が胸の高さまで飛び上がり、致命的な破片を辺りに撒き散らす。原始的な罠探しの技術では、現代工学の結晶を見破ることは不可能だった。","哥布林谨慎的前行被一个巧妙掩藏的跳雷瓦解了。装置跃起至胸部高度后爆炸，将其及其同伴卷入致命的碎片喷射中。它原始的探雷技巧根本无法与现代工业工程相提並论。"
"MSG_C_MINEFIELD_H_WIN","Propelled by its own weight during a dive, the harpy triggers a series of area-denial mines hidden in the debris. The fragmentation charges shred her wings, making further flight impossible. The proud aerial predator is grounded permanently in a field of mechanical death.","急降下中の体重が仇となり、ハーピーは瓦礫に隠された範囲制圧地雷を起動させてしまった。飛散する破片によって自慢の翼は引き千切られ、二度と空を飛ぶことはできない。誇り高き狩人は、機械の死が支配する大地へと永遠に堕ちた。","哈比鸟人在俯冲过程中因自身重量触发了隐藏在碎片中的区域阻绝地雷。破碎电荷撕裂了她的双翼，使其再也无法飞行。这位高傲的空中掠食者在充满机械死神的领域中永久坠地。"
"MSG_C_MINEFIELD_I_LOSS","The imp senses the metallic nature of the mines and uses its magic to float just inches above the ground. It gleefully dances through the field, carefully avoiding any pressure on the sensors. The hidden explosives remain dormant as the mischievous demon makes its way to the minefield's controller.","インプは地雷の金属的な性質を察知し、地面から数センチだけ浮遊して移動した。センサーを刺激しないよう、踊るように地雷原を抜けていく。悪戯好きな悪魔の接近を許し、地中に眠る爆薬は一度もその力を発揮することはなかった。","小恶魔感知到了地雷的金属特性，并利用魔法在离地几英寸的地方滑行。它开心地在领域中穿行起舞，小心翼翼地避免给传感器施加压力。当这个调皮的恶魔走向地雷控制中心时，埋藏的炸药依然处于睡眠状态。"
"MSG_C_MINEFIELD_J_LOSS","The jelly's slow, spreading movement fails to apply the concentrated pressure required to trigger the mines. Even when a small mine does detonate, the liquid entity simply flows around the blast or absorbs the shock. The minefield becomes a messy but ineffective obstacle for a creature with no solid parts to break.","ジェリーのゆっくりと広がるような移動では、地雷を反応させるのに十分な圧力がかからなかった。たまに作動したところで、流体である彼らは爆風を受け流し、衝撃を吸収してしまう。急所を持たない相手にとって、地雷原は何の障害にもならなかった。","果冻怪缓慢扩散式的移动无法产生触发地雷所需的集中压力。即使小型地雷爆炸了，这个液态实体也只是顺着爆炸流动或吸收震荡。对于一个没有固体部位可损坏的生物，地雷区变成了麻烦但无效的障碍。"
"MSG_C_MINEFIELD_K_LOSS","The kobolds use their keen sense of smell to detect the chemical components of the explosives and mark each mine. They carefully navigate the field, using small sticks to probe ahead and ensure safe passage. The minefield is rendered useless as the entire pack moves through it unscathed.","コボルトたちは優れた嗅覚で爆薬の化学成分を嗅ぎ分け、地雷の場所を特定していった。木の棒で地面を確認しながら、慎重に安全なルートを作っていく。群れ全員が傷一つ負わずに通過し、自慢の防衛線は単なる目印へと成り下がった。","狗头人利用灵敏的嗅覚检测炸药的化学成分，并标记出每一个地雷。它们小心翼翼地在领域中导航，利用小木棍探测前方以确保安全通行。由于整群狗头人毫发无损地穿行而过，地雷区变得毫无作用。"
"MSG_C_MINEFIELD_L_LOSS","The lizard's natural agility and low body temperature make it nearly invisible to infrared and pressure sensors. It darted between the mines with instinctive precision, never staying in one spot long enough to trigger an explosion. The specialized traps were designed for larger, heavier targets, leaving the quick reptile ignored.","トカゲの機敏さと低い体温は、赤外線や圧力センサーを欺くのに十分だった。本能的な正確さで地雷の間をすり抜け、爆発を招くほどの滞留も許さない。大型の標的を想定した罠にとって、この素早い爬虫類は隠密そのものだった。","蜥蜴天生的敏捷和低体温使其在红外线和压力传感器面前几乎隐形。它以此本能的精准度在各雷区之间穿梭，从未在某处停留过久以致触发爆炸。这种特种陷阱是为更大、更重的目标设计的，让这只敏捷的爬行动物被忽略了。"
"MSG_C_MINEFIELD_M_WIN","The mummy's heavy, ritualistic walk is the perfect trigger for the seismic mines buried in the tomb. The explosion disrupts the ancient preservation spells, scattering the undead corpse across the desert floor. The guardian of the crypt is destroyed by a threat it could never have encountered in its own time.","儀式用の重々しい歩みが、地下に埋められた感震地雷の格好の標的となった。爆発が古代の保存魔法を打ち消し、不死の骸を砂漠へとぶちまける。墓所の守護者は、生前には決して遭遇し得なかった種類の脅威によって打ち倒された。","木尼伊沉重且充满宗教感的步伐完美地触发了埋在坟墓里的地震地雷。爆炸破坏了古老的保存咒语，将其那不死残躯散落在沙漠地表上。地窖守护者被一种在它那个时代从未遇到的威胁摧毁了。"
"MSG_C_MINEFIELD_N_WIN","As the naga slithers through the restricted area, she unknowingly crosses a web of invisible laser tripwires. A coordinated volley of directional mines fires instantly, shredding her form from multiple angles. Even her legendary speed could not outrun the speed of light and electricity.","ナーガが立ち入り禁止区域に踏み込んだとき、彼女は目に見えないレーザーの罠を横切っていた。指向性地雷が一斉に牙を剥き、あらゆる角度からその体を切り裂く。伝説の俊足をもってしても、光と電気の速度からは逃げられなかった。","当美杜莎滑行穿过禁区时，她在不经意间触碰了隐形机关激光线。一连串定位地雷瞬间齐射，从多个角度撕裂了她的身躯。即便是她那传说的速度也快不过光速和电能。"
"MSG_C_MINEFIELD_O_WIN","The charging orc triggers a high-explosive trap, sending a massive shockwave directly into its unarmored legs. The sheer force of the blast overcomes even its legendary stamina, bringing the giant crashing to the ground. The minefield proves that modern cunning can defeat even the most fearsome raw power.","突き進むオークが強力な地雷を踏み抜き、巨大な衝撃波がその無防備な足を直撃した。あまりの破壊力に自慢の生命力も尽き、巨人はそのまま大地へと叩きつけられる。現代の知略が、いかに恐るべき蛮力を凌駕するかを地雷原が証明した。","冲锋中的兽人触发了一个高爆陷阱，巨大的冲击波直击其未着护甲的双腿。爆炸的威力甚至压倒了它那传说的耐力，让这个巨人轰然倒地。地雷区证明了现代计谋可以战胜最可怕的蛮力。"
"MSG_C_MINEFIELD_P_LOSS","The small pixie flies high above the ground, making the terrestrial mines completely irrelevant. She sprinkles some pixie dust over the field from a safe altitude, causing some of the sensors to malfunction and detonate prematurely. She watches the light show safely from above, enjoying the chaos she caused.","小さなピクシーは常に高く浮遊しており、地上の罠は何の脅威にもならなかった。上空から振り撒いた妖精の粉がセンサーを狂わせ、地雷を無意味に自爆させていく。彼女は安全な高さから、自分が引き起こした光のショーと混沌を愉快そうに眺めていた。","娇小的小精灵在高空飞行，使得地面上的地雷完全失去了意义。她从安全高度向领域洒下一些小精灵粉末，导致部分传感器失灵并提前爆炸。她在上空安全地观看这场灯光秀，享受着自己制造的混乱。"
"MSG_C_MINEFIELD_Q_LOSS","The coeurl's sensitive whiskers detect the magnetic signatures of the anti-personnel mines long before it steps on them. It navigates the field with an unnatural grace, jumping over the active triggers with ease. The predator moves through the mechanical death trap as if it were a simple forest path.","クァールは敏感な髭で地雷の磁気反応を捉え、足を踏み入れる前にその場所を見抜いていた。不自然なほどしなやかな動きで罠を跳び越し、余裕を持って地雷原を抜けていく。この機械仕掛けの死の罠も、彼にしてみれば単なる森の小道に過ぎなかった。","夸尔灵敏的长须在踩到防步兵地雷之前就检测到了它们的磁信号。它以一种超乎自然的优雅在领域中导航，轻松跳过激活的引信。这位掠食者穿行过这片机械死神陷阱，仿佛那只是条普通的森林小径。"
"MSG_C_MINEFIELD_R_LOSS","The giant rat's small size and low weight fail to trigger the heavy-duty pressure plates of the main mines. It scurries along the edge of the field, occasionally sniffing at the buried devices but never remaining still long enough to be detected. The defensive measure was designed for humans, leaving the clever rodent to pass through unnoticed.","巨大なネズミの体重とサイズでは、重厚な地雷の感圧板を動かすことはできなかった。地雷原の端を走り抜け、時折埋められた装置の匂いを嗅ぐものの、検知されるほど長く留まることはない。人間用に設計された防衛線を、賢い小動物は嘲笑うかのように通り抜けた。","大老鼠娇小的身形和轻巧的重量无法触发主地雷沉重的压板。它沿着领域的边缘窜行，偶尔闻闻埋藏的装置，但从未停留到足以被检测到。这种防御措施是为人类设计的，让这只聪明的小动物得以神不知鬼不觉地通过。"
"MSG_C_MINEFIELD_S_LOSS","The slime's body is so distributed that it never triggers a single pressure sensor as it oozes across the field. Even if a mine were to detonate, the flexible fluid simply flows into the crater or reforms after the shock. The high-explosive traps are wasted on a creature that doesn't rely on solid form or fragile organs.","スライムの体は常に均等に分散されており、地表を這う際に圧力を一点に集中させることがない。運悪く爆発したところで、柔軟な体は穴を埋めるように流れ込み、すぐに元通りになる。急所を持たない相手に対して、高火力の地雷は単なる無駄撃ちに終わった。","史莱姆在领域蠕动时身体极度分散，从未触发过任何一个压力传感器。即便地雷爆炸了，其富有弹性的流体也只是流进弹坑或在震荡后重塑。对于这种不依赖固体形态或脆弱器官的生物，高爆陷阱纯属浪费。"
"MSG_C_MINEFIELD_T_WIN","The troll's reckless charge leads it directly into a concentrated patch of anti-tank mines. The multiple detonations are powerful enough to blast through even its regenerative hide and shatter its heavy bones. The localized earthquake created by the explosions leaves the giant broken and buried under the earth it once walked upon.","猪突猛進するトロルは、運悪く対戦車地雷が密集する地点へ飛び込んでしまった。連続する爆発の衝撃は、自慢の再生能力や巨体を支える骨さえも粉砕するに十分だった。局所的な地震のような衝撃が、かつて地上を支配していた巨人を大地に沈めた。","巨魔鲁莽的冲锋直接将它带向了一处密集的反坦克地雷区。多次爆炸足够强力，炸穿了它那具有再生能力的厚皮，击碎了它沉重的骨头。爆炸引发的局部地震让这位巨人支离破碎，最终被埋在了它曾践踏的土地之下。"
"MSG_C_MINEFIELD_U_WIN","The undead legion's methodical advance is met with specialized holy-water mines hidden beneath the surface. Each explosion releases a sanctified blast that dissolves the dark energy binding the skeletons together. The mechanical trap proves to be an effective exorcist, turning an army of darkness into a pile of blessed dust.","整然と進軍する不死の軍勢に対し、聖水を仕込んだ特製の地雷が牙を剥いた。一回一回の爆発が聖なる波動を放ち、骨を繋ぎ止めていた闇の力を消し去っていく。機械の罠が優れた祓魔師となり、闇の軍勢を聖なる塵の山へと変えてしまった。","亡灵军团有条不紊的前进遭到了隐藏在地面下的圣水特种地雷的打击。每一次爆炸都会释放出一股神圣冲击，融化了维系骷髅的暗影能量。机械陷阱证明了它是个有效的驱魔人，将黑暗大军变成了一堆神圣的尘埃。"
"MSG_C_MINEFIELD_V_WIN","The vampire's attempt to close the distance is interrupted by high-frequency motion traps and ultraviolet flares. The sudden burst of artificial sunlight burns his undead flesh and disrupts his ability to transform into mist. He is caught in a lethal trap designed specifically to exploit his ancient weaknesses.","距離を詰めようとしたヴァンパイアの前に、高周波追尾罠と紫外線フレアが立ちはだかった。人工的な太陽光の炸裂がその肌を焼き、霧へと逃げる術を封じ込める。古代からの弱点を見事に突いた現代の罠に、高貴な不死者はなす術もなく囚われた。","吸血鬼企图拉近距离，却被高频运动陷阱和紫外线照明弹阻断。突然爆发的人工阳光灼烧了他那不死的肉身，干扰了他化雾的能力。他陷入了一个专门为利用其古老弱点而设计的致命陷阱。"
"MSG_C_MINEFIELD_W_WIN","A pack of wolves finds their coordination broken as they enter a scattered field of acoustic mines. The high-pitched blasts disorient their sensitive hearing, leading them to blindly trigger more traps in their confusion. The natural hunters are defeated by a technological ambush they could neither smell nor see.","連携を誇るオオカミの群れも、音響地雷が仕掛けられた区域では統率を失ってしまった。あまりに鋭い音の衝撃が彼らの感覚を狂わせ、パニックの中で次々と罠を連鎖させる。野生の狩人は、匂いも姿も捉えられない技術の伏兵の前に敗れ去った。","狼群在踏入声学地雷区时发现它们的协作被打乱了。尖锐的爆裂声使其灵敏的听觉产生定向障碍，导致它们在混乱中盲目地触发了更多陷阱。这些天生的猎手被一场它们既闻不到也看不见的科技伏击打败了。"
"MSG_C_MINEFIELD_X_WIN","Xalthis, despite being composed of energy, is grounded by a series of electromagnetic pulse mines. Each EMP blast destabilizes his form, causing his energy to hemorrhage into the surrounding air. The modern traps prove that even an entity of pure power is susceptible to the laws of physics.","エネルギー体であるザルシスでさえ、連続する電磁パルス地雷の前には無力だった。EMPの衝撃がその実体を不安定にし、蓄えられたエネルギーを周囲へ霧散させていく。純粋な力の塊であっても、物理法則に従う現代の罠には抗えないことを証明した。","扎尔希斯虽然由能量构成，却被一连串电磁脉冲地雷击落。每一次EMP爆炸都会使其形态不稳定，导致其能量流失到周围空气中。现代陷阱证明，即便是纯粹能源实体也难逃物理定律。"
"MSG_C_MINEFIELD_Y_WIN","The yeti's mountain home becomes a death trap as a network of thermal-sensitive mines is activated. The intense heat of the explosions creates a pocket of warmth that is lethal to a creature born of eternal ice. The snow titan is brought down by an artificial summer that its cold body cannot withstand.","山の王であるイエティにとって、熱感知地雷の網は逃げ場のない死の罠となった。地中から放たれる猛烈な熱が、氷の体を持つ彼にとって致命的な温室効果を生み出す。雪の巨人は、その身体が決して耐えられない人工の夏によって打ち倒された。","随着热敏地雷网被激活，雪人的大山家园变成了死神陷阱。爆炸产生的高热制造了一个对这种永恒冰霜生物而言致命的温暖带。雪怪被一场它那寒冷之躯无法承受的人造夏天击倒了。"
"MSG_C_MINEFIELD_Z_WIN","The persistent advance of the zombie horde is finally halted by a wall of napalm-infused landmines. As the fire spreads through the dead flesh, the necrotic tissue is consumed before it can reach its target. The mindless sea of undead is incinerated in a controlled blaze, proving that some threats are best handled from below.","止まることのないゾンビの波も、ナパーム仕込みの地雷原によってついに堰き止められた。死せる肉体を炎が這い回り、目標に届く前に腐敗した組織を焼き尽くす。知性なき死者の群れは制御された火炎の中に消え、足元からの脅威が最も有効であることを証明した。","僵尸群持续的前进终于被一道注入凝固汽油弹的地雷墙阻止了。随着火焰在其腐尸上蔓延，坏疽组织在到达目标前就被焚毁了。这群丧失理智的不死族在一场受控的烈焰中化为灰烬，证明了应对某些威胁的最佳方案来自地下。"
"MSG_C_MAGNET_A_WIN","The ant's internal compass was scrambled by the sudden magnetic surge. It walked in dizzying circles, unable to find its way back to the pheromone trail. The tiny pioneer was lost in a field of invisible force.","突如とした磁気の急上昇により、アリの体内コンパスは完全にかき乱された。フェロモン・トレイルを見失い、魔物は目を回すような円を描いて歩き続ける。小さな先駆者は、見えざる力の場の中で迷子となったのである。","由于突然的磁力激增，蚂蚁内部的罗盘被打乱了。它眩晕地打圈走着，无法找到回到费洛蒙轨迹的路。这个微小的先驱者迷失在了一个无形的力量场中。"
"MSG_C_MAGNET_B_WIN","Iron particles in the bat's brain reacted violently to the powerful magnet. It crashed into the stone walls as its natural navigation failed completely. The night flyer met a metallic end.","コウモリの脳内にある鉄の粒子が、強力な磁石に激しく反応した。天然の航法が完全に機能不全に陥り、魔物は石壁へと激突する。夜の飛行者は、金属的な最期を迎えたのである。","蝙蝠大脑中的铁微粒对强大的磁铁产生了剧烈反应。由于自然的导航彻底失效，它撞到了石墙上。黑夜飞行者迎来了金属般的终結。"
"MSG_C_MAGNET_C_WIN","The cobra's sensors were blinded by the magnetic field, masking the heat of its prey. It lashed out at the empty air as the force pulled at its very blood. The serpent was defeated by a force it couldn't see.","コブラの感覚器は磁場によって遮断され、獲物の放つ熱を見失った。血液そのものを引き寄せる力に翻弄され、魔物は虚空に向かって牙を剥く。蛇は、目に見えぬ力の前に敗北したのである。","眼镜蛇的传感器被磁场遮蔽，掩盖了猎物的热量。当磁力拉扯它的血液时，它对着虚空猛击。蛇被一种它看不见的力量击败了。"
"MSG_C_MAGNET_D_WIN","The dragon's hoard of legendary treasures began to fly toward it, pinning the beast down. It roared in frustration as ancient armor and swords became its own prison. The king of flames was buried under his own wealth.","伝説的な財宝の山がドラゴンの元へと一斉に飛来し、その巨体を地面に縫い付けた。古の鎧や剣が自らを閉じ込める牢獄と化し、魔物は苛立ちの咆哮を上げる。炎の王は、自らの富の下に埋もれたのである。","巨龙收藏的传奇宝藏开始向它飞去，将这头猛兽钉在地上。随着古老的盔甲和宝剑成了它自己的监狱，它挫败地咆哮着。火焰之王被埋在了他自己的财富之下。"
"MSG_C_MAGNET_E_WIN","Deep-rooted ores in the forest floor pulled the ancient Ent down with titanic force. It groaned as its wooden limbs were crushed against the hidden metallic veins of the earth. The forest spirit was anchored forever.","森の地底に眠る鉱石が、巨人の力で古のエントを大地へと引きずり込んだ。地中の金属脈に押し付けられ、木の四肢が軋み、砕けていく。森の精霊は、永遠にその場へと繋ぎ止められたのである。","森林地下的深根矿石以巨大的力量将古老的树精拉了下来。随着它木质的肢体被压碎在地下隐藏的金属矿脉上，它发出了呻吟。森林之灵被永久地固定住了。"
"MSG_C_MAGNET_F_WIN","The fly was sucked into the magnetic center, its tiny metal-infused exoskeleton crushed. It buzzed in a high, static frequency before its life was simply extinguished. The pest was deleted by a metallic pulse.","ハエは磁気回路の中心へと吸い込まれ、金属質を含んだ小さな外骨格が粉砕された。スタティックな高周波の羽音を立て、やがてその命は静かに消え去る。害虫は、金属のパルスによって消去されたのである。","苍蝇被吸入磁力中心，它含有微量金属的小型外骨格被粉碎。在生命熄灭前，它发出了高频的静电嗡鸣声。这个害虫被金属脉冲抹去了。"
"MSG_C_MAGNET_G_WIN","Every piece of stolen metal the goblin carried suddenly tried to return to the magnet. It was dragged backward by its own heavy loot, screaming as its treasures became its weight. The thief met a magnetic karma.","ゴブリンが持ち歩いていた盗品が、一斉に磁石へと戻ろうとした。自ら集めた重い戦利品に引きずり回され、魔物は宝物が自らの「重荷」となったことに絶叫する。泥棒は、磁気の因果応報を受けたのである。","哥布林携带的每一件偷来的金属零件突然都想回到磁铁那里。它被自己沉重的战利品向后拖着，由于财宝成了它的负担，它发出了尖叫。这名窃贼遭遇了磁力业报。"
"MSG_C_MAGNET_H_WIN","Armor plates from old heroes flew into the air, creating a swirling metallic storm around the harpy. She shrieked as the iron weight dragged her from the thermals into the dark. The sky queen was anchored by the earth's pull.","古の英雄たちの甲冑が宙を舞い、ハーピーの周囲に渦巻く金属の嵐を作り出した。鉄の重みが上昇気流から彼女を引きずり落とし、闇へと沈めると、彼女は絶叫を上げる。空の女王は、大地の引力に繋ぎ止められたのだ。","旧日英雄的护甲飞上半空，在哈皮周围形成了一场漩涡。钢铁的重量将她从上升气流拉入黑暗，她发出了绝叫。天空女王被大地的磁力固定。"
"MSG_C_MAGNET_I_WIN","The imp's magical contracts were written in metallic ink that suddenly sparked and burned. It tried to hold onto its pacts, but the magnet ripped the very power from its hands. The trickster was neutralized by physics.","インプの魔契約は金属由来のインクで書かれており、それが突如として火花を散らし燃え上がった。契約を繋ぎ止めようとするが、磁石はその手から力そのものを奪い去る。悪戯っ子は、物理学の前に無力化されたのである。","小恶魔的魔法契约是用金属墨水书写的，突然间火花四溅并燃烧起来。它试图守住契约，但磁铁将其手中的力量夺走。骗子被物理学中和了。"
"MSG_C_MAGNET_J_LOSS","The player tried to use the magnet to pull the jelly's core, but the device was too weak for the creature's immense fluid pressure. The jelly simply absorbed the magnet into its mass, the metallic pull having no effect on the mindless ooze.","プレイヤーは磁石を使ってジェリーの核を引き寄せようとしたが、魔物の莫大な流体圧の前にはデバイスの力はあまりに無力だった。磁石はそのまま泥濘の中に飲み込まれ、見えざる引力も意志なきスライムには何の影響も与えなかったのである。","玩家试图利用磁铁拉动果冻怪的核心，但相对于该生物巨大的流体压力，装置的力量显得微不足道。果冻怪轻而易举地将磁铁吸入其质量中，磁力对这种无意识的软泥毫无作用。"
"MSG_C_MAGNET_K_WIN","The kobold warrior's crude iron weapon turned against its master, pulling the dog-man into a wall. It barked in terror as every metallic tooth and claw it stole became a lethal anchor. The tribal hero met a metallic fate.","コボルドの戦士が手にしていた粗末な鉄の武器が牙を剥き、犬人を壁へと叩きつけた。自ら盗んだ金属製の爪や牙が、致命的な重石となるのを悟り、魔物は恐怖の声を上げる。部族の英雄は、金属的な運命に翻弄されたのである。","狗头人战士粗糙的铁制武器反噬其主，将这个犬人拉向墙壁。由于它偷来的每一件金属牙齿和爪子都成了致命的锚点，它惊恐地吠叫着。部族英雄遭遇了金属般的命运。"
"MSG_C_MAGNET_L_WIN","The lizard's environment became a maze of metallic debris that pinned it to the dungeon floor. It hissed in panic as the very iron in the blood of its previous meals reacted to the force. The predator was anchored by its own success.","ダンジョンの金属片が迷路のようにリザードを囲み、地面に縫い付けた。かつての獲物たちの血液に含まれていた鉄分までもが磁気に反応し、魔物はパニックの声を上げる。捕食者は、自らの成功によって繋ぎ止められたのである。","蜥蜴周围的环境成了一堆金属碎片的迷宫，将其钉在地牢地板上。由于它先前猎物血液中的铁元素对磁力产生反应，它惊恐地发出了嘶嘶声。掠食者被它自己的成功固定住了。"
"MSG_C_MAGNET_M_WIN","Iron amulets within the mummy's rags surged with power, crushing the ancient body within. It collapsed as the magnetic field erased the spiritual bonds that animated its dry form. The past was crushed by modern force.","マミーの包帯の中に隠されていた鉄のお守りが力を帯び、その古の肉体を内側から押し潰した。磁場が乾燥した肉体を動かしていた霊的な絆を消し去ると、魔物は崩れ落ちる。過去は、近代的な力の前に粉砕されたのだ。","木乃伊破布里的铁质护身符力量激増，压碎了里面的古老躯体。随着磁场抹除赋予其干燥形态活力的精神纽带，它瘫倒在地。过去被现代力量粉碎。"
"MSG_C_MAGNET_N_LOSS","The naga used the magnetic pull on her jewelry to accelerate her winding movements, striking from an angle the player couldn't anticipate. The wise spirit turned the player's own device into a weapon of her own. The gold did not drag her down; it lifted her to victory.","ナーガは装飾品にかかる磁力的な引力を利用して自らのうねる動きを加速させ、プレイヤーが予期せぬ角度から一撃を放った。賢き精霊はプレイヤーのデバイスを自らの武器へと変え、黄金の重みは彼女を引きずり下ろすどころか、勝利へと導く翼となったのである。","纳迦利用饰品上的磁力来加速她的缠绕动作，从玩家无法预料的角度发起攻击。智者之灵将玩家自己的装置变成了她自己的武器。黄金并没有把她拖下水，反而将她推向了胜利。"
"MSG_C_MAGNET_O_LOSS","The orc's iron axe was pulled by the magnet, but the brute's raw strength was far superior. It used the magnetic force to accelerate its swing, the heavy blade crashing down through the player's defenses with unexpected speed. Raw power mastered the field.","オークの鉄斧は磁石に引き寄せられたが、魔物の生の怪力はそれを遥かに凌駕していた。磁力を利用して逆にスイングを加速させ、重厚な刃は予想外の速度でプレイヤーの防御を粉砕する。生身の力が磁場を支配したのである。","兽人的铁斧被磁铁吸引了，但那个蛮子的原始力量远胜于此。它利用磁力反过来加速挥动，沉重的刀刃以意想不到的速度击穿了玩家的防御。原始力量主宰了战场。"
"MSG_C_MAGNET_P_WIN","The pixie used the magnet to create a swirling dance of metallic dust that confused everyone. She giggled as she orchestrated a grand display of physics that lit up the dungeon. The forest trickster mastered the poles.","ピクシーは磁石を使い、皆を惑わせる金属粉の舞踏を作り出した。ダンジョンを照らし出す壮大な物理現象を操り、彼女はくすくすと笑う。森の悪戯っ子は、磁極の力を完全に従わせたのである。","小仙女利用磁铁制造了一场旋转的金属粉尘之舞，迷惑了所有人。当她编排出一场照亮地牢的大规模物理展示时，她咯咯地笑着。森林骗子掌握了磁分两极。"
"MSG_C_MAGNET_Q_WIN","The coeurl's electric attacks were amplified by the magnet, creating arcs of lethal dark lightning. It moved through the magnetic waves with precision, striking its enemies with high-speed accuracy. The high-speed hunter was the master of the field.","クアールの電撃は磁石によって増幅され、致命的な闇の稲妻を描き出した。磁気波の中を正確に通り抜け、敵に対して高速かつ精密な一撃を放つ。高速の狩人は、磁場の真の支配者となったのである。","夸尔的电击攻击被磁铁放大，产生了致命的黑暗闪电弧。它在那磁波中精确穿梭，以高速的准确性攻击敌人。高速猎手是磁场的掌控者。"
"MSG_C_MAGNET_R_LOSS","The rats ignored the flying nails and metal scraps, their sheer numbers allowing them to swarm the player before the magnet could build a significant defense. The magnetic field was overwhelmed by the living tide of fur and teeth. The swarm did not care for metallic laws.","ラットたちは飛び交う釘や鉄屑を無視し、その圧倒的な数によって磁石が十分な防御を築く前にプレイヤーに群がった。見えざる磁場は、毛皮と牙の生ける奔流の前に飲み込まれたのである。群れにとって、金属の法則など何の意味もなさなかった。","老鼠无视为飞舞的钉子和金属碎片，它们庞大的数量让它们在磁铁建立有效防御之前就围攻了玩家。磁场被皮毛和牙齿组成的生命潮水淹没了。鼠群并不在意金属定律。"
"MSG_C_MAGNET_S_LOSS","The slime absorbed the metallic objects pulled by the magnet, using them to reinforce its own surface with a makeshift layer of iron armor. The player's attacks bounced off the newly reinforced ooze as the gelatinous threat grew even more dangerous. The magnet only provided the monster with weapons.","スライムは磁石によって引き寄せられた金属物を肉体に取り込み、それらを即席の鉄の装甲として自らの表面を強化した。新たに武装した泥濘に対してプレイヤーの攻撃は虚しく弾かれ、スライムの脅威は増大するばかりであった。磁石はただ、魔物に武器を与えたに過ぎなかったのだ。","史莱姆吸收了被磁铁吸引的金属物体，利用它们作为临时铁甲来增强系统自身的表面。随着胶状威胁变得更加危险，玩家的攻击在经过强化后的软泥上弹开。磁铁只是为怪物提供了武器。"
"MSG_C_MAGNET_T_LOSS","The troll used the magnetic pull on its iron club to fuel its brutal momentum, swinging with a force that shattered the player's shield. The heavy weapon became a lethal pendulum that the player could not escape. The giant's raw power turned the magnetic trap into a deadly advantage.","トロールは鉄の棍棒にかかる磁力を利用して自らの野蛮な勢いを加速させ、プレイヤーの盾を粉砕するほどの威力で振り回した。重厚な武器は、プレイヤーが逃れることのできない致命的な振り子へと化す。巨人の怪力は、磁気の罠を死の優位性へと変えたのである。","巨魔利用铁棒上的磁力来增强其野蛮的动量，以粉碎玩家盾牌的力量进行挥击。沈重的武器变成了一个玩家无法逃脱的致命摆。巨人的原始力量将磁力陷阱变成了一个致命的优势。"
"MSG_C_MAGNET_U_WIN","Iron particles in the ground reacted to the magnet, rising like sharp ghosts through the forms of the undead. They were pinned to the earth by the very dust they sought to escape from. The wandering souls found a permanent anchor.","地中の鉄分が磁石に反応し、鋭い亡霊のごとき影となってアンデッドの肉体を貫いた。逃れようとしていた塵そのものによって大地に縫い付けられ、魔物はこの場を動けなくなる。彷徨う魂は、永遠の錨を見出したのである。","地下的铁微粒对磁铁产生反应，像锋利的幽灵一样穿透亡灵的形态。它们被那原本想逃离的尘土钉在大地上。徘徊的灵魂找到了永久的锚。"
"MSG_C_MAGNET_V_LOSS","The vampire sensed the magnetic pull on his noble sword and released it instantly, only to strike with his deadly, blood-stained claws. The player was caught off guard by the sudden weaponless assault as the night prince proved he didn't need steel to kill.","ヴァンパイアは高貴なる剣にかかる磁気的な引力を察知し、即座にそれを手放すと、致命的な血塗られた爪で襲いかかった。武器を捨てた突然の猛攻にプレイヤーは不意を突かれ、夜の王子は殺すために鋼など不要であることを証明したのである。","吸血鬼察觉到磁力正在吸引他那把高贵的剑，于是立即松手，转而用致命的血爪发起攻击。玩家因这次突然的徒手袭击而措手不及，而深夜王子证明了他并不需要钢铁也能杀人。"
"MSG_C_MAGNET_W_LOSS","The wolf pack sensed the strange field and worked together to lead the player into their own metallic traps. The player tripped over the very iron they sought to control, falling into the waiting jaws of the forest predators. The pack hunted the hunter with their own iron.","ウルフの群れは奇妙な磁場を察知し、協力してプレイヤーを自らの仕掛けた鉄の罠へと誘い込んだ。制御しようとした鉄そのものに足を取られ、プレイヤーは森の捕食者たちが待ち構える顎の中へと倒れ込む。群れは、自らの鉄で「狩人」を狩ったのである。","狼群察觉到了奇怪的磁场，并共同努力利用玩家自己设置的金属陷阱。玩家被他们原本试图控制的铁块绊倒，掉进了森林掠食者早已准备好的口中。狼群用自己的钢铁猎杀了猎人。"
"MSG_C_MAGNET_X_LOSS","Xalthis focused the magnetic energy within its multiple metallic legs to move with impossible, synchronized speed. It became a blur of steel-like chitin that struck the player from multiple directions at once. The multi-legged nightmare used the pulse to enhance its lethality.","ザルティスは金属質の無数の脚に磁気エネルギーを集中させ、人知を超えた同期速度で移動した。鋼のような外骨格が残像となり、あらゆる方向から同時にプレイヤーへと襲いかかる。多足の悪夢は、磁気のパルスを自らの殺傷力を高めるために利用したのである。","扎尔提斯将其多条金属腿内的磁能集中起来，以不可思议的同步速度移动。它成了一道钢铁般外骨骼的残影，同时从多个方向攻击玩家。多肢噩梦利用脉冲增强了其杀伤力。"
"MSG_C_MAGNET_Y_LOSS","The yeti used the iron dust coated on its fur to create a magnetic shield that repelled the player's subsequent attacks. It stood amidst the metallic storm like an unyielding mountain of frozen iron, its power magnified by the earth's heart. The mountain king was unbothered by the pull.","イエティは毛皮を覆う鉄の塵を利用して磁気シールドを形成し、プレイヤーの追撃を跳ね返した。凍てついた鉄の山のごとく、魔物は金属の嵐の中に毅然と立ち尽くし、その力は大地の心臓によって増幅される。嶺の王は、引力など意にも介さなかったのである。","雪人利用涂在皮毛上的铁粉制造了一个磁力盾，抵挡了玩家随后的攻击。它就像一座屹立不倒的冻铁之山，站在金属风暴中，它的力量在地心的作用下被放大了。雪山之王并不理会那股拉力。"
"MSG_C_MAGNET_Z_LOSS","The zombie's weapons were ripped away, but it simply used its necrotic weight to crush the player under its cold, heavy body. The magnetic rest meant nothing to a creature that was already dead and driven by eternal hunger. The undead entropy simply consumed the mechanical effort.","ゾンビは武器を奪われたが、代わりにその壊死した重厚な肉体を利用して、プレイヤーを冷たく重い体で押し潰した。「金属的な安らぎ」など、既に死に、永遠の飢えに突き動かされる魔物には無意味だったのだ。アンデッドの不条理が、機械的な努力を飲み込んだのである。","僵尸的武器被夺走了，但它只是利用其坏死后的重量，用寒冷沈重的身体压碎了玩家。对于一个已经死去并被永恒饥饿驱动的生物来说，金属般的安息毫无意义。亡灵的熵直接消耗了机械的努力。"
"MSG_C_MIRROR_A_WIN","The ant charged at its own reflection, fruitlessly striking the unyielding glass until its chitin cracked. It was confused by a duplicate of itself that matched every move with perfect precision. The tiny soldier was defeated by its own vanity.","アリは自らの鏡像に突撃し、硬いガラスを虚しく叩き続けた。自らのあらゆる動きを完璧に模倣する複製に困惑し、魔物は混乱に陥った。小さな兵士は、自らの虚栄心の前に敗北したのである。","蚂蚁冲向它自己的倒影，徒劳地击打着坚硬的玻璃，直到它的外壳裂开。它被一个每一个动作都完美精确地与自己匹配的复制品弄糊涂了。这个微小的士兵由于它自己的虚荣心而被击败了。"
"MSG_C_MIRROR_B_WIN","The bat's sonar bounced back with a confusing clarity, showing a wall of a thousand fluttering bats. It spiraled in a panic, eventually crashing into a hall of mirrors that shattered its fragile form. The night hunter met a distorted end.","コウモリの超音波は不可解な明晰さで跳ね返り、無数のコウモリが羽ばたく壁を映し出した。パニック状態で旋回し、鏡の回廊に激突してその脆い肉体は砕け散る。夜の狩人は、歪んだ最期を迎えたのである。","蝙蝠的声呐以一种令人困惑的清晰度反弹回来，显示出一堵由一千只扑棱着的蝙蝠组成的墙。它惊恐地螺旋式飞行，最终撞进了一个镜厅，粉碎了它脆弱的形态。黑夜猎手遭遇了扭曲的终結。"
"MSG_C_MIRROR_C_WIN","The cobra struck at a ghost, its fangs clinking against the cold, hard surface of the glass floor. It hissed in surprise as it saw a second snake preparing an identical strike from the shadows. The serpent was defeated by a reflection.","コブラは幻影に向かって打ちかかり、その牙は冷たく硬いガラスの床に虚しい音を立てた。影の中から全く同じ姿勢で攻撃を繰り出そうとする「二頭目の蛇」を目撃し、魔物は威嚇の声を上げる。蛇は、鏡像の前に敗北したのである。","眼镜蛇攻击了一个幽灵，它的毒牙在玻璃地板寒冷坚硬的表面发出丁当声。由于看到第二条蛇正准备从阴影中发起完全相同的攻击，它惊讶地发出嘶嘶声。蛇被一个倒影击败了。"
"MSG_C_MIRROR_D_WIN","The dragon watched as another great wyrm rose from the floor to meet its ancient flame with equal heat. It roared in frustration as its legendary strength was mirrored exactly, move for move. The king of flames was defeated by his own legend.","ドラゴンは、自らの古の炎を迎え撃つべく、床の鏡の中からもう一頭の巨龍が同じ熱量を持って立ち上がるのを目撃した。伝説的な怪力が、一挙手一投足に至るまで完璧に模倣されることに、魔物は苛立ちの咆哮を上げる。炎の王は、自らの伝説の前に敗北したのである。","巨龙注视着另一头巨蛇从地板正升起，以同样的热量迎接它那古老的火焰。随着它传奇般的力量被分毫不差地复制，它挫败地咆哮着。火焰之王由于他自己的传奇而报败。"
"MSG_C_MIRROR_E_LOSS","The ancient Ent saw its own reflection and recognized the eternal resilience of the forest. It drew strength from the image of its former glory, its roots deepening as it pushed through the brittle glass. The spirit of the wood was unyielding to a mere illusion.","エントは鏡に映った自らの姿を見て、森の永遠の生命力を再認識した。かつての栄光の幻影から新たな力を引き出し、その根は硬いガラスを突き破って地中深くへと伸びてゆく。森の精霊は、単なる幻影の前には屈しなかったのである。","树精看到了它自己古老的倒影，并认出了森林永恒的韧性。它从它以前荣耀的形象中汲取了力量，随着它穿过脆弱的玻璃，它的根部加深了。森林之灵对区区幻觉不屈不挠。"
"MSG_C_MIRROR_F_WIN","The fly entered a kaleidoscope of reflections that multiplied its existence and its hunger a billion times. It buzzed in a high, confused frequency until its internal organs were shattered by the sensory riot. The pest was deleted by a hall of mirrors.","ハエは万華鏡のような鏡像の世界に迷い込み、自らの存在と飢えが十億倍にも膨れ上がるのを目の当たりにした。過負荷な感覚に内臓が粉砕されるまで、魔物は困惑の高周波を響かせ続ける。害虫は、鏡の回廊によって消去されたのである。","苍蝇进入了一个反射的万花筒，将其存在和饥饿增加了十亿倍。它以一种令人困惑的高频发出嗡鸣，直到内脏器官被感官暴乱粉碎。这个害虫被镜厅抹除了。"
"MSG_C_MIRROR_G_WIN","The goblin saw its bag of stolen loot doubled in the glass and reached out with a frantic grin. It shrieked in pain as its fingers hit the unyielding cold, its reflection mocking its eternal greed. The thief met a crystalline karma.","ゴブリンは鏡の中に戦利品の袋が二倍になったのを見つけ、狂ったような笑みを浮かべて手を伸ばした。しかし、指先が冷たく硬いガラスに弾かれ、鏡像が自らの強欲を嘲笑うのを感じて、魔物は絶叫する。泥棒は、結晶の因果応報を受けたのである。","哥布林在玻璃中看到它那袋偷来的战利品翻了一番，发出了疯狂的笑容。当它的手指碰到坚不可摧的寒冷时，它痛苦地尖叫，倒影嘲笑着它永恒的贪婪。这名窃贼遭遇了结晶般的业报。"
"MSG_C_MIRROR_H_WIN","A wall of perfect mirrors coated the harpy's path, turning her screech into an infinite echo of vanity. She shrieked as she lost air speed, unable to tell the sky from the reflections of the deep. The sky queen was silenced by the glass.","完璧な鏡の壁がハーピーの行く手を阻み、その金切り声を無限に響く虚栄の残響へと変えた。深淵の鏡像と空の区別がつかなくなり、失速した彼女は最期の絶叫を上げる。空の女王は、ガラスの壁の前に沈黙した。","一堵完美的镜墙挡住了哈皮的去路，将她的尖叫变成了虚荣的无限回声。由于无法从深邃的倒影中辨认出天空，在丧失空速时她尖叫了起来。天空女王被玻璃沈默了。"
"MSG_C_MIRROR_I_WIN","The imp's magical trickery was neutralized as the mirror reflected every dark rune back into its creator's face. It shrieked in frustration as its own shadow turned against it with lethal, mirror-like intent. The trickster was erased by the light of truth.","インプが放つ暗黒のルーンを鏡が全て跳ね返し、魔物の顔へと叩きつけた。自らの影が致命的な「鏡写し」の殺意を持って襲いかかってくることに、魔物は苛立ちの絶叫を上げる。悪戯っ子は、真実の光によって消し去られたのである。","随着镜子将每一个黑暗符文反射回创造者的脸上，小恶魔的魔法诡计被中和了。随着它自己的阴影带着致命的、镜子般的意图反噬其主，它挫败地尖叫着。骗子被真理之光抹除了。"
"MSG_C_MIRROR_J_LOSS","The jelly's simple, translucent form was unaffected by the mirror's magic. It saw nothing but a harmless glint of light and flowed over the glass without hesitation, absorbing it into its mindless, ever-growing mass. The reflective surface was lost to the slime.","ジェリーの単純で半透明な肉体は、鏡の魔法に全く影響されなかった。魔物は単なる無害な光の煌めきしか感じ取らず、躊躇なくガラスの上を流れ、それを自らの無機質な質量の中に吸収した。鏡像の表面は、泥濘の中に失われた。","果冻怪简单的半透明形态不受镜子魔法的影响。它除了看一个无害的闪光外什么也没看到，并毫不犹豫地流过了玻璃，将其吸入其无脑且不断增长的质量中。反射表面在软泥中消失了。"
"MSG_C_MIRROR_K_WIN","The kobold warrior found its crude weapon clinking against a duplicate that matched every parry and strike. It barked in terror as its fighting spirit was reflected as a mockery of the tribal hero it claimed to be. The tribal hero meeting a crystalline end.","コボルドの戦士が放つあらゆる攻撃は、完全に軌道を合わせられた鏡像の武器に阻まれた。自らが誇っていた闘争本能が、部族の英雄という虚像を嘲笑う鏡像として映し出され、魔物は恐怖の声を上げる。部族の英雄は、結晶の最期を迎えたのである。","狗头人战士发现它粗糙的武器在击打一个能匹配每次格挡和攻击的复制品，发出了丁当声。由于它的斗志被反射成对他号称是部落英雄的一种嘲弄，它惊恐地吠叫。部族英雄迎来了一个结晶般的终結。"
"MSG_C_MIRROR_L_WIN","The lizard's predatory gaze was met by a gaze just as cold and calculating from within the unyielding glass. It hissed in surprise before its heart finally stilled, unable to process the existence of its own twin. The predator was removed from the reflection.","リザードの獲物を狙う鋭い視線は、硬いガラスの中から放たれた同様に冷徹で計算高い視線と衝突した。自らの「双子」という存在を処理できず、魔物は驚きの声を上げ、その鼓動は停止する。捕食者は、鏡像の世界から排除されたのである。","蜥蜴掠食的目光与来自坚硬玻璃内部同样冰冷、深谋远虑的目光相遇。在它心脏最终停歇前，它惊讶地发出了嘶嘶声，无法处理自己双胞胎的存在。掠食者从倒影中被移除了。"
"MSG_C_MIRROR_M_WIN","The mummy's ancient decay was revealed to its own ancient eyes, a sight that was finally too much to bear. It collapsed as the mirror reflected the spiritual rot that held its dry, dusty form together. The past was successfully sanitized by the display.","マミーは自らの古の崩壊をその古の瞳で目撃し、その光景はついに耐え難いものとなった。鏡が肉体を繋ぎ止めていた霊的な腐敗を跳ね返すと、魔物は崩れ落ちる。過去は、見事に演出された鏡像によって消毒されたのである。","木乃伊古老的腐坏暴露在它自己古老的眼睛里，这一景象终于让它无法承受。随着镜子反射了维持其干癟陈旧形态的精神腐坏，它瘫倒在地。过去在这场展示中成功被消毒。"
"MSG_C_MIRROR_N_LOSS","The naga's water magic was as fluid and deep as the ocean itself, easily bypassing the shallow surface of the mirror. She twisted her reflective image into a powerful defensive shroud, turning the player's own trickery against them. The wise spirit outsmarted the glass.","ナーガの水魔法は海そのもののように流動的で深く、鏡の浅い表面などは容易く通り抜けた。彼女は自らの鏡像を強力な防御の帳へと変え、プレイヤーの小細工をそっくりそのまま跳ね返す。賢き精霊は、鏡の知恵を上回ったのだ。","纳迦的水魔法像大海本身一样流动和深奥，轻而易举地绕过了镜子浅薄的表面。她将自己的反射图像扭曲成一道强大的防御护罩，反过来对付玩家。智慧之灵比镜子更聪明。"
"MSG_C_MIRROR_O_LOSS","The orc's primal fury was so intense it shattered the mirrors before they could even cast a complete reflection. He smashed through the glass hall with unchecked violence, his heavy axe unbothered by the fractured images of himself. Brute force simply broke the reflection.","オークの野蛮な怒りはあまりに激しく、鏡が完全な像を結ぶ前にそれを粉砕した。魔物は鏡の回廊を問答無用の暴力で突き進み、砕け散る自らの像を気にも留めず重斧を振るう。蛮勇の力は、鏡像そのものを打ち砕いた。","兽人原始的愤怒如此强烈，以至于它在镜子投射出完整的倒影之前就将其粉碎了。他以无节制的暴力冲破了镜厅，他沈重的斧头对他自己破碎的形象毫不理会。蛮力直接打碎了反射。"
"MSG_C_MIRROR_P_WIN","The pixie saw a thousand versions of herself in the glass and used them to create a blinding, prismatic flash. From behind the confusion of light, she struck with a lethal efficiency that the player never expected. The forest trickster won with a brilliant clarity.","ピクシーは鏡の中に千人の自分を見つけ出し、それらを利用して眩いばかりの虹色の閃光を作り出した。光の混乱の影から、彼女はプレイヤーの予期せぬ致命的な一撃を放つ。森の悪戯っ子は、鮮やかな光輝と共に勝利を掴んだのだ。","小仙女在玻璃中看到了数千个版本的自己，并利用它们制造了一次令人眼花缭乱的多棱镜闪光。在光线的混乱中，她以玩家从未预料到的致命效率发起攻击。森林骗子以耀眼的清晰度获勝。"
"MSG_C_MIRROR_Q_WIN","The coeurl focused the mirror's light to create multiple decoys of itself that blurred the air. It pounced with terrifying, high-speed accuracy, striking from a confusion of glistening reflections. The high-speed hunter was the master of multiples.","クアールは鏡の光を集めて自らの囮を無数に作り出し、辺りの空気をかき乱した。煌めく鏡像たちが生み出す混乱の中から、恐るべき速度と正確さで敵を葬り去る。高速の狩人は、多重の姿を持つ支配者となったのである。","夸尔集中镜光，制造了多个迷惑空气的诱饵。它以可怕的高速准确性进行扑击，从一团闪烁的倒影中发起攻击。高速猎手是倍增之主。"
"MSG_C_MIRROR_R_LOSS","The rats were so many and moved so fast that the mirrors couldn't keep up with the chaos. They poured across the floor like a gray wave, ignoring the confusing reflections as they gnawed on the structural supports of the trap. The tide of teeth was too real for the glass to hold.","ラットの数はあまりに多く、動きも素早かったため、鏡はその混沌とした動きを捉えきれなかった。魔物たちは灰色な波となって床を埋め尽くし、困惑させる鏡像を無視して罠の構造体を齧り砕く。牙の奔流は、鏡の中に留まるほど脆弱ではなかった。","老鼠是如此之多，移动得如此之快，以至于镜子跟不上这种混乱。它们像一波灰色的波浪一样涌过地板，无视令人困惑的倒影，啃咬着装置的结构支撑。于玻璃而言，牙齿的潮水太真实了，无法容纳。"
"MSG_C_MIRROR_S_LOSS","The slime's gelatinous mass simply coated the mirrors, dulling the reflections into useless, muddy blurs. It ignored the visual trickery entirely, absorbing the glass floor and the device within into its growing, acidic core. The silent threat was immune to vanity.","スライムのゼラチン状の質量は単に鏡を覆い尽くし、鏡像を無用な濁ったシミへと変えてしまった。魔物は視覚的な罠を完全に無視し、ガラスの床もデバイスもろとも自らの酸性の核の中へと吸収する。沈黙の脅威は、虚栄心とは無縁だった。","史莱姆的胶状质量直接覆盖了镜子，将倒影变成无用、浑浊的模糊影像。它完全忽视了视觉诡计，将玻璃地板和里面的装置吸入其不断增长的酸性核心。沈默的威胁免受虚荣的影响。"
"MSG_C_MIRROR_T_LOSS","The troll's thick, calloused hide was as tough as the glass itself, and its regenerative power mocked the very concept of permanent injury. It walked through the mirrors with zero regard for its own reflection, smashing it all into dust. The physical giant was too large for the glass.","トロールの厚く硬い皮はガラスそのものと同じくらい頑丈で、その再生能力は「永続的な負傷」という概念をあざ笑った。魔物は自らの鏡像など目もくれずに鏡の中を突き進み、全てを粉々に粉砕する。肉体的な巨人は、鏡の中に収まる存在ではなかった。","巨魔厚实的老茧就像玻璃本身一样坚韧，它的再生能力嘲笑了永久受伤的概念。它穿过镜子，完全不顾自己的倒影，将一切粉碎成尘。物理巨人对玻璃来说太大了。"
"MSG_C_MIRROR_U_WIN","The undead stood still, their cold grey forms reflected as statues of the living they once were. For a moment, they looked almost human under the brilliant, revealing lights of the glass. The wandering souls were led to rest by the reflection.","アンデッドは静止し、鏡の中にはかつて生者だった頃の彼らの姿が映し出された。鏡が放つ眩い光の下で、彼らは一瞬だけ人間のように見えた。彷徨う魂は、鏡に映る自らの姿によって安らぎへと導かれたのである。","亡灵静立着，它们冷灰色的形态在镜中映出了它们曾经作为活人的模样。在玻璃那灿烂、揭示真相的光芒下，有一瞬间它们看起来几乎像人。徘徊的灵魂在倒影的引导下安息。"
"MSG_C_MIRROR_V_LOSS","The vampire had no reflection to begin with, rendering the entire hall of mirrors useless against his approach. He moved like a shadow between the empty panes, appearing from a blind spot to deliver a cold, final blow. The prince of the night ignored the light's trickery.","ヴァンパイアにはそもそも鏡像が存在せず、鏡の回廊は彼の接近を阻む役目を果たさなかった。彼は虚無のガラスの間を影のように潜り抜け、死角から冷徹な最期の一撃を放つ。夜の王子は、光の罠など相手にしなかったのである。","吸血鬼本来就没有倒影，这使得整个镜厅对他毫无用处。他像空玻璃板间的阴影一样移动，从一个盲点出现，发起寒冷、致命的一击。深夜王子忽视了光的诡计。"
"MSG_C_MIRROR_W_LOSS","The wolf pack relied on scent and sound, not the visual lies of the mirror. They accurately pinpointed the source of the trap and tore it apart, their group coordination unhindered by the infinite corridors of images. The hunt was successful, the fake hunters were destroyed.","ウルフは鏡が作り出す視覚的な嘘ではなく、臭いと音を頼りにしていた。魔物たちは正確に罠の発生源を特定して引き裂き、無限に続く虚像の回廊に惑わされることなく組織的な狩りを完遂する。狩りは成功し、偽りの狩人たちは滅ぼされた。","狼群依靠嗅觉和听觉，而不是镜子的视觉谎言。它们准确地定位了装置的源头并将其撕碎，它们的群体协作不受无限图像回廊的阻碍。狩猎成功了，虚假的猎人被摧毀了。"
"MSG_C_MIRROR_X_LOSS","Xalthis's eldritch body was already a nightmare that defied earthly descriptions; a mirror only multiplied the horror. It used the extra reflections to strike from multiple angles at once, its many limbs tearing through the glass and its enemies. Complexity was its strength.","ザルティスの不気味な肉体は、この世の言葉では言い表せぬ悪夢であり、鏡はただその恐怖を増幅させたに過ぎなかった。魔物は増殖した鏡像を利用してあらゆる角度から同時に食らいつき、無数の肢でガラスと敵を引き裂く。複雑さこそが、彼の力であった。","扎尔提斯诡异的身体已经是一个无法用尘世语言形容的噩梦；镜子只是倍增了这种恐怖。它利用额外的倒影从多个角度同时发起攻击，它的许多肢体撕裂了玻璃和敌人。复杂性是它的力量。"
"MSG_C_MIRROR_Y_LOSS","The yeti's frost turned the mirrors into dull, opaque blocks of ice that reflected nothing but gray silence. He stood amidst the shattered ruins of the trap, his power over the mountain peaks unmatched by a mere hallway of glass. The king of the ice stood solitary and victorious.","イエティの冷気は鏡を曇らせ、不透明な氷の塊へと変え、そこには灰色の静寂しか映らなかった。魔物は粉々に砕け散った罠の残骸の中に立ち尽くし、高峰を支配する力は、単なるガラスの回廊などで揺らぐものではなかった。嶺の王は、孤高に勝利を掴んだのだ。","雪人的寒霜将镜子变成了暗淡、不透明的冰块，反射出的只有灰色的沈默。它站在装置破碎的遗迹中，它统治高峰的力量是区区玻璃走廊无法比拟的。冰原之王孤傲地获勝了。"
"MSG_C_MIRROR_Z_LOSS","The zombie stood gap-mouthed, and for a moment, saw its cold grey eyes turn bright in the glass. It eventually fell into a deep sleep that matched the ancient decay of the dungeon floor. The dead were given a reflective rest.","ゾンビは口をぽかんと開けて立ち尽くし、鏡の中で冷たい灰色の瞳が一瞬だけ輝きを取り戻すのを見た。やがてダンジョンの古びた腐敗と同調するように、魔物は深い眠りへと落ちる。死者たちは、鏡像の世界で安らぎを得たのである。","僵尸张大嘴巴站在那里，有一瞬间，看到它冷灰色的眼睛在玻璃中变亮了。它最终陷入了一场与地牢地板古老腐朽相匹配的沈睡中。死者获得了一个反射式的休息。"
"MSG_C_MICROPHONE_A_WIN","The ant's tiny world was shattered by a booming voice that rattled its very soul. It stood frozen in the sound wave, its exoskeleton unable to withstand the sonic pressure. The tiny pioneer was defeated by the noise.","アリの微小な世界は、魂までも揺さぶる轟音によって打ち砕かれた。音波の中で立ちすくみ、その外骨格は音圧に耐えきれず限界を迎える。小さな先駆者は、騒音の前に敗北したのである。","蚂蚁微小的世界被宏亮的声音击碎，震撼了它的灵魂。它在声波中动弹不得，其外骨格无法承受声压。这个微小的先驱者被噪音击败了。"
"MSG_C_MICROPHONE_B_WIN","The bat's sensitive ears were paralyzed by a high-frequency feedback loop that filled the air. It shrieked in pain as its natural sonar was erased by the artificial scream. The night flyer met a vocal end.","高周波のフィードバック・ループが空間を満たし、コウモリの敏感な耳を麻痺させた。人工的な絶叫によって自らの超音波が消し去られ、魔物は苦痛の叫びを上げる。夜の飛行者は、声の響きの中に最期を迎えたのである。","蝙蝠敏感的双耳被弥漫在空气中的高频反馈回路麻痹了。由于自然声呐被人工尖叫声抹除，它痛苦地尖叫。深夜飞行者迎来了一个发声的终結。"
"MSG_C_MICROPHONE_C_WIN","The cobra found its predatory strike interrupted by a booming command it couldn't ignore. Its cold heart was rattled by the vibration, leaving it coiled and confused in the shadows. The serpent was defeated by the voice.","コブラの捕食の一撃は、無視することのできぬ威厳ある命令によって遮られた。振動によってその冷たい心臓は揺さぶられ、魔物は影の中でとぐろを巻いたまま困惑する。蛇は、声の力の前に敗北したのである。","眼镜蛇由于感受到一个无法忽视的洪亮指令，发现自己的掠食攻击中断了。它的冷酷之心受震动影响而颤抖，使它在阴影中盘绕且困惑。蛇被声音击败了。"
"MSG_C_MICROPHONE_D_LOSS","The dragon's ancient fire roared through the microphone's field, its legendary power refusing to be silenced. The amplified roar only served to increase the intensity of the flames, leaving you overwhelmed.","ドラゴンの古の炎がマイクの音響フィールドを突き破り、伝説的な力は「沈黙」を拒絶した。増幅された咆哮は皮肉にも炎の勢いをさらに加速させ、あなたは逃げ場のない熱波に飲み込まれた。","巨龙的古老火焰贯穿了麦克风的声场，传说的力量拒绝了“沈默”。放大的咆哮讽刺地令火势愈发猛烈，你被无处可逃的热浪吞噬了。"
"MSG_C_MICROPHONE_E_LOSS","The ancient Ent's massive trunk absorbed the microphone's sound like a deep forest sponge, the vibrations turning into a low, soothing hum. It ignored the noise entirely, its prehistoric roots continuing to push through the stone as if the amplifier was a mere cricket's chirp. The wooden sentinel outlived the shout.","エントの巨大な幹は、マイクが放つ音を深い森のスポンジのように吸収し、その振動を低く心地よい鼻歌へと変えてしまった。魔物は騒音を完全に無視し、増幅された声などコオロギの鳴き声に過ぎぬと言わんばかりに、先史時代の根で石床を穿ち続ける。森の守護者は、叫び声よりも長くそこに在り続けた。","古树精巨大的树干像深林海绵一样吸收了麦克风的声音，震动变成了低沉、抚慰的哼唱。它完全忽视了这份噪音，它史前的根继续穿透石头，仿佛扩音器只是蟋蟀的唧唧声。木质哨兵比喊叫声更长久。"
"MSG_C_MICROPHONE_F_WIN","The fly hit a wall of pure sound that acting like a million tiny combs. Its fast reflexes were no match for a threat that attacked with the speed of sound and power. The tiny pest was deleted by the microphone.","ハエは、百万もの微細な波のように機能する純粋な音の壁に衝突した。音速の速度と力を併せ持つ脅威に対し、自慢の反射神経は何の意味も持たない。小さな害虫は、マイクの力の前に消去されたのである。","苍蝇撞上一道表现得像成千上万把微型梳子一样的纯净声音墙。对于以音速和力量发起攻击的威胁，它敏捷的反射神经毫无用处。这位微小的害虫被麦克风抹除了。"
"MSG_C_MICROPHONE_G_WIN","The goblin reached for the shiny microphone, its greed leading to a heart-stopping shock of booming sound. It shrieked as its nervous system was overloaded, eventually falling into a heap of smoking, charred rags. The thief met a vocal karma.","輝くマイクに手を伸ばしたゴブリンの強欲さは、心停止をもたらす轟音の一撃という報いを受けた。過負荷な神経系に絶叫を上げ、やがて燻る炭となったボロ切れの山として崩れ落ちる。泥棒は、声の因果応報を受けたのである。","哥布林伸手去抓闪亮的麦克风，它的贪婪导致了一场令其心跳停跳的宏大声音大冲击。随着神经系统过载，它发出了尖叫，最终瘫倒成了一堆冒烟焦黑的破布。这名窃贼遭遇了声音业报。"
"MSG_C_MICROPHONE_H_LOSS","The harpy's screech was amplified by the microphone, creating a feedback loop that paralyzed your own senses. She shrieked in triumph as she dove from the rafters, the electronic noise only serving to highlight your vulnerability.","ハーピーの金切り声がマイクで増幅され、発生したフィードバック・ループがあなた自身の感覚を麻痺させた。彼女は屋根裏から勝利の叫びを上げて急降下し、電子音の嵐はあなたの無防備さを際立たせる結果となった。","哈皮的尖叫声被麦克风放大，产生的反馈回路麻痹了你自己的感官。她从横梁上发出胜利的呐喊并俯冲而下，电子音风暴结果凸显了你的防备。"
"MSG_C_MICROPHONE_I_LOSS","The imp cackled as it manipulated the audio signal, turning the microphone into a chaotic megaphone that attracted its own dark magic. It redirected the sonic surge back at the player with a flick of its tail, laughing as the vocal power failed. The trickster mastered the voice.","インプは音声信号を自在に操り、マイクを自らの闇の魔力を引き寄せる混沌としたメガホンへと変えてしまった。尻尾を一振りして音響サージをプレイヤーへと跳ね返し、声の力が失敗するのを愉快そうに眺める。悪戯っ子は、声の主となったのである。","小恶魔在操纵音频信号时咯咯朗笑，将麦克风变成了一个吸引它自己黑暗魔法的混乱扩音器。它甩了一下尾巴，将声波浪涌重新导向玩家，对声音力量的失败大声嘲笑。骗子掌控了声音。"
"MSG_C_MICROPHONE_J_LOSS","The jelly's liquid mass perfectly dampened the microphone's sound, the vibrations merely causing a few harmless ripples on its translucent surface. It ignored the noise entirely, absorbing the stand and the wire into its growing, mindless mass until the hum was gone. The slime won the silence.","ジェリーの流動体はマイクの音を完璧に減衰させ、その振動は半透明な表面にわずかな波紋を立てるに過ぎなかった。魔物は騒音を完全に無視し、マイクスタンドも導線もろとも自らが肥大化し続ける質量の中に吸収し、やがて唸り声は消失する。泥濘は、静寂の戦いに勝利した。","果冻怪的液体质量完美地抑制了麦克风的声音，震动仅仅在它半透明的表面引起了几道无害的涟漪。它完全忽视了噪音，将支架和电线吸入其增长、无脑的质量中，直到嗡鸣消失。软泥赢得了这场沈默战。"
"MSG_C_MICROPHONE_K_WIN","The kobold warrior found its iron spear clinking against a microphone that blocked every strike. It barked in terror as its fighting spirit was reflected as a mockery of the tribal hero it claimed to be. The tribal hero meeting a vocal end.","コボルドの戦士が放つあらゆる攻撃は、全てを拒む黄金のマイクに阻まれた。自らが誇っていた闘争本能が、部族の英雄という虚像を嘲笑う鏡像として映し出され、魔物は恐怖の声を上げる。部族の英雄は、声の最期を迎えたのである。","狗头人战士发现它那根铁矛正在击打一只挡住了每一次攻击的麦克风，发出了丁当声。由于它的斗志被反射成对他号称是部落英雄的一种嘲弄，它惊恐地吠叫。部族英雄迎来了一个声音般的终結。"
"MSG_C_MICROPHONE_L_WIN","The lizard's environment became a high-voltage hall of mirrors that pinned it to the floor. It hissed in surprise before its heart finally stilled, unable to process the existence of such raw sound. The predator was removed by the voice.","ダンジョンは高電圧の鏡の回廊と化し、リザードをその床に縫い付けた。剥き出しの「声」の存在を理屈で処理できず、魔物は驚きの声を上げ、その鼓動は停止する。捕食者は、響き渡る声の中に排除されたのである。","蜥蜴周围的环境变成了一个高压镜厅，将其钉在地牢地板上。在心脏最终停歇前，它惊讶地发出了嘶嘶声，无法处理这种。原始声音的存在。掠食者由于声音而被移除。"
"MSG_C_MICROPHONE_M_LOSS","The mummy's ancient ears were filled with the dust of ages, far beyond the reach of any modern vocal amplification. It walked through the sonic field with slow, deliberate steps, its dried hands reaching for the microphone to silence its modern rattle forever. The past was too quiet for the voice.","マミーの古の耳は永劫の塵で満たされており、いかなる近代的な拡声も届くことはなかった。魔物はゆっくりと音響フィールドの中を歩み寄り、乾燥した手でマイクを掴んで、その近代的なガタつきを永遠に黙らせる。過去は、声の響きにはあまりに静かすぎた。","木乃伊古老的耳朵里装满了时代的尘埃，远远超出了任何现代扩音器的涉及范围。它以缓慢、审慎的步法穿过声场，它那干枯的手伸向麦克风，永远平息了其现代式的格格声。对于声音而言，过去太安静了。"
"MSG_C_MICROPHONE_N_LOSS","The naga's ancient magical senses were overwhelmed by the image of her own fall revealed in the microphone. She hissed a final, peaceful note as she dreamed of a kingdom that had existed long before the stars. The wise spirit was defeated by the voice.","鏡の中に映し出された自らの没落の姿が、ナーガの古の魔力を凌駕した。星々が生まれるより遥か昔に存在した王国を夢見ながら、彼女は安らかな最期の音色を響かせる。賢き精霊は、声の力の前に敗北したのである。","纳迦古老的魔法感官被在麦克风中。揭示出来的她自己陨落的影像所压倒。当她梦想着一个早在星星诞生前就存在的王国时，她发出了最后一记平和的嘶嘶声。智慧之灵被那声音击败了。"
"MSG_C_MICROPHONE_O_LOSS","The orc's primal roar was so loud it completely drowned out the microphone's puny signal. He smashed through the audio field with a single, brutal swing of his heavy axe, his raw volume ignoring the electronic feedback. Brute force was the loudest voice.","オークの野蛮な咆哮はあまりに強大で、マイクのちっぽけな信号を完全にかき消してしまった。魔物は音響フィールドを問答無用の重斧の一振りで粉砕し、電子的なフィードバックなど力任せの声量で撥ね退ける。蛮勇の力こそが、この場で最大の「声」であった。","兽人原始的咆哮是如此之大，它完全淹没了麦克风微弱的信号。他以他那沉重长斧的单一、冷酷挥击冲破了音频场，他原始的音量忽视了电子反馈。蛮力才是最响亮的声音。"
"MSG_C_MICROPHONE_P_WIN","The pixie found herself caught in the sonic pulse, her wings vibrating so fast they became a blur of painful motion. She shrieked in frustration as the microphone's voice became an invisible wall from which there was no escape. The forest trickster was grounded by the sound.","ピクシーは音のパルスに捉えられ、その翼は苦痛を伴う速度で震え、残像と化した。高まった声の響きが脱出不可能な透明の壁となり、彼女は苛立たしげに悲鳴を上げる。森の悪戯っ子は、音の力の前にその翼を奪われたのである。","小仙女发现自己被困在声波脉冲中，她的翅膀振动得如此之快，以至于变成了痛苦动作的模糊影像。由于麦克风的声音变成了一堵无法逃脱的无形墙壁，她挫败地尖叫着。森林骗子被声音落地了。"
"MSG_C_MICROPHONE_Q_LOSS","The coeurl used the microphone to amplify its own natural electricity to terrifying, lethal new levels. It pounced with high-speed accuracy, a shadow in a world of blinding white arcs. The high-speed hunter was the master of power.","クアールはマイクを使い、生まれ持った雷の力を、恐るべき致命的な新境地へと引き上げた。眩い白銀のアーク放電が荒れ狂う世界で、魔物は影となって舞い、高速かつ正確な一撃を放つ。高速の狩人は、声の支配者となったのである。","夸尔利用麦克风将其自身的天然电力放大到了可怕、致命的新水平。在那个由盲目白弧组成的世界里，它以高速的准确性移动着。高速猎手是力量之主。"
"MSG_C_MICROPHONE_R_LOSS","The rats were so many and their squeaks so frantic they completely overloaded the microphone's sensors. They poured across the floor like a gray wave, ignoring the amplified noise as they gnawed on the wires and the speaker. The tide of teeth silenced the volume.","ラットの数はあまりに多く、その鳴き声はあまりに必死であったため、マイクのセンサーを完全にオーバーロードさせた。魔物たちは灰色な波となって床を埋め尽くし、増幅された騒音を無視して導線とスピーカーを齧り砕く。牙の奔流が、音量の支配を終わらせたのである。","老鼠是如此之多，它们的吱吱声如此疯狂，以至于完全使麦克风的传感器过载。它们像一波灰色的波浪一样涌过地板，无视扩大的噪音，啃咬着电线和扬声器。牙齿的潮水沈默了音量。"
"MSG_C_MICROPHONE_S_LOSS","The slime's gelatinous mass simply coated the speakers, turning the microphone's output into a useless, muffled gurgle. It ignored the auditory trickery entirely, absorbing the metal stand and the plastic casing into its growing, acidic core. The silent threat won the war.","スライムのゼラチン状の質量は単にスピーカーを覆い尽くし、マイクの出力を無用で不明瞭なうめき声へと変えてしまった。魔物は聴覚的な罠を完全に無視し、金属スタンドもプラスチックの筐体もろとも自らの酸性の核の中へと吸収する。沈黙の脅威は、戦いに勝利したのである。","史莱姆的胶状质量直接覆盖了扬声器，将麦克风的输出变成了一阵无用、模糊的咕噜声。它完全忽视了听觉诡计，将金属支架和塑料外壳吸入其不断增长的酸性核心。沈默的威胁赢得了这场战争。"
"MSG_C_MICROPHONE_T_LOSS","The troll's immense size made the microphone's booming sound seem like a gentle, rhythmic lullaby. It laughed a booming, primitive sound as it picked up the device and tossed it aside, its prehistoric ears unbothered by the electronic noise. The giant was too big to shout at.","トロールの計り知れない巨体にとって、マイクの轟音はまるで穏やかでリズム感のある子守唄のように感じられた。原始的な哄笑を上げ、魔物はデバイスを拾い上げると無造作に投げ捨てる。先史時代の耳は、電子的な騒音など歯牙にもかけなかった。巨人は、怒鳴りつけるには大きすぎたのである。","巨魔巨大的体型让麦克风轰隆作响的声音看起来像是一首温柔、有节奏的摇篮曲。当它拿起装置并将其扔到一边时，它发出了雷鸣般、原始的笑声，它那史前的耳朵不受电子噪音的困扰。巨人太大了，无法对着他大喊大叫。"
"MSG_C_MICROPHONE_U_WIN","The undead stood still as the microphone covered their cold grey forms, cleaning them of their ancient decay. For a moment, they looked like statues of pure white marble under a shower of floral petals. The wandering souls were washed in scent.","アンデッドは立ち尽くし、マイクがその冷たい灰色の肉体を覆って古の腐敗をも浄化した。花びらのシャワーの下で、彼らは一瞬だけ純白の大理石像のように見えた。彷徨う魂は、芳香に包まれて大地へと還されたのである。","亡灵静立着，由于麦克风覆盖了它们冷灰色的形态，清洗了它们古老的腐烂。在那漫天花瓣的淋浴下，有一瞬间它们看起来像是纯白的大理石雕像。徘徊的灵魂被洗刷在芬芳中。"
"MSG_C_MICROPHONE_V_LOSS","The vampire's aristocratic speed made him a shadow that the microphone's sound could never hope to pin down. He appeared from the shadows behind the player, his cold touch draining their life before the vocal pulse could even be directed his way. The prince of the night won the silence.","ヴァンパイアの高貴な速度は、マイクの音が決して捉えきれぬ「影」そのものだった。プレイヤーの背後に不意に現れると、冷徹な一触れで命を奪う。音のパルスが彼に向けられる暇さえなかった。夜の王子は、静寂の戦いに勝利したのである。","吸血鬼贵族般的速度使其成为麦克风的声音永远无法定位的影子。他从玩家身后的阴影中出现，在他那个发声脉冲甚至还没来得及导向他之前，他冰冷的触摸就耗尽了他们的生命。深夜王子赢得了这份沈默。"
"MSG_C_MICROPHONE_W_LOSS","The wolf pack's coordination was so perfect they felt the air vibrate and adjusted their leap mid-flight. They circled the player with predatory cunning, their own growls merging into a natural harmony that defeated the single source of noise. The forest took the sound.","ウルフの群れの連携は完璧で、彼らは空気の振動を察知して空中で跳躍を補正した。捕食者の狡猾さでプレイヤーを包囲し、自らの唸り声を自然な調和へと変えて、単一の騒音源を圧倒する。森は、その声を飲み込んだのである。","狼群的协作是如此完美，它们感受到了空气的震动并在飞行中调整了跳跃。它们以掠食者的狡诈包围了玩家，它们自己的咆哮融合成了一种自然的和谐，击败了单一的噪音来源。森林夺走了声音。"
"MSG_C_MICROPHONE_X_LOSS","Xalthis's multidimensional lungs allowed it to scream from a dozen different time-lines at once, rendering the microphone's single voice useless. It tore through the audio field with clinical precision, its many eyes watching as the player's defense collapsed into a pile of static. The nightmare out-shouted the voice.","ザルティスの多次元的な肺は、同時に十数もの時間軸から絶叫を放つことを可能にし、マイクの単一の声を無意味なものとした。冷徹な精度で音響フィールドを切り裂き、防御が静電気の山へと崩れ去るのを無数の瞳で見つめる。悪夢は、マイクの声を上回ったのである。","扎尔提斯多维的肺部使其能够同时从一打不同的时间轴上发出尖叫，使得麦克风单一的声音变得毫无用处。它以临床般的精确度撕碎了声场，它的许多只眼睛注视着玩家的防御坍塌成一堆静电。这场噩梦的声音盖过了扩音声。"
"MSG_C_MICROPHONE_Y_LOSS","The yeti's frost turned the microphone's wires brittle, the electronic signal dying in a world of sub-zero silence. He let out a frosty roar that buried the device under a mountain of eternal ice, turning the booming noise into a cold peace. The king of the ice won.","イエティの放つ冷気はマイクの導線を脆くし、電子信号は氷点下の静寂の世界で絶命した。霜の咆哮を上げ、魔物はデバイスを永久の氷の山に埋め込み、轟く騒音を静かな冷気へと変える。氷の王が、勝利を飾ったのだ。","雪人的寒霜将麦克风的电线变脆，电子信号死于零度以下的沈默世界。他发出了一声霜冻的咆哮，将装置埋在了一座永恒的冰山下，将轰隆作響的噪音变成了冰冷的和平。冰原之王获勝了。"
"MSG_C_MICROPHONE_Z_LOSS","The zombie's dead flesh had no ears left to hear, and its necrotic energy actually dampened the sonic field. It plodded forward through the noise, its cold grey hands reaching for the player to silence their defense through sheer persistence. Entropy won the vocal war.","ゾンビの腐り落ちた肉体には聞くべき耳が残っておらず、その壊死エネルギーは逆に音響フィールドを減退させた。魔物は騒音の中を平気な顔で歩み寄り、冷たい灰色の手でプレイヤーを掴んで、その防御を執念深く沈黙させる。エントロピーが、声の戦いに勝利したのだ。","僵尸腐烂的肌肉已经没有耳朵可以听了，它的坏死能量实际上削弱了声场。它在噪音中蹒跚而行，它冰冷的灰色大手伸向玩家，通过纯粹的执著平息了他们的防御。熵赢得了这场发声战争。"
"MSG_C_MOP_A_WIN","You mopped up the ant trail with systematic efficiency, removing their pheromones and their colony. The tiny insects found themselves spun into the fibers and squeezed out into a bucket. The floor was finally pest-free.","アリの通り道をシステマチックな効率でモップがけし、彼らのフェロモンと群れを根こそぎ除去した。小さな虫たちは繊維に絡め取られ、バケツの中でその短い一生を終えた。床はついに、不快な害虫から解放された。","以系统性的效率拖洗了蚂蚁的路径，根除了它们的费洛蒙和蚁群。这些微小的昆虫被缠绕在纤维中，在水桶里结束了它们短暂的一生。地板终于从令人不快的害虫中解放了出来。"
"MSG_C_MOP_B_WIN","The bat was brought down by a well-timed sweep of the mop, pinning its' wings to the cold stone. You scrubbed away its' dark essence until the creature dissolved into a soapy residue. The master of the night was mopped away.","完璧なタイミングで放たれたモップの一振りが、空飛ぶコウモリを冷たい石畳へと叩き伏せた。暗黒のエネルギーを洗い落とされ、魔物はただの石鹸の残りカスへと成り果てた。夜の支配者は、清掃作業の一環として消し去られた。","就在那一瞬间，拖把的一挥精准地将飞行中的蝙蝠击落在冰冷的石地板上。黑暗能量被洗刷殆尽，魔物化为了普通的肥皂残渣。黑夜的支配者作为清理工作的一部分被抹除了。"
"MSG_C_MOP_C_WIN","The cobra's slippery path was countered by the high-friction fibers of the mop. It found its' strikes slowed and its' body tangled in the wet strings, leaving it wide open for relocation. The predator was mopped into submission.","コブラが滑り進む道を、モップの高摩擦繊維が完全に封じ込めた。攻撃のスピードを奪われ、濡れた糸に身体を奪われた魔物は、なす術なく捕らえられた。捕食者は、磨き上げられた床の上で降参を認めた。","拖把的高摩擦纤维完全封锁了眼镜蛇滑行的路径。攻击速度被夺走，身体被湿润的线条纠缠的魔物，只能束手就擒。掠食者在被磨亮的地板上俯首认输。"
"MSG_C_MOP_D_WIN","You mopped the dragon's snout with professional-grade detergent, cooling its' internal fires. The chemical reaction produced a foam that smothered its' breath, ending the battle with a fresh scent. Legend was mopped clean.","プロ仕様の洗剤を含ませたモップでドラゴンの鼻面を拭き洗いし、内部の炎を冷却した。発生した泡が魔物の息吹を完全に封じ込め、戦いは爽やかな香りとともに幕を閉じた。伝説の怪物は、徹底的な清掃の前に沈黙した。","用蘸有专业洗涤剂的拖把揉搓了巨龙的口鼻，冷却了其内部的火焰。产生的泡沫完全封锁了魔物的吐息，战斗在清新的香气中落下了帷幕。传说中的怪物在彻底的清理面前陷入了沈默。"
"MSG_C_MOP_E_WIN","The Ent's ancient bark was treated with a special wood-care solution from your mop. It felt so revitalized that it stopped its' attack to admire its' new, shiny leaves. The forest guardian was polished into tranquility.","エントの古びた樹皮をモップで丁寧に手入れしたところ、魔物はかつてない活力を感じて攻撃を止めた。美しく磨き上げられた自身の枝葉に見惚れ、古木は穏やかな静止を選んだ。森の守護者は、磨き上げられることで平穏を得た。","用拖把仔细打理了树精古老的树皮后，魔物感受到了前所未有的活力并停止了攻击。陶醉于自己被磨砺得十分美丽的枝叶，古树选择了平和的静止。森林守护者通过磨砺获得了平宁。"
"MSG_C_MOP_F_WIN","The fly hit the wet mop with a satisfying squelch, ending its' flight and its' life. The impact and the detergent cleared the air of pests instantly, leaving a clean workspace. The buzzing was finally gone for good.","空飛ぶハエが、濡れたモップに吸い込まれるように激突し、その不快な生涯に幕を下ろした。衝撃と洗剤のダブル効果で空気は一瞬にして清浄になり、静寂が戻った。不快な羽音は、もう二度と聞こえないだろう。","飞行中的苍蝇就像被吸入湿拖把般发生了冲撞，为其不快的一生拉下了帷幕。冲击与洗涤剂的双重效果瞬时净化了空气，恢复了宁静。那令人不快的嗡鸣声想必再也不会响起了。"
"MSG_C_MOP_G_WIN","The goblin's vile face was thoroughly scrubbed by the mop, shocking its' primitive mind. It was so confused by the sudden cleanliness that it fainted on the wet floor. The dungeon's hygiene improved dramatically.","ゴブリンの醜悪な顔面をモップで徹底的に拭き洗いし、奴の原始的な精神を震撼させた。突然浴びせられた「清潔さ」の衝撃に耐えきれず、魔物は濡れた床の上で気を失った。地牢の衛生環境は、劇的に改善された。","用拖把彻底揉搓洗涤了哥布林丑陋的面部，震撼了它原始的精神。无法承受突然降临的“整洁”冲击，魔物在湿漉漉的地板上昏了过去。地牢的卫生环境得到了戏剧性的改善。"
"MSG_C_MOP_H_WIN","A long-distance sweep with the mop caught the harpy's wings mid-flight, grounding her. She screeched as her feathers were clumped together by the wet fibers, ruining her lift. The sky queen was mopped off her throne.","モップによる長距離の払撃がハーピーの羽を空中で捉え、彼女を地上へと撃墜した。濡れた繊維が羽を束ねて浮力を奪い、彼女は無残な叫びと共に地に伏した。空の女王は、清掃作業の前にその誇りを砕かれた。","拖把的长距离扫击在空中捉住了哈皮的羽毛，将其击落到了地面。湿润的纤维束缚了羽毛并夺走了升力，她在凄惨的哀鸣中俯伏于地。天空之女王在清理工作面前折损了自尊。"
"MSG_C_MOP_I_WIN","The imp's magical darkness was scrubbed away by the mop's powerful detergents. It squeaked in horror as its' spectral grime was removed, leaving it exposed and vulnerable. The demon prankster was mopped out of existence.","インプの放つ魔力の闇が、モップに染み込んだ強力な洗剤によって根こそぎこすり落とされた。霊的な垢が消え去る恐怖に小悪魔は悲鳴を上げ、その姿は虚空へと霧散した。魔界の悪戯っ子は、存在ごと綺麗に拭き取られた。","小恶魔散发的魔力黑暗被浸透拖把的强力洗涤剂给搜刮殆尽。面对灵态垢污消逝的恐惧，小恶魔发出尖叫，其身形在虚空中烟消云散。魔界的捣蛋鬼连同其存在本身都被擦拭得干干净净。"
"MSG_C_MOP_J_LOSS","The jelly's gelatinous mass simply absorbed the mop threads, using them as a internal support structure. It grew larger as it used the detergent to maintain its' surface tension. Your attempt to clean was swallowed by the monster.","ジェリーの流動的な身体は、モップの繊維を吸収して自らの「内骨格」として利用し始めた。怪物は洗剤を栄養にして表面張力を維持し、さらに不気味に肥大化していった。清掃の試みは、逆に魔物を強化する結果となった。","果冻怪流动的身体吸收了拖把纤维，并开始将其作为自己的“内骨骼”利用。怪物以洗涤剂为营养维持表面张力，进一步诡异地肥大化。清理的尝试反而导致了强化怪物的后果。"
"MSG_C_MOP_K_WIN","The kobold's sensitive nose was tickled and then scrubbed by the mop, breaking the warrior's focus. It sneezed violently and dropped its' guard, unable to maintain its' balance on the wet floor. The canine threat was cleared away.","コボルドの敏感な鼻先をモップでくすぐり、続いて力一杯拭き上げたことで戦士は戦意を喪失した。激しいくしゃみで守りが崩れたところを、濡れた床を利用して一気に無力化した。犬面の脅威は、静かに、そしてクリーンに排除された。","用拖把揉搓了狗头人敏感的鼻尖，接着全力涂抹，使战士丧失了战意。趁其因剧烈喷嚏导致防守崩溃之机，利用湿滑的地板一举将其无力化。犬面威胁被静静地、且干净利落地排除了。"
"MSG_C_MOP_L_WIN","The lizard's scales were treated with a special degreasing agent from your mop, rendering them brittle. It could no longer slip away through the shadows and was easily caught. The cold-blooded hunter met a sparkling, clean end.","リザードの鱗をモップに含まれた特殊な脱脂剤で磨き上げ、そのぬめりを完全に除去した。カサカサになった鱗では思うように逃げることもできず、魔物は容易に捕らえられた。冷血な狩人は、清浄な空気の中でその幕を閉じた。","用拖把含有的特殊脱脂剂磨砺了蜥蜴的鳞片，完全去除了其粘液。干巴巴的鳞片让它无法如愿逃跑，被轻而易举地捕获了。冷血猎手在清净的空气中落下了帷幕。"
"MSG_C_MOP_M_WIN","The mummy's fragile bandages caught in the mop's fibers and were torn away. It crumbled as the absorbent material removed the dust that held its' ancient frame together. The king was finally mopped into the past.","マミーの脆い包帯がモップの繊維に絡まり、無残に引き剥がされていった。吸水性の高い素材が身体を繋ぎ止めていた不浄な塵を吸い取り、死体は崩壊して霧散した。古の王は、徹底的な清掃によって歴史の塵へと還った。","木乃伊脆弱的绷带勾在了拖把纤维里，被无情地剥落了。高吸水性的材质吸走了维系身体的不洁尘土，尸体崩坏并烟消云散。古老的王者通过彻底的清理，回归了历史尘埃。"
"MSG_C_MOP_N_LOSS","The naga's huge size made it impossible for a single mop to handle her movements. She laughed as your tool only served to polish a small part of her long body. The serpent queen struck you down before the floor was dry.","ナーガの巨体を一本のモップで「清掃」するなど、最初から無謀な試みだった。彼女はあなたの道具が鱗を磨くだけに終わる様を嘲笑い、鋭い一撃で戦いを終わらせた。床が乾く前に、あなたの意識は深い闇へと沈んだ。","想要凭一把拖把“清理”纳迦庞大的身躯，从一开始就是鲁莽的尝试。她嘲笑着你的工具只能磨亮一小块鳞片，用锐利的一击结束了战斗。在地板干透前，你的意识就沉入了深沉的黑暗中。"
"MSG_C_MOP_O_LOSS","The orc ignored the wet mop and charged through the detergent with raw fury. It didn't mind the soapy bubbles and used its' massive muscles to push through your flimsy defense. Your domestic strategy failed against the brute.","オークは濡れたモップなど意に介さず、洗剤を浴びながら蛮勇と共に突進してきた。石鹸の泡が怪物の怒りを消すことはなく、あなたの貧弱な守りは容易に粉砕された。日用品による戦術は、圧倒的な暴力の前に崩れ去った。","兽人丝毫不理会湿拖把，沐浴着洗涤剂携蛮勇突进了过来。肥皂泡没能消除怪物的怒火，你那贫弱的防守被轻而易举地粉碎。日用品战术在压倒性的暴力面前土崩瓦解。"
"MSG_C_MOP_P_WIN","The pixie's wings were cleared of fairy dust by the mop's detergent, grounding the sprite. She found her flight too heavy and spun into a pile of clean linens. The mischief was mopped out of the forest.","ピクシーの翼に宿る妖精の粉がモップによって洗い流され、彼女は飛行能力を完全に失った。重くなった翼では身体を支えきれず、彼女は綺麗な洗濯物の山へと墜落した。森を騒がせた悪戯っ子は、綺麗に清掃された。","小仙女双翼上携带的妖精粉末被拖把洗刷殆尽，她完全丧失了飞行能力。变沉的双翼再也无法支撑身体，她坠落进了一堆洁净的衣物里。骚扰森林的捣蛋鬼被清理得干干净净。"
"MSG_C_MOP_Q_WIN","The coeurl's electric fur build-up was grounded by the mop's discharge, but it wasn't enough to kill it. The high-speed beast used the chaos you created to strike from a blind spot. You learned that electricity and wet mops are a dangerous mix.","クアールの帯電した体毛をモップで中和しようとしたが、その放電量は魔物を止めるには不十分だった。高速の捕食者は、あなたが引き起こした電気的な混乱を利用して死角から襲いかかった。濡れたモップと電気を同時に扱う愚かさを、あなたは思い知った。","试图用拖把中和夸尔带电的体毛，但由于放电量不足以阻止魔物。高速掠食者利用你引发的电气混乱，从死角发起了攻击。你切身体会到了同时处理湿拖把与电气的愚蠢。"
"MSG_C_MOP_R_LOSS","The rat swarm simply tore the mop to pieces and used the strings to build a nest. They surrounded you while you were left with a useless stick, ending the fight quickly. The pack was too numerous for a single bucket and mop.","ラットの群れはあなたがモップを振るうよりも速く、道具をバラバラに食いちぎってしまった。残されたのは役立たずの木の棒だけで、無数の牙があなたを無残に食い破った。数に勝る群れに対し、清掃用具一対など無力に等しかった。","鼠群甚至在你挥动拖把之前就把工具咬得支离破碎。剩下的只有一根毫无用处的木棍，无数毒牙残忍地撕咬着你。面对在数量上占优的鼠群，一套清理工具无异于无。"
"MSG_C_MOP_S_LOSS","The slime absorbed the mop and detergent, turning them into a lethal, expanding gelatinous weapon. It grew larger and more aggressive, using the mop strings as whips to strike you. Your attempt to clean was a biological disaster.","スライムはモップと洗剤を身体に取り込み、より巨大で致命的なゼリー状の兵器へと変貌した。怪物は攻撃性を増し、モップの糸を触手のように操ってあなたを追い詰めた。清掃の試みは、悲劇的なバイオハザードという副産物を生んだ。","史莱姆将拖把和洗涤剂纳入体内，蜕变成了更巨大且致命的果冻状武器。怪物增强了攻击性，像操控触手般挥舞拖把线将你逼入绝境。清理的尝试产生了生化危机这一悲剧性的副产品。"
"MSG_C_MOP_T_LOSS","The troll found the soapy floors made for a fun, slippery slide toward you. It laughed as it used the detergent to increase its' speed for a final, crushing blow. The brute's thick skin was immune into the cleaning agents.","トロールにとって水浸しの床は、あなたに突進するための愉快なスライダーに過ぎなかった。モップがけの努力は逆に魔物の加速を助け、致命的な一撃を叩き込まれる結果を招いた。不潔な巨躯にとって、洗剤の刺激など微風のようなものだった。","对于巨魔来说，落满肥皂的地板不过是向你冲锋的愉快滑梯。拖地的努力反而助长了魔物的加速，招致了被施加致命一击的结果。对于肮脏的巨躯，洗涤剂的刺激不过如微风一般。"
"MSG_C_MOP_U_LOSS","The spectral Undead were unaffected by the physical fibers and detergents of your mop. Your tool passed right through their forms as if they were smoke, leaving only a cold chill. The dead didn't have any stains that your mop could reach.","実体のないアンデッドに、モップの繊維や洗浄成分は一切通用しなかった。道具は亡霊の姿を音もなく通り抜け、あなたの手元には虚しさと冷気だけが残った。死者には、あなたのモップで拭き取れるような「汚れ」など存在しなかった。","对于没有实态的不死族，拖把的纤维或洗涤成分完全行不通。工具无声地穿过亡灵的身影，你的手中只剩下了空虚和冷气。死者身上不存在任何你的拖把可以擦掉的“污渍”。"
"MSG_C_MOP_V_LOSS","The vampire used his noble magic to turn the soapy water into frozen shards of ice. He stood calmly as the fragments shredded your clothing and focus, then ended the fight. The night prince refused to be mopped.","ヴァンパイアは高貴な魔力を使い、モップに染み込んだ石鹸水を無数の氷の礫へと変えた。自らが生み出した氷の破片に身体を切り刻まれるあなたを、彼は冷酷な瞳で見下ろした。夜の君主は、洗われることを死よりも嫌った。","吸血鬼使用高贵的魔力，将渗入拖把的肥皂水变成了无数碎冰。盯着被自己制造的冰块碎裂划伤身体的你，他用冷酷的双眼俯视着。夜之君主对比被洗涤更加厌恶。"
"MSG_C_MOP_W_LOSS","The wolf pack easily dodged the wet mop and circled you with predatory focus. Your focus on the scrubbing left your wide open for their coordinated attack. The hunters remained dirty, wild, and victorious.","ウルフの群れは濡れたモップを軽々とかわし、完璧な包囲網であなたを死角から追い詰めた。清掃作業に気を取られたあなたの喉元には、すでに一対の鋭い牙が迫っていた。森の狩人たちは、不潔な野性のまま勝利を収めた。","狼群轻而易举地躲过了湿拖把，并凭借完美的包围网从死角将你逼入绝境。正如你分心于清理工作时，一对锐利的毒牙已逼近了喉咙。森林里的掠食者们以不洁野性的姿态夺取了胜利。"
"MSG_C_MOP_X_LOSS","Xalthis anchored itself with its' many legs and swatted your mop away with mechanical efficiency. It caught several threads and used them to broaden its' own reach, striking you from an unexpected angle. The multi-legged terror couldn't be mopped away.","ザルティスは無数の足を床に固定し、機械的な正確さであなたのモップを叩き落とした。数本の繊維を奪い取って自分の攻撃範囲を広げた魔物は、死角から致命的な一撃を放った。多足の恐怖をモップで清掃するなど、無謀な試みに過ぎなかった。","扎尔提斯将无数只脚固定在地板上，以机械般的精准拍飞了你的拖把。夺走几根纤维并扩大了自己攻击范围的魔物，从死角释放了致命一击。想要用拖把清理多肢的恐怖，不过是鲁莽的尝试。"
"MSG_C_MOP_Y_WIN","You mopped the icy floor around the Yeti until it was as smooth as a mirror. The mountain giant took a step and slipped, sliding into a deep ravine with a look of pure confusion. The king of the peaks was defeated by perfect floor care.","イエティの足元の氷を鏡のように磨き上げ、魔物を豪快に滑らせることに成功した。均衡を失った巨躯は困惑の声を上げながら深い谷底へと消え、その咆哮は静寂に吸い込まれた。雪山の主は、完璧なフロアケアの前に膝を突いた。","将雪人脚下的冰块磨亮如镜，成功地让魔物豪迈地滑了一跤。失去平衡的巨躯一边发出困惑的叫声一边消失在深谷底部，咆哮声被静谧吞噬。雪山之主在完美的地面护理面前屈服了。"
"MSG_C_MOP_Z_LOSS","The zombie was too heavy and its' flesh too sticky to be effectively mopped away. It only looked at the soapy fibers in confusion before ripping them out of the tool. The living dead couldn't be scrubbed back to peace.","ゾンビの腐敗した肉体は重く粘ついており、モップで拭き取るにはあまりに不向きだった。魔物は怪訝そうに道具を眺めた後、繊維ごと力任せに引きちぎってあなたの喉に食らいついた。動く死体を清掃しきることは、到底叶わぬ願いだった。","僵尸腐烂的肉体又沉又粘，极其不适合用拖把擦拭。魔物先是诧异地盯着工具，然后连同纤维一起凭蛮力扯碎，咬向了你的咽喉。想要清理干净这具会动的尸体，终究是无法实现的奢望。"
"MSG_C_MARKER_A_WIN","The permanent ink of the marker stained the ant's eyes, blinding it completely. It wandered aimlessly away from the colony until it was lost in the vast desert. The worker was erased by a single stroke of black.","マジックペンの油性インクがアリの目を染め、完全に視界を奪った。魔物はコロニーからあてもなく彷徨い出し、広大な砂漠の中で力尽きた。働き者は、黒い一筋の描線によって存在を消された。","记号笔的永久墨水染黑了蚂蚁的眼睛，使其完全失明。它漫无目的地离开了蚁群，迷失在广阔的沙漠中。工蚁被黑色的一划抹除了。"
"MSG_C_MARKER_B_WIN","The bat's wings were marked with heavy, black patterns that weighed down its flight. It spiraled out of control and crashed into the cavern floor, its sonar unable to help. The night hunter met a permanent end.","コウモリの翼は重い黒の模様で汚され、その飛翔を困難にした。制御を失った魔物は洞窟の底へと螺旋を描いて墜落し、超音波も役には立たなかった。夜の狩人は、油性の最期を迎えた。","蝙蝠的翅膀被厚重的黑色图案标记，增加了飞行负担。它失去控制盘旋坠落在洞穴地板上，声呐也无济于事。夜间猎手迎来了永久的终结。"
"MSG_C_MARKER_C_WIN","The cobra hissed in pain as the marker redrew its warning patterns into silly faces. It lost its intimidating presence and was easily struck down by the artist. The serpent was mastered by the power of permanent ink.","マジックペンが自慢の警告色を滑稽な顔へと書き換え、コブラは苦悶の声を上げた。威圧感を失った魔物は芸術家の前に容易く倒された。毒蛇は、油性インクの力の前に屈した。","当记号笔将眼镜蛇的警告图案重新画成滑稽的脸时，它发出了痛苦的嘶嘶声。它失去了威慑力并被艺术家轻易击倒。蛇被永久墨水的力量制服。"
"MSG_C_MARKER_D_WIN","A giant marker 'edited' the dragon's legendary scales, creating weak points where there were none. The beast roared as the ink sank into its magical defense, weakening it instantly. The king of legends was rewritten.","巨大なマジックペンがドラゴンの伝説的な鱗を「編集」し、存在しなかったはずの弱点を作り出した。インクが魔法の防御に染み込む中、魔物は咆哮し、その力は急速に衰えた。伝説の王は、書き換えられた。","一支巨大的记号笔“编辑”了巨龙传奇般的鳞片，在其原本没有弱点的地方创造了弱点。随着墨水渗入魔法防御，这头野兽咆哮着，实力瞬间减弱。传记之王被改写了。"
"MSG_C_MARKER_E_WIN","The ancient ent's bark was used to write a final message in permanent black ink. It felt the weight of the words and resigned its spirit to the earth forever. The forest guardian became a living testament of art.","古のエントの樹皮に、油性インクで最期のメッセージが書き込まれた。魔物は言葉の重みを感じ、魂を永遠に大地へと還すことを選んだ。森の守護者は、芸術の生ける証となった。","古老树精的树皮被用来用永久性的黑墨水写下最后的信息。它感受到了文字的重量，将灵魂永远归还给大地。森林守护者成为了艺术的活见证。"
"MSG_C_MARKER_F_WIN","The fly was marked with a tiny black dot that made its flight heavy and erratic. It eventually crashed into the artist's table and was easily captured. The pest's flight ended in a permanent mess.","ハエに黒い小さな点が描かれ、その飛行は重く不安定なものとなった。やがて芸術家のテーブルに墜落し、魔物は容易く捕らえられた。小さな害虫の飛行は、油性の汚れの中に終わった。","苍蝇被标记了一个小黑点，使其飞行变得沉重且不规律。它最终撞在艺术家的桌子上并被轻易捕捉。小虫的飞行在永久性的混乱中结束。"
"MSG_C_MARKER_G_WIN","The goblin's face was marked with a target that glowed with a faint, magical ink. It tried to hide in the cracks of the cave, but the artist could see its location clearly. The coward was hunted by a black mark.","ゴブリンの面に標的が描かれ、それはかすかな魔力のインクで輝きを放った。魔物は洞窟の裂け目に隠れようとしたが、芸術家にはその居場所が筒抜けだった。臆病者は、黒い印によって狩られた。","哥布林的脸上被标记了一个目标，它闪烁着微弱的神奇墨水。它试图躲进洞穴的裂缝中，但艺术家清楚地看到了它的位置。懦夫被一个黑点猎杀。"
"MSG_C_MARKER_H_WIN","The harpy's wings were bound by thick, black lines drawn with magical speed. She shrieked as the permanent ink sealed her flight forever against the mountain sky. The sky-queen was marked for defeat.","魔法の速度で描かれた太い黒線が、ハーピーの翼を縛り上げた。山嶺の空を背に、油性インクが彼女の飛翔を永遠に封じ、魔物は絶叫した。天空の女王は、敗北の印を刻まれた。","哈皮的翅膀被以神奇速度画出的黑线束缚。当永久墨水将她的飞行永久封存在山间天空下时，她发出了尖叫。天空女王被打上了失败的标记。"
"MSG_C_MARKER_I_WIN","The imp laughed and tried to steal the marker, but found its own hands stained with unwashable ink. It panicked and fled, leaving behind a trail of black marks that led straight to its home. The prankster was marked.","インプは笑ってマジックペンを奪おうとしたが、その両手は洗っても落ちないインクで染まった。パニックに陥り逃げ出した魔物の背後には、住処へと続く黒い足跡が残された。悪戯っ子は、完全にマークされた。","小恶魔笑着试图偷走记号笔，却发现自己的手上沾满了洗不掉的墨水。它惊慌失措地逃跑了，留下一串直通其巢穴的黑印。淘气鬼被打上了标记。"
"MSG_C_MARKER_J_WIN","The marker cut through the jelly's transparency, filling its core with dark, chemical ink. It could no longer see through its own body and collided with the walls of the arena. The monster met a permanent, dark end.","マジックペンがジェリーの透明な身体を切り裂き、その核を暗い化学インクで満たした。魔物は自らの身体を通して外を見ることができなくなり、壁に激突して力尽きた。怪物は、油性の闇の最期を迎えた。","记号笔切开了果冻怪的透明感，在其核心注入了黑暗的化学墨水。它再也无法看穿自己的身体，撞在了竞技场的墙上。怪物迎来了永久的黑暗结局。"
"MSG_C_MARKER_K_LOSS","The kobold used the permanent ink to mark its path through the dark, ensuring it never lost sight of you. The hunter followed the black trail with predatory intent, his eyes glowing with anticipation.","コボルドはマジックペンの油性インクを逆手に取り、暗闇の中で決してあなたを見失わぬよう道しるべとして利用した。狩人は黒い跡を正確に辿り、期待に瞳を輝かせながらあなたを追い詰める。","狗头人反过来利用记号笔的永久墨水，将其作为在黑暗中绝不会跟丢你的路标。猎人准确地循着黑色痕迹，眼中闪烁着期待的光芒将你逼入绝境。"
"MSG_C_MARKER_L_LOSS","The lizard's shifting scales shed the permanent ink as quickly as it was applied. Its camouflage remained perfect, leaving the artist to mark only empty air as the predator closed in.","リザードの鱗は絶えず動き、油性インクが付着する端から振り落としていった。完璧な迷彩は維持され、芸術家が虚空に印を刻む間に、捕食者は音もなくあなたの背後へと迫った。","蜥蜴的鳞片不断变动，永久墨水刚附着就被抖落。完美的伪装得以维持，就在艺术家往虚空刻下印记之际，掠食者已悄无声息地逼近了你的身后。"
"MSG_C_MARKER_M_LOSS","The mummy's ancient bandages were infused with magical preservatives that neutralized the marker's ink. It saw the black lines as a tribute from the living and used the power to strengthen its ancient curse.","マミーの古びた包帯には、油性インクさえも無効化する魔法の防腐剤が染み込んでいた。魔物は黒い描線を生きる者からの供物と受け取り、その力を利用して自らの古の呪いをより強固なものとした。","木乃伊古老的绷带中浸透了连永久墨水都能中和的魔法防腐剂。魔物将黑色线条视作生者的供品，利用那份力量使其古老的诅咒更加坚固。"
"MSG_C_MARKER_N_LOSS","The naga gracefully avoided the marker and struck with the speed of a desert wind. She laughed as the ink fell harmlessly on the stones, mocking the artist's attempt to mark her. The noble serpent refused to be stained.","ナーガは優雅にマジックペンを回避し、砂漠の風のごとき速さで一撃を放った。石畳に無害に落ちるインクを見て嘲笑い、彼女は魔を刻もうとする試みを一蹴した。高潔な蛇人は、汚されることを断固として拒んだ。","纳迦优雅地避开了记号笔，并以沙漠之风的速度发起攻击。当墨水无害地落在石头上时，她笑了，嘲笑艺术家试图标记她的尝试。高贵的蛇人拒绝被玷污。"
"MSG_C_MARKER_O_LOSS","The orc used the marker as a weapon, stabbing it into the artist's desk until it broke. It then crushed the tool into dust, laughing at the fragile attempt to capture its rage. The monster had no use for permanent art.","オークはマジックペンを武器として扱い、壊れるまで芸術家の机に突き立てた。そして道具を粉々に砕き、自らの怒りを捉えようとする脆弱な試みを嘲笑った。怪物は、油性の芸術など微塵も必要としていなかった。","兽人把记号笔当作武器，猛戳艺术家的桌子直到其折断。随后它将工具碾成粉末，嘲笑捕捉其愤怒的脆弱尝试。怪物不需要永久的艺术。"
"MSG_C_MARKER_P_LOSS","The pixie used the marker to redraw the boundaries of the forest, creating new paths for her games. She avoided the artist's traps with ease, turning the tool of capture into a toy. The spirit could not be caught by ink.","ピクシーはマジックペンを使って森の境界を書き換え、自らの遊びのための新しい道を作り出した。芸術家の罠を容易くかわし、捕獲の道具を玩具へと変えた。精霊をインクで捕らえることは不可能だった。","小仙女用记号笔重新绘制了森林的边界，为她的游戏创造了新的路径。她轻松避开了艺术家的陷阱，将捕捉工具变成了玩具。精灵无法被墨水捕捉。"
"MSG_C_MARKER_Q_LOSS","The coeurl's electric sense detected the chemical composition of the ink and stayed away. It watched from the shadows, its eyes glowing with a cold intelligence that saw through every line. The hunter was far too wise for a pen.","クアールの電磁感覚はインクの化学組成を察知し、接近を拒んだ。影から観察する瞳は冷徹な知性を湛え、魔物はいかなる描線も見破った。狩人は、一本のペンのために命を懸けるほど愚かではなかった。","夸尔的电感探测到了墨水的化学成分并保持距离。它在阴影中注视着，眼睛里闪烁着洞察每一根线条的冷酷智慧。猎手对于一支笔来说太聪明了。"
"MSG_C_MARKER_R_LOSS","The rat swarm found the plastic casing of the marker to be a challenge and chewed it into pieces. Within seconds, only colorful fragments and ink stains remained on the dirty floor. The collective hunger was absolute.","ラットの群れはマジックペンのプラスチックケースを格好の標的とし、粉々に噛み砕いた。数秒のうちに、汚れた床には破片とインクのシミだけが残された。集団的な飢えは、すべてを飲み込んでいった。","鼠群发现记号笔的塑料壳是个挑战，将其咬成碎片。几秒钟内，肮脏的地板上只剩下了彩色的碎片和墨水迹。集体的饥饿是绝对的。"
"MSG_C_MARKER_S_LOSS","The slime absorbed the whole marker, which turned its body a deep, dark black. It moved with a new stealth in the shadows, its transparency gone but its power increased by the ink. The monster was improved by the tool.","スライムはマジックペンを丸ごと飲み込み、その身体を深く暗い黒に染めた。透明感は失われたが、影の中での隠密性は増し、インクによってその力は強化された。怪物は、道具によってその能力を向上させた。","史莱姆吸收了整支记号笔，使其身体变成了深深的黑色。它在阴影中获得了新的潜行能力，透明度消失了，但实力因墨水增强。怪物被这个工具改进了。"
"MSG_C_MARKER_T_LOSS","The troll thought the marker was a small snack and swallowed it whole. It grunted as the chemical ink filled its stomach, causing it no harm but offering no nutrition either. The monster had a different taste for art.","トロールはマジックペンを小さなスナックだと思い込み、丸ごと飲み込んだ。腹の中に化学インクが満ちるのを感じて魔物は唸ったが、害もなく、栄養にもならなかった。怪物には、芸術を味わう独自の感覚があった。","巨魔认为记号笔是一个小零食并将其吞下。由于化学墨水填满了它的胃它哼了一声，这并没有对它造成伤害但也没有提供营养。怪物对艺术有不同的品味。"
"MSG_C_MARKER_U_LOSS","The undead ignored the marker's ink, their rotting forms indifferent to the artist's attempt to define them. They continued their slow, silent advance, the permanent black lines merely adding to their ancient grime.","アンデッドたちはマジックペンの印など意に介さず、自らを定義しようとする芸術家の試みを黙殺した。腐敗した肉体は鈍い前進を続け、油性の黒い線はただ彼らの古びた汚れを増やすだけに終わった。","不死族完全不在意记号笔的印记，默杀了艺术家企图定义它们的尝试。腐烂的肉体继续着迟缓的前进，油性黑线仅仅增加了它们古旧的污垢。"
"MSG_C_MARKER_V_LOSS","The vampire gracefully stood on the single black line of a giant marker, mocking the artist's attempt. He moved with a speed that left the tool and its ink far behind in the night. The prince of shadows was above art.","ヴァンパイアは巨大なマジックペンの黒い一線の上に優雅に立ち、芸術家の試みを嘲笑った。ペンとインクを夜の闇に置き去りにするほどの速さで移動し、魔物は消えた。影の守護者は、いかなる芸術をも超越していた。","吸血鬼优雅地站在巨大记号笔画下的黑线上，嘲笑艺术家的尝试。他以极快的速度将工具和墨水甩在夜色中。暗影王子超脱于艺术。"
"MSG_C_MARKER_W_LOSS","The wolf recognized the marker as a hunter's mark and tore it into pieces. It stood over the broken remains, growling with a primitive protectiveness for its pack. The beast refused to be marked by any man.","ウルフはマジックペンを狩人の印と認識し、鋭い牙で粉々に引き裂いた。壊れた残骸の上で、魔物は群れを守る原初的な本能を剥き出しにして唸り声を上げた。獣が人間に印を刻まれることを許すはずがなかった。","狼认出记号笔是猎人的标记并将其撕碎。它站在破碎的残骸上带着原始的保护本能低吼。野兽拒绝被任何人标记。"
"MSG_C_MARKER_X_LOSS","Xalthis's many legs snapped the marker before it could finish a single stroke. It moved forward toward the artist, ignoring the black stains on its hard carapace. The nightmare was far beyond the reach of art.","ザルティスは一筆が完成する前に、その多足でマジックペンを容易くへし折った。硬い甲殻についた黒いシミを気にかけることもなく、魔物は芸術家へと迫った。悪夢は、芸術の届かぬ場所から襲いかかった。","扎尔提斯在记号笔完成一划前就用众多的腿将其折断。它无视硬壳上的黑印向艺术家迈进。噩梦远在艺术力所能及之外。"
"MSG_C_MARKER_Y_LOSS","The yeti thought the marker was a strange icicle and tried to eat it. It grunted in annoyance when the ink stained its white fur, but ignored the artist's fragile tools otherwise. The king of peaks was unmoved by art.","イエティはマジックペンを奇妙なつららだと思い込み、かじりついた。インクが白い毛を汚しても不快そうに唸るだけで、芸術家の脆弱な道具をそれ以上相手にすることはなかった。山嶺の王は不変だった。","雪人认为记号笔是一个奇怪的冰柱并试图吃掉它。当墨水弄脏了它的白色皮毛时它恼火地哼了一声，但随后无视了艺术家的脆弱工具。山岭之王不为所动。"
"MSG_C_MARKER_Z_LOSS","The zombie blankly stared at the marker as it wrote on its rotting flesh. It felt no transition or wonder, only the mindless drive to consume the living despite the ink. The dead could not be marked for long.","ゾンビは腐敗した肉体にマジックペンで書かれても、ただぼんやりと見つめていた。変化も驚きもなく、インクの中でもただ生者を喰らうという本能が魔物を突き動かした。死者は、長く印を留めておくことはなかった。","当记号笔在它腐烂的肉体上写字时僵尸茫然盯着。它没有感到转变或奇迹，只有不顾墨水消费生者的无意识驱使。死者无法被标记太久。"
"MSG_C_MINEFIELD_V_LOSS","The vampire turned into mist as the mines detonated, allowing the shockwave to pass through harmlessly. He reconstituted right behind you, his eyes glowing with predatory intent.","吸血鬼は地雷が爆発する瞬間に霧へと姿を変え、衝撃をやり過ごした。実体を取り戻したとき、彼はすでにあなたの背後にいた。","在地雷爆炸的瞬间，吸血鬼化作一团迷雾，让冲击波毫无建树地穿过。待其重塑身姿时，已然出现在你的身后，眼中闪烁着猎食者的寒光。"
"MSG_C_MINEFIELD_W_LOSS","The wolf pack detected the seismic vibrations of the mines long before triggering them. They navigated the safe pockets between the triggers with instinctive precision, surrounding you before you could react.","オオカミの群れは地鳴りから地雷の正確な位置を察知し、それらを飛び越えて接近した。罠は一度も作動することなく、牙があなたの喉元に迫った。","狼群在触发地雷前很久就察觉到了地面的震动。它们凭借本能的精准，在引信间的安全地带穿梭，在你做出反应前就完成了合围。"
"MSG_C_MINEFIELD_X_LOSS","Xalthis used its multiple legs to sense the minute pressure changes in the earth, stepping exactly where the mines were not. The mechanical death trap remained silent as the predator closed the distance.","ザルシスは無数の脚で地面の僅かな振動、あるいは電磁的な変化を感じ取り、地雷を一つずつ踏まずに通り抜けた。機械の死神は、この捕食者の前では沈黙したままだった。","扎尔希斯利用其众多的步足感应到了地面微小的压力变化，精准地避开了所有地雷。当这头掠食者拉近距离时，机械死神全程保持了沉默。"
"MSG_C_MINEFIELD_Y_LOSS","The yeti's massive, ice-hardened hide absorbed the explosion with ease. It didn't even slow down, shaking off the soot and fire like a light dusting of snow as it raised its massive fist.","イエティの足元で地雷が爆発したが、分厚い氷の毛皮がその熱と衝撃を完全に遮断した。雪山の主は何事もなかったかのように咆哮し、巨大な腕を振り上げた。","雪人巨大的、由于冰霜而硬化的皮毛轻松吸收了爆炸力。它甚至没有放慢脚步，像抖落落雪一样抖掉了灰尘与火焰，随后抡起了巨拳。"
"MSG_C_MINEFIELD_Z_LOSS","The zombie horde was undeterred by the explosions, walking through the fire and shrapnel without a single scream. Even as limbs were lost, the relentless tide of dead meat continued to close in.","ゾンビの群れは地雷が爆発し、手足が吹き飛んでも前進を止めなかった。痛みを知らぬ死者の波は、爆炎を突き抜けてあなたを飲み込んだ。","僵尸群并未被爆炸吓退，它们在烈火与碎片中穿行，没有发出一声尖叫。即便肢体残缺，这股无情的腐尸浪潮依然步步逼近。"
"MSG_C_MICROPHONE_D_WIN","The dragon inhaled the booming power of the microphone and felt its own fire extinguished by the sound. It roared a final, crackling note before its ancient heart was stilled by the sonic pulse. The king of flames died of total noise.","マイクから放たれる圧倒的な音の力を吸い込み、ドラゴンの炎はその響きの前にかき消された。内部から弾けるような音のパルスを浴び、最期の咆哮を上げてその古の鼓動は停止する。炎の王は、完全な騒音の前に絶命したのである。","巨龙吸入了麦克风中洪亮的力量，感到它的火焰被那声音熄灭了。在它那古老的心脏由于声波脉冲停歇前，它发出了最后一声咔哒响的咆哮。火焰之王死于彻底的噪音。"
"MSG_C_MICROPHONE_H_WIN","The harpy screamed into the microphone, triggering a massive feedback loop that turned her own voice into a lethal sonic weapon. She fell from the sky, her wings paralyzed by the electronic screech that mirrored her own vanity. The sky queen was silenced by the volume.","ハーピーがマイクに向かって絶叫すると、巨大なフィードバック・ループが発生し、彼女自身の声が致命的な音響兵器へと変貌した。自らの虚栄心を映し出したような電子的な金切り声に羽を麻痺させられ、彼女は空から墜落する。空の女王は、圧倒的な音量の前に沈黙した。","哈皮对着麦克风尖叫，引发了一个巨大的反馈回路，将她自己的声音变成了致命的声波武器。她从天而落，双翼由于反射出她虚荣心的电子尖叫声而瘫痪。天空女王被音量沈默了。"
"MSG_C_MARKER_A_LOSS","The ant used its antennae to detect the marker's chemical trail, turning the artist's own tool into a guide back to the hive. It avoided every strike with hive-mind precision, eventually leading its swarm to overwhelm the studio. The worker was never just a target.","アリは触角でマジックペンの化学物質の跡を感知し、芸術家の道具を逆にコロニーへの道しるべへと変えてしまった。集団の精密な連携によってあらゆる一撃を回避し、ついに魔物は自らの群れを率いてスタジオを蹂躙する。働き者は、単なる標的では終わらなかったのである。","蚂蚁利用触角探测记号笔的化学痕迹，将艺术家的工具变成了返回蚁巢的向导。它以蜂群思维般的精确避开了每一次打击，最终带领蚁群席卷了演播室。工蚁从来都不只是一个目标。"
"MSG_C_MARKER_F_LOSS","The fly was too small and quick for the marker's permanent ink to leave more than a fleeting shadow on the floor. It buzzed mockingly around the artist's head, its flight unhindered by the chemical fog. The pest was too fast for static lines.","ハエはあまりに小さく、かつ素早かったため、マジックペンの油性インクは床に儚い影を残すことしかできなかった。魔物は芸術家の頭上で嘲笑うかのように羽音を響かせ、化学物質の霧の中でもその飛行を乱されることはない。小さな害虫にとって、静止した描線など無意味だった。","苍蝇太小、太快了，记号笔的永久墨水只能在地上留下一个转瞬即逝的影子。它嘲弄地在艺术家头上嗡嗡直叫，其飞行并未受到化学雾气的阻碍。害虫的速度快到静态线条无法捉摸。"
"MSG_C_MARKER_R_WIN","The marker's thick, chemical scent overwhelmed the rat swarm's sensitive noses, driving them into a state of blind panic. They stumbled over one another as the artist blocked their exit with dark, permanent lines. The collective hunger was finally contained by art.","マジックペンの濃厚な化学物質の臭いがラットの群れの鋭敏な嗅覚を麻痺させ、魔物たちをパニック状態に陥れた。脱出路を暗い油性の描線で塞がれ、魔物は互いに躓き合いながら力尽きていく。集団的な飢えは、ついに芸術によって封じ込められたのである。","记号笔厚重的化学气味淹没了鼠群敏感的鼻子，使它们陷入了盲目的恐慌。由于艺术家用黑暗的永久线条阻挡了它们的出口，它们互相绊倒。集体的饥饿最终被艺术遏制了。"
