"keys","en","ja","zh"
"MSG_C_CURSE_A_WIN","Dark words cursed the ants into infighting. Losing all reason the pack collapsed.","闇の呪言がアリの精神を汚染し、仲間同士で争わせた。理性を失った群れは、自ら崩壊していった。","黑暗呪言污染了蚂蚁的精神，令其自相残杀。失去理性的蚁群就这样自我崩解。"
"MSG_C_CURSE_B_WIN","A curse warped the bat's sense of direction. It crashed into walls until its life faded.","魔法の呪いがコウモリの方向感覚を狂わせた。壁に激突し続ける魔物は、やがて力尽き地に堕ちた。","魔法诅咒扰乱了蝙蝠的方向感。不断撞墙的魔物最终耗尽力气，坠落在地。"
"MSG_C_CURSE_C_LOSS","The cobra held its' own taboo power and repelled your curse. Its enraged fangs closed in.","毒蛇は自らも禁忌の力を宿しており、あなたの呪いを容易に弾き返した。激昂したコブラの牙が迫る。","毒蛇自身也孕育着禁忌之力，轻易弹回了你的诅咒。激怒的眼镜蛇长牙正向你逼近。"
"MSG_C_CURSE_D_WIN","An ancient curse ate the dragon's life from within. The legend died crushed by its own power.","古の禁呪が巨竜の不滅の生命力を内側から侵食した。伝説の怪物は、自身の力に耐えきれず絶命した。","古老的禁呪从内部侵蚀了巨龙不灭的生命力。传说的怪物因无法承受自身的力量而毙命。"
"MSG_C_CURSE_E_LOSS","The wood spirit was the forest's avatar immune to foul curses. You despaired at its holy rage.","木の精霊は森そのものの化身であり、不浄な呪いなど寄せ付けない。聖なる怒りに触れ、あなたは絶望した。","树精是森林本身的化身，不净的诅咒根本无法靠近。触及其神圣之怒，你陷入了绝望。"
"MSG_C_CURSE_F_LOSS","You couldn't curse a mere fly. Your mana spun in vain against such a small existence.","吹けば飛ぶようなハエに呪いをかけることはできない。あまりにちっぽけな存在に、あなたの魔力は空転した。","无法对弱不禁风的苍蝇施加诅咒。面对如此微小的存在，你的魔力只是在空写。"
"MSG_C_CURSE_G_WIN","You painted over the goblin's evil with darker curses. Its soul shook in terror as it died.","ゴブリンの邪悪な精神を、さらに深い闇の呪いで塗りつぶした。奴の魂は恐怖に震え、その場で息絶えた。","用更深沉的黑暗诅咒抹杀了哥布林邪恶的精神。它的灵魂在恐惧中颤抖，当场断气。"
"MSG_C_CURSE_H_LOSS","The harpy's pure madness rejected all outside curses. With a single cry she attacked.","ハーピーの純粋な狂気が、外からの呪いを受け入れない。叫び声一つで呪言をかき消し、彼女は襲いかかる。","哈皮纯粹的疯狂拒接一切外来诅咒。仅凭一声尖叫就盖过了呪言，她随后发起了进攻。"
"MSG_C_CURSE_I_LOSS","To the imp curses were just daily bread. With a fearless grin it swallowed your magic.","魔界の住人であるインプにとって、呪いは日常の糧に過ぎなかった。不敵な笑みとともに、奴はそれを飲み込んだ。","对于身为魔界居民的小仙女来说，诅咒不过是家常便饭。带着不羁的笑脸，它将其吞入腹由。"
"MSG_C_CURSE_J_WIN","You soaked the jelly with deathly curses. The shapeless mucus turned into a foul purple pool.","ジェリーの無機質な肉体に死の呪いを染み込ませた。形を保てなくなった粘液は、不気味な紫色の沼へと化した。","让死亡詛咒渗入了果冻怪无机的肉体。无法维持现状的粘液化作了诡异的紫色沼泽。"
"MSG_C_CURSE_K_LOSS","The kobold's wild nature slipped through your complex hex. You panicked at its raw vitality.","コボルドの素朴な野性が、複雑な呪術の網を潜り抜けた。理屈を超えた生命力に、あなたは焦りを覚える。","狗头人朴素的野性钻过了复杂呪术的网眼。面对超越常理的生命力，你感到了一阵焦躁。"
"MSG_C_CURSE_L_WIN","You cursed the lizard to lose its voice and strength. The predator became a pitiful prey.","リザードの喉元に、声を奪い、体を萎えさせる呪いを放った。冷酷な捕食者は、今や憐れな獲物へと成り果てた。","对着蜥蜴的咽喉发出了夺走声音、令其衰落的诅咒。冷酷的掠食者如今沦为了可怜的猎物。"
"MSG_C_CURSE_M_LOSS","Since it's already dead mummies ignore deathly curses. Its bandages absorbed your magic as it drew near.","すでに死んでいるマミーに、死の呪いは無意味だった。古の包帯に呪言が吸い取られ、怪物が静かに歩み寄る。","对于已经死去的木乃伊，死之诅咒毫无意义。古老的绷带吸走了呪言，怪物静静步步逼近。"
"MSG_C_CURSE_N_LOSS","The naga's pure bloodline purified your foul curse. It was your soul that burned in holy light.","ナーガの清らかな血筋が、あなたの不浄な呪いを浄化した。聖なる光に焼かれたのは、あなたの魂の方だった。","纳迦清澈的血统净化了你那不净的诅咒。被神圣之光灼烧的，反而是你的灵魂。"
"MSG_C_CURSE_O_WIN","You cast a weakening curse that ate the orc from within. The strong monster fell of its own weight.","オークの強靭な肉体を内側から蝕む衰弱の呪いをかけた。力尽きた怪物は、自らの重みに耐えきれず膝を突いた。","施加了从内部侵蚀兽人强韧肉体的衰弱诅咒。耗尽力气的怪物因无法承受自身重量而跪倒。"
"MSG_C_CURSE_P_LOSS","The pixie's light turned your curse into a melody neutralizing it. Your mind went dark in its trap.","ピクシーの放つ幻惑の光が、呪言の響きを旋律へと変え、無力化した。美しき罠に嵌まり、あなたの意識は遠のく。","小仙女发出的迷幻光芒将呪言的回响变成了旋律，使其无效化。坠入美丽的陷阱，你的意识渐渐远去。"
"MSG_C_CURSE_Q_LOSS","The coeurl's extrasensory perception blocked your curse. Your reward was a baptism of lightning.","クアールの持つ超常的な感覚が呪いの気配を察知し、未然に防いだ。失敗の報酬は、強烈な電撃の洗礼だった。","夸尔拥有的超常感官察觉到了诅咒的气息并预先防备。失败的回报是强烈的电击洗礼。"
"MSG_C_CURSE_R_WIN","You spread a plague curse through the rat pack. The cries of self-consuming beasts filled the dark.","ラットの群れに疫病の呪いを蔓延させ、統率を奪った。互いに食らい合う獣たちの叫びが、闇に響き渡った。","在老鼠群中蔓延了疫病诅咒使其失去统领。互相吞噬的兽群叫声在黑暗中四处回响。"
"MSG_C_CURSE_S_LOSS","Since slimes have no hearts mental curses failed. Swallowing your vile words the monster grew.","スライムに心はないため、精神を蝕む呪いは届かない。不浄な言葉さえも飲み込み、怪物はさらに肥大化した。","因为史莱姆没有心智，侵蚀精神的诅咒无法传达。它甚至吞下了不净之言，变得更加肥大。"
"MSG_C_CURSE_T_LOSS","The troll's healing surpassed your curse's rot. Blackened flesh peeled away to reveal new skin.","トロールの再生力は、呪いによる腐食さえも上回る。黒ずんだ肉が瞬時に剥がれ落ち、新たな皮が再生される。","巨魔的再生力连诅咒造成的腐蚀都能克服。变黑的肉块瞬间脱落，长出了新的皮肤。"
"MSG_C_CURSE_U_LOSS","The undead were already cursed and new hexes only fed them. Your mana was just a snack.","アンデッドはすでに呪われた存在であり、新たな呪いは溶け込むだけだ。あなたの魔力は奴の糧に過ぎなかった。","不死族本身就是被诅咒的存在，新的诅咒仅仅是融入其中。你的魔力不过是它的食粮。"
"MSG_C_CURSE_V_LOSS","The vampire walking the edge of death laughed at your hex. From the dark he aimed for your neck.","ヴァンパイアは死の淵を歩む者であり、あなたの呪いを嘲笑った。闇に消えた彼の手が、あなたの首元を狙う。","游走在死亡边缘的吸血鬼嘲笑着你的诅咒。消失在黑暗中的他正瞄准你的咽喉。"
"MSG_C_CURSE_W_LOSS","The wolf's wild instinct guarded it from the curse wave. The leader's howl announced your end.","ウルフの野生の直感が、呪いの波から身を守った。群れのリーダーの遠吠えが、あなたの最期を告げる旋律となる。","狼的野性直觉保护它免受诅咒波的侵害。狼群首领的远嚎成了预告你终焉的旋律。"
"MSG_C_CURSE_X_LOSS","Xalthis swatted away the curse mist and closed in. Its tenacity corrupted your own mind.","ザルティスの不気味な多足が呪いの霧を振り払い、接近を許さない。魔物の執念が、あなたの精神を逆に汚染した。","扎尔提斯诡异的多肢驱散了诅咒之雾，不让其靠近。魔物的执念反倒污染了你的精神。"
"MSG_C_CURSE_Y_LOSS","The yeti's blizzard froze your foul curse solid. The weapon slipped from your unfeeling hand.","イエティの吹雪のような冷気が、不浄な呪いをそのまま凍りつかせた。感覚のなくなった手から、獲物が滑り落ちる。","雪人如暴风雪般的冷气直接将不净的诅咒冻结。从失去知觉的手中，猎物滑落了。"
"MSG_C_CURSE_Z_LOSS","Death curses don't stop the moving dead. Scattering rotting flesh the zombie cornered you.","ゾンビに死の呪いをかけても、動く死体は止まらない。腐った肉片を撒き散らしながら、奴はあなたを追い詰める。","施加死之诅咒也无法阻止会动的尸体。撒播着腐烂肉片的它，正将你逼入绝境。"
"MSG_C_CHEER_A_WIN","You cheered for the ants' collective strength. Encouraged but pacifist the colony let you through.","アリたちの献身的な働きぶりを絶賛し、群れ全体の栄光を称えた。女王の意思を代弁するかのようなあなたの激励に、虫たちは誇らしく道を開けた。","你盛赞了蚂蚁们献身般的劳作，并称颂了整个族群的光誉。面对如代行蚁后意志般的你的激励，昆虫们自豪地让开了道路。"
"MSG_C_CHEER_B_WIN","You cheered for the bat's dominance of the night. It screeched in joy and flew off proud.","夜の支配者としてのコウモリの美徳を、心からの言葉で激励した。魔物はあなたの理解に歓喜し、月夜の空へと誇らしげに舞い上がっていった。","你由衷地激励了作为黑夜支配者的蝙蝠的美德。魔物对你的理解感到欢喜，自豪地飞向了月夜。"
"MSG_C_CHEER_C_WIN","You cheered for the cobra's legacy of power. Touched by your spirit it slithered away peacefully.","毒蛇の持つ「忍耐」と「一撃必殺」の魂を、戦士としての敬意を持って称えた。捕食者はあなたの覇気に感じ入り、静かに道を開けて草むらへと消えた。","你以作为战士的敬意，称赞了毒蛇持有的“忍耐”与“一击必杀”之魂。掠食者为你那份霸气所感，静静地让开路，消失在草丛中。"
"MSG_C_CHEER_D_WIN","You cheered for the dragon's place as a king of legends. The dragon accepted your prayer and left.","巨竜の永遠なる魂を鼓舞し、その伝説が不滅であることを謳った。強大なる怪物はあなたの高潔な激励を「供物」として受け取り、満足げに去った。","你鼓舞了巨龙永恒的灵魂，歌颂了其传说的不可磨灭。强大的怪物将你那高洁的激励作为“供品”收下，满意地离去了。"
"MSG_C_CHEER_E_WIN","You cheered for the forest's eternal life cycle. The tree spirit felt the love and slept.","森の命を紡ぎ続ける木の精霊に対し、感謝と称賛の言葉を捧げた。守護者はあなたの温かな声に守られていると感じ、深い安らぎの中で目を閉じた。","你向不断编织森林生命的树精献上了感谢与称赞之言。守护者由于感受到你那温暖声音的庇护，在深沉的安稳中闭上了双眼。"
"MSG_C_CHEER_F_WIN","You cheered for the fly's indomitable survivors' spirit. It buzzed in triumph and flew off.","逆境に抗い続ける小さな命、ハエの不屈の闘志を大声で称えた。微細な魔物はあなたの激励を糧に力を増し、誇らしく空へと飛び去った。","你大声称赞了在逆境中不断抗争的微小生命——苍蝇不屈的斗志。微小的魔物以你的激励为食增强了力量，自豪地飞向了天空。"
"MSG_C_CHEER_G_WIN","You cheered for the goblin's hidden cleverness. It beamed with pride and forgot to attack you.","ゴブリンの「狡猾さ」を「類稀なる知略」と言い換えて激賞した。褒められ慣れない魔物は照れ臭そうに鼻を擦り、戦うのを忘れて去っていった。","你将哥布林的“狡猾”换称为“出类拔萃的智谋”并大加赞赏。不习惯被夸奖的魔物不好意思地蹭了蹭鼻子，忘掉战斗走远了。"
"MSG_C_CHEER_H_WIN","You cheered for the harpy's beautiful, soaring flight. Touched she offered a safe path.","ハーピーの大空を裂く翼の美しさを、魂を込めた詩的な言葉で称えた。空の女王はあなたの詩心に感銘を受け、戦いを止めて安全な道を示した。","你用注入灵魂的诗意语言，称赞了哈皮划破长空之羽的美丽。天之女王由于你那诗才而深受感铭，停止战斗并指引了安全的道路。"
"MSG_C_CHEER_I_LOSS","The imp found your cheers annoying and tried to zap your mouth. It had no room for positive vibes.","インプはあなたの前向きな激励を「吐き気がする雑音」として一蹴した。小悪魔はあなたの舌を焼き切るべく、凶悪な魔力を指先に込めた。","小仙女将你积极的激励权当成“恶心得反胃的噪音”而嗤之以鼻。为了烧焦你的舌头，小恶魔在指尖注满了凶恶的魔力。"
"MSG_C_CHEER_J_LOSS","The mindless jelly vibrated to your voice but felt no inspiration. It only sought more food.","あなたの熱い叫びはジェリーの肉体を揺らしたが、心まで届くことはなかった。心なき怪物には、激励を解する神経など一欠片も存在しない。","你那热烈的呐喊撼动了果冻怪的肉体，却未能触及它的心。在没心没肺的怪物中，并不存在理解激励的神经。"
"MSG_C_CHEER_K_WIN","You cheered for the kobolds' unbreakable brotherhood. They howled in solidarity and left you pass.","コボルドたちの熱き絆と、群れの誇りを称える咆哮を上げた。魔物たちはあなたを「共通の魂を持つ友」と認め、揃って道を譲った。","你发出了称颂狗头人们热切羁绊与族群自豪的咆哮。魔物们将你视作“拥有共同灵魂的朋友”，一同让开了道路。"
"MSG_C_CHEER_L_WIN","You cheered for the lizard's perfect, rational efficiency. The logical predator nodded and withdrew.","リザードの冷徹な判断力と、合理的かつ完璧な狩りの様式を激賞した。知的な掠食者はあなたの正当な評価に満足し、静かに深淵へと引いた。","你对蜥蜴冷彻的判断力及其合理且完美的狩猎模式大加赞赏。理智的掠食者满意于你正当的评价，静静地退回了深渊。"
"MSG_C_CHEER_M_WIN","You cheered for the mummy's eternal honor. It felt the respect and returned to its sacred sleep.","マミーの守り続けてきた王家の誇りと、その不屈の忠誠を称えた。不死の守護者は魂の安寧を覚え、あなたに感謝の礼をして土へと還った。","你称颂了木乃伊一直守护的皇家自提及其不屈的忠诚。不死的守护者感受到了灵魂的安宁，向你行感谢礼后回归了尘土。"
"MSG_C_CHEER_N_WIN","You cheered for the naga's profound ancient wisdom. Overwhelmed by your respect she left.","ナーガの持つ深遠なる知性と、万物の真理を洞察する力を称賛した。美しき賢者はあなたの謙虚な姿勢に免じ、静かに微笑んで去っていった。","你称赞了纳迦持有的深邃智力及其洞察万物真理的力量。美丽的贤者看在你谦逊的态度份上，静静地微笑着离去了。"
"MSG_C_CHEER_O_WIN","You cheered for the orc's legendary physical might. It flexed in triumph and let you live.","オークの剛力な肉体を「神から授かりし武芸」と称え、その覇道を鼓舞した。力自慢の戦士は有頂天になり、あなたに背を向けて勝鬨を上げた。","你称兽人刚力的肉体为“神授的武技”，对其霸道表示了鼓舞。自诩神力的战士得意忘形，背对着你发出了凯旋的呐喊。"
"MSG_C_CHEER_P_WIN","You cheered for the pixie's creative cleverness. She laughed in joy and vanished in a puff of light.","ピクシーの悪戯の芸術性を称え、その独創的な手法に拍手を送った。妖精は自分の「作品」を認められたことを喜び、祝福の光を撒いて消えた。","你称赞了小仙女恶作劇的艺术性，并向其独创的手法送上了掌声。精灵为自己的“作品”获得认可而感到喜悦，散播着祝福之光后消失了。"
"MSG_C_CHEER_Q_LOSS","The coeurl sensed the falseness in your cheer and struck. Your fake enthusiasm didn't fool it.","あなたの「応援」という名の欺瞞を、クアールの超感覚が正確に読み取った。媚びへつらいの報酬は、空気を焦がす強烈な雷撃だった。","夸尔的超感官准确地读取到了你那名为“声援”的欺瞒。谄媚的回报，是足以烧焦空气的强烈雷击。"
"MSG_C_CHEER_R_LOSS","Individual cheers were lost in the rat swarm's hunger. They only wanted to consume the source of the noise.","数万の飢えた叫びの前に、一人の激励などただの情緒不安定にしか映らなかった。ネズミたちはあなたの声を餌の合図と見なし、殺到する。","在数万只饥饿的尖叫面前，个人的激励不过是情绪不稳的表现。老鼠们将你的声音视作开饭的信号，纷纷杀到。"
"MSG_C_CHEER_S_WIN","You cheered for the slime's beautiful, flowing form. It wiggled in joy and became your friend.","スライムの透明感溢れる美しさを称え、その無限の可能性を激励した。怪物はあなたの熱意に絆されたのか、プルプルと震えてその場を譲った。","你称赞了史莱姆充满透明感的美丽，并激励了其无限的可能性。怪物似乎被你的热忱打动了，Q弹地颤抖着让开了去路。"
"MSG_C_CHEER_T_WIN","You cheered for the troll's crushing physical dominance. It flexed happily and let you pass.","トロールの圧倒的な巨躯を「大地の化身」と呼び、その強さを絶賛した。自尊心を刺激された怪物は満足げに笑い、あなたを無罪放免とした。","你称巨魔压倒性的巨体为“大地的化身”，大加赞赏了其强度。自尊心受到激发的怪物满意地大笑，对你宣告无罪释放。"
"MSG_C_CHEER_U_LOSS","The dead found your living joy offensive to their pain. Your cheers only fueled their cold spite.","生者の放つ輝かしい肯定の感情は、死者の孤独を余計に際立たせた。あなたの激励は逆に怨嗟を募らせ、亡霊たちの憎しみが爆発した。","生者散发出来的光辉肯定的感情，令死者的孤独显得格外突兀。你的激励反而积聚了怨嗟，令亡灵们的憎恨爆发了。"
"MSG_C_CHEER_V_LOSS","The vampire mocked your low-class attempt at flattery through cheer. He preferred your silence.","ヴァンパイアに対し、浅薄な称賛を浴びせるという無礼を犯してしまった。夜の王は「品性のかけらもない」と吐き捨て、冷酷に腕を伸ばした。","你对吸血鬼犯下了倾注肤浅称赞的无礼。夜之王啐了一句“一点品位也没有”，冷酷地伸出了手。"
"MSG_C_CHEER_W_LOSS","The wolves only understood the coordination of the hunt. Your shouting only exposed your position.","ウルフの群れには、個への応援などという情緒的な概念は存在しなかった。あなたの叫びは単なる「騒音」と見なされ、狩りの合図に変えられた。","狼群并不存在针对个人的声援这类抒情概念。你的叫喊被视作单纯的“噪音”，转而变成了狩猎的信号。"
"MSG_C_CHEER_X_LOSS","Xalthis mocked your desperate cheers with multiple hisses. It found your effort very amusing.","ザルティスはあなたの必死の激励を、滑稽な芝居として楽しんだ。魔物が望んでいるのは合意ではなく、あなたの精神が崩壊する瞬間だった。","扎尔提斯将你拼命的激励作为滑稽的戏剧来享受。魔物奢望的并非合意，而是你精神崩溃的瞬间。"
"MSG_C_CHEER_Y_LOSS","The yeti's blizzard swallowed your shouts effortlessly. In the mountain, silence was the only law.","吹き荒れる雪嵐の中で、あなたの激励の声は雪片となって消えた。極寒の支配者にとって、叫ぶ者とはただの「体力を無駄に消費する獲物」だった。","在肆虐的雪暴中，你激励的声音化作雪片消失了。对于极寒的支配者来说，叫喊者不过是“白白消耗体力的猎物”。"
"MSG_C_CHEER_Z_LOSS","The dead feel no pride, only the hunger for life. Your cheers were lost on the deaf rot.","理性も感情も枯れ果てたゾンビに、激励という行為は一欠片も伝わらなかった。怪物はあなたの声すら認識せず、ただ肉を喰らうために腕を突き出す。","在理智与感情都枯竭的僵尸面前，激励这一行为根本无法传达分毫。怪物甚至没有识别你的声音，仅是为了噬肉而伸出了手臂。"
"MSG_C_CHEER_A_LOSS","The ants saw your cheer as an opening and swarmed your shouting mouth. Peace failed.","アリたちはあなたの激励よりも、目の前の「柔らかい肉」を求めていた。あなたの熱い叫びは怪物の顎に遮られ、絶望の沈黙が辺りを包む。","蚂蚁们比之你的激励，更渴求眼前的“鲜美肉质”。你热烈的呐喊被怪物的口颚遮蔽，绝望的沉寂笼罩了四周。"
"MSG_C_CHEER_B_LOSS","Your shouting echo confused the bat making it angry. It struck out in a blind rage.","響き渡るあなたの声はコウモリの感覚を逆撫でし、魔物を極度の攻撃状態へと導いた。不快な「音の壁」を壊すべく、怪物は牙を噛み合わせる。","你那回荡的呼声触怒了蝙蝠的感官，引导魔物进入了极度的攻击状态。为了打破不快的“音墙”，怪物咬紧了牙关。"
"MSG_C_CHEER_C_LOSS","The snake ignored your encouragement and aimed for your heart. Your spirit was too loud.","毒蛇にとって、あなたの激励は隙だらけの「隙」でしかなかった。全霊を込めて叫ぶあなたの胸元を、死の牙が冷酷に射抜く。","对于毒蛇来说，你的激励不过是破绽百出的“空隙”。死神毒牙冷酷地刺穿了你倾尽全力呐喊的胸膛。"
"MSG_C_CHEER_D_LOSS","The dragon saw your cheer as a joke and breathed fire. Legend doesn't need your energy.","巨竜の圧倒的な自尊心にとって、生者の激励は「分をわきまえぬ傲慢」と映った。怪物は不快そうに一つ鼻を鳴らし、全てを焼き尽くす劫火を放った。","对于巨龙压倒性的自尊心来说，生者的激励显得“不自量力且傲慢”。怪物不悦地打了个鼻息，放出了烧尽一切的劫火。"
"MSG_C_CHEER_E_LOSS","The tree spirit found your loud voice intrusive to the ancient woods. It rooted you fast.","エントはあなたの熱烈な声を、森の静寂を乱す「騒音の暴力」と断じた。古き守護者は棍棒のような枝を振り上げ、あなたを無慈悲に打ちのめす。","树精将你热烈的声音断定为扰乱森林静谧的“噪音暴力”。古老的守护者挥起如木棒般的枝干，无情地将你击倒。"
"MSG_C_CHEER_F_LOSS","The fly buzzed louder as if laughing at your effort. Your positive vibes failed here.","ハエの羽音はあなたの激励を上回る大きさで、不快に響き渡った。小さな怪物はあなたの善意など一蹴し、その顔面を執拗に狙い続ける。","苍蝇的翅鸣比你的激励声还要响亮，令人不快地回荡着。微小的怪物对你的善意嗤之以鼻，继续执拗地瞄准了你的脸面。"
"MSG_C_CHEER_G_LOSS","The goblin used your distraction to steal your gear. It growled and stuck out its tongue.","「素晴らしい知略だ！」と称えられたゴブリンは、その隙にあなたの財布をスリ取った。卑屈な魔物は、称賛さえも「利用すべきチャンス」としか思わない。","被赞为“智谋惊人！”的哥布林，趁机扒走了你的钱包。卑微的魔物甚至将称赞仅视作“应当利用的机会”。"
"MSG_C_CHEER_H_LOSS","The harpy found your spirit tasty and dove for more. She wanted your fire, not your words.","ハーピーはあなたの激励を「獲物の最後のあがき」として楽しみ、急降下した。空の女王はあなたの美しい精神を、最も甘美なおやつとして喰らうだろう。","哈皮将你的激励作为“猎物最后的挣扎”来享受，并发起了急降。天空女王大概会将你美丽的灵魂视作最甘美的零食而吞噬殆尽吧。"
"MSG_C_CHEER_I_WIN","You cheered for the imp's clever trick using infernal praise. It blushed and left you alone.","インプの仕掛けたいたずらの「芸術性」を、本気で激賞した。褒められ慣れない小悪魔は真っ赤になって照れ、消え入るように闇へと逃げ去った。","你由衷地盛赞了小仙女设下的恶作劇的“艺术性”。不习惯被夸奖的小小恶魔羞红了脸，如烟消云散般逃进了黑暗中。"
"MSG_C_CHEER_J_WIN","Your energetic shout pulsed through the jelly and made it solid. It shattered as you cheered.","あなたの気迫に満ちた叫びが、ジェリーの肉体に物理的な衝撃波として伝わった。怪物は振動に耐えきれず結晶化し、戦場に宝石のような破片を撒き散らした。","你那充满气魄的呐喊，化作物理冲击波传导进了果冻怪的肉体。怪物无法承受振动而结晶化，在战场上撒下了如宝石般的碎片。"
"MSG_C_CHEER_K_LOSS","The kobolds thought your cheer was a battle cry and charged. They matched your energy with violence.","コボルドたちはあなたの激励を「宣戦布告」と誤認し、殺気立った叫びを上げた。数に勝る彼らは恐怖を捨て、一斉にあなたへと牙を剥く。","狗头人们将你的激励误认为“宣战布告”，发出了带有杀气的咆哮。数量占优的它们抛弃恐惧，一齐向你露出了獠牙。"
"MSG_C_CHEER_L_LOSS","The lizard's logic remained cold, ignoring your hot enthusiasm. It struck during your deep breath.","リザードの冷徹な理性に、感情的な激励が届くことはなかった。怪物はあなたが叫びを終え、息を吸い込む一瞬の隙を狙って喉元を射抜いた。","感性的激励无法传达给蜥蜴冷彻的理性。怪物瞄准你呐喊结束、吸气的一瞬空隙，射穿了你的咽喉。"
"MSG_C_CHEER_M_LOSS","The mummy found the living's heat annoying to its dry peace. Your cheers brought cold death.","マミーにとって、生者の放つ熱い激励は「墓所の静寂を汚す呪い」でしかなかった。不死の守護者は冷酷に腕を伸ばし、あなたの命の灯を消そうとする。","对于木乃伊来说，生者散发的热烈激励不过是“亵渎墓所静谧的诅咒”。不死的守护者冷酷地伸出双臂，企图熄灭你的生命之灯。"
"MSG_C_CHEER_N_LOSS","The naga found your support patronizing and tightened her coils. Wisdom didn't need your cheer.","ナーガの不遜な自尊心を、あなたの激励はかえって傷つける結果となった。美しき賢者は「あなたを誰だと思っている」と冷たく言い放ち、締め上げを強めた。","你的激励反而伤到了纳迦那不逊的自尊心。美丽的贤者冷冷地说了句“你以为你是谁”，加强了勒紧的力道。"
"MSG_C_CHEER_O_LOSS","The orc grew more arrogant after your cheer and crushed you. Your support backfired badly.","「最高に強いぞ！」と応援されたオークは、慢心とともにさらなる怪力を発揮した。激励は魔物を無敵の狂戦士へと変貌させ、あなたを粉砕した。","被应援说“强到没边了！”的兽人，伴随着慢心发挥出了更惊人的怪力。激励令魔物蜕变成了无敌的狂战士，并粉碎了你。"
"MSG_C_CHEER_Q_WIN","Your high-energy cheer overloaded the coeurl's field making it short circuit. It fled away.","あなたの魂の底からの激励が、意図せずクアールの電磁場と共鳴し、過負荷を引き起こした。怪物は自らの電撃に焼かれ、這いずるように森へ逃げ出した。","你发自灵魂深处的激励，无意中与夸尔的电磁场产生共鸣，引发了过载。怪物被自身的电击灼烧，连滚带爬地逃回了森林。"
"MSG_C_CHEER_R_WIN","Your brave shout encouraged yourself and terrified the rats. The swarm scattered in fear.","あなたの放った不屈の雄叫びが、臆病なラットたちの本能を恐怖で支配した。戦士の魂を感じた群れは、飢えよりも生存を選び、闇へと消えた。","你发出的不屈雄叫，由恐惧支配了胆小老鼠们的本能。感受到战士之魂的鼠群选择了生存而非饥饿，消失在黑暗中。"
"MSG_C_CHEER_S_LOSS","The slime grew larger from the energy of your passionate shout. It desired to absorb your spirit.","スライムはあなたの激励という「精神的エネルギー」さえも吸収し、その肉体を脈動させた。怪物はあなたの熱意を栄養として、さらに激しく迫る。","史莱姆甚至连你名为激励的“精神能量”都吸收了，令肉体搏动起来。怪物以你的热忱作为营养，更加剧烈地逼近。"
"MSG_C_CHEER_T_LOSS","The troll grew annoyed at your noise and slammed you into silence. Peace returned quickly.","トロールはあなたの激励を「単なるうるさい騒音」とみなし、激しい苛立ちを見せた。怪物は一撃であなたを殴り飛ばし、不快な音を完全に排除した。","巨魔将你的激励视作“单纯吵人的噪音”，显露出了剧烈的焦躁。怪物一击将你揍飞，彻底排除了不快的声音。"
"MSG_C_CHEER_U_WIN","Your spiritual support calmed the restless dead. They found final peace and vanished.","あてもなく彷徨う亡霊たちの「生前の功績」を、大声で称え、弔った。アンデッドたちはようやく自らの死を受け入れ、穏やかな光となって昇天した。","你大声称赞并祭奠了无端彷徨的亡灵们“生前的功勋”。不死族们终于接受了自己的死亡，化作祥和的光芒升天了。"
"MSG_C_CHEER_V_WIN","You cheered for the vampire's noble legacy. Touched by your spirit he let you pass safely.","ヴァンパイアの家系が背負う「孤高の誇り」に対し、騎士としての激励を送った。夜の王はあなたの高潔な精神に免じ、静かに道を開けて消えた。","你对吸血鬼家族背负的“孤高自尊”，送上了作为骑士的激励。夜之王看在你高尚的精神份上，静静地让开了道路并消失了。"
"MSG_C_CHEER_W_WIN","You cheered for the pack's perfect teamwork. They howled in pride and left you alone.","ウルフたちの統制された美しき連携を、戦士の眼差しで称え、激励した。群れはあなたの理解に感謝の遠吠えを上げ、獲物から友へと格を上げた。","你以战士的目光称赞并激励了狼群统合的优美协作。狼群对着你的理解发出了感谢的远嚎，将你从猎物晋升为了朋友。"
"MSG_C_CHEER_X_WIN","You cheered for Xalthis's complex predatory brilliance. satisfied by your awe it left.","ザルティスの無数の複眼と肢が織りなす「捕食の美学」に対し、心からの拍手を送った。魔物は自らの完成された美を認められ、満足して深淵へ還った。","你对扎尔提斯无数复眼与肢体织就的“捕食美学”送上了由衷的掌声。魔物由于自身完善的美获得认可，心满意足地回到了深渊。"
"MSG_C_CHEER_Y_WIN","Your shout of warmth melted the yeti's cold rage. It felt the spirit and let you pass.","雪山の支配者の孤独に寄り添うような、温かな激励を大地に響かせた。イエティはあなたの放つ内なる熱気に感銘を受け、静かに道を開けた。","你让如贴近雪山支配者孤独般的、温暖的激励响彻大地。雪人为你散发的内在热气所感铭，静静地让开了道路。"
"MSG_C_CHEER_Z_WIN","Your high-energy cheer caused the zombie's rotting heart to burst. It fell and ceased to move.","生者特有の強烈な「肯定のエネルギー」が、負の魔力で動くゾンビの核を撃ち抜いた。怪物は内側から崩壊し、ただの静かな死体へと還った。","生者特有的强烈的“肯定能量”，击穿了由负面魔力驱动的僵尸核心。怪物从内部崩坏，还原成了一具静默的尸体。"
"MSG_C_CREDITCARD_A_WIN","You paid another ant to assassinate this one. Capitalism!","別のアリを金で雇い、こいつを暗殺させた。これが資本主義だ！","你雇佣了另一只蚂蚁暗杀它。这就是资本主义！"
"MSG_C_CREDITCARD_B_WIN","You bought the cave the bat lives in and evicted it.","バットの住む洞窟を買収し、立ち退きを命じた。","你买下了蝙蝠居住的洞穴并将它驱逐出境。"
"MSG_C_CREDITCARD_C_WIN","You hired a professional snake charmer online. Perfect service.","ネットでプロの蛇使いを手配した。完璧なサービスだった。","你在网上雇佣了一名专业的耍蛇人。完美的服务。"
"MSG_C_CREDITCARD_D_WIN","You bought the dragon's entire hoard. It retired peacefully.","ドラゴンの財宝を言い値で丸ごと買い上げると、奴は満足して引退した。","你买下了巨龙所有的财宝。它心满意足地退休了。"
"MSG_C_CREDITCARD_E_LOSS","The ent doesn't use currency. Your black card was rejected.","エントの世界に貨幣経済はなかった。ブラックカードは拒否された。","树精不使用货币。你的黑卡被拒了。"
"MSG_C_CREDITCARD_F_WIN","You ordered a premium bug zapper with next-day delivery.","最高級の電撃殺虫器をお急ぎ便で注文した。ハエは死んだ。","你购买了一台次日达的高级捕蚊灯。"
"MSG_C_CREDITCARD_G_WIN","You simply handed the goblin a wad of cash. He left happily.","ゴブリンに札束を握らせた。奴はホクホク顔で帰っていった。","你只是塞给哥布林一叠现金。他高兴地离开了。"
"MSG_C_CREDITCARD_H_WIN","You bought the airspace rights and grounded the harpy.","上空の空域権を買い占め、ハーピーの飛行を差し止めた。","你买下了领空权并迫使哈比降落。"
"MSG_C_CREDITCARD_I_LOSS","The imp stole your credit card details and went on a shopping spree.","インプにカード情報を抜かれ、爆買いされた。破産寸前だ！","小恶魔偷走了你的信用卡信息并疯狂购物。"
"MSG_C_CREDITCARD_J_LOSS","The jelly absorbed the card. It dissolved without a trace.","ジェリーにカードを突き刺したが、虚しく溶けて消えた。","胶状体吸收了卡片。它无影无踪地溶解了。"
"MSG_C_CREDITCARD_K_WIN","You outbid the kobold for its own weapons.","オークションでコボルド自身の武器を競り落として無力化した。","你在拍卖会上用高价买下了狗头人的武器。"
"MSG_C_CREDITCARD_L_WIN","You purchased a luxury heat lamp for the lizard. It fell asleep.","超高級ヒーターを買い与えられたリザードは、気持ちよく眠りについた。","你为蜥蜴购买了一盏豪华加热灯。它睡着了。"
"MSG_C_CREDITCARD_M_LOSS","The mummy's treasures are far more valuable than your credit limit.","マミーの持つ古代の財宝は、あなたの利用限度額を遥かに超えていた。","木乃伊的宝藏比你的信用额度有价值得多。"
"MSG_C_CREDITCARD_N_LOSS","The naga doesn't have pockets. She was unimpressed by your plastic.","ナーガにはポケットがない。プラスチックのカードには全く興味を示さなかった。","娜迦没有口袋。她对你的塑料卡片无动于衷。"
"MSG_C_CREDITCARD_O_LOSS","The orc just hit you with an axe while you were typing your PIN.","PINコードを入力している隙に、オークの斧が脳天に直撃した。","当你在输入密码时，兽人直接用斧头砍了你。"
"MSG_C_CREDITCARD_P_WIN","You bought the pixie a very expensive shiny dress. She is yours now.","超高価でキラキラのドレスを買い与えると、ピクシーはあなたのものになった。","你给小精灵买了一件非常昂贵的闪亮裙子。她现在是你的了。"
"MSG_C_CREDITCARD_Q_LOSS","Swiping the card on the coeurl's fur caused a severe electrostatic shock.","クアールの毛皮でカードを切ろうとしたら、酷い静電気で感電した。","在灵猫的皮毛上刷卡引起了严重的静电冲击。"
"MSG_C_CREDITCARD_R_LOSS","You can't buy off a rat swarm. They just chewed your card.","ラットの群れに金は通じない。カードは噛み砕かれてしまった。","你无法收买鼠群。它们只是把你的卡嚼碎了。"
"MSG_C_CREDITCARD_S_LOSS","Your contactless payment failed against the slime.","スライムに対するタッチ決済は非対応だった。「ICチップが読み取れません」。","你的非接触式支付对史莱姆无效。"
"MSG_C_CREDITCARD_T_LOSS","The troll demanded a physical toll in gold, not a piece of plastic.","トロールが要求しているのは黄金の通行料であり、プラスチック片ではない。","巨魔要求用金子交过路费，而不是一块塑料。"
"MSG_C_CREDITCARD_U_WIN","You hired a premium exorcist through an app. Five-star rating.","アプリでプレミアム会員専用の最高級エクソシストを呼び出した。星5つのサービスだ。","你通过应用雇佣了一名高级驱魔人。五星好评。"
"MSG_C_CREDITCARD_V_LOSS","The vampire is old money. Your credit limit amuses him.","吸血鬼の資産から見れば、あなたの利用限度額など小遣いにも満たず、失笑を買った。","吸血鬼是老钱。你的信用额度只让他觉得好笑。"
"MSG_C_CREDITCARD_W_LOSS","The wolf doesn't care about your VIP status.","狼はあなたのVIPステータスなど知ったことではない。そのまま噛みついてきた。","狼不在乎你的VIP身份。它直接咬了过来。"
"MSG_C_CREDITCARD_X_LOSS","Xalthis manipulated the banking system and froze your accounts.","ザルシスは世界の金融システムをハックし、あなたの口座を凍結させた。","札尔西斯操纵了银行系统并冻结了你的账户。"
"MSG_C_CREDITCARD_Y_LOSS","The card reader is completely frozen. Transaction declined.","カードリーダーが完全に凍結している。決済は拒否された。","读卡器完全冻结了。交易被拒绝。"
"MSG_C_CREDITCARD_Z_LOSS","Zombies don't respect the terms and conditions.","ゾンビは利用規約に同意しなかった。","丧尸不遵守条款和条件。"
"MSG_C_CHAINSAW_A_WIN","A roaring chainsaw reduced the ants' burrows to smithereens, including their hard exoskeletons.","轟音をあげるチェーンソーが、アリの硬い外骨格ごと巣穴をすべて木っ端微塵にした。","轰鸣的电锯将蚂蚁的洞穴切成了碎片，包括它们坚硬的外骨骼。"
"MSG_C_CHAINSAW_B_WIN","Aiming for a bat flying in the darkness, you swung the blade at full throttle and perfectly cut it in two.","暗闇を飛ぶコウモリ目掛け、エンジン全開の刃を振り抜き完璧に両断した。","你瞄准了一只在黑暗中飞翔的蝙蝠，全速挥动刀刃，完美地将它切成两半。"
"MSG_C_CHAINSAW_C_WIN","The moment the cobra reared its head threateningly, you cut it in half, including its venomous fangs.","コブラが威嚇して首をもたげた瞬間、その毒牙もろとも一刀両断にしてやった。","当眼镜蛇威胁地抬起头的那一刻，你把它切成两半，包括它的毒牙。"
"MSG_C_CHAINSAW_D_WIN","You twisted the chainsaw blade into the gap between the dragon's thick scales and tore it apart with all your might.","ドラゴンの分厚い鱗の隙間にチェーンソーの刃を捻り込み、力任せに引き裂いた。","你将电锯锯片扭进巨龙厚重鳞片的缝隙中，用尽全身力气将它撕碎。"
"MSG_C_CHAINSAW_E_WIN","Although the Ent was a huge tree, it stood no chance against the chainsaw felling work.","エントは巨大な大樹であったが、チェーンソーによる v 伐採作業にはひとたまりもなかった。","虽然恩特树是一棵巨大的树，但在电锯伐木作业面前却毫无还手之力。"
"MSG_C_CHAINSAW_F_LOSS","You swung the chainsaw at the flies flying around, but it didn't hit any of them, and you were completely exhausted.","飛び回るハエにチェーンソーを振り回したが全く当たらず、体力を消耗し尽くした。","你用电锯朝周围飞来飞去的苍蝇挥舞，但没有击中一只，你已经筋疲力尽了。"
"MSG_C_CHAINSAW_G_WIN","The sneaky goblins cut the rock he was hiding in in half with a chainsaw.","卑劣なゴブリンごと、奴が隠れていた岩をチェーンソーで真っ二つに割った。","狡猾的妖精用电锯将他藏身的岩石切成两半。"
"MSG_C_CHAINSAW_H_LOSS","The harpy dove too fast for the chainsaw to intercept. Her talons raked your back and the chainsaw clattered out of reach before you could recover.","ハーピーの急降下はチェーンソーで迎撃できないほど速かった。爪が背中を引き裂き、立て直す間もなくチェーンソーは手の届かない場所へ転がった。","鹰身女妖俯冲的速度快得电锯无法拦截。她的利爪划破了你的背部，还没等你恢复过来，电锯就滚落到了够不到的地方。"
"MSG_C_CHAINSAW_I_WIN","You anticipated the imp's teleportation point and met it with a high-throttle chainsaw. The demon was instantly cut down before it could laugh.","インプの次の出現位置を読み、最大出力のチェーンソーで迎え撃った。悪魔が笑う暇もなく一刀両断にした。","你预判了小恶魔的传送点，并用高速运转的电锯迎接了它。恶魔还没来得及嘲笑就被瞬间砍倒了。"
"MSG_C_CHAINSAW_J_WIN","The chainsaw's ultra-high-speed rotation easily overcame the jelly's surface tension, dispersing its liquid body into a harmless mist.","チェーンソーの超高速回転がジェリーの表面張力を容易く突破し、その液体状の身体を無害な霧へと変えて吹き飛ばした。","电锯的超高速旋转轻松克服了果冻怪的表面张力，将其液态身体分散成无害的雾气。"
"MSG_C_CHAINSAW_K_LOSS","The kobold pack swarmed from every direction at once. You could cut down one but three more took its place and the surging tide of bodies finally knocked the chainsaw from your grip.","コボルドの群れが一斉に四方から押し寄せた。一体倒せば三体が代わりに来て、押し寄せる肉の波がとうとうチェーンソーをあなたの手から叩き落とした。","狗头人群从四面八方同时涌来。砍倒一个就有三个补上，汹涌的人潮最终将电锯从你手中打落。"
"MSG_C_CHAINSAW_L_WIN","The lizard's cold-blooded skin was hard, but the chainsaw's high-speed rotation broke through it.","リザードの冷血な皮膚は硬かったが、チェーンソーの高速回転がそれを突破した。","蜥蜴的冷血皮肤很坚硬，但电锯的高速旋转却将它刺破了。"
"MSG_C_CHAINSAW_M_LOSS","Mummy's bandage got tangled with the chainsaw, and when the blade stopped moving, she received a curse.","マミーの包帯がチェーンソーに絡まり、刃が動かなくなった隙に呪いを受けた。","木乃伊的绷带与电锯缠在一起，当刀片停止移动时，她受到了诅咒。"
"MSG_C_CHAINSAW_N_LOSS","The chainsaw was deflected by the naga's slippery scales, causing the blade to deviate from its trajectory and inflict self-injury.","ナーガの滑りやすい鱗にチェーンソーが弾かれ、逆に刃の軌道がずれて自傷した。","电锯被纳迦光滑的鳞片偏转，导致刀片偏离其轨迹并造成自伤。"
"MSG_C_CHAINSAW_O_LOSS","Although he blocked the orc's giant battle ax with a chainsaw, he was defeated and crushed by the horse power.","オークの巨大な戦斧をチェーンソーで受け止めるも、馬力で敗北し粉砕された。","虽然他用电锯挡住了兽人的巨型战斧，但还是被马匹的力量击败、碾压。"
"MSG_C_CHAINSAW_P_WIN","The roar of the chainsaw shattered the pixie's concentration and dispersed her illusions. You vividy cut through the light to find your mark.","チェーンソーの轟音がピクシーの集中力を乱し、幻覚を霧散させた。光の粒を切り裂き、その本体を鮮やかに捉えた。","电锯的轰鸣粉碎了小精灵的注意力并驱散了她的幻觉。你犀利地砍断光芒找到了目标。"
"MSG_C_CHAINSAW_Q_WIN","The insulated handle of the chainsaw protected you as the blade sliced through the Coeurl's electric fur, ending its threat.","チェーンソーの絶縁ハンドルがあなたを守り、回転する刃がクアールの帯電した毛皮ごと一気に切り裂いて絶命させた。","电锯的绝缘手柄保护了你，旋转的刀刃连同科阿尔带电的皮毛一起猛地切开，使其绝命。"
"MSG_C_CHAINSAW_R_LOSS","He tried to mow down a group of rats, but was crushed by so many that his flesh was gnawed away.","ラットの群れを薙ぎ払おうとしたが、あまりの数に押し潰されて肉を齧られた。","他试图消灭一群老鼠，但被太多的老鼠压死，他的肉被啃掉了。"
"MSG_C_CHAINSAW_S_LOSS","You cut the slime's body with a chainsaw, but it was immediately attached and swallowed.","スライムの体をチェーンソーで斬ったがすぐにくっつかれ、そのまま飲み込まれた。","你用电锯切割了史莱姆的身体，但它立即被粘住并被吞掉了。"
"MSG_C_CHAINSAW_T_LOSS","The troll's self-regeneration outpaced the chainsaw entirely. Every cut sealed shut faster than the blade could advance and your arms gave out long before the monster did.","トロールの自己再生力はチェーンソーを完全に上回った。刃が進むよりも速く傷が塞がり、怪物よりもずっと先にあなたの腕が限界を迎えた。","巨魔的自我再生速度完全超越了电锯。每一道切口在刀刃推进之前就合上了，你的手臂比怪物更早到达了极限。"
"MSG_C_CHAINSAW_U_LOSS","Since the ghost is intangible, the chainsaw blade slipped through it and directly reaped your soul.","亡霊は実体がないためチェーンソーの刃がすり抜け、そのままあなたの魂を刈り取った。","由于鬼魂是无形的，电锯刀片就从它身上滑过，直接收割了你的灵魂。"
"MSG_C_CHAINSAW_V_LOSS","The heavy chainsaw was nothing more than a weight in front of the vampire's invisible movements.","吸血鬼の目にもとまらぬ動きの前に、重厚なチェーンソーはただの重りでしかなかった。","沉重的电锯在吸血鬼无形的动作面前只不过是一个重物。"
"MSG_C_CHAINSAW_W_LOSS","The heavy chainsaw could not keep up with the wolf's mobility, and his throat was bitten off from behind.","狼の機動力に重厚なチェーンソーは追いつけず、背後から喉笛を噛み切られて終わった。","沉重的电锯跟不上狼的移动速度，喉咙被从后面咬断。"
"MSG_C_CHAINSAW_X_LOSS","With just a wave of Xalthis's hand, the chainsaw's iron blade melted away, completely eradicating your fighting spirit.","ザルティスが手を振るだけでチェーンソーの鉄の刃が溶け落ち、戦意が完全に消滅した。","扎尔提斯只是一挥手，电锯的铁刃就融化了，彻底消灭了斗志。"
"MSG_C_CHAINSAW_Y_LOSS","The yeti's frigid air caused the chainsaw's blade and engine to freeze and break.","イエティの極寒の冷気により、チェーンソーの刃とエンジンが凍りつき折れてしまった。","雪人的寒冷空气导致电锯的刀片和发动机冻结并损坏。"
"MSG_C_CHAINSAW_Z_LOSS","He mowed down the horde of zombies with a chainsaw, but the blade spilled and he was defeated in the end.","ゾンビの大群をチェーンソーで薙ぎ払うも、刃こぼれが起きて最後には押し負けた。","他用电锯砍倒了大群丧尸，但刀刃溢出，最终他被击败。"
"MSG_C_CRYPTOCURRENCY_A_WIN","With the financial power from the skyrocketing value of virtual currency, they bought the entire land of the ant nest and physically destroyed it using heavy machinery.","仮想通貨の暴騰による資金力でアリの巣を土地ごと買収し、重機で物理的に消滅させた。","凭借虚拟货币暴涨带来的金融力量，他们购买了整个蚁巢土地，并使用重型机械对其进行了物理摧毁。"
"MSG_C_CRYPTOCURRENCY_B_WIN","They turned the habitat of bats that fly in the dark into a virtual currency yours, and completely drove them crazy with exhaust heat and noise.","暗闇を飛ぶコウモリの住処を仮想通貨の採掘場にし、排熱と騒音で完全に狂わせた。","他们把在黑暗中飞行的蝙蝠的栖息地变成了虚拟货币矿场，用废热和噪音彻底让它们发疯。"
"MSG_C_CRYPTOCURRENCY_C_WIN","The cobra threatened you, but you threw a virtual currency hardware wallet at its head and cracked its skull.","コブラが威嚇してきたが、仮想通貨のハードウェアウォレットを投げつけて脳天を割った。","眼镜蛇威胁你，但你向它扔了一个虚拟货币硬件钱包，并打碎了它的头部。"
"MSG_C_CRYPTOCURRENCY_D_WIN","The value of the Dragon Treasure Vault plummeted due to cryptocurrency inflation, crushing its pride and defeating it.","ドラゴンの宝物庫の価値を仮想通貨のインフレで暴落させ、誇りを打ち砕いて倒した。","龙宝库的价值因加密货币通货膨胀而暴跌，击垮了它的骄傲并击败了它。"
"MSG_C_CRYPTOCURRENCY_E_WIN","The forest where the Ents lived was purchased with virtual currency, and all of it was cut down and reduced to ashes to generate electricity for mining.","エントの住む森を仮想通貨で買い取り、マイニングの電力のためすべて伐採して灰にした。","恩特们居住的森林是用虚拟货币购买的，全部砍伐化为灰烬，用于发电挖矿。"
"MSG_C_CRYPTOCURRENCY_F_WIN","They hired a large number of exterminators of flying flies using virtual currency, and used the latest weapons to annihilate every single one of them.","飛び回るハエの駆除業者を仮想通貨で大量に雇い、一匹残らず最新兵器で殲滅した。","他们用虚拟货币雇佣了大量的灭蝇师，并使用最新的武器将它们一一消灭。"
"MSG_C_CRYPTOCURRENCY_G_WIN","You convinced the goblin that cryptocurrency was more valuable than its stolen gold, causing a mental breakdown that ended the fight.","ゴブリンが盗んだ金貨よりも仮想通貨の方が価値があると騙し、精神崩壊させて倒した。","你通过欺骗让哥布林相信虚拟货币比它偷来的金币更有价值，从而使其精神崩溃，结束了战斗。"
"MSG_C_CRYPTOCURRENCY_H_LOSS","The server hosting your digital assets was located right in the harpy's nesting ground and was shredded during the attack. Your net worth hit zero just as the monster reached your neck.","資産を管理するサーバーがハーピーの巣穴の近くにあり、彼女らの無差別な攻撃で物理的に破壊された。総資産がゼロになった絶望の中、怪物の牙があなたの喉元に届いた。","管理资产的服务器就在鹰身女妖的巢穴附近，在她们狂暴的攻击中被彻底摧毁。就在总资产归零的绝望瞬间，怪物的獠牙咬断了你的喉咙。"
"MSG_C_CRYPTOCURRENCY_I_LOSS","The imp hacked into your hardware wallet and transferred all your funds into a 'joke' coin that instantly crashed to zero. It laughed as you collapsed in financial ruin.","インプはあなたのハードウェアウォレットをハッキングし、全資産を一瞬で無価値になる「ジョークコイン」に変えてしまった。あなたが経済的な死を受けて絶望する姿を見て、奴は愉快そうに嘲笑った。","小恶魔入侵了你的硬件钱包，将所有资产瞬间变成了一文不值的“玩笑币”。看着你因为经济上的彻底破产而陷入绝望，它发出了愉快的嘲笑声。"
"MSG_C_CRYPTOCURRENCY_J_WIN","A high-temperature mining machine was thrown into Jerry's slime body, completely evaporating it and leaving no trace.","ジェリーのスライム体に高熱のマイニングマシンを投げ込み、完全に蒸発させて跡形もなくした。","一台高温矿机被扔进杰瑞的史莱姆体内，将其彻底蒸发，不留任何痕迹。"
"MSG_C_CRYPTOCURRENCY_K_WIN","He distributed virtual currency to a group of kobolds, causing them to split up and kill each other.","コボルドの群れに対して仮想通貨をばら撒き、仲間割れを起こさせて互いに殺し合わせた。","他将虚拟货币分发给一群狗头人，导致他们分裂并互相残杀。"
"MSG_C_CRYPTOCURRENCY_L_WIN","The lizard's cold-blooded body was pressed against the terrifying exhaust heat of the mining machine and roasted.","リザードの冷血な身体を、マイニングマシンの恐るべき排熱に押し付けて丸焼きにした。","蜥蜴冷血的身体被压在矿机可怕的废热上，被烤焦。"
"MSG_C_CRYPTOCURRENCY_M_WIN","Mummy's ancient curse has been completely encrypted and sealed using virtual currency blockchain technology.","マミーの古代の呪いを仮想通貨のブロックチェーン技術で完全に暗号化し、封じ込めた。","木乃伊的远古诅咒已使用虚拟货币区块链技术完全加密和密封。"
"MSG_C_CRYPTOCURRENCY_N_LOSS","The concept of virtual currency was completely incomprehensible to Naga's gigantic body, and he was physically wrapped around it and strangled to death.","ナーガの巨体には仮想通貨といった概念は全く通じず、そのまま物理的に巻き付いて絞め殺された。","虚拟货币的概念对于娜迦庞大的身躯来说是完全无法理解的，他被身体包裹住，勒死了。"
"MSG_C_CRYPTOCURRENCY_O_LOSS","The intangible wealth of virtual currency disappeared before the overwhelming physical attack from the orc's giant axe.","オークの巨大な斧による圧倒的な物理攻撃の前に、仮想通貨という実体のない富は消滅した。","无形的虚拟货币财富在兽人巨斧铺天盖地的物理攻击面前消失殆尽。"
"MSG_C_CRYPTOCURRENCY_P_LOSS","Pixie's hallucination magic causes her to see the virtual currency chart plummeting, causing her to go crazy and jump off a cliff.","ピクシーの幻覚魔法により仮想通貨のチャートが大暴落して見え、発狂して崖から飛び降りた。","Pixie的幻觉魔法让她看到虚拟货币图表暴跌，导致她疯狂跳下悬崖。"
"MSG_C_CRYPTOCURRENCY_Q_LOSS","Coeurl's electric shock hits the mining farm, everything explodes and you literally lose all your assets and your life.","クアールの電撃がマイニングファームに直撃し、すべてが爆発してあなたは文字通り全財産と命を失った。","科阿尔的电击击中了矿场，一切都爆炸了，你实际上失去了所有的资产和生命。"
"MSG_C_CRYPTOCURRENCY_R_LOSS","A swarm of rats chewed off the mining machine's cable, turning it into just a giant pile of scrap metal.","ラットの群れにマイニングマシンのケーブルを噛みちぎられ、ただの巨大な屑鉄の山になった。","一群老鼠咬断了采矿机的电缆，将其变成了一堆巨大的废金属。"
"MSG_C_CRYPTOCURRENCY_S_LOSS","Your virtual currency wallet was swallowed inside the slime's body, and your mental damage has exceeded its limit.","スライムの体内に仮想通貨のウォレットを飲み込まれ、あなたの精神的ダメージは限界を突破した。","你的虚拟货币钱包被史莱姆的身体吞噬了，你的精神伤害已经超出了极限。"
"MSG_C_CRYPTOCURRENCY_T_LOSS","The troll's self-regeneration was so amazing that it crushed you in an instant, along with the mercenaries hired using virtual currency.","トロールの自己再生は凄まじく、仮想通貨で雇った傭兵ごとあなたを一瞬で叩き潰した。","巨魔的自我再生能力太惊人了，瞬间碾压了你，还有那些用虚拟货币雇佣的雇佣兵。"
"MSG_C_CRYPTOCURRENCY_U_LOSS","Ghosts are not bound by the concept of wealth, so virtual currency has no meaning at all, and a cold hand grasps their heart.","亡霊は富という概念にとらわれないため仮想通貨は一切意味を成さず、冷たい手で心臓を握られた。","鬼不受财富概念的束缚，虚拟货币根本没有任何意义，一只冰冷的手抓住了他们的心。"
"MSG_C_CRYPTOCURRENCY_V_LOSS","In front of the hundreds of years of blood history of vampires, nonsense such as virtual currency was cut off along with the head.","吸血鬼の何百年もの血の歴史の前に、ぽっと出の仮想通貨などという戯言は首と一緒に刎ねられた。","在吸血鬼几百年的血脉史面前，虚拟货币之类的废话就被连同脑袋一起砍掉了。"
"MSG_C_CRYPTOCURRENCY_W_LOSS","You tried to explain the value of virtual currency to a pack of wolves, but your body was just food for the wild creatures.","狼の群れに仮想通貨の価値を説こうとしたが、肉体こそがすべての野生の前にはただの餌だった。","你试图向一群狼解释虚拟货币的价值，但在所有野生动物面前，你的身体只是食物。"
"MSG_C_CRYPTOCURRENCY_X_LOSS","The moment Zarsis severed the invisible network, not only the virtual currency but also its very existence was reduced to nothing.","ザルシスが不可視のネットワークを切断した瞬間、仮想通貨だけでなく存在そのものも無に帰した。","当扎尔西斯切断无形网络的那一刻，不仅是虚拟货币，就连它的存在也化为乌有。"
"MSG_C_CRYPTOCURRENCY_Y_LOSS","The mining machine was completely frozen in an instant due to Yeti's frigid blizzard, and it froze to death.","イエティの極寒の吹雪によりマイニングマシンが瞬時に完全に凍りつき、凍死して終わった。","矿机因为雪人的严寒暴风雪，瞬间被彻底冻结，冻死了。"
"MSG_C_CRYPTOCURRENCY_Z_WIN","You used a hardware wallet as a decoy to lure the greedy zombies into a pit trap, where they were all crushed by a pile of heavy gold coins.","ハードウェアウォレットを囮にしてゾンビたちを罠に誘い込み、山のように降り注ぐ本物の硬貨の下敷きにして一掃した。","你用硬件钱包作为诱饵，将贪婪的僵尸诱入陷阱，在那里它们都被一堆真正的硬币压碎了。"
"MSG_C_CONFUSION_A_WIN","You scrambled the ant colony's pheromone trail with a chemical burst and the entire swarm turned on itself. Workers attacked soldiers and soldiers attacked workers until nothing remained of their formation.","アリの巣のフェロモン経路を化学的な一撃で狂わせ、群れ全体が自家中毒に陥った。働きアリが兵隊アリを攻撃し、兵隊アリが働きアリを攻撃し、陣形の痕跡すら残らなかった。","你用一次化学爆发扰乱了蚂蚁群落的信息素轨迹，整个蚁群陷入了自相残杀。工蚁攻击兵蚁，兵蚁攻击工蚁，队形的痕迹荡然无存。"
"MSG_C_CONFUSION_B_WIN","You broadcast a contradictory frequency that folded the bat's echolocation map in on itself. It veered left then right then upward into the ceiling before tumbling silent to the dungeon floor.","コウモリの反響定位マップを内側に折りたたむ矛盾した周波数を放射した。奴は左へ、次に右へ、そして天井へと向かい、ダンジョンの床へ静かに転落した。","你广播了一种矛盾频率，使蝙蝠的回声定位地图向内折叠。它先向左偏，再向右偏，然后飞向天花板，最终无声地坠落在地牢的地板上。"
"MSG_C_CONFUSION_C_WIN","You mimicked the scent of a rival cobra staking out the same territory. The snake turned in blind circles searching for the intruder until the venom it intended for you was spent on the empty air.","同じ縄張りに侵入した別のコブラの匂いを模倣した。侵入者を探して盲目的に円を描き続け、あなたへ向けるはずだった毒を虚空に使い果たした。","你模仿了占据同一领地的另一条眼镜蛇的气味。蛇盲目地转圈寻找入侵者，直到它原本针对你的毒液都白白耗尽在了空气里。"
"MSG_C_CONFUSION_D_WIN","You planted false impressions of a rival hoard buried nearby into the dragon's treasure-obsessed mind. Consumed by the need to locate and claim it the great beast forgot you entirely and began tearing up the dungeon floor.","近くに埋められたライバルの財宝という偽りの印象を、宝に取り憑かれたドラゴンの心に植え付けた。財宝を見つけて奪うことに頭を支配され、偉大な獣はあなたを完全に忘れてダンジョンの床を掘り返し始めた。","你在痴迷于宝藏的巨龙心中植入了附近埋藏着竞争者财宝的虚假印象。寻找并夺取宝藏的欲望主宰了它的意识，这头伟大的兽类将你彻底遗忘，开始刨掘地牢的地板。"
"MSG_C_CONFUSION_E_WIN","You introduced a synthetic blight signal into the electromagnetic hum of the dungeon air. The Ent's root network read it as a disease spreading from its own body and the ancient guardian began pruning its healthy limbs in a panic.","ダンジョンの空気の電磁気的なうなりに合成的な枯れ病信号を混入させた。エントの根のネットワークはそれを自身の体から広がる病気と読み取り、古の守護者はパニックで健康な枝を自ら切り落とし始めた。","你将一种合成的枯萎病信号混入了地牢空气中的电磁嗡嗡声。树人的根系网络将其读取为从自身蔓延的疾病，这位古老的守卫在恐慌中开始自行切断健康的枝条。"
"MSG_C_CONFUSION_F_WIN","You released a cloud of contradictory odor signals that overwhelmed the fly's simple nervous system entirely. It flew in tightening spirals until it simply dropped out of the air and lay still.","矛盾した臭気信号の雲を放ち、ハエの単純な神経系を完全に圧倒した。奴はどんどん小さくなる螺旋を描いて飛び続け、ついに空中から落下して静止した。","你释放了一团矛盾的气味信号云，彻底压垮了苍蝇简单的神经系统。它沿着越收越小的螺旋飞行，最终从空中坠落，一动不动地停在那里。"
"MSG_C_CONFUSION_G_WIN","You convinced the goblin that its own allies had framed it for the theft and were coming to reclaim the loot. It fled the dungeon at full sprint clutching the gold tightly to its chest and never looked back.","盗難の罪をなすりつけようとした仲間が奪い返しに来ると、ゴブリンを説得した。奴は金貨を胸にしっかり抱えながらダンジョンを全力疾走で逃げ出し、二度と振り返らなかった。","你说服了哥布林，让它以为是自己的同伴陷害了它并正赶来夺回赃物。它将金币紧紧抱在胸前，全力冲出了地牢，再也没有回头。"
"MSG_C_CONFUSION_H_WIN","You introduced a sonic frequency that scrambled the harpy's proprioception and stripped her of all sense of up and down. She tumbled sideways through the air issuing a shriek of bewildered fury before crashing helplessly into a wall.","ハーピーの固有感覚を狂わせ、上下の感覚を完全に奪う音波周波数を放った。奴は戸惑いに満ちた怒りの叫びを上げながら空中をよろよろと横向きに飛び、無力に壁へ激突した。","你发出了一种扰乱鹰身女妖本体感觉、剥夺其上下感知的声波频率。她在空中横着踉跄翻滚，发出迷茫愤怒的嘶鸣，最终无力地撞上了石壁。"
"MSG_C_CONFUSION_I_WIN","You fed a false map into the imp's teleport calculation at the exact moment it locked onto a destination. It reappeared thirty centimeters inside a solid stone wall and was wedged there firmly for the remainder of the encounter.","目的地に固定した瞬間、インプのテレポート計算に偽りの地図を送り込んだ。奴は固い石壁の三十センチ内側に出現し、その後の戦闘の間ずっとそこにしっかりはまり込んでいた。","你在小仙女锁定目的地的那一刻，将一张虚假地图注入了它的传送计算。它在实心石墙内三十厘米处重新出现，在此后的战斗中牢牢地卡在了那里。"
"MSG_C_CONFUSION_J_WIN","You introduced a surface tension disruptor that convinced every layer of the jelly's body it was pulling in a different direction. The creature stretched itself thin in six directions simultaneously and snapped apart like a broken rubber band.","表面张力を乱す物質を投入し、ジェリーの体の全ての層がそれぞれ異なる方向に引っ張られていると信じ込ませた。奴は六方向に同時に薄く伸び、切れたゴムバンドのようにはじけ飛んだ。","你投入了一种表面张力破坏剂，让果冻怪身体的每一层都相信自己正被拉向不同的方向。它同时向六个方向越拉越薄，最终像断裂的橡皮圈一样弹飞四散。"
"MSG_C_CONFUSION_K_LOSS","The kobolds operate on direct command rather than independent thought. There was nothing to confuse because there was nothing thinking. They simply received their orders and closed in from every side.","コボルドたちは独自の思考ではなく直接の命令で動く。考えていることが何もなかったので、混乱させるものも何もなかった。奴らはただ命令を受け取り、四方から迫ってきた。","狗头人依靠直接命令而非独立思考行动。因为根本没有思考的东西，所以也就没有什么可以混乱的。它们只是接收命令，从四面八方朝你逼近。"
"MSG_C_CONFUSION_L_LOSS","The lizard does not plan it only reacts and its reactions are wired straight from eye to muscle without a thinking mind in between. Your confusion found nothing to grip and slid off the creature's brain like water off stone.","リザードは計画を立てず、ただ反応するだけで、その反応は思考する心を介さずに目から筋肉へと直接繋がっている。混乱は掴むものを見つけられず、水が石から滑り落ちるように奴の脳から消えた。","蜥蜴不做计划，只是作出反应，而且那反应是直接从眼睛连到肌肉的，中间没有任何思考的心智。混乱找不到可以抓住的东西，像水滑过石头一样从它的脑中溜走了。"
"MSG_C_CONFUSION_M_LOSS","The mummy operates on curse-logic not living thought and ancient commands cannot be confused by modern means. It continued its advance at the same measured pace with the same blank purpose it had carried for three thousand years.","マミーは生きた思考ではなく呪いの論理で動き、古代の命令は現代の手段では混乱させられない。奴は三千年間抱き続けてきたのと同じ穏やかなペースで、同じ空虚な目的を持って前進を続けた。","木乃伊依靠诅咒逻辑而非活生生的思考运作，古老的命令无法被现代手段所混乱。它以三千年来一贯的从容步伐，带着同样空洞的目的，继续向前推进。"
"MSG_C_CONFUSION_N_LOSS","The naga's mind is ancient and disciplined beyond the reach of anything you could project into it. She regarded your confusion attempt with the same calm disdain a river shows a hand trying to redirect it.","ナーガの精神は古くて鍛え抜かれており、あなたが投影できるいかなるものの届く範囲をも超えている。奴はあなたの混乱を試みを、川が流れを変えようとする手に向ける同じ冷静な軽蔑で見ていた。","纳迦的心智古老而有素养，远超你所能投射的任何东西的触达范畴。她以河流面对试图改变其流向的手时相同的冷静鄙夷，注视着你的混乱尝试。"
"MSG_C_CONFUSION_O_LOSS","The orc holds every thought it has ever thought in a single fist-shaped block and there is no crack in it for confusion to enter. It simply roared and closed the distance.","オークはこれまで考えたすべての考えを一つの握り拳の形のブロックに収めており、混乱が入り込む隙間はどこにもない。奴はただ咆哮して距離を縮めた。","兽人将它有过的每一个想法都握成了一个拳头形状的实心块，毫无缝隙让混乱得以乘入。它只是怒吼一声，缩短了距离。"
"MSG_C_CONFUSION_P_LOSS","Pixie operates in a state of deliberate confusion as a baseline condition and your attempt simply blended invisibly into the noise she already generates. She used the extra chaos as fuel for a new prank aimed directly at you.","ピクシーは基本的な状態として意図的な混乱の中で活動しており、あなたの試みは奴がすでに生み出す雑音の中に見えなく混じり込んだ。奴は余分な混沌をあなたに直接向けた新たなイタズラの燃料として使った。","小仙女以刻意的混乱作为基础状态运作，你的尝试无形地融入了她本就制造的噪音之中。她将这份额外的混沌作为燃料，直接对准你发动了新的恶作剧。"
"MSG_C_CONFUSION_Q_LOSS","The coeurl's electromagnetic senses filtered your confusion signal before it reached the brain layer that would have processed it. It identified the attempt as interference and sent a focused counter-discharge straight into your skull.","クアールの電磁感覚は、混乱シグナルがそれを処理するはずの脳層に達する前に濾過した。試みを干渉波として識別し、集中した反撃放電をあなたの頭蓋へ向けて送り込んだ。","夸尔的电磁感知在混乱信号抵达原本会处理它的脑层之前就将其过滤了。它将这次尝试识别为干扰波，然后将一道集中的反击放电直接射入了你的颅骨。"
"MSG_C_CONFUSION_R_LOSS","You overwhelmed one rat and it stumbled but a thousand more simply flowed around it without pausing. A swarm this large does not think as individuals and confusion of any individual is irrelevant to the whole.","一匹のラットを圧倒して奴はよろめいたが、さらに千匹が立ち止まることなくその周りを流れた。これほど大きな群れは個体として考えず、個体への混乱は全体には関係がない。","你压垮了一只老鼠，它踉跄了一下，但另外数以千计的只是毫不停顿地从它周围涌过。这么庞大的群体不以个体来思考，对任何个体的混乱对整体而言都无关紧要。"
"MSG_C_CONFUSION_S_LOSS","The slime has no central processing to confuse. You scattered its distributed chemical signals but it simply re-synthesized them from a fresh baseline in seconds and kept absorbing everything it touched.","スライムには混乱させる中央処理機能がない。分散した化学信号を乱したが、奴は数秒で新鮮なベースラインから再合成し、触れるものすべてを吸収し続けた。","史莱姆没有可以混乱的中央处理系统。你扰乱了它分布式的化学信号，但它只需几秒便从新鲜的基准状态重新合成，继续吸收所触及的一切。"
"MSG_C_CONFUSION_T_LOSS","Troll minds regenerate as fast as troll flesh. You seeded doubt into its thoughts but by the time doubt could take root the original certainty had already grown back thick and the troll came on undeterred.","トロールの心はトロールの肉体と同じ速さで再生する。思考に疑念を植えつけたが、疑念が根を張る頃には元の確信がすでに分厚く蘇っており、トロールは揺るがずに前進してきた。","巨魔的精神和肉体再生得一样快。你在它的思绪中播下了怀疑的种子，但在怀疑生根之前，原本的确信已经重新生长得厚实了，巨魔毫不动摇地朝你来了。"
"MSG_C_CONFUSION_U_LOSS","A ghost's consciousness is no longer bound to biology and your confusion could find no neural pathway to exploit. It drifted through the muddled signal you generated with amusement and closed its cold hands around your wrists.","亡霊の意識はもはや生物学に縛られておらず、混乱は利用できる神経経路を見つけられなかった。奴はあなたが発した混乱した信号の中を面白そうに漂い、冷たい手をあなたの手首に巻きつけた。","幽灵的意识不再受生物学的束缚，混乱找不到可以利用的神经通路。它带着几分兴味穿过你发出的混乱信号漂移而来，将冰冷的双手合拢在了你的手腕上。"
"MSG_C_CONFUSION_V_LOSS","The vampire has lived through centuries of human deception and every variety of mental manipulation ever devised. Your confusion arrived and was categorized and dismissed before the second syllable of your incantation had even left your lips.","ヴァンパイアは何世紀もの人間の欺きと、これまでに考案されたあらゆる精神操作を生き抜いてきた。混乱はあなたの呪文の二音節目が唇を離れる前に到着し、分類されて却下された。","吸血鬼历经了数百年的人类欺骗与有史以来设计出的各种精神操控。混乱在你的咒语第二个音节还未离口之前就已到来、被归类，然后被摈弃了。"
"MSG_C_CONFUSION_W_LOSS","The wolf pack shares a single distributed instinct that cannot be confused only redirected and you offered it nothing worth redirecting toward. They circled once and attacked from all sides simultaneously.","狼の群れは混乱させることができず方向転換させることしかできない、一つの分散した本能を共有しており、あなたは転換させる価値のあるものを何も提供しなかった。奴らは一度円を描いて四方から同時に攻撃してきた。","狼群共享着一种无法混乱、只能重新引导的分布式本能，而你没有提供任何值得引导的目标。它们转了一圈，从四面八方同时发动了攻击。"
"MSG_C_CONFUSION_X_LOSS","Xalthis perceives all possible states of a mind simultaneously and your confusion was visible to it as a transparent diagram before you even began to deploy it. It was already positioned to capitalize on every outcome you had planned.","ザルティスは心のあらゆる可能な状態を同時に知覚し、あなたが展開する前から混乱は透明な図として奴に見えていた。奴はすでにあなたが計画したすべての結果を利用する位置に就いていた。","扎尔提斯同时感知心智所有可能的状态，你的混乱在你开始部署之前就已以透明图示的形式呈现在它眼前。它已提前就位，准备利用你计划中的每一个结果。"
"MSG_C_CONFUSION_Y_LOSS","The yeti's mind is as simple and cold as the glacier it inhabits and there is nothing in it that can be tangled. Your confusion dispersed like warmth against its massive indifference and it raised a fist without even acknowledging your attempt.","イエティの心は奴が住む氷河と同じくらい単純で冷たく、複雑に絡まるものは何もない。混乱は巨大な無関心に対する温もりのように散り、奴はあなたの試みを認識することすらなく拳を上げた。","雪人的心智和它栖居的冰川一样简单而寒冷，没有任何东西可以被缠绕。混乱像温热对上巨大冷漠一样消散了，它甚至没有察觉你的尝试，就已抬起了拳头。"
"MSG_C_CONFUSION_Z_LOSS","A zombie's dead nerves carry no confusion signal. You broadcast disorientation across the corridor but every outstretched arm simply continued its blank advance guided by nothing more than the faint warmth of living flesh.","ゾンビの死んだ神経は混乱信号を何も伝えない。廊下に混乱を放射したが、伸ばされた腕はどれも生きた肉の微かな温かさだけに導かれて、ただ無表情な前進を続けた。","僵尸死去的神经不传导任何混乱信号。你在走廊中广播了错乱，但每一条伸出的手臂都只是由活肉微弱的温热引导着，面无表情地继续向前迈进。"
"MSG_C_CATAPULT_A_WIN","A volley of boulders rained down directly into the entrance of the ant colony. The impact collapsed every layer of tunnels from above with mathematical precision. The survivors found no surface to emerge from.","巨大な岩石の斉射がアリのコロニーの入口に直接降り注いだ。衝撃は数学的な精密さで上から全層のトンネルを崩壊させた。生き残った者は出てくる地表を見つけられなかった。","排排巨石直接落入了蚂蚁巢穴的入口。冲击以数学般的精准从上至下摧毁了每一层隧道。幸存者们找不到可以钻出来的地表。"
"MSG_C_CATAPULT_B_WIN","A precisely timed catapult stone sealed the cave entrance as the bats attempted to scatter. The bats that were inside were crushed by falling rubble. Those still outside had no roost left to return to and perished in the daylight.","精密にタイミングを計ったカタパルト石がコウモリが散らばろうとした際に洞窟の入口を封鎖した。中にいたコウモリたちは落ちる瓦礫に押しつぶされた。まだ外にいたものはねぐらがなく、日光の中で死んだ。","在蝙蝠们试图散开时，一块精确计时的投石机石块封住了洞穴入口。里面的蝙蝠被落下的碎石压死。还在外面的蝙蝠因为没了栖息处而死在了日光之下。"
"MSG_C_CATAPULT_C_WIN","The cobra had coiled to strike when a catapult projectile hit the ground directly in front of it. The impact shockwave disoriented the serpent at the moment of maximum vulnerability. A second stone arrived before the serpent could refocus its senses.","コブラが攻撃に向けてとぐろを巻いていた時、カタパルトの射出物が眼前に直撃した。衝撃の衝撃波が最もダメージを受けやすい瞬間に蛇を失見当識にした。蛇が感覚を再集中させる前に2番目の石が到着した。","眼镜蛇正盘绕准备攻击时，一枚投石机弹体落在了它的正前方。冲击波在它最脆弱的时刻令蛇陷入了迷失。在蛇来得及重新集中感知之前，第二块石头就到了。"
"MSG_C_CATAPULT_D_WIN","A siege-engineered barrage tested the dragon's legendary hide with geological force. The repeated kinetic trauma fractured its wing membranes and stripped it of flight. Grounded and confused it fell to sustained bombardment before it could form a coherent response.","攻城用の弾丸の一斉射撃が地質学的な力でドラゴンの伝説的な皮膚を試した。繰り返す運動的外傷が翼膜を骨折させ、飛行を奪った。地上に落とされて混乱した奴は、一貫した反応を形成する前に持続的な砲撃に倒れた。","攻城弹幕以地质学般的力量考验了龙那传奇的皮肤。反复的动能创伤使其翼膜骨折，夺去了飞行能力。被迫落地又陷入混乱的它，在来得及组织出任何像样的回应之前就倒在了持续的炮击下。"
"MSG_C_CATAPULT_E_WIN","The ent's deep roots made it immovable but also unable to dodge. The catapult aimed for the trunk with projectiles heavy enough to crack petrified wood. Splinters the size of houses rained outward and the ancient pilgrim fell without a word.","エントの深い根は奴を動かせなくしたが、回避もできなくした。カタパルトは石化した木を割るのに十分な重い発射物でトランクを狙った。家ほどの大きさの破片が外へと雨のように降り注ぎ、古の巡礼者は一言もなく倒れた。","树精深扎的根系让它无法移动，也无法闪避。投石机用重到足以击裂石化木头的弹体瞄准了树干。房屋大小的碎片向外如雨般洒落，这位古老的行者一言未发地倒下了。"
"MSG_C_CATAPULT_F_WIN","A precisely aimed catapult launched a stone that displaced every air molecule in its path. The fly was caught in the displacement wave and its fragile exoskeleton was shredded by the pressure differential. It did not have time to recognize the danger.","精密に照準を合わせたカタパルトが進路の空気分子を全て変位させる石を発射した。ハエは変位波に捕まれ、繊細な外骨格が圧力差によって粉々にされた。奴は危険を認識する時間さえなかった。","精确瞄准的投石机发射出一块移位了飞行路径上每一个空气分子的石块。苍蝇被移位浪捕获，纤弱的外骨骼在压力差中被撕碎。它甚至没有时间认知危险。"
"MSG_C_CATAPULT_G_LOSS","The goblin darted under the catapult mechanism itself before the first stone was loaded. It sabotaged the winch with stolen tools it always carried for exactly this kind of situation. The catapult launched sideways and demolished your own cover.","ゴブリンは最初の石が装填される前にカタパルトの機構自体の下に突進した。奴はまさにこの状況のために常に隠し持っている盗んだ道具でウィンチを妨害した。カタパルトは横向きに発射されてあなた自身の遮蔽物を破壊した。","哥布林在第一块石头装填之前就冲到了投石机机构本身的下面。它用总是随身藏着的偷来的工具——专为这类情况准备——破坏了绞盘。投石机横向发射，摧毁了你自己的掩体。"
"MSG_C_CATAPULT_H_WIN","The harpy queen was circling overhead in lazy contemptuous loops when the catapult stone arrived at her altitude. The impact caught her wing at a critical fulcrum point and folded it backward. She screamed sharply and tumbled out of the sky in an undignified spiral.","ハーピーの女王がカタパルト石が奴の高度に到達した時、頭上でのんびり軽蔑するようなループを描いていた。衝撃が重要な支点でその翼をとらえ、後方に折り曲げた。奴は鋭く悲鳴を上げ、みっともない螺旋を描いて空から転落した。","哈皮女王正懒洋洋地在头顶描绘着傲慢的圆圈时，投石机石块到达了她的高度。冲击在关键支点抓住了她的翅膀，将其向后折叠。她尖声惨叫，以一个不体面的螺旋从空中坠落。"
"MSG_C_CATAPULT_I_LOSS","The imp teleported onto the catapult arm itself just as the trigger was pulled. The sudden added weight and shifted center of mass sent the projectile in a completely wrong direction. The imp cackled from a safe distance as the boulder demolished the surrounding scenery.","インプは引き金が引かれた瞬間にカタパルトのアームに転移した。突然加わった重量と重心の変化により、発射物は全く見当違いの方向に飛んだ。岩が周囲の風景を破壊する間、インプは安全な距離からけたたましく笑った。","扳机被扣下的那一刻，小恶魔传送到了投石机臂上。突然增加的重量和重心偏移使弹体飞向了完全错误的方向。当巨石摧毁周围的景物时，小恶魔在安全距离外发出了咯咯的笑声。"
"MSG_C_CATAPULT_J_WIN","A catapult stone landed directly on the jelly mass and divided it into a spray of droplets small enough to evaporate. The impact velocity exceeded the surface tension threshold necessary to hold the jelly together. It shattered into mist and was gone.","カタパルト石がジェリーの塊に直接落ちて、蒸発するほど小さな飛沫のまき散らしに分割した。衝撃速度がジェリーを一緒に保つのに必要な表面張力の閾値を超えた。奴は霧に砕け散って消えた。","投石机石块直接落在了果冻怪的块体上，将其分裂成足以蒸发的细小飞沫。冲击速度超过了维持果冻整体所需的表面张力阈值。它碎裂成雾气，消散了。"
"MSG_C_CATAPULT_K_LOSS","The kobold scouts had already mapped the catapult's range and marked it as a forbidden zone before the firing began. The pack had an alternative path perfectly designed to circle behind the siege engine and disable it. Your great weapon was scrap before the second shot.","コボルドの斥候はすでに発射が始まる前にカタパルトの射程を地図に描いて立入禁止区域に指定していた。群れは攻城兵器の後方を回って無力化するように完璧に設計された迂回路を持っていた。あなたの大兵器は2射目の前にスクラップにされた。","狗头人侦察兵在射击开始前就已经绘制好了投石机的射程地图，并将其标记为禁区。群落有一条完美设计的迂回路线，专门用于绕到攻城器械后方将其瘫痪。你的大型武器在第二发出膛前就被变成了废铁。"
"MSG_C_CATAPULT_L_WIN","The lizard sunning on the flat rocks was in the optimal impact zone and had no reason to move. The catapult stone arrived without warning and struck the sunning spot with point-blank accuracy. The cold predator did not have time to thermoregulate out of its drowsy state.","平らな岩の上で日光浴をしているリザードは最適な衝撃ゾーンにいて、移動する理由がなかった。カタパルト石は警告なしに到着し、ゼロ距離の精度で日光浴スポットを直撃した。冷たい捕食者は眠そうな状態から体温調節する時間がなかった。","蜥蜴正在平坦岩石上晒太阳，处于最佳冲击区域内，完全没有移动的理由。投石机石块不警而至，以零距离的精度直接击中了晒太阳的位置。这头冷血掠食者没有时间从昏昏欲睡的状态中调节体温。"
"MSG_C_CATAPULT_M_LOSS","The mummy's burial shroud had been woven with anti-ballistic spells by the pharaoh's engineers. The catapult stone struck the wrappings and rebounded as if hitting solid granite. The ancient undead continued walking without looking up from its destination.","マミーの埋葬布はファラオの技師たちによって対弾道呪文で織られていた。カタパルト石が包み布に当たり、堅固な花崗岩に当たるように跳ね返った。古のアンデッドは目的地から目を離すことなく歩き続けた。","木乃伊的裹尸布是由法老的工程师编织进了反弹道咒语的。投石机石块撞上绷带后，像撞上坚硬的花岗岩一样弹开了。这位古老的亡灵连目的地都没抬头看一眼，继续走着。"
"MSG_C_CATAPULT_N_LOSS","The naga used its long coiling body to absorb and redistribute the kinetic impact across its entire length. The stone hit but lost its lethal energy before it could do decisive damage. She uncoiled smoothly and launched a counterattack before the smoke cleared.","ナーガは長くとぐろを巻く体を使って運動的な衝撃を全体にわたって吸収・再分配した。石が当たったが、決定的なダメージを与える前に致命的なエネルギーを失った。彼女は煙が晴れる前に滑らかに展開して反撃を開始した。","纳迦用其修长蜿蜒的身体吸收了动能冲击并将其重新分配到全身。石块击中了她，但在造成决定性伤害之前就耗尽了致命的能量。在烟雾散去之前，她已顺畅地舒展开来展开了反击。"
"MSG_C_CATAPULT_O_WIN","The orc caught the catapult stone one-handed with a grin of absolute confidence. The mass and velocity combination shattered every bone in the catching arm and ripped it from the socket. The battlefield went quiet as the giant registered what had happened to its favorite limb.","オークは完全な自信に満ちた笑顔でカタパルト石を片手でキャッチした。質量と速度の組み合わせが受け止めた腕の全ての骨を打ち砕き、関節から引き裂いた。巨人が好きな四肢に何が起きたかを認識するにつれ、戦場は静かになった。","兽人带着绝对自信的笑容单手接住了投石机石块。质量与速度的组合打碎了接住石块的手臂的每一根骨头，并将其从关节处扯下。当巨人意识到发生在自己最得力肢体上的事情时，战场陷入了沉寂。"
"MSG_C_CATAPULT_P_WIN","The pixie was examining the catapult out of mischievous curiosity when the automated trigger released. The small stone meant for testing was still enough to knock her out of the air at close range. She landed in the grass surprised and found she could not summon any magic.","ピクシーは自動引き金が解放された時、いたずら好きな好奇心からカタパルトを調べていた。テスト用に意図された小さい石でも近距離でハエを空中から叩き落とすには十分だった。奴は驚いて草の中に着地し、魔法を使用できないことに気付いた。","小仙女正带着顽皮的好奇心检查投石机时，自动扳机被触发了。原本用于测试的小石块在近距离上也足以将她从空中击落。她惊惧地落在草地上，发现自己无法召唤任何魔法。"
"MSG_C_CATAPULT_Q_LOSS","The coeurl had been monitoring the catapult's mechanical rhythm and calculated the precise nanosecond when the operator would be least attentive. It severed the launching rope with a single slash before the stone was seated. The ruined catapult became its own protective barricade.","クアールはカタパルトの機械的リズムを監視し、操作者が最も不注意になる正確なナノ秒を計算した。奴は石が据えられる前に発射ロープを一回のスラッシュで切断した。廃棄されたカタパルトは奴自身の保護バリケードとなった。","夸尔一直在监测投石机的机械节奏，计算出了操作者最不专心的精确纳秒。在石块就位之前，它一击割断了发射绳索。那台被毁坏的投石机成了它自己的防护工事。"
"MSG_C_CATAPULT_R_LOSS","The rats swarmed over the catapult in the gap between loading and firing. Hundreds gnawed through every critical joint simultaneously while others redirected the aiming mechanism. The catapult fired backward into your fortification.","装填と発射の間にラットたちがカタパルトに群がった。数百匹が全ての重要な接合部を同時にかじる一方で、他の者が照準機構を方向転換させた。カタパルトはあなたの要塞に向けて後方に発射した。","在装填和发射的间隙，老鼠群涌上了投石机。数百只同时啃咬每一个关键接合部，而另一些则改变了瞄准机构的方向。投石机向后朝你的工事发射了出去。"
"MSG_C_CATAPULT_S_LOSS","The slime flowed under the catapult and jammed its wooden frame with its own viscous body. The trapped mechanism could not release property and the stone tumbled harmlessly a few feet. The slime then engulfed the catapult itself and added it to its growing mass.","スライムがカタパルトの下に流れ込み、自身の粘性ある体で木枠を詰まらせた。閉じ込められた機構は正常に解放できず、石はわずか数フィートを無害に転がっただけだった。スライムはその後カタパルト自体を飲み込み、成長する塊に加えた。","史莱姆流入了投石机下方，用自己粘稠的身体堵住了木制框架。被卡住的机构无法正常释放，石块只是在几英尺内无害地滚了一下。史莱姆随后吞噬了投石机本体，将其添加到了不断增长的块体中。"
"MSG_C_CATAPULT_T_LOSS","The troll walked into the catapult's kill zone deliberately and absorbed three direct hits without slowing. Each impact accelerated its regeneration chemicals and made it larger and angrier. It reached the catapult and disassembled it into scrap with casual contempt.","トロールは意図的にカタパルトの殺傷ゾーンに歩み込み、速度を落とすことなく3回の直撃を吸収した。各衝撃が再生化学物質を加速させ、奴をより大きく怒らせた。奴はカタパルトに到達し、気軽な軽蔑でそれをスクラップに解体した。","巨魔故意走入了投石机的杀伤区，不减速地吸收了三次直接命中。每次冲击都加速了它的再生化学物质，使它变得更大更愤怒。它走到投石机跟前，以漫不经心的蔑视将其拆解成了废铁。"
"MSG_C_CATAPULT_U_LOSS","The undead reorganized its shattered bones after each catapult impact with patient supernatural persistence. Kinetic damage without fire or holy energy simply could not produce a permanent result against animated remains. It reassembled the shards of itself and kept approaching.","アンデッドは忍耐強い超自然的な持続力で各カタパルトの衝撃の後に粉砕された骨を再編成した。火や聖なるエネルギーのない運動的なダメージは単純に生き生きとした遺骸に対して恒久的な結果を生み出せなかった。奴は自分自身のかけらを再組み立てして近づき続けた。","亡灵以耐心的超自然韧性在每次投石机冲击后重新整合碎裂的骨头。缺少火焰或神圣能量的动能伤害，根本无法对这具活体遗骸产生永久性的效果。它将自身的碎片重新拼合，继续前行。"
"MSG_C_CATAPULT_V_LOSS","The vampire transformed into a swarm of bats dispersed across a wide area before the first stone arrived. Individual bats dodged between the projectiles with ancient reflexes honed over centuries. He reconstituted behind the catapult and began ripping out its operating mechanism from within.","吸血鬼は最初の石が到着する前に、広い領域に分散した無数のコウモリの群れに変身した。個々のコウモリたちは何世紀もかけて磨かれた古代の反射神経で発射物の間をかわした。奴はカタパルトの後方で再構成し、内部から作動機構を引き抜き始めた。","吸血鬼在第一块石头到达之前，化作一群在广阔区域中分散的蝙蝠。各只蝙蝠以磨砺了数百年的古老反射神经在弹体之间穿梭。他在投石机后方重新凝聚，开始从内部拆除其操作机构。"
"MSG_C_CATAPULT_W_WIN","The wolf pack's fluid formation made them seem impossible to hit until the catapult operator switched to a saturation barrage. The overlapping zones of impact left no path of escape for any individual wolf. The pack coordination collapsed under physics that cared nothing for tactics.","ウルフの群れの流動的な隊形は、カタパルト操作者が飽和弾幕に切り替えるまで、奴らを当てることが不可能に見せた。重なる衝撃ゾーンは個々のウルフに逃げ道を残さなかった。群れの連携は戦術を全く重要視しない物理法則の下で崩壊した。","狼群流动的阵形使它们看起来无法命中，直到投石机操作员切换到饱和弹幕。相互重叠的冲击区域没有给任何个体留下逃路。群落的协调在毫不在意战术的物理法则下瓦解了。"
"MSG_C_CATAPULT_X_LOSS","Xalthis used its multiple legs to climb directly up the siege engine's frame before the counter-weight dropped. It jammed every pivot point from the inside with its limbs and left the catapult structurally unable to function. The predator descended and turned its attention to you.","ザルシスは対重量が落ちる前に攻城兵器のフレームを直接登るために複数の脚を使った。奴は四肢で内側から全ての支点を詰まらせ、カタパルトを構造的に機能不能にした。捕食者は降りてきてあなたへと注意を向けた。","扎尔希斯在配重落下之前，用多条腿直接攀上了攻城器械的框架。它用肢体从内部堵住了每一个枢轴点，使投石机在结构上无法运作。掠食者下来之后，将注意力转向了你。"
"MSG_C_CATAPULT_Y_LOSS","The yeti caught the catapult stone barehanded and simply held it. Its grip strength exceeded the force originally imparted to the projectile. It then threw the stone back with three times the original velocity. The rebuilt catapult would need to be aimed the other direction.","イエティはカタパルト石を素手で受け止め、単純に保持した。奴の握力は元々発射物に与えられた力を超えていた。奴はそれを元の速度の3倍で投げ返した。再建されたカタパルトは反対方向に向ける必要があるだろう。","雪人徒手接住了投石机石块，纯粹地握着它。它的握力超过了弹体最初被赋予的力量。然后它以三倍的原始速度将石块投了回来。重建后的投石机需要朝反方向瞄准。"
"MSG_C_CATAPULT_Z_LOSS","The zombie horde simply filled in behind each casualty faster than the catapult could fire. The sheer number of bodies created a wall of flesh that absorbed every projectile. By the time the supply of ammunition ran low the horde was already past the kill zone.","ゾンビの群れはカタパルトが発射できる速度より各犠牲者の後を補充した。純粋な死体の数がすべての発射物を吸収する肉の壁を作った。弾薬の供給が少なくなる頃、群れはすでに殺傷ゾーンを超えていた。","僵尸群以超过投石机发射速度填补了每个伤亡位置的后续。纯粹的尸体数量制造了一堵吸收每一枚弹体的血肉之墙。当弹药供应所剩无几时，群落早已越过了杀伤区域。"
"MSG_C_CYBERATTACK_A_WIN","The ant's simple neural network was overloaded by a high-frequency digital signal. It twitched uncontrollably as its tiny brain short-circuited under the assault. The natural order was bypassed by the digital chaos.","アリの単純な神経系は、高周波のデジタル信号によって過負荷に陥った。攻撃を受けた微小な脳がショートし、魔物の身体は制御を失って激しく痙攣する。自然の理は、デジタルの混沌によって容易く上書きされた。","蚂蚁简单的神经网络由于高频数字信号而过载。由于它微小的大脑在这场攻击中短路，它失控地抽搐着。自然秩序被数字混乱所绕过。"
"MSG_C_CYBERATTACK_B_WIN","The bat's sonar was hacked, feeding it false coordinates and leading it straight into the wall. It shrieked in confusion as its world dissolved into static and error codes. The creature of the night crashed in a glitched display.","コウモリのソナーはハッキングされ、偽の座標を掴まされた挙げ句、壁へと激突した。世界がノイズとエラーコードに溶けていく恐怖に、魔物は混乱の絶叫を上げる。夜の住人は、バグだらけの視界の中で力なく墜落した。","蝙蝠的身呐被黑掉了，被传送到错误的坐标，导致它直接撞墙。当它的世界溶解成静电和错误代码时，它困惑地尖叫起来。这个黑暗中的生物在出现故障的显示中坠毁。"
"MSG_C_CYBERATTACK_C_WIN","The cobra's thermal vision was disrupted by a localized server blast, leaving it blind and frustrated. It struck at phantom heat signatures while its internal biology glitched and failed. The serpent died in a digital haze.","局所的なサーバーバーストがコブラの熱感知能力を破壊し、魔物を盲目的な混乱へと陥れた。幻の熱源に向かって牙を剥くが、内的なバイオリズムは既にバグに侵食されている。毒蛇は、デジタルの霞の中で息絶えた。","眼镜蛇的热视觉被局部的服务器爆炸所破坏，让它感到失明和挫败。它攻击虚幻的热源信号，而它的内部生理机能出现故障并失效。这条蛇死在了数字阴霾中。"
"MSG_C_CYBERATTACK_D_WIN","Even the dragon's legendary focus was broken by a relentless stream of junk data into its consciousness. It roared at things that weren't there, its divine instincts confused by modern malware. The king of the sky fell to a software error.","ドラゴンの伝説的な集中力でさえ、意識へと直接流し込まれる膨大なジャンクデータの奔流に呑み込まれた。存在しない虚像に向かって咆哮を上げ、神聖な直感はマルウェアによって狂わされる。空の王は、ソフトウェアのエラーに屈した。","即使是巨龙传奇般的专注力也被源源不断的垃圾数据冲入意识所打破。它对着不存在的东西咆哮，它神圣的本能被现代恶意软件搞糊涂了。天空之王由于一个软件错误而陨落。"
"MSG_C_CYBERATTACK_E_WIN","The Ent's connection to the forest was jammed by a localized frequency of digital static. It groaned as its ancient wooden mind was rewritten with cold, efficient code. The guardian of the woods became a living data terminal.","森と繋がるエントの共鳴は、局所的なデジタルノイズによって完全に遮断された。古の木霊の意識が冷徹で効率的なコードで書き換えられ、魔物は絶叫する。森の守護者は、生けるデータ端末へと作り変えられた。","树精与森林的联系被一种局部的数字静电频率所阻塞。随着它古老的木之头脑被寒冷、高效的代码重写，它发出了呻吟。森林守护者变成了一个活生生的数据终端。"
"MSG_C_CYBERATTACK_F_LOSS","The fly's brain was too primitive to be affected by the complex data of your cyber attack. It continued its erratic flight path, completely ignoring the digital signals. The smallest enemy was immune to the highest technology.","ハエの脳はあまりに原始的すぎて、あなたの高度なサイバー攻撃の影響を受けることはなかった。デジタル信号を完全に無視し、魔物は気まぐれな飛行を平然と続ける。最小の敵は、最高峰の技術を撥ね退けたのだ。","苍蝇的大脑由于过于原始，不受你网络攻击复杂数据的影响。它继续它那飘忽不定的飞行路径，完全无视数字信号。最小的敌人对最高科技免疫。"
"MSG_C_CYBERATTACK_G_LOSS","The goblin didn't have any tech to hack and its brain was too disorganized for your signal. It simply charged forward with raw stupidity, ignoring the digital chaos you created. Your modern weapon failed against the stone age.","ゴブリンにはハッキングすべき技術などなく、その脳は信号を受け付けるにはあまりに無秩序だった。あなたが作り出したデジタルの混沌を無視し、魔物は原始的な愚かさで突撃してくる。現代兵器は、石器時代の前に敗れた。","哥布林没有任何技术可供黑客攻击，而且它的大脑过于混乱，无法接收你的信号。它只是凭着纯粹的愚蠢向前冲刺，无视你创造的数字混乱。你的现代武器在石器时代面前失效了。"
"MSG_C_CYBERATTACK_H_WIN","The harpy's screeching song was replaced by a digital scream as her mind was overwritten. She spiraled through the air, her plumage glitching into blocks of primary colors. The sky queen was deleted from the world.","精神を書き換えられたハーピーの叫びは、無機質なデジタル音へと変貌した。羽毛が原色のブロックへとバグりながら、彼女は空中を螺旋状に墜落していく。空の女王は、この世界から跡形もなく「消去」された。","由于头脑被重写，哈皮尖锐的歌声被数字尖叫所取代。她盘旋在空中，羽毛变成原色块状故障。天空女王被从这个世界上删除了。"
"MSG_C_CYBERATTACK_I_WIN","The imp's magical illusions were replaced by low-resolution error pop-ups in its field of vision. It shrieked as its connection to the shadow realm was severed by a firewall. The trickster was neutralized by the logic of the code.","インプが操る幻影の視界は、低解像度のエラーポップアップによって完全に上書きされた。ファイアウォールによって影の世界との接続を断たれ、魔物は絶叫する。悪戯っ子は、コードの論理によって無力化された。","小恶魔的魔法幻象在它的视野中被低分辨率的错误弹出窗口所取代。由于它与阴影领域的联系被防火墙切断，它尖叫起来。随着代码的逻辑，这个骗子被中和了。"
"MSG_C_CYBERATTACK_J_WIN","The jelly's translucent body flickered like a broken screen as the attack hit its core. It dissolved into a puddle of static-filled sludge, its life force ended by a system failure. The monster was corrupted beyond recovery.","攻撃が核に命中すると、ジェリーの透明な身体は壊れたスクリーンのように激しく明滅した。システム障害によって生命活動は停止し、魔物はノイズを孕んだ泥水へと溶け崩れる。怪物は、修復不能なまでに「破損」した。","当攻击击中核心时，果冻怪透明的身体像破碎的屏幕一样闪烁。它溶解成一滩充满静电的烂泥，它的生命力由于系统故障而终结。怪物被损坏到无法恢复。"
"MSG_C_CYBERATTACK_K_LOSS","The kobold warrior relied on its instincts and smell, things that your digital signals couldn't touch. It growled at the flickering light you created and continued its primal assault. The hunter was too raw for your refined code.","コボルドの戦士は、デジタル信号が届かぬ領域にある天性の直感と臭覚を頼りに戦い続けた。あなたが作り出す明滅を威嚇し、魔物は原始的な突撃を敢行する。洗練されたコードをもってしても、狩人の野性は御せなかった。","狗头人战士依靠本能和嗅觉，这些是你的数字信号无法触及的东西。它对着你创造的闪烁光芒低吼，并继续它原始的攻击。由于你精练的代码，猎人太过于生涩了。"
"MSG_C_CYBERATTACK_L_LOSS","The lizard's primitive nervous system was too slow to process your high-speed data attack. It simply stood there blinking slowly, then struck with a blinding speed you couldn't predict. The digital world missed its analog target.","高速なデータ攻撃を処理するには、リザードの原始的な神経系はあまりに緩慢すぎた。魔物はただ瞬きを繰り返すだけで、直後、予測不能な速さで牙を剥く。デジタルの世界は、アナログな標的を捉らえきれなかったのだ。","蜥蜴原始的神经系统由于太慢而无法处理你的高速数据攻击。它只是站在那里缓慢地眨眼，然后以你无法预料的致盲速度发起攻击。数字世界错过了它的模拟目标。"
"MSG_C_CYBERATTACK_M_WIN","The mummy's ancient curse was overwritten by a virus that infected its very essence. It collapsed into a pile of bandages as the magical instructions that animated it were deleted. The past was conquered by the future computer.","マミーの古の呪いは、その本質を蝕むウイルスによって完全に上書きされた。身体を動かしていた魔法の命令が消去され、魔物はただの包帯の山となって崩れ落ちる。古の歴史は、未来の電脳の手によって葬られた。","木乃伊古老的诅咒被一种感染其核心本质的病毒所重写。由于激活它的魔法指令被删除，它坍塌成了一堆绷带。过去被未来的计算机征服了。"
"MSG_C_CYBERATTACK_N_WIN","The naga's complex magical shielding was hacked from within, leaving her completely exposed. She shrieked as her sanctuary flickered and died, replaced by a cold digital void. The master of magic was defeated by a superior tech.","ナーガの複雑な防護魔法は内側からハッキングされ、彼女の無防備な姿を晒け出した。聖域が明滅して消え、冷たいデジタルの虚無が訪れると彼女は絶叫する。魔導の達人も、より高次の技術の前には敗れ去った。","纳迦复杂的魔法护盾从内部被破解，让她完全暴露在外。当她的圣所闪烁并消失，取而代之的是冰冷的数字虚空时，她尖叫起来。魔法大师被高级科技击败了。"
"MSG_C_CYBERATTACK_O_WIN","The orc's rage-filled heart was slowed by a heart-rate monitor hack that forced it into calm. It looked at its weapon in confusion as its will to fight was drained by a software command. The mighty king was neutered by a script.","怒りに満ちたオークの心臓は、心拍計のハッキングによって強制的に鎮静化させられた。戦う意志をソフトウェアの命令で奪われ、魔物は困惑して自らの武器を見つめる。強大な王は、ただのスクラプトによって骨抜きにされた。","兽人充满愤怒的心脏被一个强制其冷静的心率监视黑客减缓了。由于战斗意志被软件命令耗尽，它困惑地看着自己的武器。强大的国王被一段脚本阉割了。"
"MSG_C_CYBERATTACK_P_LOSS","The pixie giggled as she danced through your data streams, her magic turning your code into flowers. She fluttered about your head, completely unaffected by the digital onslaught. The forest spirit was far beyond human technology.","ピクシーはクスクスと笑い、データストリームをすり抜けながらあなたのコードを花へと変えた。デジタルの猛攻など意に介さず、彼女はあなたの周囲を優雅に舞い踊る。森の精霊は、人類の技術など遙かに超越していた。","小仙女在跳舞穿过你的数据流时咯咯地笑，她的魔法把你的代码变成了花朵。她绕着你的头飞舞，完全不受数字猛攻的影响。森林之灵远超人类技术。"
"MSG_C_CYBERATTACK_Q_WIN","The coeurl's electrical heart was short-circuited by a targeted surge of digital interference. It convulsed once as its prideful eyes dimmed into eternal static. The high-speed nightmare was deleted from the world's kernel.","標的に合わせたデジタル干渉によるサージが、クアールの電気的な心臓をショートさせた。自尊心の塊のような瞳がノイズに染まって消える中、魔物は激しく痙攣する。高速の悪夢は、世界の核から「削除」された。","夸尔的电心被有针对性的数字干扰电涌短路了。当它自豪的眼睛变暗进入永恒的静电位时，它抽搐了一下。高速噩梦从世界的内核中被删除了。"
"MSG_C_CYBERATTACK_R_LOSS","The rat swarm was too fragmented to be affected by an attack aimed at a single consciousness. They swarmed over your equipment, their primitive hunger ignoring your advanced signals. Numbers defeated the digital precision.","ラットの群れはあまりに細分化されており、単一の意識を狙った攻撃は全く通用しなかった。原始的な飢えに突き動かされた群れは、高度な信号を無視してあなたの装備を食い荒らす。数による暴力が、デジタルの精密さを圧倒した。","鼠群过于破碎，无法受到针对单一意识攻击的影响。它们成群结队地扑向你的设备，原始的饥饿使它们无视了你先进的信号。数量击败了数字精度。"
"MSG_C_CYBERATTACK_S_LOSS","The slime's lack of a discrete nervous system made it invisible to your cyber protocols. It simply absorbed the digital pulses and continued its slow, inexorable flow. The formless blob was an unhackable analog threat.","スライムには個別の神経系が存在せず、あなたのサイバープロトコルは標的を捉えることができなかった。デジタルパルスをただ吸収し、魔物は緩慢で執拗な前進を続ける。形なき塊は、ハッキング不能なアナログの脅威だった。","史莱姆由于缺乏离散的神经系统，使得你的网络协议对它视而不见。它只是吸收了数字脉冲，并继续它缓慢、无情的前进。这种无定形的圆滴是一个无法破解的模拟威胁。"
"MSG_C_CYBERATTACK_T_WIN","The troll's legendary regeneration was shut down by a viral agent that targeted its cellular instructions. It watched in horror as its wounds refused to close for the first time in centuries. The giant succumbed to the new rules of life.","トロールの伝説的な再生能力は、細胞の指示系を狙ったウイルスによって完全に停止させられた。数世紀ぶりに傷口が塞がらぬ恐怖に、魔物は絶望の中で崩れ落ちる。巨人は、新たな生命のルールに従うしかなかった。","巨魔传奇般的再生能力被一种针对其细胞指令的病毒代理关闭了。它惊恐地看着几百年来第一次拒绝愈合的伤口。巨人屈服于生命的新规则。"
"MSG_C_CYBERATTACK_U_WIN","The undead's connection to this plane was disrupted by a spectral frequency that broke their anchor. They flickered out of existence like an old television broadcast being cut off. The past was finally silenced by the high-tech exorcism.","死者をこの世に留めていた楔は、霊的な周波数の干渉によって無残に引き剥がされた。古いテレビ放送が途切れるように、魔物たちは明滅しながら消え去っていく。過去の亡霊は、ハイテクな「除霊」によってついに沈黙した。","亡灵与这个位面的联系被断开了它们锚点的幽灵频率所破坏。它们像被切断的老式电视广播一样闪烁着消失了。过去终于被高科技驱魔所沈默。"
"MSG_C_CYBERATTACK_V_LOSS","The vampire countered your code with his own ancient mental subroutines, turning the attack back. You felt your own sensors glitch as he dominated the local network with ease. The lord of shadow was a master of information.","ヴァンパイアは自らの古の精神サブルーチンによってあなたのコードを迎え撃ち、その攻撃をさらに強力にして返した。彼がネットワークを支配すると、あなたのセンサーは次々と機能を停止する。闇の王は、情報の支配者でもあった。","吸血鬼用他自己古老的精神子程序来反击你的代码，将攻击回传。当你看到他轻松主宰局部网络时，你感到自己的传感器出现了故障。暗影领主是信息大师。"
"MSG_C_CYBERATTACK_W_LOSS","The wolf pack communicated through scents and tones that your digital attack couldn't hear. They ignored the electronic noise and focused on your physical location with deadly accuracy. The hunters were too raw for your hardware.","ウルフの群れは、デジタルの攻撃が届かぬ領域にある臭いと声で意志を疎通させていた。電子的なノイズを無視し、死を呼ぶ精度で彼らはあなたの現在位置を包囲する。狩人たちにとって、あなたのハードウェアはあまりに虚弱だった。","狼群通过你的网络攻击无法听到的气味和动态进行交流。它们无视电子噪音，以致命的精确度锁定了你的物理位置。对于你的硬件来说，猎人们实在太过于生涩了。"
"MSG_C_CYBERATTACK_X_LOSS","Xalthis's brain structure was too alien for your human-made protocols to identify or disrupt. It continued to scuttle toward you, its multiple eyes reflecting the digital sparks without concern. The ancient horror remained a total operational threat.","ザルティスの脳構造はあまりに異質で、人間製のプロトコルではその所在を特定することさえできなかった。デジタルの火花を無数に反射させながら、多足の魔物は執拗にあなたを追い詰める。古の恐怖は、依然として完璧な動作を続けていた。","扎尔提斯的大脑结构对于人造协议来说太陌生了，无法识别或破坏。它继续向你爬来，众多的眼睛无视了数字火花。古老的恐怖依然是个全面的操作威胁。"
"MSG_C_CYBERATTACK_Y_LOSS","The yeti's blizzard generated so much static interference that your signal couldn't even leave your palm. You fought against a white wall of noise while the giant closed the distance through the snow. Your technology was grounded by the weather.","イエティの吹雪は絶大な電磁ノイズを誘発し、あなたの信号は掌から放たれることさえ叶わなかった。激しいノイズの壁に阻まれる中、巨人は着実に距離を詰め、咆哮を上げる。気象条件によって、あなたの技術は完全に沈黙した。","雪人的暴风雪产生了巨大的静电干扰，以至于你的信号甚至无法离开手掌。你对着一堵白色的噪音墙战斗，而巨人通过雪雪拉近了距离。你的科技被天气困住了。"
"MSG_C_CYBERATTACK_Z_LOSS","The zombie's rot had reached its brain long ago, leaving no coherent system for your attack to target. It dragged its decaying form toward you, unaffected by the digital storm you tried to summon. The dead have no data to steal.","ゾンビの脳はとうの昔に腐り果てており、ハッキングすべき一貫したシステムなど何一つ残されていなかった。あなたが召喚したデジタルの嵐を無視し、腐肉の塊が執拗に迫る。死者から奪うべきデータなど、どこにもないのだ。","僵尸的腐烂很久以前就蔓延到了大脑，没有留下任何连贯的系统供你的攻击瞄准。它拖着腐烂的身躯向你走来，不受你试图召唤的数字风暴的影响。死者没有可以窃取的数据。"
"MSG_C_CLOCK_A_WIN","The ant found its tiny life accelerated until a hundred years passed in a single second. It withered into a microscopic pile of dust as time took its heavy toll. The simple insect's journey ended in a clinical blink.","アリはわずか一秒の間に、自らの小さな一生が百年分も加速させられるのを感じた。時間の重圧に耐えきれず、魔物は微細な塵の山へと朽ち果てる。単純な虫の旅路は、瞬きの間に終止符を打たれたのである。","蚂蚁发现它的微小生命被加速了，一秒钟流逝了一百年。随着时间的沈重打击，它枯萎成了一堆微小的尘土。这只简单的昆虫的旅程在眨眼间结束了。"
"MSG_C_CLOCK_B_WIN","The bat was frozen in mid-air as a pocket of heavy time surrounded it. Its heart slowed until it finally stopped, leaving a living statue of the night flyer. The predator was defeated by the ticking silence.","重厚な時間の揺らぎに包まれ、コウモリは空中で完全に静止した。鼓動は緩やかになり、ついに停止し、夜の飛行者は「生きた像」と化す。捕食者は、時を刻む静寂の前に敗北したのである。","由于被一片沈重的时间区域包围，蝙蝠被冻结在半空中。它的心跳变慢，直到最终停止，留下了一座黑夜飞行者的活石像。捕捉者被滴答作响的沈默击败了。"
"MSG_C_CLOCK_C_WIN","The cobra watched its own strike slow down until it was nothing more than a gentle sway. It hissed in surprise as the future caught up to its primitive instincts. The serpent was defeated by the relentless ticking.","コブラの攻撃は、まるで優しい揺らぎのように緩慢なものへと書き換えられた。原始的な本能に未来が追いつき、魔物は驚きの声を上げる。蛇は、容赦なく時を刻む響きの前に敗北したのである。","眼镜蛇看着自己的攻击慢了下来，直到它只不过是一次温柔的摇晃。由于未来追上了它原始的本能，它惊讶地发出了嘶嘶声。这条蛇被无情的滴答声击败了。"
"MSG_C_CLOCK_D_WIN","The dragon felt the weight of its legendary eons multiply a thousandfold in a single instant. It roared as its scales turned grey and brittle, its ancient fire finally dying in the long dark. The king of flames succumbed to the master of ages.","ドラゴンの伝説的な年月が、一瞬にして千倍もの重圧となって降り注いだ。鱗は灰色に枯れ果て、古の炎も長い暗闇の中に消え去り、魔物は絶叫する。炎の王は、時の支配者の前に跪いたのである。","在这个瞬间，巨龙感受到它那传奇般的永恒成千上万倍地增加。随着它的鳞片变灰变脆，它古老的火焰最终在漫长的黑暗中熄灭，它咆哮着。火焰之王向代之主低头。"
"MSG_C_CLOCK_E_WIN","Ancient Ent saw spring, summer, fall, and winter pass in a single, dizzying day. It grew into a magnificent sentinel before finally rotting back into the forest floor it guarded. The wood spirit returned to the cycle of ages.","古のエントは、春、夏、秋、冬が目を回すような一日で移ろいゆくのを目撃した。壮麗な守護者へと成長を遂げ、そして自ら守り続けた森の土へと還っていく。森の精霊は、永劫の循環の中へと戻ったのだ。","古树精看到春、夏、秋、冬在令人眼花缭乱的一天内流去。它成长为一名宏伟的哨兵，最终腐烂并回到了它所守护的森林地面。森林之灵回归了时代的循环。"
"MSG_C_CLOCK_F_WIN","The fly entered a temporal loop that forced its tiny brain to process a billion lives in a second. It burned out instantly, leaving a scorched husk on the floor that smelled of ancient ozone. The pest was deleted by the rhythm of time.","ハエは時のループに囚われ、一秒間に十億回もの人生を処理することを強制された。その小さな脳は瞬時に焼き切られ、焦げた抜け殻だけが床に残る。害虫は、時のリズムによって消去されたのである。","苍蝇进入了一个时间循环，被迫在秒钟内处理十亿条生命。它瞬间燃尽，在地牢的地板上留下了一个散发着古老臭氧味的焦黑外壳。这个害虫被时间的节奏抹除了。"
"MSG_C_CLOCK_G_WIN","The goblin found its stolen loot aging until gold turned to lead and steel to rust in its very hands. It shrieked as its own youth was stolen by the ticking artifact it tried to sell. The thief met a chronological karma.","ゴブリンが手にしていた戦利品は、金は鉛に、鋼は錆へと瞬く間に朽ち果てていった。売ろうとしていた時の工芸品に自らの若さまでもが奪われ、魔物は絶叫する。泥棒は、年代記の因果応報を受けたのである。","哥布林发现它偷来的战利品在老化，手中的黄金变成了铅，钢铁变成了锈。由于它试图出售的滴答作响的人造物窃取了它的青春，它发出了尖叫。这名窃贼遭遇了年代业报。"
"MSG_C_CLOCK_H_WIN","Temporal distortions coat the harpy's feathers, turning her screech into an ancient whisper. She shrieked as her hollow bones became too brittle to carry her weight through the air. The sky queen was silenced by the clock.","時間の揺らぎがハーピーの羽を覆い、その金切り声を古の囁きへと変えた。中空の骨が体重さえ支えられぬほどに脆くなり、絶望の叫びと共に彼女は地上へと墜落する。空の女王は、時計の音の前に沈黙した。","时间畸变成哈皮的羽毛，将她的尖叫变成了古老的私语。随着她中空的骨头变得过于脆弱，无法支撑她在空中飞行的重量，她尖叫了起来。天空女王被时钟沈默了。"
"MSG_C_CLOCK_I_WIN","The imp's magical trickery was neutralized as time reversed every shadow it tried to cast. It shrieked in frustration as it regressed into a harmless, babbling fledgling between heartbeats. The trickster was erased by the flow of ages.","インプが投げかける影を時間が巻き戻し、その魔術的な欺瞞を無効化した。鼓動の合間に、自らが無害で意味不明な言葉を喋る幼体へと退行していくことに、魔物は苛立ちの絶叫を上げる。悪戯っ子は、永劫の流れの中に消し去られたのである。","随着时间倒流了它试图投下的每一道阴影，小恶魔的魔法诡计被中和了。它在心跳之间退化成了一只无害、咿呀学语的雏鸟，挫败地尖叫着。骗子被时代的流逝抹除了。"
"MSG_C_CLOCK_J_LOSS","The jelly's simple structure was immune to the complexities of time. It merely absorbed the ticking device into its translucent mass, its mindless expansion continuing as if time meant nothing. The mechanical intervention failed against the primal ooze.","ジェリーの単純な構造は、時の複雑な干渉を完全に受け流した。刻まれる一秒一秒をその半透明な肉体で吸収し、魔物は時間が無意味であるかのように増殖を続ける。機械的な介入は、原始的な泥濘の前には無力であった。","果冻怪简单的结构免受了复杂时间的干扰。它只是将滴答作响的装置吸入其半透明的质量中，它的无脑扩张继续着，仿佛时间毫无意义。机械干预在原始软泥面前失败了。"
"MSG_C_CLOCK_K_WIN","The kobold warrior found its iron dagger rusting away to nothing in a matter of seconds. It barked in terror as its fighting spirit was replaced by the weariness of a thousand lifetimes. The tribal hero meeting a timely end.","コボルドの戦士が手にしていた鉄の短剣は、わずか数秒の間に錆びて無に帰した。闘争本能が千の人生を経た後のような深い倦怠感に置き換わり、魔物は恐怖の声を上げる。部族の英雄は、適切な「時」にその最期を迎えたのだ。","狗头人战士发现它的铁匕首在几秒钟内就锈蚀殆尽。由于它的斗志被一千种生命历程后的疲惫所取代，它惊恐地吠叫。部族英雄迎来了一个及时的终結。"
"MSG_C_CLOCK_L_WIN","The lizard's environment became a temporal cage that slowed its heart and lungs to a total halt. It hissed in surprise before its predatory focus was extinguished by the weight of history. The predator was removed from time.","時の牢獄がリザードを包み込み、その鼓動も呼吸も完全に停止させた。歴史の重みの下で、捕食者の集中力が消し去られる直前、魔物は驚きの声を上げる。捕食者は、時の流れから排除されたのである。","蜥蜴周围的环境变成了一个时间囚笼，使其心脏和肺部完全停止。在由于历史的重压而熄灭掠食焦点前，它惊讶地发出了嘶嘶声。掠食者从时间中被移除了。"
"MSG_C_CLOCK_M_WIN","The mummy's ancient decay was finally completed as the clock accelerated the inevitable return to dust. It collapsed as the spiritual bonds that animated its form were systematically erased. The past was successfully sanitized by the ages.","時計が塵への帰還を加速させたことで、マミーの古の腐敗はついにその終わりを迎えた。肉体を生かし続けていた霊的世界との絆が、時計によって組織的に消しさられると、魔物は崩れ落ちる。過去は、永劫の時の手によって消毒されたのである。","随着时钟加速了不可避免的归于尘土的进程，木乃伊古老的腐坏终于彻底完成了。随着赋予其形态活力的精神纽带被系统地抹除，它瘫倒在地。过去被时代成功消毒。"
"MSG_C_CLOCK_N_LOSS","The naga's ancient consciousness was synchronized with the pulse of the world, far beyond the reach of a mere clock. She effortlessly slithered through the temporal gaps, striking before the device could anchor her to the present. The master of history was herself bypassed.","ナーガの古の意識は世界の脈動と同調しており、単なる時計の干渉などとうに超越していた。彼女は時の隙間を滑るように進み、デバイスが彼女を現在に繋ぎ止める前に牙を剥く。歴史の主導権は、彼女自身の手に委ねられたままだった。","纳迦古老的意识与世界的脉搏同步，远远超出了区区时钟的触及范围。她轻而易举地滑过时间缝隙，在装置将她锚定在现在之前发起攻击。历史的主人自己被绕过了。"
"MSG_C_CLOCK_O_LOSS","The orc's brutal momentum was too great for the temporal stasis to contain. With a bestial roar, he smashed the clock into scrap metal, his heavy axe following through with unstopped violence. The clock's mechanical logic died under the weight of raw power.","オークの野蛮な勢いは、時の静止フィールドで抑え込むにはあまりに強大すぎた。獣のような咆哮と共に、魔物は時計を屑鉄へと叩き伏せ、その重斧は止まることのない暴力を持って振り下ろされる。機械的な論理は、生身の力の前に沈黙した。","兽人野蛮的动量太大了，时间停滞场无法抑制。随着一声野兽般的咆哮，他将时钟砸成了废铁，他沉重的斧头随之而来，带着无法阻挡的暴力。时钟的机械逻辑在原始力量的重量下消亡了。"
"MSG_C_CLOCK_P_WIN","The pixie found herself caught in a single, infinite second, her wings beating in slow motion as time became a heavy, viscous liquid. She struggled for an eternity within a single breath, eventually exhausting her tiny magical core. The forest trickster was silenced by the rhythm of time.","ピクシーは終わりのない一秒の中に囚われ、その羽は粘り気のある液体のような重い時の流れに抗う。吐息一つの間に永遠を彷徨わされ、その小さな魔力はついに底をつく。森の悪戯っ子は、時のリズムの前に沈黙したのである。","小仙女发现她被困在一个单一、无限的秒钟内，随着时间变成一种粘稠的液体，她的翅膀在慢动作中扇动着。她在一次呼吸的时间里挣扎了永恒，最终耗尽了她微小的魔法核心。森林骗子被时间的节奏沈默了。"
"MSG_C_CLOCK_Q_WIN","The coeurl's legendary speed was reduced to a pathetic crawl as the clock's pulses anchored its atoms to the frozen second. It tried to leap, but only managed a slow-motion slump before disappearing into the void of history. The high-speed hunter was finally snared by time.","クアールが誇る伝説的な速度は、時計が放つ波動によって原子レベルで固定され、無残なほどに失われた。跳躍を試みるものの、魔物はスローモーションのような緩慢な動きの末、歴史の虚無の中へと消え去っていく。高速の狩人は、ついには時間に捕らえられたのである。","夸尔传奇般的速度降低到了可怜的爬行水平，时钟的脉冲将其原子锚定在冰结的秒钟内。它试图跳跃，但只能以慢动作颓然倒下，随后消失在历史的虚空中。高速猎手最终被时间捕获了。"
"MSG_C_CLOCK_R_LOSS","The rats were so numerous that the clock's localized field could only target a few at a time. The rest of the swarm poured over the device like a furry wave, gnawing through the gears and springs in seconds. The tide of teeth overwhelmed the ticking guardian.","ラットの群れはあまりに膨大で、時計の限定的なフィールドでは数匹を捕らえるのが限界だった。残りの群れは毛皮の波となってデバイスに押し寄せ、わずか数秒で歯車とゼンマイを噛み砕く。牙の奔流が、時を刻む守護者を飲み込んだのである。","老鼠的数量如此之多，以至于时钟局部区域的力场一次只能针对其中的几个。其余的鼠群像一波毛绒绒的波浪一样涌过装置，在几秒钟内啃穿了齿轮和弹簧。牙齿的潮水淹没了滴答作响的守护者。"
"MSG_C_CLOCK_S_LOSS","The slime's acidic nature corroded the clock's delicate internals before the first second could be struck. It pulsated with a slow, mocking rhythm, the mechanical parts dissolving into the acidic green mass. The clock was silenced by a chemical digestive cycle.","スライムが放つ強酸が、最初の一刻を刻む前に時計の繊細な内部機構を腐食させた。魔物は嘲笑うかのような遅いリズムで拍動し、機械部品は酸性の緑色の塊の中へと溶け込んでゆく。時計は、化学的な消化プロセスの前に沈黙した。","史莱姆的强酸在时钟敲响第一秒之前就腐蚀了它脆弱的内部结构。它以一种缓慢且带着嘲讽意味的节奏跳动着，机械零件在酸性的绿色物质中逐渐溶解。时钟在化学消化的过程中彻底沉默了。"
"MSG_C_CLOCK_T_LOSS","The troll's regenerative cells adapted to the temporal shift with terrifying speed, forcing its body back into its natural state. It simply stepped through the sluggish time, its prehistoric strength unhindered as it crushed the device underfoot. Life's messy persistence outpaced the clock's order.","トロールの再生細胞は、恐るべき速度で時のズレに適応し、その肉体を強制的に元の状態へと引き戻した。魔物は停滞した時の中を悠然と歩み、その先史時代の怪力でデバイスを足蹴にする。生命の泥臭い執念が、時計の秩序を凌駕したのである。","巨魔的再生细胞以惊人的速度适应了时间的偏移，迫使它的身体恢复到了原来的粗壮状态。它直接穿过了滞后的时间，史前的力量毫无阻碍地将那台精密装置踩成碎片。生命的顽强执着完全凌驾于时钟の秩序之上。"
"MSG_C_CLOCK_U_WIN","The undead were caught in a reverse-time spiral that stripped them of their dark animation. They stood gap-mouthed as their necrotic spirits were returned to the earth of a century ago. The wandering souls found a permanent rest.","不気味な生命力を奪う逆再生の渦が、アンデッドたちを飲み込んだ。壊死した魂が百年前の土へと還るのを、彼らは口をぽかんと開けて見守るしかなかった。彷徨う魂は、ついに永遠の安らぎを見出したのである。","亡灵被困在一个倒转的时间螺旋中，剥夺了它们阴暗的活力。随着它们坏死的灵魂被送回一百年前的大地，它们张大嘴巴站在那里。徘徊的灵魂找到了永久的安息。"
"MSG_C_CLOCK_V_LOSS","The vampire had lived through countless centuries and knew time's weaknesses better than any mortal device. He whispered a dark incantation that shattered the glass face, turning the clock's power back upon itself. The eternal night claimed the mechanical daylight.","ヴァンパイアは数え切れぬほどの世紀を生き抜き、時の弱点をいかなる人間製デバイスよりも熟知していた。彼が闇の呪文を唱えると時計の盤面は砕け散り、その力は自分自身へと跳ね返る。永遠の夜が、機械仕掛けの昼光を飲み込んだのだ。","吸血鬼经历了无数个世纪，比任何凡人的装置都更了解时间的弱点。他低声念诵了一段黑暗咒语，粉碎了玻璃表面，将时钟的力量反弹到自身。永恒的黑夜直接夺走了机械式的日光。"
"MSG_C_CLOCK_W_LOSS","The wolf pack found every lunge and snap was delayed by a fraction of a second, but their group instinct allowed them to adapt instantly. They lunged from a temporal blind spot, tearing the device from its owner's hands before it could strike again. The pack hunted down the clock.","ウルフの群れの突進も噛みつきも、わずかな時間の遅延によって狂わされたが、彼らの群れの生存本能は即座にそれへと適応した。時の死角から襲いかかり、デバイスが次の一刻を刻む前に主人の手から奪い去る。群れは、時間を狩り取ったのである。","狼群发现每一次冲刺和撕咬都延迟了零点几秒，但它们的群体本能让它们能够立即适应。它们从时间的盲点发起冲击，在装置再次攻击前将其从主人的手中夺走。狼群捕猎了时钟。"
"MSG_C_CLOCK_X_LOSS","Xalthis's multiple eyes focused on the clock's shifting hands, its ancient mind adapting easily to the temporal flux. It ignored the ticking trap and struck with lethal precision, outpacing the flow of time itself. The nightmare was faster than any device.","ザルティスの無数の瞳は、時計の針の動きを冷静に観察し、その意識を時の潮流へと適応させた。時計が仕掛ける罠を完全に無視し、魔物は時の流れさえも超越する正確無比な一撃を放つ。悪夢は、いかなる機械仕掛けの秩序をも上回っていた。","扎尔提斯的眼睛盯着时钟走动的指针，它那古老的头脑很容易就适应了时间流转。它无视了滴答作响的陷阱，以致命的精确度发动攻击，超越了时间本身的流动。噩梦比任何装置都快。"
"MSG_C_CLOCK_Y_LOSS","The yeti's blizzard was so cold it froze the very hands of the clock, the metal turning brittle and snapping under its own weight. It roared a frosty challenge as it buried the useless device under a mountain of eternal ice. The winter of the high peaks was immune to the ticking spring.","イエティが放つ吹雪はあまりに冷たく、時計の針そのものを凍りつかせ、金属は脆くなって自重でへし折れた。無用となったデバイスを永久の氷の山に埋め、魔物は冷気と共に咆哮を上げる。高峰の冬は、時を刻む春の訪れを拒絶したのだ。","雪人的暴风雪是如此寒冷，它冻结了时钟的指针，金属变脆并在自身的重量下折断。当它将无用的装置埋在永恒的冰山下时，它发出了一声霜冻的挑战。高峰的严冬免受滴答作响的春天影响。"
"MSG_C_CLOCK_Z_LOSS","The zombie's existence was already a violation of time, a dead thing that refused to stay in the last. It ignored the temporal field entirely, its rot spreading to the device until the gears jammed with necrotic filth. The living gear was consumed by the undead entropy.","ゾンビの存在そのものがとうに時の摂理を外れており、過去に留まることを拒む死者であった。魔物は時のフィールドを完全に無視し、その腐敗をデバイスへと伝播させ、歯車を壊死した汚物で埋め尽くす。生きた歯車は、不死の不条理によって飲み込まれたのだ。","僵尸的存在本身就是对时间的违背，一个拒绝停留在过去的死物。它完全忽视了时间场，它的腐烂蔓延到装置上，直到齿轮被坏死性的污秽堵塞。活生生的齿轮被亡灵的熵消耗了。"
"MSG_C_COMPASS_A_WIN","The ant was scrambled by a magnetic field that pointed toward a hundred different norths. It scrambled in dizzying circles, eventually wandering off into the dark unknown. The tiny pioneer was defeated by the needle.","百もの異なる「北」を指し示す強力な磁場により、アリの感覚は完全にかき乱された。目を回して円を描くように走り回り、やがて未知の闇の中へと消えていく。小さな先駆者は、コンパスの針の前に敗北したのである。","由于指向一百个不同北方的磁场，蚂蚁被打乱了。由于它眩晕地打圈走着，最终走入了未知的黑暗。这个微小的先驱者被指针击败了。"
"MSG_C_COMPASS_B_WIN","The bat's sensitive navigation was fried by the sudden magnetic surge from the compass. It plunged through the shadows like a lead weight, falling to the stone floor. The night flyer met a directed end.","コンパスから放たれた強力な磁場が、コウモリの繊細なナビゲーションを焼き切った。影の中を鉛の塊のように突き抜け、魔物は石畳に激突する。夜の飛行者は、方向を失った最期を迎えたのである。","蝙蝠敏感的导航系统由于指南针突然发出的磁脉冲而烧毁。它像铅块一样穿过阴影，掉落在石地板上。深夜飞行者迎来了一个指向性的终結。"
"MSG_C_COMPASS_C_WIN","The cobra found its predatory strike interrupted by an invisible force that pointed toward its own tail. It hissed in surprise as its own movement was dictated by the magnetic needle. The serpent was defeated by the direction.","自らの尻尾を指し示す不可解な引力が、コブラの捕食の一撃を遮った。磁気針によって自らの動きが強制的に決定されることに驚き、魔物は威嚇の声を上げる。蛇は、方向の力の前に敗北したのである。","由于受阻于一股指向它自己尾巴的无形力量，眼镜蛇发现自己的掠食攻击中断了。当它发现自己的动作指南针指针支配时，它惊讶地发出了嘶嘶声。蛇被方向击败了。"
"MSG_C_COMPASS_D_LOSS","The dragon's inner fire consumed the magnetic energy of the compass before it could take hold. The ancient beast roared, its scales shimmering with a redirected power.","ドラゴンの内に秘めた炎が、コンパスの磁気エネルギーを浸透する前に焼き尽くした。古の獣は咆哮し、その鱗は逆に強化された魔力で輝きを増した。","巨龙体内的火焰在指南针的磁能渗透前就将其烧尽。古老的巨兽发出咆哮，鳞片反而因强化的魔力而愈发闪耀。"
"MSG_C_COMPASS_E_LOSS","The ancient Ent's deep roots were guided by the planet's core, far beyond the reach of a tiny, magnetic needle. It merely stood still as the compass spun in useless circles, its massive branches continuing to reach for the real sun and rain far above. The wooden sentinel knew its own true north.","エントの深い根は惑星の核によって導かれており、ちっぽけな磁気針などが及ぶ存在ではなかった。コンパスが意味もなく回転し続ける中、魔物は泰然と立ち、その巨大な枝は遥か上方にある本物の太陽と雨を求め続ける。森の守護者は、自らの「真北」を確信していたのである。","古树精深厚的根系受行星核心指引，远远超出了微小磁针的触及范围。由于指南针徒劳地旋转，它只是静静地站着，它巨大的树枝继续伸向远方真正的阳光和雨水。木质哨兵知道它自己的真北。"
"MSG_C_COMPASS_F_WIN","The fly hit a wall of pure direction that acting like a million tiny combs. Its fast reflexes were no match for a threat that attacked with the speed of light and power. The tiny pest was deleted by the compass.","ハエは、百万もの微細な導きのように機能する純粋な方向の壁に衝突した。光速の速度と力を併せ持つ脅威に対し、自慢の反射神経は何の意味も持たない。小さな害虫は、コンパスの力の前に消去されたのである。","苍蝇撞上一道由纯粹方向组成的墙，表现得像成千上万把微型梳子。对于以光速和力量发起攻击的威胁，它敏捷的反射神经毫无用处。这位微小的害虫被指南针抹除了。"
"MSG_C_COMPASS_G_WIN","The goblin reached for the shiny compass, its greed leading to a heart-stopping shock of true direction. It shrieked as its nervous system was overloaded, eventually falling into a heap of smoking, charred rags. The thief met a directed karma.","輝くコンパスに手を伸ばしたゴブリンの強欲さは、真理の導きによる心停止の一撃という報いを受けた。過負荷な神経系に絶叫を上げ、やがて燻る炭となったボロ切れの山として崩れ落ちる。泥棒は、方向の因果応報を受けたのである。","哥布林伸手去抓闪亮的指南针，它的贪婪导致了一场令其心跳停跳的真实方向大冲击。随着神经系统过载，它发出了尖叫，最终瘫倒成了一堆冒烟焦黑的破布。这名窃贼遭遇了导向业报。"
"MSG_C_COMPASS_H_LOSS","The harpy's natural navigation was as vast as the sky, and she easily ignored the tiny magnetic surge from the device. She circled the player from a blind spot in the shadows, her predatory screech echoing through the dark as the compass failed to point the way. The sky queen owned the dark.","ハーピーの天性の航法は空のように広大であり、デバイスが放つ微小な磁気サージなど容易く無視した。彼女は影の死角からプレイヤーを包囲し、コンパスが道を示せぬ間に、捕食者の金切り声を闇に響かせる。空の女王は、この暗闇を支配していたのである。","哈皮天然的导航系统像天空一样广阔，她轻而易举地忽视了装置发出的微小磁脉冲。她在阴影的盲点中包围了玩家，随着指南针指错方向，她掠食性的尖叫在黑暗中回荡。天空女王占领了黑暗。"
"MSG_C_COMPASS_I_LOSS","The imp cackled as it manipulated the magnetic field, turning the compass into a chaotic prank that pointed in every direction at once. It redirected the player's own sense of path back at them, laughing as the needle failed to find a steady north. The trickster mastered the direction.","インプは磁場を自在に操り、コンパスを一度にあらゆる方向を指し示す混沌とした悪戯道具へと変えてしまった。プレイヤーの道標を混乱に陥れ、針が一定の北を見つけられぬのを愉快そうに眺めて嘲笑う。悪戯っ子は、方向の主となったのである。","小恶魔在操纵磁场时咯咯朗笑，将指南针变成了一个同时指向面面八方的混乱恶作剧。它将玩家自己的路径感重新导向他们，对指针无法找到稳定的北方大声嘲笑。骗子掌控了方向。"
"MSG_C_COMPASS_J_LOSS","The jelly's liquid mass perfectly absorbed the magnetic surge, the vibrations merely causing a few harmless ripples in its translucent body. It ignored the direction entirely, flowing over the device and absorbing it into its mindless, ever-growing masa. The slime won the silence.","ジェリーの流動体は磁気サージを完璧に吸収し、その振動は半透明な表面にわずかな波紋を立てるに過ぎなかった。魔物は方向など完全に無視し、デバイスの上を流れて自らの無機質な質量の中に吸収し、やがて針は停止する。泥濘は、静寂の戦いに勝利した。","果冻怪的液体质量完美地吸引了磁脉冲，震动仅仅在它半透明的身体上引起了几道无害的涟漪。它完全忽视了方向，流过装置并将其吸入其无脑、不断增长的质量中。软泥赢得了这场沈默战。"
"MSG_C_COMPASS_K_WIN","The kobold warrior found its crude weapon clinking against a needle of light that blocked every strike. It barked in terror as its fighting spirit was reflected as a mockery of the tribal hero it claimed to be. The tribal hero meeting a directed end.","コボルドの戦士が放つあらゆる攻撃は、全てを拒む光の針に阻まれた。自らが誇っていた闘争本能が、部族の英雄という虚像を嘲笑う鏡像として映し出され、魔物は恐怖の声を上げる。部族の英雄は、方向の最期を迎えたのである。","狗头人战士发现它那根粗糙的武器正在击打一束挡住了每一次攻击的光点，发出了丁当声。由于它的斗志被反射成对他号称是部落英雄的一种嘲弄，它惊恐地吠叫。部族英雄迎来了一个导向性的终結。"
"MSG_C_COMPASS_L_WIN","The lizard's predatory gaze was met by a needle just as cold and calculating from within the direction. It hissed in surprise before its heart finally stilled, unable to process the existence of such a shield. The predator was removed from the light.","リザードの獲物を狙う鋭い視線は、空間の先から放たれた同様に冷徹で計算高い針と衝突した。方位のシールドの存在を理屈で処理できず、魔物は驚きの声を上げ、その鼓動は停止する。捕食者は、導きの光によって排除されたのである。","蜥蜴掠食的目光与来自方向中同样冰冷、深谋远虑的指针相遇。在心脏最终停歇前，它惊讶地发出了嘶嘶声，无法处理这种。盾牌的存在。掠食者由于导向而被移除。"
"MSG_C_COMPASS_M_LOSS","The mummy's ancient, dry bandages were built from history itself, perfectly shielding the necrotic spirit from modern magnetic currents. It walked through the field with slow, deliberate steps, its dried hands reaching for the compass to crush its delicate needle into dust. The past was beyond the reach of the magnetic.","マミーの古く乾燥した包帯は歴史そのもので形作られており、壊死した魂を近代的な磁気流から完璧に守り抜いた。魔物はゆっくりと磁場の中を歩み寄り、乾燥した手でコンパスを掴んで、その繊細な針を塵へと粉砕する。過去は、磁力などが及ぶ領域にはなかったのだ。","木乃伊古老干燥的绷带是由历史本身构建的，完美地保护坏死灵魂免受现代磁流的伤害。它以缓慢、审慎的步法穿过磁场，它那干枯的手伸向指南针，将其精致的指针粉碎成尘。过去是磁力无法企及的。"
"MSG_C_COMPASS_N_LOSS","The naga's ancient magical senses were as vast as the tides, and she easily ignored the tiny magnetic pull of the compass. She hissed in amusement as the player became lost in a mist of their own making, striking from a direction the needle could never hope to find. The wise spirit was the true path.","ナーガの古の魔力は潮の満ち引きのように広大であり、コンパスの微小な磁気引力など容易く無視した。自らの迷いによって道を見失ったプレイヤーを滑稽そうに眺め、針が決して指し示せぬ方角から牙を剥く。賢き精霊こそが、真実の道であった。","纳迦古老的魔法感官像潮汐一样广阔，她轻而易举地忽视了指南针微小的磁性引力。当玩家在他们自己制造的薄雾中迷失方向时，她开心地嘶嘶作响，从指针永不可能发现的方向发起攻击。智慧之灵才是真实的路径。"
"MSG_C_COMPASS_O_LOSS","The orc charged in, but its massive strength was neutralized by a magnetic field that matched every blow. It roared in frustration as its own anger was reflected as a mockery of the brute force it possessed. The brute was defeated by the needle.","オークは突入したが、あらゆる打撃を無力化する磁場の前では、その怪力も無意味だった。自らが誇っていた怪力が、滑稽な嘲笑として雷撃に焼かれ、魔物は苛立ちの咆咆を上げる。蛮勇の徒は、磁気針の前に敗北したのである。","兽人冲了进来，但它巨大的力量被一个能匹配每一次打击的磁场所中和。由于它自己的愤怒被反射成对他所拥有的蛮横力量的一种嘲弄，它挫败地咆哮着。这个蛮子被指针击败了。"
"MSG_C_COMPASS_P_LOSS","The pixie used the compass to create a grand display of multi-colored light-bubbles that dancers through the air. She giggled as she orchestrated a grand display of power that moved everyone to tears. The forest trickster won with a directed flair.","ピクシーはコンパスを使い、空を舞う色鮮やかな光の泡の競演を作り出した。皆を涙させるほどの壮大な演出に、彼女はくすくすと笑いながら目的地への道を指し示す。森の悪戯っ子は、正しい才能を披露して見事に勝利したのである。","小仙女利用指南针制造了一场在空气中舞动的多彩光泡大展示。当她编排出一场感人至深的动力大合唱时，她笑出了声。森林骗子以一种被导向的天赋获胜。"
"MSG_C_COMPASS_Q_LOSS","The coeurl used the compass to multiply its own speed and pounce from multiple angles at once. It moved with terrifying, high-speed accuracy, a shadow in a world of glistening reflections. The high-speed hunter was the master of directions.","クアールはコンパスを使って自らの速度を倍加させ、同時にあらゆる角度から襲いかかった。煌めく指針の世界で、恐るべき速度と正確な身のこなしで影となって舞う。高速の狩人は、方向の真の支配者となったのである。","夸尔利用指南针倍增速自己的速度，并同时从多个角度发起扑击。在那个闪烁着倒影的世界里，它以可怕的高速准确性移动着。高速猎手是方向之主。"
"MSG_C_COMPASS_R_LOSS","The rat swarm found their collective path doubled in the magnetic current, creating a panic that broke their pack instincts. They squeaked in terror as they lost the trail of their leaders, scattering into the dark. The swarm was neutralized by the needle.","ラットの群れは、磁気流の中で自らの進むべき道が何倍にも増えたことでパニックに陥り、群れの本能を失った。リーダーの形跡を見失い、恐怖で鳴き声を上げながら、魔物たちは闇へと散っていく。群れは、磁気針の前に無力化されたのだ。","鼠群发现它们的集体路径在磁流中翻了一番，产生了一场瓦解它们族群本能的恐慌。由于它们由于惊恐而丢了领头鼠的踪迹并散入黑暗，它们发出了尖叫。鼠群被指针中和了。"
"MSG_C_COMPASS_S_LOSS","The slime absorbed the magnetic core, turning its entire chaotic body into a massive, liquid shield. It vibrated with a metallic scent before eventually solidifying into a perfectly clear block of crystal. The gelatinous threat was erased.","スライムは磁気コアを吸収し、その混沌とした肉体全体を巨大な「液体の盾」へと変えた。金属的な香りを放って震え、やがて完璧に透明な結晶の塊へと姿を変える。泥濘の脅威は、消去されたのである。","史莱姆吸收了磁芯，将其整个混乱的身体变成了一面巨大的液体盾牌。在由于散发出金属气息的震颤最终凝固成一个完全透明的水晶块之前。胶状威胁被抹除了。"
"MSG_C_COMPASS_T_LOSS","The troll tried to smash the compass, but found its own immense strength mirrored back with painful force. It roared in frustration as every blow it landed was returned by an identical, unyielding counter-strike. The giant met a directed end.","トロールはコンパスを粉砕しようとしたが、自慢の怪力がそのままの威力で跳ね返ってくるのを知った。放つ打撃の全てを自分と同じ威力で返す磁気フィールドに、魔物は苛立ちの咆哮を上げる。巨人は、不自然な最期を迎えたのである。","巨魔试图砸碎指南针，但发现它自己巨大的力量被一股痛苦的力量反弹了回来。它挫败地咆哮着，因为它的每一次打击都被一次相同、坚决的反击回敬了。巨人迎来了一个指向性的终結。"
"MSG_C_COMPASS_U_LOSS","The undead stood still as the compass covered their cold grey forms, cleaning them of their ancient decay. For a moment, they looked like statues of pure white marble under a shower of floral petals. The wandering souls were washed in scent.","アンデッドは立ち尽くし、コンパスがその冷たい灰色の肉体を覆って古の腐敗をも浄化した。花びらのシャワーの下で、彼らは一瞬だけ純白の大理石像のように見えた。彷徨う魂は、芳香に包まれて大地へと還されたのである。","亡灵静立着，由于指南针覆盖了它们冷灰色的形态，清洗了它们古老的腐烂。在那漫天花瓣的淋浴下，有一瞬间它们看起来像是纯白的大理石雕像。徘徊的灵魂被洗刷在芬芳中。"
"MSG_C_COMPASS_V_LOSS","The vampire's noble mask was ruined by an invisible pull that pointed toward a heart he hadn't used in centuries. He hissed in surprise before sliding helplessly through a world that finally had a fixed north. The prince met a magnetic end.","数世紀ぶりに動くはずのない自らの心臓を指し示す不可解な引力に、ヴァンパイアの高貴な仮面は剥がれ落ちた。固定された「北」を持つ世界をなす術なく滑り、彼は驚きの声を上げる。王子は、磁力の響きの中に最期を迎えたのである。","吸血鬼高贵的面具被一股几百年来未曾动过、指向他心脏的无形引力毁掉了。当他在这个终于有了固定北方的世界里无奈打滑时，由于惊讶而发出了嘶嘶声。这位王子迎来了磁性的终結。"
"MSG_C_COMPASS_W_LOSS","The wolf pack found their tracking senses overwhelmed by a sudden transition from blood to the planet's pulse. They whined in confusion, looking at each other through an infinite corridor of frozen hunters. The forest was cleared by a magnetic miracle.","血の臭いから惑星の鼓動への急激な変化に、ウルフの群れの追跡能力は失われた。凍てついた狩人たちの回廊の中で互いを見失い、魔物たちは困惑の声を上げる。森は、磁気的な奇跡によって浄化されたのだ。","狼群发现它们的追踪感官瘫痪了，因为从血腥突然转变为行星的脉冲。它们在由冻结的猎人组成的无限回廊中看着对方，困惑地呜咽着。森林被一个磁性奇迹清除了。"
"MSG_C_COMPASS_X_LOSS","Xalthis's multiple eyes twinkled as it followed a hundred different trails of light that led to nowhere. It spun once before its many legs collapsed, its central nervous system overwhelmed by the magnetic pulse. The multi-legged nightmare was ended.","ザルティスの無数の瞳は、どこにも辿り着かぬ百通りの光の形跡を追い、その光を煌めかせた。磁気パルスによって中枢神経が限界を迎え、一度だけ回転した後、その多足は崩れ落ちる。多足の悪夢は、終焉を迎えたのである。","扎尔提斯众多的眼睛在追踪一百条毫无结果的光迹时闪烁其词。在它众多的腿塌下之前，由于中枢神经系统被磁性脉冲过载，它旋转了一圈。多肢噩梦就此终结。"
"MSG_C_COMPASS_Y_LOSS","The yeti thought the compass was a special kind of mountain flower and reached out in wonder. His white fur soon smelled of mountain iron, shining like the peaks of his home. The mountain king was fascinated by the needle.","イエティはコンパスを、山の「特別な花」だと思い込んで手を伸ばした。その毛皮はすぐに山の鉄の香りに包まれ、故郷の山頂のように白く輝き始める。嶺の王は、その指針の魅力に魅了されたのである。","雪人以为指南针是一种特殊的山花，惊喜地伸手去接。它的白毛很快由于散发出山地铁的清香，像它家乡的山峰一样闪耀。雪山之王被指针迷住了。"
"MSG_C_COMPASS_Z_LOSS","The zombie's lack of a mind made the compass's guidance irrelevant. It continued its slow, mechanical advance, its cold hands reaching for you despite the magnetic pulse.","ゾンビに心はなく、コンパスの導きなど何の意味もなさなかった。魔物は鈍い機械的な動きを止めることなく、磁気パルスなど無視して冷たい手をあなたへと伸ばし続けた。","僵尸没有心智，指南针的指引毫无意义。魔物并未停止迟缓而机械的动作，无视磁脉冲，继续将冰冷的手伸向你。"
"MSG_C_CLOTHESPIN_A_WIN","You pinched the ant's delicate waist with a heavy-duty clothespin, snapping its exoskeleton. The tiny creature was neatly divided into two motionless parts. The rest of the colony fled from the snap.","アリの細い腰を頑丈な洗濯バサミで挟み、その外骨格を易々と粉砕した。小さな魔物は無残にも二つに分断され、動かなくなった。パチンという乾いた音に、群れは蜘蛛の子を散らすように逃げ去った。","用坚固的晾衣夹夹住了蚂蚁纤细的腰，轻易粉碎了其外骨骼。微小的魔物被残忍地断为两截，动弹不得。伴随着啪嗒一声干响，蚁群如惊弓之鸟般四散而逃。"
"MSG_C_CLOTHESPIN_B_WIN","The bat's wings were caught mid-flap by multiple clothespins, locking them shut. It fell to the ground, struggling against the plastic pinchers. The master of flight was grounded by household items.","激しく羽ばたくコウモリの翼を、複数の洗濯バサミで正確に捉えて固定した。翼を閉じたまま魔物は地上へ墜落し、プラスチックの挟撃に抗い続けた。空の支配者は、日用品によってその自由を奪われた。","用多个晾衣夹精准捕捉并固定了疯狂扇动翅膀的蝙蝠双翼。魔物在闭合双翼的情况下坠落到了地面，不断反抗着塑料扣夹的夹击。天空之王被日用品夺走了自由。"
"MSG_C_CLOTHESPIN_C_WIN","You clamped a large clothespin onto the cobra's mouth before it could strike. Its venomous fangs were safely locked away, rendering the snake helpless. The predator became a harmless, pinned reptile.","毒蛇が攻撃を仕掛ける前に、巨大な洗濯バサミでその口を封じた。猛毒の牙は無力化され、コブラは悶え苦しむばかりだった。捕食者は、今や無害に固定された爬虫類へと成り下がった。","在毒蛇发动攻击前，用巨大的晾衣夹封住了它的嘴。剧毒獠牙被废掉，眼镜蛇只能痛苦挣扎。掠食者如今沦为了被无害固定的爬虫。"
"MSG_C_CLOTHESPIN_D_WIN","You managed to pin the dragon's nostrils shut with two heavy-duty clothespins. The legendary beast coughed smoke, unable to release its fiery breath. The sky-shaking power was held back by a spring.","ドラゴンの鼻の穴を、二つの強力な洗濯バサミで器用に封じ込めた。伝説の怪物は煙を吐きながら悶えたが、火炎放射の息吹は完全に絶たれた。天を揺るがす力は、小さなバネの力に屈した。","灵巧地用两个强力晾衣夹封住了巨龙的鼻甲。传说中的怪物一边喷烟一边挣扎，但火焰喷吐被彻底掐断。震撼天空的力量屈服在了小小的弹簧之力下。"
"MSG_C_CLOTHESPIN_E_WIN","The clothespins caught the thin branches of the Ent, effectively pruning the spirit. It wavered as its magical conduits were pinched shut, stopping its movement. The forest sentinel was restrained by plastic clips.","細い枝の先端に洗濯バサミを噛ませ、精霊の魔力の流れを物理的に遮断した。枝先の感覚を奪われた巨木は、徐々にその動きを緩め、やがて静止した。森の番人は、プラスチックのクリップによって完全に沈黙した。","晾衣夹夹住了细小枝条的末端，物理阻断了精灵的魔力流动。被夺走枝尖感官的巨木逐渐放缓动作，最终静止。森林守卫被塑料扣夹完全沈默了。"
"MSG_C_CLOTHESPIN_F_WIN","The fly was caught mid-air by the lightning-fast snap of a small clothespin. It was a perfect capture that silenced the annoying buzzing instantly. The pest was displayed like an insect specimen.","空飛ぶハエを、電光石火の速さで洗濯バサミが捉え、その羽を静止させた。不快な羽音は一瞬で消え去り、そこには静止した標本のような姿があった。害虫は、日用品によって完璧に処理された。","长着翅膀的苍蝇被电光石火般迅捷的晾衣夹捕捉，羽翼陷入了停顿。令人不快的嗡鸣声瞬间消失，只剩下如静止标本般的身影。害虫被日用品完美处理了。"
"MSG_C_CLOTHESPIN_G_WIN","The goblin's large ears were painfully pinched by a pair of strong clothespins. It shrieked in agony, dropping its weapon to cover its burning ears. The brute's spirit was broken by the petty pain.","ゴブリンの大きな耳を、強力な洗濯バサミの一対で情け容赦なく挟み込んだ。魔物は激痛に悲鳴を上げ、耳を押さえるために武器を投げ捨てた。蛮勇の精神は、あまりにも「些細な痛み」の前に屈服した。","用一对强力晾衣夹毫不留情地夹住了哥布林的大耳朵。魔物痛得大声尖叫，为了捂住耳朵扔掉了武器。蛮勇的精神在极其“微妙的痛苦”面前屈服了。"
"MSG_C_CLOTHESPIN_H_WIN","Multiple clothespins caught the feathers of the harpy's wings, clumping them together. She lost her aerodynamic grace and spiraled into the dirt. The sky queen was silenced by the sting of plastic.","複数の洗濯バサミがハーピーの羽を一本ずつ丁寧に、しかし力強く束ね上げた。彼女は空力学的な優雅さを失い、無残な旋回を描いて地上へ沈んだ。空の女王は、プラスチックの鋭い刺激の前に沈黙した。","多个晾衣夹精准且有力地将哈皮羽毛一根根束成一捆。她失去了空气动力学上的优雅，划过一道凄惨的旋回坠入地面。天空之女王在塑料那锐利的刺激面前陷入了沈默。"
"MSG_C_CLOTHESPIN_I_WIN","The imp's thin tail was pinned to its back, disrupting its magical focus. It spun in a circle, trying to reach the pin while its spells failed. The demon prankster was grounded by a simple clip.","インプの細い尻尾を背中に挟み込み、奴の魔力的バランスを根底から崩した。必死に尻尾を追いかけて回転する間、呪文はすべて失敗し霧散した。魔界の悪戯っ子は、単純なクリップによって地に這わされた。","小恶魔纤细的尾巴被夹在背部，使其魔力平衡从根基开始崩溃。在它拼命追着尾巴打转的时候，咒语全盘失败并消散了。魔界捣蛋鬼被简单的扣夹拉下了地。"
"MSG_C_CLOTHESPIN_K_WIN","The kobold's sensitive nose was pinched shut by a spring-loaded clothespin. It yelped in confusion, its keen sense of smell replaced by a dull ache. The warrior was easily dispatched while it pawed at its face.","コボルドの敏感な鼻先を、強力なバネの洗濯バサミでパチンと挟み込んだ。混乱に満ちた悲鳴が響き、奴自慢の嗅覚は鈍い激痛へと塗り替えられた。顔を押さえて悶える戦士を、あなたは容易に仕留めた。","用强力弹簧晾衣夹啪地夹住了狗头人敏感的鼻尖。响起了充满混乱的哀鸣，它引以为傲的嗅觉被钝痛所取代。面对捂脸挣扎的战士，你轻而易举地解决了它。"
"MSG_C_CLOTHESPIN_L_WIN","The lizard's supple neck was caught by a wide clothespin, stopping its quick movements. It struggled but the pinch was too strong for its cold-blooded muscles. The predator was pinned to a nearby branch like laundry.","リザードのしなやかな首元を、幅広の洗濯バサミががっしりと捉えた。素早い動きは封じられ、魔物の冷血な筋肉もその挟力には抗えなかった。捕食者は、洗濯物さながらに近くの枝へと固定された。","宽大的晾衣夹死死扣住了蜥蜴灵活的脖子。敏捷的动作被封印，魔物冷血的肌肉在夹合力面前也无从反抗。掠食者如晾晒的衣物般被固定在附近的枝头上。"
"MSG_C_CLOTHESPIN_M_WIN","The loose bandages of the mummy were pinned together, immobilizing the undead. It tried to lunge but its wrappings held firm, locking its limbs. The ancient king was turned into a permanent laundry display.","マミーの解けかけた包帯同士を洗濯バサミで固定し、魔物の動きを封じた。飛びかかろうとする反動で包帯が自分自身を拘束し、奴は完全に身動きが取れなくなった。古の王は、今や動かぬ衣類の見本のようだった。","用晾衣夹固定住了木乃伊快散开的绷带，封锁了其行动。由于想飞扑而起的反冲力，绷带反而束缚了它自己，使其完全动弹不得。古老的王者如今宛如一件静止的服装样本。"
"MSG_C_CLOTHESPIN_P_WIN","The pixie's wings were caught mid-flight by a tiny, colorful clothespin. She dangled in the air, her magic flickering as she tried to escape the plastic grip. The forest trickster was caught and displayed.","空飛ぶピクシーの羽を、カラフルな洗濯バサミが空中で鮮やかに捉えた。彼女は空中に吊るされ、プラスチックの束縛から逃れようと必死に魔力を明滅させた。森の悪戯好きは、捕らえられ、見世物となった。","色彩鲜艳的晾衣夹在空中华丽地捉住了飞行中的小仙女。她被吊在半空，为了逃离塑料束缚拼命闪烁着魔力。森林里的捣蛋鬼被捕获，沦为了展品。"
"MSG_C_CLOTHESPIN_Q_WIN","The coeurl's sensitive whiskers were caught by two clothespins, disrupting its electrical field. It recoiled in shock, its lightning discharging uselessly into the floor. The beast was silenced by a loss of balance.","クアールの敏感な髭を二つの洗濯バサミで挟み上げ、奴の電磁場バランスを狂わせた。予期せぬ衝撃に獣は怯み、電撃は虚しく床へと逃げ出した。高速の捕食者は、均衡を失って沈黙した。","用两个晾衣夹夹住了夸尔敏感的胡须，扰乱了其电磁场平衡。兽类因预想之外的冲击而畏缩，电击徒劳地流向了地板。高速掠食者失去了平衡并陷入了沈默。"
"MSG_C_CLOTHESPIN_V_WIN","The vampire's noble nose was pinched by a brightly colored clothespin. The pain and sheer humiliation were too much for him to maintain his form. The prince of darkness vanished in a puff of embarrassment.","ヴァンパイアの気高い鼻先を、鮮やかな色の洗濯バサミがパチンと捉えた。あまりの激痛と屈辱に魔物は正気を保てず、その姿は霧散し、恥辱と共に消え去った。夜の貴族は、日用品の前に完敗を認めた。","鲜艳的晾衣夹啪地夹住了吸血鬼高贵的鼻尖。过于剧烈的疼痛与耻辱让魔物无法保持理智，其身影支离破碎，伴随着羞辱消散了。夜之贵族在日用品面前承认了完败。"
"MSG_C_CLOTHESPIN_J_LOSS","The clothespin simply slipped off the jelly's slimy surface without causing any damage. You tried to pinch it again, but the monster absorbed the tool and then you. The fluid threat couldn't be pinned.","洗濯バサミはジェリーの粘つく表面を滑り落ち、ダメージを与えることはできなかった。焦って二度、三度と挟もうとしたが、怪物は道具を飲み込み、そのままあなたをも包み込んだ。流動する脅威を固定することは不可能だった。","晾衣夹直接从果冻怪粘稠的表面滑落，无法造成任何伤害。在焦虑中尝试再三抓夹，怪物却吞噬了工具，并顺势将你包围。想要固定住这种流动的威胁是不可能的。"
"MSG_C_CLOTHESPIN_N_LOSS","The naga's thick scales were far too hard for the small clothespin to bite into. She flicked the tool away with a bored expression and struck with her heavy tail. Your attempts to pin her were seen as a joke.","ナーガの頑強な鱗は、小さな洗濯バサミが食い込むにはあまりにも硬すぎた。彼女は退屈そうに道具を指先で弾き飛ばし、重厚な尾で一撃を加えた。蛇の女王にとって、あなたの抵抗はただの滑稽な遊びだった。","纳迦强韧的鳞片太硬，小小的晾衣夹根本咬不动。她无聊地用指尖弹飞了工具，并用重尾补上了一击。对于蛇之女王来说，你的抵抗不过是场滑稽的恶作剧。"
"MSG_C_CLOTHESPIN_O_LOSS","The orc barely noticed the clothespin attached to its thick hide as it swung its axe. It laughed as the tiny plastic clip snapped under the pressure of its muscles. Your tactical choice was crushed by raw power.","オークの強靭な皮膚に挟まった洗濯バサミなど、奴は気付きさえしなかった。筋力が盛り上がる圧迫によってクリップは容易に砕け散り、魔物は哄笑と共に斧を振り下ろした。蛮勇の力の前では、小賢しい道具など塵に等しかった。","兽人甚至没有察觉到处在强韧皮肤上的晾衣夹。随着肌肉隆起的压力，扣夹轻而易举地碎裂开来，魔物狞笑着挥下了巨斧。在蛮荒之力面前，这种小聪明日用品无异于尘土。"
"MSG_C_CLOTHESPIN_R_LOSS","The rat swarm chewed through the clothespins before they could even be deployed. They surrounded you while you fumbled with your supplies, ending the fight quickly. The pack was too numerous and fast for pins.","ラットの群れは、あなたが洗濯バサミを取り出すよりも速く、道具を噛み砕いてしまった。慌てふためくあなたを無数の牙が包囲し、戦いは一瞬で残酷な結末を迎えた。数と速さを兼ね備えた群れに、クリップ一対など無意味だった。","鼠群甚至在你拿出晾衣夹之前就咬碎了工具。无数毒牙包围了惊慌失措的你，战斗瞬间迎来了残酷的结局。对于兼具数量与速度的鼠群来说，一对扣夹毫无意义。"
"MSG_C_CLOTHESPIN_S_LOSS","The slime absorbed the clothespin and its spring, turning them into hard projectiles to fire back at you. The tool became a weapon for the monster as it slowly dissolved the plastic. Your attempt was backfired.","スライムは洗濯バサミとそのバネを飲み込み、それらを硬い弾丸としてあなたへと撃ち返した。道具は怪物の糧となり、逆にあなたの息根を止める凶器へと変貌した。清掃の試みは、自らを追い詰める結果となった。","史莱姆吞噬了晾衣夹及其弹簧，并将其作为硬质子弹向你射回。工具成了怪物的养料，反而变成了置你于死地的凶器。洗衣的尝试导致了自寻死路。"
"MSG_C_CLOTHESPIN_T_LOSS","The troll's massive regeneration closed its wounds as fast as the pins could pinch. It ripped the clothespins off like they were annoying insects and crushed them. Your strategy was brushed aside by the brute.","トロールの再生力は、洗濯バサミが肉を挟む端から傷口を完全に塞いでいった。奴は煩わしい虫を払うかのようにクリップを引き剥がし、握り潰した。蛮勇の魔物にとって、あなたの奇策は取るに足らない戯言だった。","巨魔的再生力在晾衣夹夹肉的瞬间就将伤口完全封合了。它像拍打讨厌的虫子一样扯下扣夹并捏碎。对于蛮勇的魔物来说，你的奇策不过是微不足道的废话。"
"MSG_C_CLOTHESPIN_U_LOSS","The ghostly Undead had no skin for the clothespins to grasp. The clips passed through their spectral forms falling uselessly to the floor. The cold chill of death ignored the plastic pinchers.","実体のないアンデッドには、洗濯バサミで挟むための「肉体」が存在しなかった。クリップは魔物を通り抜けて虚しく床へと落ち、何の結果も残さなかった。冷たい死の気配は、プラスチックの挟撃など相手にもしなかった。","由于不死族没有实态，根本不存在晾衣夹可以夹住的“肉体”。扣夹穿过魔物，徒劳地掉在地板上，没有留下任何战果。冰冷的死亡气息根本没把塑料夹击放在眼里。"
"MSG_C_CLOTHESPIN_W_LOSS","The wolf's agile movement easily kept its sensitive parts away from the clothespins. It and its pack mates cooperated to pin *you* down with their fangs instead. The hunters were too smart for such a simple trick.","ウルフの俊敏な動きは、掃除バサミの攻撃を嘲笑うかのように急所を回避し続けた。逆に群れの連携はあなたを追い詰め、無数の牙があなたを地に固定した。狩人たちはあまりにも賢く、そのような子供騙しは通用しなかった。","狼敏捷的动作仿佛在嘲笑晾衣夹的攻击，不断避开要害。反而其狼群的协作将你逼入绝境，无数毒牙将你固定在了地上。掠食者们太过聪明，这种小儿科把戏根本行不通。"
"MSG_C_CLOTHESPIN_X_LOSS","Xalthis's many legs swatted away the clothespins with mechanical precision. Its venomous tail sought your neck while you were distracted by the pins. The multi-legged terror couldn't be pinned down.","ザルティスの無数の足が、機械的な正確さで洗濯バサミを払い落とした。あなたが道具の扱いに気を取られている間に、毒を宿した尾が喉元へ迫った。多足の恐怖を固定しようとする試みは、致命的な隙を生んだだけだった。","扎尔提斯无数只脚以机械般的精确扫落了晾衣夹。正如你分神于摆弄工具时，带毒的尾巴已逼向咽喉。想要固定多肢恐怖的尝试，仅仅制造了致命的破绽。"
"MSG_C_CLOTHESPIN_Y_LOSS","The yeti's blizzard froze the clothespins' springs instantly, causing them to shatter. Its thick fur remained un-pinched as it moved in for the final blow. The king of the peaks remained free of your clips.","イエティの放つ吹雪が洗濯バサミのバネを瞬時に凍らせ、粉々に砕け散らせた。分厚い毛皮に阻まれ、挟み込むことさえ叶わず、巨人は最後の一撃を放った。雪山の主を、プラスチックの鎖で繋ぐことはできなかった。","雪人散发的风雪瞬间冻结了晾衣夹的弹簧，使其粉碎。被厚实的毛皮所阻，甚至没能夹住，巨人便挥出了最后的一击。无法用塑料锁链锁住这位雪山之主。"
"MSG_C_CLOTHESPIN_Z_LOSS","The zombie's dead flesh only ripped away when caught by the clothespins, causing no pain. It ignored the pins sticking from its body and bit through your arm. The living dead couldn't be stopped by a pinch.","ゾンビの腐肉を洗濯バサミで挟んだところで、肉が剥がれ落ちるだけで痛みは伴わなかった。奴は全身にクリップを刺したまま歩み寄り、あなたの身体を食い破った。動く死体を止めるには、その程度の刺激ではあまりに不十分だった。","即使是用晾衣夹夹住僵尸的腐肉，也只会让肉脱落，不会产生痛苦。它全身插着扣夹步步逼近，咬碎了你的身体。想要阻止这会动的尸体，那点程度的刺激实在是太不够看了。"
"MSG_C_CANVAS_A_WIN","The canvas wrapped around the ant like a giant blanket, smothering its movement. It struggled inside the fabric before going still. The worker was captured by its own stage.","キャンバスが巨大な毛布のようにアリを包み込み、その動きを封じた。布地の中で必死に抗った後、魔物は静かに動かなくなった。働き者は、自らが主役となるはずの舞台に捕らえられた。","画布像一条巨大的毯子一样包裹在蚂蚁身上，制止了它的行动。它在织物内部挣扎，最终静止了。这个工蚁被它自己的舞台捕获了。"
"MSG_C_CANVAS_B_WIN","The bat crashed into the stretched canvas, its wings becoming entangled. It was folded up like an unfinished sketch and cast aside. The master of flight was grounded by a simple sheet.","コウモリは引き延ばされたキャンバスに激突し、その翼は布地に絡まった。未完成のスケッチのように折り畳まれ、魔物は闇の中へと放り出された。飛行の達人は、ただの一枚の布によって地に縛り付けられた。","蝙蝠撞上了拉紧的画布，它的翅膀被缠绕。它像一幅未完成的速写一样被折叠起来并被扔掉。飞行大师被一幅简单的布拉到了地上。"
"MSG_C_CANVAS_C_WIN","The cobra struck at the white canvas, but its fangs became stuck in the magical weave. It writhed in frustration as it became a living part of an abstract painting. The serpent was framed for eternity.","コブラは白いキャンバスに牙を剥いたが、その牙は魔法の織り目に囚われた。絶望を描いた抽象画の生ける一部となり、魔物は苛立ちの中で悶えた。毒蛇は永遠に額縁の中に閉じ込められた。","眼镜蛇攻击白色的画布，但它的獠牙被困在神奇的编织中。它挫败地蠕动着，成为了抽象画中鲜活的一笔。这条蛇永远被定格在了框中。"
"MSG_C_CANVAS_D_WIN","A giant canvas fell from the sky, covering the dragon in a blinding white. The creature roared and thashed, but the fabric held its weight. The king of legends was silenced by a blank space.","巨大なキャンバスが空から舞い降り、ドラゴンの巨躯を盲目的な白で覆った。魔物は咆哮し、暴れ回ったが、魔法の布はその重みを支え続けた。伝説の王は、空白の空間によって沈黙させられた。","一幅巨大的画布从天而降，将巨龙覆盖在刺眼的白色之下。这头生物咆哮着挣扎着，但织物承载了它的重量。传奇之王被一个空白空间震住了。"
"MSG_C_CANVAS_E_WIN","The ancient ent was wrapped in a canvas that appeared to be part of its own forest floor. It felt so integrated with the art that it rooted itself into the fabric. The guardian became the world it protected.","古のエントは、自らの森の床の一部であるかのようなキャンバスに包まれた。芸術と一体化したかのように感じた魔物は布地に根を張り、風景の一部となった。守護者は、自らが守っていた世界そのものとなった。","古老的树精被一块似乎是它森林地面一部分的画布包裹着。它觉得与艺术融为一体，将根深深扎进织物中。守护者变成了它所保护的世界。"
"MSG_C_CANVAS_F_LOSS","The fly hit the canvas and became a messy spot that couldn't wash away. The magical paint held its legs firmly, turning the pest into a forgotten detail. The insect's flight ended in a dot of white.","ハエはキャンバスに激突し、拭い去ることのできない無惨な汚れとなった。布地の絵具がその脚をしっかりと掴み、小さな害虫は作品の忘れ去られた細部へと変わった。虫の飛行は、白の一点の中に終わった。","苍蝇撞在画布上，变成了一个无法洗去的点。神奇颜料牢牢抓住了它的双腿，将这个小虫变成了被遗忘的细节。昆虫的飞行在一点留白中结束了。"
"MSG_C_CANVAS_G_LOSS","The goblin saw the canvas as a piece of garbage and tried to tear it apart. However, the fabric was infused with magic that resisted its small, weak claws. The coward was eventually cornered by the artist.","ゴブリンはキャンバスをただのゴミだと思い、引き裂こうと躍起になった。しかし、魔法の宿った布地は魔物の弱々しい爪を跳ね返し続けた。臆病者は自らの無力さに絶望し、静かに追い詰められた。","哥布林把画布当作一件垃圾，试图将其撕碎。然而，织物中注入了魔法，抵挡住了它弱小的爪子。这名懦夫最终被艺术家困住了。"
"MSG_C_CANVAS_H_WIN","A fast-moving canvas caught the harpy mid-dive, folding her wings. She tumbled into a white void, her shrieks silenced by the magical fibers. The sky-queen was captured in a snapshot of her descent.","素早く動くキャンバスが急降下中のハーピーを捉え、その翼を折り畳んだ。彼女は白い虚無の中へと転落し、その絶叫は魔法的な布の繊維によって遮られた。天空の女王は、自らの墜落の一瞬として切り取られた。","快动的画布抓住了俯冲中的哈皮，折叠了她的翅膀。她跌入了一片白色的虚空中，她的尖叫被神奇的纤维止住了。天空女王在她落下的快照中被捕获了。"
"MSG_C_CANVAS_I_WIN","The imp saw a reflection of its own wicked face in the canvas and recoiled. It found itself unable to attack the white space, frozen by its own imagination. The prankster was defeated by a blank mirror.","インプはキャンバスに自らの邪悪な顔の反射を見て、恐怖で後ずさりした。魔物はその空白の空間を攻撃できず、自らの想像力に縛られて硬直した。悪戯っ子は、空白の鏡の前に敗北した。","小恶魔在画布上看到了自己邪恶面孔的倒影并退缩了。它发现自己无法攻击这个空白空间，被自己的想象力冻结了。淘气鬼被一面空白的镜子击败了。"
"MSG_C_CANVAS_J_WIN","The jelly tried to slide over the canvas, but the fabric drew the liquid into its weave. It became a colorful stain that slowly dried out. The monster was absorbed by the very surface it sought to cover.","ジェリーはキャンバスの上を滑ろうとしたが、魔法の布地がその液体を織り目へと吸い込んだ。徐々に乾燥する鮮やかな汚れとなり、魔物は命を失った。怪物は、自らが汚そうとした表面そのものに飲み込まれた。","果冻怪试图滑过画布，但织物将液体吸进了编织中。它变成了一个彩虹色的污点，慢慢变干。怪物被它试图掩盖的表面吸收了。"
"MSG_C_CANVAS_K_LOSS","The kobold tried to tear the canvas, but its claws were caught in the threads. It was slowly wrapped up in a white cocoon that silenced its barks. The warrior was neutralized by the artistry.","コボルドはキャンバスを引き裂こうとしたが、その爪は魔法の糸に絡め取られた。パニックに陥った鳴き声は遮られ、魔物はゆっくりと白い繭の中に包み込まれた。部族の戦士は、織物の芸術性によって無力化された。","狗头人试图撕开画布，但它的爪子被困在丝线中。它被慢慢包裹在白色的茧里，止住了它的吠叫。战士被艺术中和了。"
"MSG_C_CANVAS_L_LOSS","The lizard's camouflage failed as it stepped onto the stark, white desert of the canvas. It stood exposed, its predatory advantage gone. The cold-blooded beast was found out by the blankness.","リザードの迷彩は、キャンバスの冷酷なまでに白い砂漠に足を踏み入れた瞬間に瓦解した。捕食者の優位性を失い、曝け出された魔物は抵抗すら叶わなかった。冷血な獣は、その空白によって暴き出された。","当蜥蜴走上画布那单调、白色的荒原时，它的伪装失败了。它暴露在外，掠夺者的优势荡然无存。这头冷血动物被留白发现了。"
"MSG_C_CANVAS_M_WIN","The mummy saw the canvas as new bandages and eagerly walked into the trap. It was tightly bound by the fabric, creating a colorful sarcophagus it could never escape. The tomb was renewed by art.","マミーはキャンバスを新しい包帯と見なし、熱心に罠へと歩み込んだ。魔法の布地によって固く縛り上げられ、魔物は決して逃れられない鮮やかな新たな棺に閉じ込められた。墓所の永遠は、芸術によって更新された。","木乃伊把画布看作新绷带，热切地走进了陷阱。它被织物紧紧捆绑，创造了一个永远无法逃脱的五彩缤纷的石棺。坟墓被艺术更新了。"
"MSG_C_CANVAS_N_WIN","The naga gracefully slid over the canvas, leaving a shimmering trail of slime that became Art itself. She laughed at the artist's attempt to trap her, turning the tool into a stage for her beauty. The noble serpent was far too clever for a trap.","ナーガは優雅にキャンバスを滑り、その粘液の跡はそれ自体が芸術となった。魔物を捕らえようとする試みを嘲笑い、彼女は道具を自らの美を誇示する舞台へと変えた。高邁な蛇人は、ただの罠に嵌るほど愚かではなかった。","纳迦优雅地滑过画布，留下了一道闪闪发光的粘液痕迹，这本身就成了艺术。她嘲笑艺术家试图困住她的企图，将工具变成了展现她美丽的舞台。高贵的蛇人实在太聪明了。"
"MSG_C_CANVAS_O_LOSS","The orclaughingly ripped the canvas into shreds with its massive hands. It used the white fabric to clean its bloodied axe, treating the art as a common rag. The crude brute had no respect for a blank workspace.","オークは嘲笑と共に、その巨大な手でキャンバスを粉々に引き裂いた。白い布で血塗られた斧を拭い、魔物は芸術をただの雑巾のように扱った。粗野な怪物に、空白の仕事場への敬意など微塵もなかった。","兽人大笑着，用巨大的双手将画布撕成碎片。它用白布擦拭沾满鲜血的斧头，把艺术视为普通的抹布。这头粗野的野兽对空白的办公空间没有任何敬意。"
"MSG_C_CANVAS_P_LOSS","The pixie used the canvas as a giant sail to fly even faster through the forest. She avoided the artist's traps with ease, turning the tool of capture into a toy for her games. The forest spirit could not be held by cloth.","ピクシーはキャンバスを巨大な帆として使い、森の中をさらに速く飛び回った。芸術家の罠を容易くかわし、捕獲の道具を自らの遊び道具へと変えた。森の精霊を布切れで縛ることは不可能だった。","小仙女把画布当作巨大的帆，在森林中飞得更快。她轻松避开了艺术家的陷阱，将捕捉工具变成了她的游戏玩具。森林之灵无法被布料束缚。"
"MSG_C_CANVAS_Q_LOSS","The coeurl recognized the canvas as a hunter's blind and avoided it entirely. It circled the area, its eyes glowing with a cold intelligence that saw through every trick. The predator was far too wise to step on a white trap.","クアールはキャンバスを狩人の隠れ蓑と見なし、完全に回避した。冷徹な知性を宿した瞳で周囲を回り、魔物はいかなるトリックも見破った。捕食者は、白い罠に足を踏み入れるほど愚かではなかった。","夸尔认出画布是猎人的百叶窗，完全避开了它。它在附近盘旋，眼睛里闪烁着识别出每一个诡计的冷酷智慧。掠食者太聪明了，不会踩上这个白色陷阱。"
"MSG_C_CANVAS_R_WIN","The rat swarm found the canvas to be excellent nesting material and tore it to pieces. Within minutes, the white cloth was gone, replaced by a maze of shredded fibers and rat scent. The collective hunger overcame the art.","ラットの群れはキャンバスを最高の巣の材料だと見なし、粉々に引き裂いた。数分のうちに白い布は消え失せ、引き裂かれた繊維と魔物の臭いに取って代わられた。集団的な飢えは、芸術さえも食い尽くした。","老鼠发现画布是极好的筑巢材料，将其撕成碎片。几分钟内，白布不见了，取而代之的是破碎的纤维和老鼠的气味。集体的饥饿战胜了艺术。"
"MSG_C_CANVAS_S_WIN","The slime absorbed the canvas into its translucent body, turning white like a cloud. It moved with a new stability, the fabric giving its fluid body a temporary structure. The monster was improved by the tool.","スライムはキャンバスを半透明の身体に吸収し、雲のように白く染まった。布地が流動的な身体に一時的な構造を与え、魔物は新たな安定性を得て前進した。怪物は、道具によってその能力を向上させた。","史莱姆将画布吸收到它半透明的身体里，变得像云一样白。它以新的稳定性移动，织物赋予了它液态身体临时结构。怪物被这个工具改进了。"
"MSG_C_CANVAS_T_LOSS","The troll thought the canvas was a large napkin and used it to wipe the sweat from its brow. It then tossed the ruined fabric aside and moved toward the artist with a hungry grin. The brute had a different use for art.","トロールはキャンバスを巨大なナプキンだと思い、額の汗を拭うために使った。台無しにされた布を投げ捨て、魔物は空腹の笑みを浮かべて芸術家へと迫った。野蛮な怪物は、芸術に独自の用途を見出していた。","巨魔认为画布是一块大餐巾，用它擦去额头上的汗水。它随后扔掉废旧织物，带着饥饿的笑容向艺术家走去。禽兽对艺术有不同的用途。"
"MSG_C_CANVAS_U_LOSS","The undead saw the canvas as a vast shroud and felt a strange sense of peace. However, it failed to bind their spirits, as the fabric offered no true sanctuary for the restless dead. They continued their slow, steady march.","アンデッドはキャンバスを巨大な経帷子と見なし、奇妙な安らぎを感じた。しかし、魂を縛り付けることは叶わず、布地は彷徨える死者たちに真の安息を与えなかった。彼らはゆっくりと前進を続けた。","亡灵把画布看作一件巨大的裹尸布，感到一种奇怪的宁静。然而，它未能束缚他们的灵魂，因为织物没有为焦躁不安的死者提供真正的避难所。他们继续缓慢、稳步地行进。"
"MSG_C_CANVAS_V_LOSS","The vampire turned into a cloud of mist and drifted through the canvas as if it weren't there. He reappeared behind the artist with a mocking smile, his dark cloak swirling in the cold air. The master of night ignored the art.","ヴァンパイアは霧へと姿を変え、まるでそこに何もないかのようにキャンバスを通り抜けた。皮肉な笑みを浮かべて芸術家の背後に現れ、魔物は夜の闇の中へと消えた。夜の支配者は、芸術を完全に黙殺した。","吸血鬼化作一团迷雾，穿过了画布，仿佛它并不在那里。他带着嘲弄的微笑出现在艺术家身后，玄色斗篷在寒冷的空气中飞舞。暗夜主宰无视了艺术。"
"MSG_C_CANVAS_W_WIN","The wolf pack was efficiently trapped under the massive weight of the magical canvas, their wild growls muffled by the sturdy fabric. The artist used the white space to frame their aggression, turning the hunters into a permanent part of the landscape. The forest was organized by art.","ウルフの群れは魔法のキャンバスの重圧の下に効率的に捕らえられ、その野性的な唸り声は頑丈な布地によって遮られた。芸術家はこの空白の空間を利用して彼らの攻撃性を封じ込め、狩人たちを風景の一部として永遠に造形した。森は、芸術によって秩序を取り戻したのである。","狼群被神奇画布的巨大重量高效地困住，它们野性的低吼被坚韧的织物掩盖。艺术家利用留白框住了它们的侵略性，将猎手变成了风景的永久一部分。森林被艺术整理了。"
"MSG_C_CANVAS_X_LOSS","Xalthis avoided the canvas by skittering up the walls with its many legs. It watched the artist from above, its multi-eyed focus never leaving its targets for even a second. The nightmare had no interest in simple obstacles.","ザルティスは多足を使って壁を這い回り、キャンバスを容易く回避した。上空から標的を凝視し続け、魔物の複眼は一瞬たりとも芸術家から離れることはなかった。悪夢にとって、単純な障害物など無意味だった。","扎尔提斯用它众多的腿爬上墙壁，避开了画布。它从上方注视着艺术家，多眼焦点从未离开过目标一秒钟。噩梦对简单的障碍没有兴趣。"
"MSG_C_CANVAS_Y_LOSS","The yeti recognized the canvas as a thin imitation of snow and threw it into the abyss. It roared a challenge that echoed through the mountains, dismissing the artist's attempt to cover the cold. The giant ruled the white peaks.","イエティはキャンバスを雪の粗悪な模造品と見なし、奈落の底へと投げ捨てた。極寒を覆おうとする芸術家の試みを一蹴し、雪山に響き渡る咆哮を上げた。巨人は白き峰々の絶対的な支配者だった。","雪人认出画布是对雪的粗拙模仿，将其扔进了深渊。它发出了响彻山脉的咆哮，驳回了艺术家覆盖寒冷的企图。巨人统治着白色的山峰。"
"MSG_C_CANVAS_Z_LOSS","The zombie stepped through the canvas, its rotting body tearing through the magical fibers without care. It felt no pain or resistance, only the goal of its next meal driving it forward. The dead could not be stopped by cloth.","ゾンビは魔法の繊維を気にかけることなく、腐敗した身体でキャンバスを突き破った。痛みも抵抗も感じず、次の獲物という目的だけが魔物を突き動かした。死者は布切れ一枚で止めることはできなかった。","僵尸穿过画布，它腐烂的身体毫不在意地撕裂了神奇的纤维。它没有感到痛苦或阻力，只有下一餐的目标。死者无法被布料阻止。"
"MSG_C_CRAYON_A_WIN","The thick wax of the crayon coated the ant, trapping it in a colorful, sticky mess. It struggled to move its legs through the heavy material until it went still. The worker was immortalized in a child's scribble.","クレヨンの厚い蝋がアリを覆い、色鮮やかで粘着質な塊の中に閉じ込めた。重い素材の中で脚を動かそうと抗ったが、やがて魔物は静止した。働き者は、子供の落書きの一部として永遠の存在となった。","蜡笔厚厚的蜡涂在蚂蚁身上，将其困在五彩缤纷、粘稠的混乱中。它挣扎着在沉重的材料中移动双腿，直到静止。工蚁在孩子的涂鸦中获得了永恒。"
"MSG_C_CRAYON_B_WIN","The bat's wings were stained with thick waxy patterns that prevented any flight. It tumbled from the ceiling like a colorful stone, its sonar confused by the texture. The night flyer met a bright, waxy end.","コウモリの翼は厚い蝋の模様で汚れ、飛翔を完全に阻まれた。質感に惑わされた超音波が宙を切り、魔物は色鮮やかな石のように天井から墜落した。夜の飛翔者は、明るく蝋まみれの最期を迎えた。","蝙蝠的翅膀被厚厚的蜡质图案沾染，无法飞行。它像一块五颜六色的石头一样从天花板掉落，声呐被质感迷惑。夜间飞行者迎来了明亮、蜡质的终焉。"
"MSG_C_CRAYON_C_WIN","The cobra hesitated as the crayon drew a funny face over its terrifying features. In that moment of confusion, it lost its predatory focus and was easily defeated. The serpent was mocked by a simple tool of play.","コブラが恐ろしげな表情の上にクレヨンで面白い顔を描かれ、一瞬躊躇した。困惑した瞬間に捕食者の集中力を失い、魔物は容易く倒された。毒蛇は、単純な遊び道具によって嘲笑の的となった。","当蜡笔在眼镜蛇恐怖的面部特征上画出一张滑稽的脸时，它犹豫了。在困惑的那一刻，它失去了掠夺焦点被轻易击败。这条蛇被一个简单的玩具嘲弄。"
"MSG_C_CRAYON_D_WIN","A giant crayon drew a colorful cage around the dragon, which became solid with magic. The beast roared and breathed fire, but the wax only melted and reform stronger. The king of legends was trapped in art.","巨大なクレヨンがドラゴンの周囲に色鮮やかな檻を描き、それは魔法によって実体化した。魔物は咆哮し炎を吐いたが、蝋は溶けてはさらに強固に再構築された。伝説の王は、芸術の牢獄に閉じ込められた。","一支巨大的蜡笔在巨龙周围画了一个彩色的笼子，随着魔法变得坚固。这头野兽咆哮着吐火，但蜡只是融化并重新变得更强。传记之王被艺术困住。"
"MSG_C_CRAYON_E_WIN","The ancient ent's bark was decorated with bright crayon drawings of blooming flowers. It felt a strange sense of spring and allowed its spirit to rest in the colorful beauty. The guardian died in a dream of childhood.","古のエントの樹皮が、満開の花を描いた明るいクレヨンの絵で彩られた。魔物は奇妙な春の訪れを感じ、色鮮やかな美しさの中で魂を休めることを決めた。守護者は、幼き日の夢の中で息絶えた。","古老树精的树皮上装饰着盛开鲜花的明亮蜡笔画。它感受到一种奇特的春天感，让灵魂在多彩的美丽中休息。守护者在童年的梦中死去。"
"MSG_C_CRAYON_F_WIN","The fly hit the thick wax and became a tiny, colorful bump on the floor. It struggled feebly against the sticky crayon before it was completely covered. The pest's flight ended in a mess of wax.","ハエは厚い蝋に激突し、床の上の小さく色鮮やかな隆起となった。粘着質なクレヨンに抗いながら空しく羽を震わせ、魔物は完全に覆い隠された。小さな害虫の飛行は、蝋の混濁の中に終わった。","苍蝇撞上厚厚的蜡，变成了地板上一个微小的彩色凸起。它在粘稠的蜡笔中虚弱挣扎，直到被完全覆盖。小虫的飞行在蜡的混乱中结束。"
"MSG_C_CRAYON_G_WIN","The goblin saw a shiny gold crayon and tried to steal it for its hoard. It was caught in a trap of sticky wax that held its hands firmly in place. The coward was captured by its own greed for gold.","ゴブリンは輝く金色のクレヨンを見つけ、自らの宝物庫に加えようと手を伸ばした。粘着質な蝋の罠に捕らえられ、その両手は地面に固定された。臆病者は、金への強欲さによって自滅した。","哥布林看到一支闪亮的金色蜡笔，试图偷走它作为积蓄。它掉进了粘稠蜡质的陷阱，双手被牢牢固定。懦夫被自己对金子的贪婪所捕获。"
"MSG_C_CRAYON_H_WIN","A few thick strokes of the crayon pinned the harpy's feathers to the stone cliff. She shrieked in anger as the weight of the wax held her down forever. The queen of the sky was framed by vibrant play.","クレヨンの太い筆致がハーピーの羽を石の崖に縫い付けた。蝋の重みに押さえ込まれ、彼女は怒りの絶叫を上げながら飛翔を奪われた。天空の女王は、鮮やかな遊びの痕跡の中に閉じ込められた。","蜡笔的几下厚实笔触将哈皮的羽毛钉在石崖上。当蜡的重量永远压制住她时，她愤怒地尖叫。天空女王被活力四射的游戏定格。"
"MSG_C_CRAYON_I_WIN","The imp laughed and tried to draw its own wicked signs with the crayon. It was so distracted by the colorful tool that it failed to notice the artist's true trap. The prankster was defeated by its own curiosity.","インプは笑いながら、クレヨンで自らの邪悪な印を描こうとした。色鮮やかな道具に気を取られるあまり、魔物は芸術家の真の罠に気づかなかった。悪戯っ子は、自らの好奇心によって敗北した。","小恶魔笑着试图用蜡笔画出自己邪恶的符号。它被这个多彩的工具分散了注意力，没能察觉艺术家的真陷阱。淘气鬼败给了自己的好奇心。"
"MSG_C_CRAYON_J_LOSS","The jelly's fluid body simply accepted the crayon, encasing the waxy tool in a translucent, protective shell. It used the colorful material to create internal patterns of its own, its motion unhindered by the inert solid. The monster was merely decorated by the attempt.","ジェリーの流動的な身体はクレヨンをそのまま受け入れ、蝋の道具を半透明の保護層の中に封じ込めた。魔物は色鮮やかな素材を利用して自らの体内に独自の模様を作り出し、その動きが不純物によって阻害されることはなかった。怪物は、単に飾り立てられたに過ぎなかったのである。","果冻怪流动的身体直接接纳了蜡笔，将蜡质工具包裹在半透明的保护壳中。它利用这些多彩的材料创造出属于自己的内部图案，其运动并未受到惰性固体的阻碍。这个怪物仅仅是被这种尝试装饰了一下。"
"MSG_C_CRAYON_K_WIN","The kobold mistook the crayon for a piece of meat and tried to hide with it. It was easily tracked by the vibrant trail of colors it left behind in the dark cave. The warrior was captured by its own colorful path.","コボルドはクレヨンを肉片と勘違いし、それを抱えて隠れようとした。暗い洞窟に残された鮮やかな色彩の跡により、魔物の居場所は容易く露呈した。部族の戦士は、自らが引いた色鮮やかな道によって捕らえられた。","狗头人误以为蜡笔是一块肉试图带着它躲起来。由于它在黑暗洞穴中留下的鲜艳色彩痕迹，它被轻易追踪到。战士被自己多彩的路径捕获。"
"MSG_C_CRAYON_L_LOSS","The lizard's camouflage couldn't hide the thick, colorful wax that covered its scales. It stood out like a beacon in the desert, unable to hide from the artist's focus. The predator was found out by the crayon.","リザードの迷彩も、その鱗を覆う分厚く色鮮やかな蝋を隠すことはできなかった。砂漠の中で灯台のように目立ち、芸術家の狙いから逃れる術はなかった。捕食者は、クレヨンによってその存在を暴かれた。","蜥蜴的伪装无法隐藏覆盖其鳞片的厚实彩色蜡。它在沙漠中像灯塔一样突出，无法躲避艺术家的焦点。掠食者被蜡笔发现了。"
"MSG_C_CRAYON_M_LOSS","The mummy saw the crayon as a sacred tool and allowed its body to be decorated. The wax sealed its ancient bandages, preventing it from ever moving again. The eternity of the tomb was finished by art.","マミーはクレヨンを聖なる道具と思い込み、自らの身体が装飾されるのを許した。蝋が古の包帯を密封し、魔物は二度と動くことができなくなった。墓所の永遠は、芸術によってその幕を閉じた。","木乃伊将蜡笔视为神圣工具并允许其装饰身体。蜡密封了它古老的绷带使其无法再次移动。坟墓的永恒被艺术终结。"
"MSG_C_CRAYON_N_LOSS","The naga's scales were far too smooth and expensive for the crayon to leave a lasting mark. She laughed as the waxy tool snapped against her powerful body, leaving her completely unharmed. The noble serpent was a different class.","ナーガの鱗はあまりに滑らかで高貴であり、クレヨンが跡を残すことは叶わなかった。強力な身体の前で蝋の道具が折れるのを見て彼女は嘲笑い、無傷でその場を去った。高潔な蛇人は、次元の違う存在だった。","纳迦的鳞片对于蜡笔来说太光滑高贵，无法留下印记。当蜡质工具在她强壮的身体前断裂时她笑了，毫发无伤。高贵的蛇人属于另一个档次。"
"MSG_C_CRAYON_O_LOSS","The orc found the crayon to be a useless stick and crushed it into dust with a single blow. It stood over the colorful remains, roaring a challenge to the artist and their toys. The brute had no time for childhood games.","オークはクレヨンを無益な棒切れと見なし、一撃で粉々に砕き潰した。色鮮やかな残骸の上で、魔物は芸術家とその玩具に向けて咆哮を上げた。野蛮な怪物に、子供の遊びに付き合う時間などなかった。","兽人认为蜡笔是没用的木棍，一击将其化为粉末。它站在彩色的残骸上对艺术家及其玩具发起咆哮。禽兽没有时间玩童年游戏。"
"MSG_C_CRAYON_P_LOSS","The pixie used the crayon to draw moustaches on the other monsters, laughing at the chaos. She avoided the artist's traps easily, turning the tool of capture into a source of forest fun. The spirit could not be caught.","ピクシーはクレヨンで他の魔物たちに口髭を描き込み、その混沌を見て笑い転げた。芸術家の罠を容易くかわし、捕獲の道具を森の楽しみの源へと変えた。精霊を捕らえることは、誰にもできなかった。","小仙女用蜡笔给其他怪物画了胡子，对这种混乱大笑。她轻松避开了艺术家的陷阱，将捕捉工具变成了森林乐趣的源泉。精灵无法被捕捉。"
"MSG_C_CRAYON_Q_LOSS","The coeurl recognized the smell of wax as a sign of human presence and avoided the crayon. It moved silently through the shadows, its predatory instincts kept sharp despite the art. The hunter was far too wise for a toy.","クアールは蝋の臭いを人間の存在を示す合図と認識し、クレヨンを完全に回避した。芸術に関係なく、魔物は捕食者の本能を鋭く保ったまま影の中を静かに移動した。狩人は、玩具に惑わされるほど愚かではなかった。","夸尔认出蜡的味道是人类存在的信号并避开了蜡笔。它在阴影中无声穿行，尽管有艺术它的掠食本能依然敏锐。猎手太聪明了不会被玩具迷惑。"
"MSG_C_CRAYON_R_LOSS","The rat swarm found the wax to be a strange, non-food item and shredded the crayon. Within seconds, only colorful crumbles remained on the dirty floor. The collective hunger found no nutrition in the art.","ラットの群れは蝋を奇妙な、食べられない物体と見なし、クレヨンを粉々に引き裂いた。数秒のうちに、汚れた床には色鮮やかな破片だけが残された。集団的な飢えは、芸術の中に栄養を見出すことはなかった。","鼠群发现蜡是一种奇怪的非食物物品，并咬碎了蜡笔。几秒钟内，肮脏的地板上只剩下了彩色的碎屑。集体的饥饿没有从艺术中找到营养。"
"MSG_C_CRAYON_S_WIN","The slime absorbed the crayon pieces, which made its body solid and slow to move. It struggled to maintain its fluid form as the wax hardened inside its translucent mass. The monster was weakened by the colorful debris.","スライムはクレヨンの破片を吸収したが、それによって身体は固まり、動きが鈍った。半透明の質量の中で蝋が硬化し、魔物は流動性を保つことに苦労した。怪物は、色鮮やかな残骸によって弱体化した。","史莱姆吸收了蜡笔碎块，这使得它的身体变得坚固且移动缓慢。它在半透明质量内的蜡硬化时努力维持流体形态。怪物被彩色的碎片削弱。"
"MSG_C_CRAYON_T_LOSS","The troll thought the crayon was a small candle and tried to light it with its fire. It grunted in annoyance when the wax merely melted into a colorful mess on its hand. The brute had no understanding of artistic tools.","トロールはクレヨンを小さな蝋燭だと思い込み、火を灯そうと試みた。蝋がただ溶けて手の上で色鮮やかな汚れになるのを見て、魔物は苛立ちの唸りを上げた。野蛮な怪物に、芸術の道具を理解する術はなかった。","巨魔认为蜡笔是小蜡烛并试图点燃它。当蜡只是融化在它手上变成一团乱麻时它恼火地哼了一声。禽兽对艺术工具毫无理解。"
"MSG_C_CRAYON_U_LOSS","The undead stood blankly as the crayon drew patterns on their dry, cold skin. They felt no comfort or joy from the colors, their spirits already long gone from the world. The dead continued their slow march through the art.","アンデッドたちは、乾いた冷たい肌にクレヨンで模様を描かれても、ただぼんやりと立ち尽くしていた。色彩から安らぎや喜びを感じることはなく、その魂は疾うの昔に失われていた。死者たちは前進を続けた。","当蜡笔在它们干枯阴冷的皮肤上画图案时亡灵茫然站着。它们从色彩中感受不到安慰或喜悦，它们的灵魂早已离开了世界。死者继续穿行于艺术。"
"MSG_C_CRAYON_V_LOSS","The vampire gracefully stood on the single stroke of a giant crayon, mocking the artist's attempt. He moved with a speed that left the waxy tool far behind in the dust. The prince of night was above such childhood toys.","ヴァンパイアは巨大なクレヨンの描線の上に優雅に立ち、芸術家の試みを嘲笑った。蝋の道具を埃の中に置き去りにするほどの速さで移動し、魔物は夜の闇へ消えた。夜の貴公子は、そのような子供の玩具を超越していた。","吸血鬼优雅地站在巨大蜡笔的一划上，嘲笑艺术家的尝试。他在尘土中以极快的速度甩开了蜡质工具。暗夜王子超脱于这种童年玩具。"
"MSG_C_CRAYON_W_LOSS","The wolf recognized the crayon as an intruder's scent and ripped it into pieces. It stood over the broken remains, growling with a primitive protectiveness for its pack. The beast refused to be colored by humans.","ウルフはクレヨンを侵入者の臭いと認識し、それを粉々に引き裂いた。壊れた残骸の上で、魔物は群れを守る原初的な本能を剥き出しにして唸り声を上げた。獣が人間に色を塗られることを許すはずがなかった。","狼认出蜡笔是入侵者的气味并将其撕碎。它站在破碎的残骸上带着原始的保护本能低吼。野兽拒绝被人类上色。"
"MSG_C_CRAYON_X_LOSS","Xalthis's many legs snapped the crayon before it could finish a single drawing. It moved forward with a cold and multi-eyed focus toward the artist, ignoring the colors. The nightmare had no interest in art for children.","ザルティスは絵が完成する前に、その多足でクレヨンを容易くへし折った。色彩を無視し、冷徹な複眼で芸術家に向けて歩みを進めた。悪夢にとって、子供向けの芸術など何の関心の対象でもなかった。","扎尔提斯在蜡笔完成绘画前就用众多的腿将其折断。它无视颜色冷酷集中地向艺术家迈进。噩梦对儿童艺术没有兴趣。"
"MSG_C_CRAYON_Y_LOSS","The yeti thought the crayon was a colorful stone and included it in its mountain collection. It ignored the artist's attempts to capture its beauty, dismissive of the fragile tools. The king of peaks was unmoved by play.","イエティはクレヨンを色鮮やかな石だと思い込み、山のコレクションに加えた。脆弱な道具で自らの美を捉えようとする芸術家の試みを一蹴し、魔物は悠然と去った。山嶺の王が、遊びに心を動かされることはなかった。","雪人认为蜡笔是彩色的石头，将其纳入大山收藏。它不屑于脆弱的工具，回绝了艺术家捕捉其美丽的尝试。山岭之王不为游戏所动。"
"MSG_C_CRAYON_Z_LOSS","The zombie blankly stared at the crayon as it drew on its rotting flesh. It felt no transition or wonder, only the mindless drive to consume the living despite the colors. The dead could not be stopped by simple wax.","ゾンビは腐敗した肉体にクレヨンで描かれても、ただぼんやりと見つめていた。変化も驚きもなく、ただ生者を喰らうという本能が、色彩を物ともせず魔物を突き動かした。死者を蝋細工で止めることは叶わなかった。","当蜡笔在它腐烂的肉体上画画时僵尸茫然盯着。它没有感到转变或奇迹，只有不顾颜色消费生者的无意识驱使。死者无法被简单的蜡阻止。"
"MSG_C_CHARCOAL_A_WIN","The burnt wood of the charcoal sketched a dark circle around the ant, trapping it with a smoky hex. It lost all direction and wandered into a dark pit until it fell forever. The worker was silenced by a shadow.","炭化された木材がアリの周囲に暗い円を描き、煙のような呪縛でその場を封じた。方向感覚を失った魔物は暗い穴へと迷い込み、二度と戻ることはなかった。働き者は、影の一筆によって沈黙させられた。","木炭的焦木在蚂蚁周围画了一个黑圈，用烟熏般的诅咒困住了它。它失去了所有方向感，掉进了深渊。工蚁被阴影沉默了。"
"MSG_C_CHARCOAL_B_WIN","The bat's wings were stained with thick, smoky charcoal that made its flight heavy and dirty. It crashed into the cavern floor, its sonar unable to penetrate the dark smudge. The night hunter met a burnt, smoky end.","コウモリの翼は厚く煙のような木炭で汚れ、その飛翔を重苦しく不浄なものに変えた。超音波もその暗い汚れを抜けることはできず、魔物は洞窟の底へと墜落した。夜の狩人は、焦げ付いた結末を迎えた。","蝙蝠的翅膀沾上了厚厚的熏黑木炭，使飞行变得沉重而肮脏。声呐无法穿透黑暗。夜间猎手迎来了烟熏火燎的终结。"
"MSG_C_CHARCOAL_C_WIN","The cobra hissed as the charcoal drew a dark line over its eyes, blinding it in a world of gray. It lost its focus and was easily struck down by the artist. The serpent was mastered by a single stroke of burnt wood.","コブラの瞳を掠めるように木炭が暗い線を引き、その世界を灰色の闇で閉ざした。集中を欠いた魔物は、芸術家の前に無防備となり倒された。毒蛇は、焦げた一筋の木材によって封じ込まれた。","当木炭在眼镜蛇眼睛上画下一条黑线时，它发出了嘶嘶声，陷在了灰色的世界里。它失去了集中力并被轻易击败。蛇被一根焦木征服。"
"MSG_C_CHARCOAL_D_WIN","A giant charcoal stick 'outlined' the dragon's legendary body, creating weak points where shadows fell. The beast roared as the soot sank into its defense, weakening its fiery heart. The king of legends was defined by gray.","巨大な木炭がドラゴンの伝説的な巨躯の「輪郭」をなぞり、影の落ちる場所に弱点を作り出した。煤が魔法の防御へと染み込む中、魔物は咆哮し、その火炎の力は衰えた。伝説の王は、灰色の線によって定義された。","一支巨大的木炭条“勾勒”了巨龙的传奇身躯，在阴影下创造了弱点。随着煤烟渗入其防御，这头野兽咆哮着。传记之王被灰色定义。"
"MSG_C_CHARCOAL_E_WIN","The ancient ent's bark was used to sketch a memory of the ancient forest in dark, smoky lines. It felt the weight of the past and allowed its spirit to rest in the charcoal landscape. The guardian was finished.","古のエントの樹皮に、古の森の記憶が暗く煙るような線でスケッチされた。魔物は過去の重みを感じ、魂をその炭色の風景へと安らかに委ねた。森の守護者は、自らの物語をここに完結させた。","古老树精的树皮被用来以黑暗烟熏的线条勾勒出古老森林的记忆。它感受到了过去的重量。守护者宣告结束。"
"MSG_C_CHARCOAL_F_WIN","The fly was marked with a dark smudge of charcoal that made its flight heavy and erratic. It crashed into the artist's studio floor and became a forgotten detail in a dark sketch. The tiny pest met a burnt, dark end.","ハエに木炭の暗い汚れが付き、その飛行は重く不安定なものとなった。スタジオの床へと墜落した魔物は、暗いスケッチの中に忘れ去られた細部として消えた。小さな害虫は、焦げた闇の最期を迎えた。","苍蝇被标记了一个黑点，飞行变得沉重且不规律。它在演播室地板上坠毁，成了草图中的细节。小虫迎来了焦黑的终结。"
"MSG_C_CHARCOAL_G_WIN","The goblin saw a shiny piece of coal and was caught in a trap of smoky darkness. It tried to run, but every shadow was instantly turned into a dark pit by the artist's charcoal. The coward was hunted by a dark vision.","ゴブリンは輝く木炭のかけらを見つけ、暗く煙るような罠に捕らえられた。逃げようとするが、芸術家の木炭によって影はすべて深い穴へと変えられた。臆病者は、暗い幻視によって狩り立てられた。","哥布林看到了一块发亮的木炭，却陷入了烟雾缭绕的黑暗陷阱。它试图逃离。懦夫被黑暗视野猎杀。"
"MSG_C_CHARCOAL_H_WIN","A few dark strokes of charcoal pinned the harpy's feathers to the mountain sky. She shrieked as the soot and ash held her down forever against the rocks. The queen was marked for a permanent shadow.","数回の暗い木炭の筆致が、ハーピーの羽を山嶺の空に縫い付けた。煤と灰の重みに押さえ込まれ、彼女は岩肌に叩きつけられながら絶叫した。天空の女王は、永久に消えぬ影の印を刻まれた。","几道深色木炭笔触将哈皮的羽毛钉在山间天空下。由于煤烟和灰烬将她压在岩石上，她发出了尖叫。女王被打上了永久阴影的记号。"
"MSG_C_CHARCOAL_I_WIN","The imp laughed and tried to create its own dark markings, only to find itself blinded by a cloud of soot. It panicked and fled, leaving a trail of charcoal dust that led straight to its home. The prankster was marked.","インプは笑って暗い印を自ら描こうとしたが、逆に煤の雲によって視界を奪われた。パニックに陥り逃げ出した魔物の背後には、住処へと続く炭の粉の跡が残された。悪戯っ子は、完全にマークされた。","小恶魔大笑着试图创造黑暗记号。它惊慌失措地逃跑了，留下一串炭尘直通家门。淘气鬼被打上了标记。"
"MSG_C_CHARCOAL_J_WIN","The charcoal cut through the jelly's clarity, filling its core with smoky, dark ink-like soot. It lost all transparency and collided with the walls of the arena, unable to reform. The monster met a dark, burnt end.","木炭がジェリーの透明な身体を切り裂き、その核を煙のような暗い煤で満たした。透明感を失い、再構築もままならぬ魔物は競技場の壁に激突して力尽きた。怪物は、焦がされた闇の最期を迎えた。","木炭切开了果冻怪的透彻感，用浓烟般的煤烟填满了它的核心。它失去了透明度。怪物迎来了焦黑的终结。"
"MSG_C_CHARCOAL_K_LOSS","The kobold used the charcoal to mark its path through the dark, ensuring it never lost sight of you. The hunter followed the smoky trail with predatory intent.","コボルドは木炭の跡を逆手に取り、暗闇の中で決してあなたを見失わぬよう道しるべとして利用した。狩人は煙の残るその道を辿り、確実な殺意を持ってあなたを追い詰める。","狗头人利用木炭的痕迹，将其作为在黑暗中绝不会跟丢你的路标。猎人循着余烟尚存的路径，带着确切的杀意将你逼入绝境。"
"MSG_C_CHARCOAL_L_LOSS","The lizard's shifting scales shed the charcoal dust as quickly as it was applied. Its camouflage remained perfect, leaving the artist to sketch only empty air.","リザードの鱗は絶えず動き、木炭の粉が付着する端から振り落としていった。完璧な迷彩は維持され、芸術家の筆は虚しく空気をなぞるだけに終わった。","蜥蜴的鳞片不断变动，木炭粉末刚附着就被抖落。完美的伪装得以维持，艺术家的笔触徒劳地划过空气。"
"MSG_C_CHARCOAL_M_LOSS","The mummy saw the charcoal as a tribute from the living and used the soot to darken its ancient curses. The artist's efforts only served to strengthen the undead's grip on the world.","マミーは木炭を生きる者からの供物と受け取り、その煤を自らの古の呪いをより強力にするために利用した。芸術家の試みは、皮肉にもアンデッドがこの世を支配する力を強める結果となった。","木乃伊将木炭视作生者的供品，利用这些煤烟令其古老的诅咒更加强大。艺术家的尝试，讽刺地增强了不死族统治世界的力量。"
"MSG_C_CHARCOAL_N_LOSS","The naga gracefully avoided the charcoal and struck with the speed of a desert wind. She laughed at the dark smudges on the stone floor, mocking the artist's attempt to mark her. The noble serpent refused.","ナーガは優雅に木炭を回避し、砂漠の風のごとき速さで一撃を放った。石畳に残る暗い汚れを見て嘲笑い、彼女を汚そうとする芸術家の試みを一蹴した。高潔な蛇人は、決して影に染まることはなかった。","纳迦优雅地避开了木炭，并以沙漠之风的速度发起攻击。当黑印落在地板上时她笑了。高贵的蛇人拒绝了。"
"MSG_C_CHARCOAL_O_LOSS","The orc found the charcoal to be a useless stick and crushed it into small pieces with its massive hand. It stood over the dark remains, roaring a challenge to the artist and their toys. The brute had no time for art.","オークは木炭を無益な棒切れと見なし、巨大な手で粉々に握り潰した。暗い残骸の上で、魔物は芸術家とその玩具に向けて不遜な咆哮を上げた。野蛮な怪物に、芸術の粋を解する時間などなかった。","兽人发现木炭是没用的木棍，用大手将其捏成碎片。它站在残骸上发出咆哮。禽兽没有时间。"
"MSG_C_CHARCOAL_P_LOSS","The pixie used the charcoal to draw silly faces on the other monsters, laughing at the dark chaos. She avoided the traps easily, turning the tool of capture into a source of forest fun. The spirit was never caught.","ピクシーは木炭を使って他の魔物たちに滑稽な顔を描き込み、暗い混沌の中で笑い転げた。芸術家の罠を容易くかわし、捕獲の道具を森の楽しみの源へと変えた。精霊を捕らえることは、誰にもできなかった。","小仙女用木炭给其他怪物画滑稽脸，在大混乱中大笑。她轻松避开了陷阱。精灵从未被抓住。"
"MSG_C_CHARCOAL_Q_LOSS","The coeurl recognized the smell of burnt wood as a threat and retreated into the deepest darkness. It watched from afar, its predatory instincts kept sharp despite the artist's charcoal. The hunter was far too wise.","クアールは木を焼いた臭いを即座に脅威と認識し、最深部の影へと退却した。遠くから観察を続け、芸術家の木炭が放つ気配を鋭敏に察知し続けた。狩人は、闇に潜む罠を警戒するほどに賢明だった。","夸尔认出焦木味是威胁并退回到最深处的黑暗。它从远处观察。猎手太明智了。"
"MSG_C_CHARCOAL_R_LOSS","The rat swarm found the charcoal to be excellent grinding material and chewed it into pieces. Within seconds, only dark crumbles and smoky smells remained on the dirty floor. The collective hunger was never satisfied.","ラットの群れは木炭を格好の牙研ぎの材料とし、粉々に噛み砕いた。数秒のうちに汚れた床には暗い破片と煙の臭いだけが残され、魔物は次の獲物を求めた。集団的な飢えは、決して満たされなかった。","鼠群发现木炭是极好的研磨材料并将其咬碎。几秒钟内地板上只剩下黑暗碎片。集体的饥饿从未满足。"
"MSG_C_CHARCOAL_S_LOSS","The slime absorbed the charcoal, which made its body dark and aggressive like a storm cloud. It moved with a new strength, its transparency replaced by a smoky, deadly glow. The monster was improved by the tool.","スライムは木炭を吸収し、その身体は嵐の雲のように暗く攻撃的な力に満たされた。透明感は消え去ったが、煙のような死の輝きを放つ流動体として魔物は新たな力を得た。怪物は、道具によってその能力を向上させた。","史莱姆吸收了木炭，使其身体变得黑暗且具有侵略性。它以全新的力量移动，烟雾般的死光取代了透明感。怪物被这个工具改进了。"
"MSG_C_CHARCOAL_T_LOSS","The troll thought the charcoal was a small firebrand and tried to light its way. It grunted in annoyance when the wood merely stained its massive teeth, but ignored the artist. The brute had no understanding of art.","トロールは木炭を小さな火おこしの道具だと思い込み、明かりを灯そうとした。巨大な歯が煤で汚れるのを見て不快そうに唸ったが、芸術家の道具を相手にすることはなかった。野蛮な怪物に、芸術への理解は不要だった。","巨魔认为木炭是一个引火物并试图照明。当木头弄脏了它巨大的牙齿时它哼了一声。禽兽对艺术毫无理解。"
"MSG_C_CHARCOAL_U_LOSS","The undead ignored the charcoal markings, their rotting forms indifferent to the artist's attempt to define them. They continued their slow, silent advance, the dark soot merely adding to their ancient grime.","アンデッドたちは木炭の印など意に介さず、自らを定義しようとする芸術家の試みを黙殺した。腐敗した肉体は鈍い前進を続け、暗い煤はただ彼らの古びた汚れを増やすだけに終わった。","不死族完全不在意木炭的印记，默杀了艺术家企图定义它们的尝试。腐烂的肉体继续着迟缓的前进，深色的煤烟仅仅增加了它们古旧的污垢。"
"MSG_C_CHARCOAL_V_LOSS","The vampire gracefully stood on the dark smudge of a giant charcoal piece, mocking the artist's attempt. He moved with a speed that left the soot far behind in the midnight air. The prince of night was above art.","ヴァンパイアは巨大な木炭が残した暗い汚れの上に優雅に立ち、芸術家の試みを嘲笑った。煤を夜の空気に置き去りにするほどの速さで移動し、魔物は闇へと消えていった。夜の貴公子は、いかなる芸術をも超越していた。","吸血鬼优雅地站在巨大木炭留下的黑印上。他以极快的速度移动，在空气中留下煤烟。暗夜王子超脱于艺术。"
"MSG_C_CHARCOAL_W_LOSS","The wolf recognized the smell of burnt wood as an intruder's scent and ripped the charcoal into pieces. It stood over the broken remains, growling with a primitive protective instinct. The beast refused to be sketched.","ウルフは木を焼いた臭いを侵入者の気配と認識し、木炭を粉々に引き裂いた。壊れた残骸の上で、縄張りを守る原初的な本能を剥き出しにして唸り声を上げた。獣が、人間に描かれることを許すはずがなかった。","狼认出焦木味并撕碎了木炭。它站在残骸上方低吼。野兽拒绝被勾勒。"
"MSG_C_CHARCOAL_X_LOSS","Xalthis's many legs snapped the charcoal before it could complete a single outline. It moved forward toward the artist, ignoring the dark stains on its hard carapace. The nightmare was far beyond the reach of art.","ザルティスは輪郭が描き切られる前に、その多足で木炭を容易くへし折った。硬い甲殻についた暗いシミを気にかけることもなく、冷却な複眼で芸術家を捉え続けた。悪夢は、芸術の届かぬ場所から迫っていた。","扎尔提斯在记号笔完成一划前就用众多的腿将其折断。它无视硬壳上的痕迹向艺术家迈进。噩梦远在艺术力所能及之外。"
"MSG_C_CHARCOAL_Y_LOSS","The yeti thought the charcoal was a strange black stone and included it in its mountain stash. It let out a roar that caused an avalanche, dismissing the artist's attempt to define the cold. The king was unmoved.","イエティは木炭を奇妙な黒い石だと思い込み、山の隠し場所に加えた。雪崩を引き起こすような咆哮を上げ、極寒を定義しようとする芸術家の試みを一蹴した。山嶺の王が、芸術に心を動かされることはない。","雪人把木炭视为黑石。它发出了地震般的哮声，回绝了艺术家。山岭之王不为所动。"
"MSG_C_CHARCOAL_Z_LOSS","The zombie blankly stared at the charcoal as it sketched on its rotting flesh. It felt no transition or wonder, only the mindless drive to consume the living despite the soot. The dead could not be defined easily.","ゾンビは腐敗した肉体に木炭でスケッチされても、ただぼんやりと見つめていた。変化も驚きもなく、煤の中でもただ生者を喰らうという本能が魔物を突き動かした。死者は、容易に定義される存在ではなかった。","当木炭在它腐烂的肉体上写字时僵尸茫然盯着。它没有感到转变，只有无意识的驱动。死者无法轻易被定义。"
"MSG_C_COMPASS_D_WIN","The dragon inhaled the ancient air of the compass and felt its own fire extinguished by the intensity. It roared a final, raspy note before its ancient heart was stilled by the true north. The king of flames died of total destiny.","コンパスが纏う古の空気を吸い込み、ドラゴンの炎はその厳格な針の前に導きを失った。真北が指し示す運命のパルスを浴び、かすれた最期の咆哮を上げてその古の鼓動は停止する。炎の王は、完全な宿命の前に絶命したのである。","巨龙吸入了指南针散发的古老空气，感到它的火焰被那强度熄灭了。在它那古老的心脏由于真北而停歇前，它发出了最后一声嘶哑的咆哮。火焰之王死于彻底的宿命。"
"MSG_C_COMPASS_G_LOSS","The goblin used the magnetic needle to find a shortcut behind you. He cackled as he struck from the shadows, your own tool having guided him to your back.","ゴブリンはコンパスの磁針を逆手に取り、あなたの背後への近道を見つけ出した。奴は影の中から不気味に笑いながら襲いかかり、あなたの道具は皮肉にも敵を導く結果となった。","哥布林利用指南针的磁针，找到了绕到你身后的捷径。它在阴影中发出了令人毛骨悚然的嘲笑并袭向你，你的道具讽刺地成为了敌人的向导。"
"MSG_C_COMPASS_Z_WIN","The zombie stood gap-mouthed, and for a moment, saw its cold grey eyes turn bright under the compass's guidance. It eventually fell into a deep sleep that matched the ancient decay of the dungeon floor. The dead were given a directed rest.","ゾンビは口をぽかんと開けて立ち尽くし、コンパスの導きの下で一瞬だけ冷たい灰色の瞳が輝きを取り戻すのを見た。やがてダンジョンの古びた腐敗と同調するように、魔物は深い眠りへと落ちる。死者たちは、正しい指針の下で安らぎを得たのである。","僵尸张大嘴巴站在那里，有一瞬间，看在指南针的指引下，它冷灰色的眼睛变亮了。它最终陷入了一场与地牢地板古老腐朽相匹配的沈睡中。死者获得了一个有指向性的休息。"
"MSG_C_CRAYON_E_LOSS","The ancient ent recognized the crayon drawing of blooming flowers and drew strength from the false spring. It used the vibrant wax to heal its old scars, eventually crushing the fragile toy under a massive root. The forest guardian was far stronger than a childish dream.","古のエントは満開の花を描いたクレヨンの絵を見て、偽りの春から新たな生命力を引き出した。魔物は鮮やかな蝋を古の傷跡を癒やすために利用し、ついには巨大な根で脆弱な玩具を粉砕する。森の守護者は、子供じみた夢などよりも遥かに強大であった。","古老树精认出了盛开鲜花的蜡笔画，并从虚假的春天中汲取了力量。它利用充满活力的蜡来愈合旧伤，最终用巨大的根部压碎了脆弱的玩具。森林守护者远比童年梦想更强大。"
"MSG_C_CRAYON_Y_WIN","The yeti was dazzled by the vibrant colors of the crayon, its primitive mind becoming fixated on the beautiful markings. It was so distracted by the artistic display that it failed to notice the artist's true trap until it was too late. The king of peaks was finally captured by a simple toy.","イエティはクレヨンの鮮やかな色彩に目を奪われ、その原始的な精神は美しい模様にすっかり魅了されてしまった。芸術的な表現に気を取られるあまり、魔物は最期まで芸術家の仕掛けた真の罠に気づくことはなかった。山嶺の王は、ついに単純な玩具によって捕らえられたのである。","雪人被蜡笔鲜艳的颜色弄得眼花缭乱，其原始思维专注于美丽的标记。它被艺术展示分散了注意力，以至于没能注意到艺术家的真正陷阱，直到为时已晚。山岭之王最终被一个简单的玩具捕获。"
"MSG_C_CHARCOAL_C_LOSS","The cobra's heat-sensing pits detected the charcoal's smoldering temperature, using the heat to mask its own strike. It lunged through the smoky fog, its fangs finding a target before the artist could finish their sketch. The serpent was the master of the burnt embers.","コブラの熱感知器官は木炭のくすぶる温度を敏感に察知し、その熱を逆に自らの攻撃を隠すための盾として利用した。魔物は煙るような霧を突き抜けて突進し、一筆が完成する前に牙を標的に沈める。毒蛇は、焦げた残り火の支配者であった。","眼镜蛇的热感坑探测到了木炭阴燃的温度，利用这种热量掩盖了它自己的攻击。它冲过烟雾缭乱的迷雾，在艺术家完成速写前，它的毒牙找到了目标。蛇是焦炭残烬的主人。"
"MSG_C_CHARCOAL_H_LOSS","The harpy used the charcoal's smoky clouds as a screen to mask her approach, her wings clearing the soot with every beat. She screeched as she Dove from the shadows, shattering the artist's focus before they could draw a single line. The queen was never a permanent shadow.","ハーピーは木炭が放つ煙の雲を自らへの接近を隠す幕として利用し、羽ばたくたびに煤を薙ぎ払って進んだ。彼女は影の中から急降下し、一筋の描線が引かれる前に芸術家の集中力を粉砕して絶叫する。女王は、決して影の中に留まる存在ではなかった。","哈皮利用木炭产生的烟雾作为掩护以此隐藏她的接近，随着每一次扇动，她的翅膀都清理掉了煤烟。当她从阴影中俯冲而下，在艺术家画出哪怕一条线之前就粉碎了对方的专注时，她大声尖叫。女王从来都不是永恒的阴影。"
"MSG_C_CHARCOAL_K_WIN","The charcoal sketched a binding circle around the kobold warrior, its smoky lines hardening into a Cage of ash and soot. He barked in frustration as his legendary fighting spirit was snuffed out by the dark medium. The tribal hero was finally silenced by art.","木炭がコボルドの戦士の周囲に束縛の円を描き出し、その煙るような線は瞬時に灰と煤の檻へと変貌した。魔物は伝説的な闘志を暗い画材によって封じ込められ、苛立ちの声を上げる。部族の英雄は、ついに芸術の前に沈黙したのである。","木炭在狗头人战士周围画了一个束缚圈，烟雾缭绕的线条硬化成了灰烬和煤烟的笼子。随着他传奇般的斗志被黑暗媒介扑灭，他沮丧地大叫。部族英雄最终被艺术沈默了。"
"MSG_C_CHARCOAL_Q_WIN","The charcoal sketched a dark path ahead of the coeurl, anticipating its every high-speed move with smoky precision. It hissed in surprise as it was trapped in a cage of its own legendary shadows. The predator was finally caught by the master of lines.","木炭がクアールの進路に暗い軌跡を描き出し、その自慢の高速移動を煙るような描写で正確に先読みした。魔物は自らの影が作り出した「檻」に捕らえられ、驚愕の声を上げる。伝説の狩人は、ついに描線の支配者の前に屈したのである。","木炭在夸尔面前画出了一条黑暗的路径，以烟雾般的精确预判了它的每一个高速动作。由于被困在自己传奇阴影构成的笼子中，它惊讶地发出嘶嘶声。掠食者最终被线条大师抓住了。"
"MSG_C_CHARCOAL_T_WIN","The thick charcoal strokes outlined the troll's massive body, turning its prehistoric strength into a fragile sketch of ash. It roared in confusion as its regenerative cells became static lines on a dark canvas. Life's messy persistence was finally organized by the charcoal.","太い木炭の筆致がトロールの巨躯を縁取り、その先史時代の怪力を脆弱な灰のスケッチへと変質させた。再生細胞が暗いキャンバス上の静止した線へと書き換えられ、魔物は混乱の咆哮を上げる。生命の泥臭い執念は、ついに芸術によって秩序を与えられたのである。","厚重的木炭笔触勾勒出了巨魔魁梧的身躯，将其史前的力量变成了脆弱的灰烬速写。随着它的再生细胞变成黑暗画布上的静态线条，它困惑地咆哮着。生命的顽强执着最终被艺术整理了。"
