"keys","en","ja","zh","ru","es","pt","de","ko"
"MSG_C_ASMR_A_WIN","The ASMR whispers were blasted out using the finest stereophonic sound, completely destroying the nerves of the ants.","極上の立体音響によるASMRの囁き声を爆音で流し、アリの群れの神経を完全に破壊した。","ASMR的低语声用最精细的立体声轰出，彻底摧毁了蚂蚁的神经。","Шепот ASMR был взорван с использованием тончайшего стереофонического звука, полностью разрушив нервы муравьев.","Los susurros ASMR se emitieron con el mejor sonido estereofónico, destruyendo por completo los nervios de las hormigas.","Os sussurros de ASMR foram emitidos usando o melhor som estereofônico, destruindo completamente os nervos das formigas.","Das ASMR-Flüstern wurde mit feinstem Stereoklang ausgestrahlt und zerstörte die Nerven der Ameisen vollständig.","최고의 입체 음향을 이용한 ASMR 속삭임을 폭음으로 들려주어 개미 떼의 신경을 완전히 파괴했습니다."
"MSG_C_ASMR_B_WIN","By injecting sticky ASMR audio directly into the bat's auditory nerves, they disrupted the ultrasound waves and caused them to crash.","コウモリの聴覚神経に直接粘着的なASMR音声を流し込み、超音波を狂わせて墜落させた。","通过将粘稠的 ASMR 音频直接注入蝙蝠的听觉神经，他们扰乱了超声波并导致它们崩溃。","Вводя липкое аудио ASMR непосредственно в слуховые нервы летучей мыши, они нарушили ультразвуковые волны и заставили их разбиться.","Al inyectar audio ASMR pegajoso directamente en los nervios auditivos del murciélago, interrumpieron las ondas de ultrasonido y provocaron que se estrellaran.","Ao injetar áudio ASMR pegajoso diretamente nos nervos auditivos do morcego, eles interromperam as ondas de ultrassom e causaram a queda deles.","Indem sie klebriges ASMR-Audio direkt in die Hörnerven der Fledermaus injizierten, störten sie die Ultraschallwellen und brachten sie zum Absturz.","박쥐의 청각 신경에 끈적한 ASMR 오디오를 직접 주입하여 초음파를 교란하고 추락하게 만들었습니다."
"MSG_C_ASMR_C_WIN","The moment the cobra raised its sickle neck, you made it listen to the best relaxing ASMR music and put it into hibernation.","コブラが鎌首をもたげた瞬間、最高のリラクゼーションASMRを聞かせて冬眠状態にさせた。","当眼镜蛇抬起镰刀脖子的那一刻，你就让它听最放松的ASMR音乐，让它进入冬眠状态。","В тот момент, когда кобра подняла свою серповидную шею, вы заставили ее слушать лучшую расслабляющую музыку ASMR и ввели ее в спячку.","En el momento en que la cobra levantó su cuello de hoz, le hiciste escuchar la mejor música ASMR relajante y la pusiste en hibernación.","No momento em que a naja ergueu seu pescoço em foice, você a fez ouvir a melhor música relaxante de ASMR e a colocou em hibernação.","In dem Moment, als die Kobra ihren Sichelhals hob, ließen Sie sie die beste entspannende ASMR-Musik hören und versetzten sie in den Winterschlaf.","코브라가 머리를 치켜든 순간, 최고의 휴식용 ASMR 음악을 들려주어 동면 상태에 빠지게 했습니다."
"MSG_C_ASMR_D_LOSS","The dragon's ancient bellows completely drowned out the delicate ASMR whispers. The intense sound pressure shattered your equipment and your eardrums simultaneously.","ドラゴンの太古の咆哮は、ASMRの繊細な囁き声を完全に消し去った。凄まじい音圧で配信機材は粉砕され、あなたの鼓膜も無残に引き裂かれた。","巨龙古老的咆哮声彻底淹没了ASMR纤细的低语。在恐怖的音压面前，直播设备被震碎，你的鼓膜也随之彻底破裂。","Древний рев дракона полностью заглушил нежный шепот ASMR. Интенсивное звуковое давление одновременно разрушило ваше оборудование и барабанные перепонки.","Los antiguos rugidos del dragón ahogaron por completo los delicados susurros de ASMR. La intensa presión sonora destrozó tu equipo y tus tímpanos simultáneamente.","Os rugidos antigos do dragão abafaram completamente os sussurros delicados de ASMR. A intensa pressão sonora estilhaçou seu equipamento e seus tímpanos simultaneamente.","Das uralte Gebrüll des Drachen übertönte das zarte ASMR-Flüstern vollständig. Der intensive Schalldruck zertrümmerte gleichzeitig Ihre Ausrüstung und Ihr Trommelfell.","드래곤의 고대 포효가 섬세한 ASMR 속삭임을 완전히 삼켜버렸습니다. 강렬한 음압으로 방송 장비가 박살 났고 당신의 고막도 처참하게 찢어졌습니다."
"MSG_C_ASMR_E_WIN","The sap was completely dried by making a pleasant carbonated ASMR sound against the huge wooden body of the Ent.","エントの巨大な木材ボディに対し、心地よい炭酸音ASMRを響かせて樹液を完全に乾燥させた。","通过在 Ent 巨大的木制机身上发出令人愉悦的碳酸 ASMR 声音，使树液完全干燥。","Сок был полностью высушен за счет создания приятного газированного звука ASMR на огромном деревянном теле Энта.","La savia se secó por completo al producir un agradable sonido de ASMR carbonatado contra el enorme cuerpo de madera del Ent.","A seiva secou completamente ao produzir um som agradável de ASMR carbonatado contra o enorme corpo de madeira do Ent.","Der Saft wurde vollständig getrocknet, indem ein angenehmes kohlensäurehaltiges ASMR-Geräusch gegen den riesigen Holzkörper des Ents erzeugt wurde.","엔트의 거대한 나무 몸체에 기분 좋은 탄산 ASMR 소리를 울려 수액을 완전히 말려버렸습니다."
"MSG_C_ASMR_F_WIN","Based on the predicted trajectory of a flying fly, it emitted a vicious tinnitus ASMR sound that caused a concussion while remaining in the air.","飛び回るハエの予測軌道に対し、極悪な耳鳴りASMRを放射して空中にいるまま脳震盪を起こさせた。","根据飞行苍蝇的预测轨迹，它发出恶毒的耳鸣 ASMR 声音，在空中时引起脑震荡。","На основе предсказанной траектории полета мухи он издал злобный звук тиннитуса ASMR, который вызвал сотрясение мозга, пока она находилась в воздухе.","Basándose en la trayectoria prevista de una mosca voladora, emitió un vicioso sonido de ASMR de tinnitus que provocó una conmoción cerebral mientras permanecía en el aire.","Com base na trajetória prevista de uma mosca, ele emitiu um som vicioso de ASMR de zumbido que causou uma concussão enquanto ela permanecia no ar.","Basierend auf der vorhergesagten Flugbahn einer Fliege stieß sie ein bösartiges ASMR-Tinnitus-Geräusch aus, das eine Gehirnerschütterung verursachte, während sie noch in der Luft war.","날아다니는 파리의 예측 궤적에 맞춰 악랄한 이명 ASMR을 방출하여 공중에 있는 상태로 뇌진탕을 일으켰습니다."
"MSG_C_ASMR_G_WIN","He used ASMR to play the sound of a goblin counting the gold it had stolen on a loop in his head, driving him insane and defeating him.","ゴブリンが盗んだ金塊を数える音をASMRで脳内にループ再生させ、狂気へと追い込んで倒した。","他使用 ASMR 播放妖精数着偷来的黄金的声音，在他的脑海中循环播放，让他发疯并击败了他。","Он использовал ASMR, чтобы проигрывать звук гоблина, считающего украденное золото, по кругу в его голове, сводя его с ума и побеждая его.","Usó ASMR para reproducir el sonido de un duende contando el oro que había robado en un bucle en su cabeza, volviéndolo loco y derrotándolo.","Ele usou ASMR para reproduzir o som de um goblin contando o ouro que havia roubado em um loop na cabeça dele, deixando-o louco e derrotando-o.","Er benutzte ASMR, um das Geräusch eines Goblins, der das gestohlene Gold zählt, in einer Schleife in seinem Kopf abzuspielen, was ihn in den Wahnsinn trieb und ihn besiegte.","고블린이 훔친 금괴를 세는 소리를 ASMR로 뇌 속에 루프 재생시켜 광기로 몰아넣어 처치했습니다."
"MSG_C_ASMR_H_WIN","Just before the harpy attacks from the sky, an anti-phase voice is applied to it using an ASMR microphone, causing the harpy to lose its sense of balance and fall.","ハーピーが空から襲い来る直前にASMRマイクで逆位相の声を当て、平衡感覚を狂わせて落とした。","就在鹰身女妖从空中攻击之前，使用 ASMR 麦크风向其施加反相声音，导致鹰身女妖失去平衡感并跌倒。","Как раз перед тем, как гарпия нападет с неба, к ней применяется противофазный голос с помощью микрофона ASMR, в результате чего гарпия теряет чувство равновесия и падает.","Justo antes de que la arpía ataque desde el cielo, se le aplica una voz de antifase usando un micrófono ASMR, lo que hace que la arpía pierda el sentido del equilibrio y caiga.","Pouco antes da harpia atacar do céu, uma voz antifase é aplicada a ela usando um microfone de ASMR, fazendo com que a harpia perca o equilíbrio e caia.","Kurz bevor die Harpyie aus der Luft angreift, wird ihr mithilfe eines ASMR-Mikrofons eine gegenphasige Stimme entgegengesetzt, wodurch die Harpyie ihr Gleichgewicht verliert und abstürzt.","하피가 하늘에서 습격하기 직전에 ASMR 마이크로 역위상의 소리를 들려주어 평형감각을 교란해 떨어뜨렸습니다."
"MSG_C_ASMR_I_WIN","Predicting the Imp's teleport destination, it fired a super low-pitched ASMR sound at the distortion in space, erasing it as soon as it appeared.","インプのテレポート先を予測し、空間の歪みに向けて超低音ASMRを放って出現と同時に消し飛ばした。","预测到了小鬼的传送目的地，它对着空间的扭曲发出超低音的ASMR声音，一出现就将其抹去。","Предсказав место телепортации Импа, он выстрелил сверхнизким звуком ASMR в искажение в пространстве, стерев его, как только он появился.","Prediciendo el destino del teletransporte del Imp, disparó un sonido ASMR de tono súper bajo a la distorsión en el espacio, borrándolo tan pronto como apareció.","Prevendo o destino do teletransporte do Imp, disparou um som de ASMR de tom superbaixo na distorção no espaço, apagando-o assim que apareceu.","Indem sie das Teleportationsziel des Imps vorhersagte, feuerte sie einen extrem tiefen ASMR-Ton auf die Raumverzerrung ab und löschte ihn aus, sobald er auftauchte.","임프의 텔레포트 지점을 예측하여 공간의 뒤틀림을 향해 초저음 ASMR을 발사해 나타나자마자 소멸시켰습니다."
"MSG_C_ASMR_J_LOSS","The liquid body of the jelly absorbed the sound waves and vibrated with a pleasant frequency that only made it more active. It surged forward with renewed energy and engulfed you.","ジェリーの流動的な肉体は音波を吸収し、心地よい振動として利用してしまった。活性化した怪物は以前よりも力強い勢いであなたを飲み込み、そのまま同化させた。","史莱姆流动的躯体吸收了声波，并将其转化为舒适的振动来利用。活性化后的怪物以比之前更加强劲的势头将你吞没，并直接同化。","Жидкое тело желе поглотило звуковые волны и завибрировало с приятной частотой, что сделало его только более активным. Оно рванулось вперед с новой энергией и поглотило вас.","El cuerpo líquido de la gelatina absorbió las ondas sonoras y vibró con una frecuencia agradable que solo la hizo más activa. Surgió hacia adelante con energía renovada y te envolvió.","O corpo líquido da geleia absorveu as ondas sonoras e vibrou com uma frequência agradável que apenas a tornou mais ativa. Ele avançou com energia renovada e engoliu você.","Der flüssige Körper des Gelees absorbierte die Schallwellen und vibrierte mit einer angenehmen Frequenz, die ihn nur noch aktiver machte. Er schoss mit neuer Energie nach vorne und verschlang dich.","젤리의 유동적인 육체는 음파를 흡수하여 기분 좋은 진동으로 이용해 버렸습니다. 활성화된 괴물은 이전보다 더 강력한 기세로 당신을 삼켜 그대로 동화시켰습니다."
"MSG_C_ASMR_K_LOSS","The kobolds covered their ears and laughed at the strange sounds, before surrounding you and beating you up.","コボルド達は耳を塞いで不気味な音を嘲笑い、そのままあなたを囲んで袋叩きにした。","狗头人们捂住耳朵嘲笑这奇怪的声音，然后将你包围并痛打了一顿。","Кобольды закрыли уши и посмеялись над странными звуками, прежде чем окружить вас и избить.","Los kobolds se taparon los oídos y se rieron de los sonidos extraños, antes de rodearte y golpearte.","Os kobolds taparam os ouvidos e riram dos sons estranhos, antes de cercar você e espancá-lo.","Die Kobolde hielten sich die Ohren zu und lachten über die seltsamen Geräusche, bevor sie dich umzingelten und verprügelten.","코볼트들은 귀를 막고 기분 나쁜 소리를 비웃으며 당신을 에워싸고 집단으로 구타했습니다."
"MSG_C_ASMR_L_LOSS","The lizard's scales were too thick to feel the vibrations, and it flicked its tongue before swallowing you whole.","リザードの鱗は分厚すぎて振動を全く通さず、奴は舌をチロつかせた後にあなたを丸呑みにした。","蜥蜴的鳞片太厚，感觉不到震动，它吐了吐舌头，然后把你横扫并吞了下去。","Чешуя ящерицы была слишком толстой, чтобы чувствовать вибрации, и она лизнула языком, прежде чем проглотить вас целиком.","Las escamas del lagarto eran demasiado gruesas para sentir las vibraciones, y movió la lengua antes de tragarte entero.","As escamas do lagarto eram grossas demais para sentir as vibrações, e ele estalou a língua antes de engolir você inteiro.","Die Schuppen der Echse waren zu dick, um die Vibrationen zu spüren, und sie schnalzte mit der Zunge, bevor sie dich im Ganzen verschlang.","리자드의 비늘은 너무 두꺼워 진동이 전혀 전달되지 않았고, 녀석은 퍅하고 혀를 날름거리더니 당신을 통째로 삼켜버렸습니다."
"MSG_C_ASMR_M_LOSS","You tried to charm the Mummy with ASMR, but it couldn't hear anything through its thick bandages and simply crushed you into dust.","マミーに対してASMRで魅了しようとしたが、分厚い包帯のせいで何も聞こえず、そのまま無慈悲に押し潰されて塵となった。","你试图用 ASMR 勾引木乃伊，但它透过厚厚的绷带什么也听不见，只是简单地把你压碎了。","Вы пытались очаровать Мумию с помощью ASMR, но она ничего не слышала сквозь свои толстые бинты и просто раздавила вас в пыль.","Intentaste encantar a la Momia con ASMR, pero no podía oír nada a través de sus gruesos vendajes y simplemente te aplastó hasta convertirte en polvo.","Você tentou encantar a Múmia com ASMR, mas ela não conseguia ouvir nada através de suas bandagens grossas e simplesmente esmagou você em pó.","Du hast versucht, die Mumie mit ASMR zu betören, aber sie konnte durch ihre dicken Bandagen nichts hören und zerquetschte dich einfach zu Staub.","미라를 ASMR로 매혹하려 했지만 두꺼운 붕대 때문에 아무것도 들리지 않았고 그대로 무자비하게 짓눌려 먼지가 되어버렸습니다."
"MSG_C_ASMR_N_LOSS","You tried to point the ASMR microphone at Naga's huge body and give it bliss, but it was too big and had no effect and you got wrapped around it.","ナーガの巨体にASMRマイクを向けて至福を与えようとしたが、大きすぎて効果がなく巻き付かれた。","你试图将 ASMR 麦克风指向 Naga 巨大的身体并给予它极乐，但它太大了并且没有效果，你被它缠住了。","Вы пытались направить микрофон ASMR на огромное тело Наги и подарить ей блаженство, но оно было слишком большим и не имело никакого эффекта, и вас обвили вокруг нее.","Intentaste apuntar con el micrófono ASMR al enorme cuerpo de Naga y darle felicidad, pero era demasiado grande y no tuvo ningún efecto y terminaste envuelto por ella.","Você tentou apontar o microfone de ASMR para o corpo enorme da Naga e dar-lhe êxtase, mas era grande demais e não teve efeito, e você acabou sendo envolvido por ela.","Du hast versucht, das ASMR-Mikrofon auf Nagas riesigen Körper zu richten und sie zu beglücken, aber sie war zu groß und es hatte keine Wirkung, und du wurdest von ihr umschlungen.","나가의 거대한 몸에 ASMR 마이크를 대고 지복을 안겨주려 했지만 몸집이 너무 커서 효과가 없었고 그대로 칭칭 감겨버렸습니다."
"MSG_C_ASMR_O_WIN","You used a specialized ultrasonic ASMR frequency that resonated with the calcium in the orc's heavy armor. The metal shattered into a thousand pieces and the warrior fled in terror at the invisible attack.","オークの重厚な防具の成分に共鳴する特殊な超音波ASMRを照射した。金属鎧が粉々に砕け散り、目に見えない攻撃に恐れをなした戦士は武器を捨てて逃げ出した。","你使用了与兽人厚重盔甲中的成分产生共振的特殊超声波ASMR。金属铠甲碎成了千万片，面对这看不见的攻击，兽人战士在极度恐惧中丢下武器逃走了。","Вы использовали специальную ультразвуковую частоту ASMR, которая резонировала с кальцием в тяжелых доспехах орка. Металл разлетелся на тысячи осколков, и воин в ужасе бежал от невидимой атаки.","Utilizaste una frecuencia ASMR ultrasónica especializada que resonó con el calcio de la armadura pesada del orco. El metal se hizo añicos en mil pedazos y el guerrero huyó aterrorizado ante el ataque invisible.","Você usou uma frequência de ASMR ultrassônica especializada que ressoou com o cálcio na armadura pesada do orc. O metal se estilhaçou em mil pedaços e o guerreiro fugiu aterrorizado com o ataque invisível.","Du hast eine spezielle Ultraschall-ASMR-Frequenz verwendet, die mit dem Kalzium in der schweren Rüstung des Orks resonierte. Das Metall zersprang in tausend Stücke und der Krieger floh aus Angst vor dem unsichtbaren Angriff.","오크의 중후한 방어구 성분에 공명하는 특수 초음파 ASMR을 조사했습니다. 금속 갑옷이 산산조각 났고, 보이지 않는 공격에 겁을 먹은 전사는 무기를 버리고 도망쳤습니다."
"MSG_C_ASMR_P_WIN","The ultra-realistic ASMR whispers convinced the Pixie she was being surrounded by thousands of humans, and she fled back to the forest in terror.","超高音質のASMRの囁きにより、ピクシーは周囲を無数の人間に囲まれていると錯覚し、恐怖のあまり森の奥へと逃げ去っていった。","超现实的 ASMR 耳语让小精灵相信她正被成千上万的人包围，她惊恐地逃出了森林。","Ультрареалистичный шепот ASMR убедил Пикси, что ее окружают тысячи людей, и она в ужасе бежала обратно в лес.","Los susurros de ASMR ultrarrealistas convencieron a la Pixie de que estaba rodeada por miles de humanos, y huyó de regreso al bosque aterrorizada.","Os sussurros de ASMR ultrarrealistas convenceram a Pixie de que ela estava sendo cercada por milhares de humanos, e ela fugiu de volta para a floresta aterrorizada.","Das ultrarealistische ASMR-Flüstern überzeugte die Pixie davon, dass sie von Tausenden von Menschen umzingelt war, und sie floh vor Angst zurück in den Wald.","초고음질의 ASMR 속삭임에 픽시는 주변이 수많은 인간에게 둘러싸여 있다고 착각했고, 공포에 질려 숲속 깊은 곳으로 도망쳤습니다."
"MSG_C_ASMR_Q_LOSS","The ASMR microphone short-circuited before Coeurl's tremendous electric shock, and was struck by intense lightning and sank.","クアールの凄まじい電撃の前にASMRマイクはショートしてしまい、そのまま強烈な雷を落とされて消沈した。","ASMR麦克风在Coeurl遭受巨大电击之前短路，并被强烈的闪电击中沉没。","Микрофон ASMR замкнул перед мощным ударом тока Керла, и он был поражен сильной молнией и вышел из строя.","El micrófono ASMR se cortocircuitó ante la tremenda descarga eléctrica del Coeurl, y fue golpeado por un rayo intenso y se hundió.","O microfone de ASMR entrou em curto-circuito antes do tremendo choque elétrico de Coeurl, e foi atingido por um raio intenso e parou de funcionar.","Das ASMR-Mikrofon schloss vor dem gewaltigen elektrischen Schlag des Coeurls kurz, wurde von einem heftigen Blitz getroffen und versank.","쿠알의 엄청난 전격 앞에 ASMR 마이크가 쇼트되어 버렸고 그대로 강력한 벼락을 맞아 침묵했습니다."
"MSG_C_ASMR_R_LOSS","ASMR was so ineffective against a large group of rats that the microphone was chewed off after a few were put to sleep.","ラットの大量の群れに対してASMRはあまりにも非効率で、数匹眠らせたところでマイクを噛み壊された。","ASMR 对一大群老鼠无效，以至于在几只老鼠入睡后麦克风就被咬掉了。","ASMR был настолько неэффективен против большой группы крыс, что микрофон был откушен после того, как несколько штук заснули.","El ASMR fue tan ineficaz contra un grupo grande de ratas que mordieron el micrófono después de que unas pocas se durmieron.","O ASMR foi tão ineficaz contra um grande grupo de ratos que o microfone foi roído depois que alguns dormiram.","ASMR war gegen eine große Gruppe von Ratten so wirkungslos, dass das Mikrofon abgebissen wurde, nachdem einige von ihnen eingeschlafen waren.","쥐 떼에게 ASMR은 너무나 비효율적이었고, 몇 마리 잠재웠을 때쯤 마이크를 씹어 망가뜨렸습니다."
"MSG_C_ASMR_S_WIN","The ASMR vibrations resonated perfectly with the slime's gelatinous body, causing it to vibrate until it lost its shape and dissipated.","ASMRの振動がスライムのゼラチン状の肉体と完璧に共振し、激しい震えの末に形を保てなくなり、そのまま霧散させた。","ASMR 振动与史莱姆的凝胶状身体完美共鸣，导致它剧烈震动直至失去形状并最终消散。","Вибрации ASMR идеально резонировали с желатиновым телом слизи, заставляя его вибрировать до тех пор, пока оно не потеряло форму и не рассеялось.","Las vibraciones de ASMR resonaron perfectamente con el cuerpo gelatinoso del slime, haciendo que vibrara hasta que perdió su forma y se disipó.","As vibrações de ASMR ressoaram perfeitamente com o corpo gelatinoso do slime, fazendo-o vibrar até perder a forma e se dissipar.","Die ASMR-Vibrationen resonierten perfekt mit dem gallertartigen Körper des Schleims und brachten ihn zum Vibrieren, bis er seine Form verlor und sich auflöste.","ASMR 진동이 슬라임의 젤라틴질 육체와 완벽하게 공명하여 격렬한 떨림 끝에 형태를 유지하지 못하고 그대로 흩어지게 만들었습니다."
"MSG_C_ASMR_T_WIN","The high-frequency ASMR recording resonated with the Troll's eardrums, causing intense pain that forced it to flee and hide deep in a cave.","高周波のASMR録音がトロールの鼓膜に共鳴し、凄まじい激痛によって戦意を失わせ、そのまま洞窟の奥へと敗走させた。","高频 ASMR 录音与巨魔的耳膜产生共鸣，引起剧烈疼痛，迫使它逃跑并躲进洞穴。","Высокочастотная запись ASMR резонировала с барабанными перепонками Тролля, вызывая сильную боль, которая заставила его бежать и прятаться глубоко в пещере.","La grabación de ASMR de alta frecuencia resonó con los tímpanos del trol, causando un dolor intenso que lo obligó a huir y esconderse en lo profundo de una cueva.","A gravação de ASMR de alta frequência ressoou com os tímpanos do Troll, causando dor intensa que o forçou a fugir e se esconder no fundo de uma caverna.","Die hochfrequente ASMR-Aufnahme resonierte mit dem Trommelfell des Trolls und verursachte heftige Schmerzen, die ihn zur Flucht und zum Verstecken tief in einer Höhle zwangen.","고주파 ASMR 녹음이 트롤의 고막에 공명하여 엄청난 격통을 유발했고 전의를 상실해 그대로 동굴 깊숙한 곳으로 패주하게 만들었습니다."
"MSG_C_ASMR_U_LOSS","Since ghosts don't have a physical body, ASMR sound waves simply pass through the void, freezing your soul with their cold hands.","亡霊は実体を持たないためASMRの音波はただ虚空を通り抜けるのみで、冷たい手であなたの魂を凍らせた。","由于鬼魂没有肉身，ASMR 声波只是穿过虚空，用冰冷的手冻结你的灵魂。","Поскольку у призраков нет физического тела, звуковые волны ASMR просто проходят сквозь пустоту, замораживая вашу душу своими холодными руками.","Dado que los fantasmas no tienen un cuerpo físico, las ondas sonoras de ASMR simplemente pasan a través del vacío, congelando tu alma con sus manos frías.","Como os fantasmas não têm corpo físico, as ondas sonoras de ASMR simplesmente passam pelo vazio, congelando sua alma com suas mãos frias.","Da Geister keinen physischen Körper haben, ziehen ASMR-Schallwellen einfach durch die Leere und lassen deine Seele mit ihren kalten Händen gefrieren.","망령은 실체가 없기 때문에 ASMR 음파는 그저 허공을 지나갈 뿐이었고, 차가운 손으로 당신의 영혼을 얼려버렸습니다."
"MSG_C_ASMR_V_LOSS","Before the vampire's highly honed hearing, ASMR whispers were recognized as mere noise, and the nape of the vampire's neck was mercilessly chopped off.","吸血鬼の研ぎ澄まされた聴覚の前にASMRの囁きはただの雑音と認識され、容赦なく首筋を刈り取られた。","在吸血鬼高度磨练的听觉面前，ASMR低语被认为只是噪音，吸血鬼的颈背被无情地砍掉了。","Перед высокоразвитым слухом вампира шепот ASMR был воспринят как простой шум, и затылок вампира был безжалостно отрублен.","Ante el oído altamente agudizado del vampiro, los susurros de ASMR fueron reconocidos como mero ruido, y la nuca del vampiro fue cortada sin piedad.","Diante da audição altamente aguçada do vampiro, os sussurros de ASMR foram reconhecidos como mero ruído, e a nuca do vampiro foi impiedosamente cortada.","Vor dem hochgeschärften Gehör des Vampirs wurde das ASMR-Flüstern nur als Lärm erkannt, und der Nacken des Vampirs wurde gnadenlos abgehauen.","흡혈귀의 날카로운 청각 앞에 ASMR 속삭임은 그저 소음으로 인식되었고, 가차 없이 목덜미를 베였습니다."
"MSG_C_ASMR_W_LOSS","The wolf in the wilderness didn't feel threatened by the human's eerie ASMR whispers, and just jumped straight towards it.","荒野の狼は人間の不気味な囁き声のASMRなど全く威嚇だと感じず、ただ真っ直ぐに向かって跳躍した。","荒野中的狼并没有感受到人类诡异的ASMR低语的威胁，径直向它扑了过去。","Волк в дикой местности не чувствовал угрозы от жуткого шепота ASMR человека и просто прыгнул прямо на него.","El lobo en el desierto no se sintió amenazado por los espeluznantes susurros de ASMR del humano, y simplemente saltó directamente hacia él.","O lobo no deserto não se sentiu ameaçado pelos sussurros estranhos de ASMR do humano e apenas saltou direto para ele.","Der Wolf in der Wildnis fühlte sich von dem unheimlichen ASMR-Flüstern des Menschen nicht bedroht und sprang einfach direkt darauf zu.","황야의 늑대는 인간의 기분 나쁜 ASMR 속삭임 따위는 전혀 위협이라 느끼지 않았고 그저 정면을 향해 도약했습니다."
"MSG_C_ASMR_X_LOSS","As a result of Zarsis's outrageous act of picking up the ASMR sound waves with a single fingertip and converting them into empty ears, you were left in a state of incomprehension.","ザルシスがASMRの音波を指先一つで摘み取り空耳へと変換するという暴挙の果て、あなたは理解不能に陥った。","由于扎尔西斯用一个指尖拾取 ASMR 声波并将其转化为空耳的令人发指的行为，导致你处于一种无法理解的状态。","В результате вопиющего акта Зарсиса, который подхватил звуковые волны ASMR одним кончиком пальца и превратил их в пустые уши, вы остались в состоянии непонимания.","Como resultado del indignante acto de Zarsis de recoger las ondas sonoras de ASMR con la punta de un dedo y convertirlas en oídos vacíos, quedaste en un estado de incomprensión.","Como resultado do ato ultrajante de Zarsis de pegar as ondas sonoras de ASMR com a ponta de um dedo e convertê-las em ouvidos vazios, você ficou em um estado de incompreensão.","Infolge von Zarsis' ungeheuerlicher Tat, die ASMR-Schallwellen mit einer einzigen Fingerspitze aufzufangen und sie in leere Ohren zu verwandeln, bliebst du in einem Zustand des Unverständnisses zurück.","자르시스가 ASMR 음파를 손가락 하나로 집어 들어 헛소리로 변환하는 만행을 저지른 결과, 당신은 이해 불능 상태에 빠졌습니다."
"MSG_C_ASMR_Y_LOSS","The yeti's frigid cold air instantly killed the ASMR microphone's power supply and shattered it into nothing more than a cold rod.","イエティの極寒の冷気によってASMRマイクの電源が瞬時に死亡し、ただの冷たい棒になったところを粉砕された。","雪人的冰冷空气瞬间切断了 ASMR 麦克风의 电源，将其粉碎成一根冰冷的棒子。","Морозный холодный воздух йети мгновенно вывел из строя блок питания микрофона ASMR и разбил его, превратив в обычный холодный стержень.","El aire gélido del yeti mató instantáneamente la fuente de alimentación del micrófono ASMR y lo destrozó en nada más que una varilla fría.","O ar gelado do yeti destruiu instantaneamente a fonte de alimentação do microfone de ASMR e o estilhaçou em nada mais do que uma vara fria.","Die eiskalte Luft des Yeti unterbrach sofort die Stromversorgung des ASMR-Mikrofons und zertrümmerte es in nichts weiter als einen kalten Stab.","예티의 극한 냉기로 인해 ASMR 마이크의 전원이 순식간에 나갔고, 그저 차가운 막대기가 된 마이크는 산산조각 났습니다."
"MSG_C_ASMR_Z_WIN","You played a recording of a massive ceiling collapsing at extreme volume through the ASMR microphone. The sudden sonic impact caused the zombies' brittle heads to shatter instantly.","ASMRマイクを通して、巨大な天井が崩落する音を最大音量で再生した。突発的な音響衝撃波により、ゾンビたちの脆い頭部は一斉に弾け飛んだ。","你通过 ASMR 麦克风以极大音量播放了巨大的天花板坍塌的录音。突然的声波冲击导致僵尸脆弱的头部瞬间粉碎。","Вы проиграли запись обрушения массивного потолка на экстремальной громкости через микрофон ASMR. Внезапный звуковой удар заставил хрупкие головы зомби мгновенно разлететься вдребезги.","Reprodujiste una grabación del colapso de un enorme techo a un volumen extremo a través del micrófono ASMR. El repentino impacto sónico hizo que las cabezas quebradizas de los zombis se destrozaran instantáneamente.","Você reproduziu uma gravação de um teto enorme desabando em volume extremo através do microfone de ASMR. O súbito impacto sônico fez com que as cabeças frágeis dos zumbis se estilhaçassem instantaneamente.","Du hast eine Aufnahme eines massiven Deckeneinsturzes bei extremer Lautstärke über das ASMR-Mikrofon abgespielt. Der plötzliche Schallstoß führte dazu, dass die spröden Köpfe der Zombies sofort zersprangen.","ASMR 마이크를 통해 거대한 천장이 붕괴하는 소리를 최대 음량으로 재생했습니다. 갑작스러운 음향 충격파로 인해 좀비들의 약한 머리가 일제히 터져 나갔습니다."
"MSG_C_AIRCONDITIONER_A_WIN","A heavy outdoor air conditioner unit was dropped straight into an ant nest, completely crushing everything.","重たいエアコンの室外機をアリの巣穴へ向けて真っ直ぐ落下させ、すべてを完全に押し潰した。","一台沉重的室外空调机直接掉进了蚁穴，彻底压碎了一切。","Тяжелый наружный блок кондиционера был сброшен прямо в муравьиное гнездо, полностью раздавив все.","Una pesada unidad de aire acondicionado exterior cayó directamente en un nido de hormigas, aplastándolo todo por completo.","Uma pesada unidade externa de ar-condicionado foi jogada diretamente em um ninho de formigas, esmagando tudo completamente.","Ein schweres Klimaanlagen-Außengerät wurde direkt in ein Ameisennest fallen gelassen und zerquetschte alles vollständig.","무거운 에어컨 실외기를 개미집으로 똑바로 떨어뜨려 모든 것을 완전히 짓눌러버렸습니다."
"MSG_C_AIRCONDITIONER_B_WIN","The entire cave where the bats live was filled with cold air from an air conditioner, causing them to freeze to death and fall to the ground.","コウモリの住処である洞窟全体をエアコンの冷風で満たし、凍死させて地面に落とした。","蝙蝠居住的整个洞穴都充满了空调的冷气，导致它们被冻死并倒在地上。","Вся пещера, где живут летучие мыши, была наполнена холодным воздухом из кондиционера, что привело к тому, что они замерзли до смерти и упали на землю.","Toda la cueva donde viven los murciélagos se llenó de aire frío de un aire acondicionado, lo que hizo que murieran congelados y cayeran al suelo.","Toda a caverna onde os morcegos vivem foi preenchida com ar frio de um ar-condicionado, fazendo com que morressem congelados e caíssem no chão.","Die gesamte Höhle, in der die Fledermäuse leben, wurde mit kalter Luft aus einer Klimaanlage gefüllt, was dazu führte, dass sie erfroren und zu Boden fielen.","박쥐의 서식지인 동굴 전체를 에어컨 냉기로 가득 채워 박쥐들을 동사시켜 바닥으로 떨어뜨렸습니다."
"MSG_C_AIRCONDITIONER_C_WIN","The moment the cobra reared its sickle neck, the outdoor unit of the air conditioner started buzzing, making a perfect home run with its poisonous head.","コブラが鎌首をもたげた瞬間、エアコンの室外機をブン回してその猛毒の頭部ごと完璧にホームランした。","眼镜蛇一抬起镰刀脖子，空调室外机就嗡嗡作响，毒头打出了完美的本垒打。","В тот момент, когда кобра подняла свою серповидную шею, наружный блок кондиционера начал жужжать, сделав идеальный хоум-ран ее ядовитой головой.","En el momento en que la cobra levantó su cuello de hoz, la unidad exterior del aire acondicionado comenzó a zumbar, logrando un jonrón perfecto con su cabeza venenosa.","No momento em que a naja ergueu seu pescoço em foice, a unidade externa do ar-condicionado começou a zumbir, fazendo um home run perfeito com sua cabeça venenosa.","In dem Moment, als die Kobra ihren Sichelhals hob, begann das Außengerät der Klimaanlage zu summen und schlug mit ihrem giftigen Kopf einen perfekten Homerun.","코브라가 머리를 치켜든 순간, 에어컨 실외기를 휘둘러 그 맹독의 머리째로 완벽한 홈런을 날렸습니다."
"MSG_C_AIRCONDITIONER_D_WIN","The dragon's flame breath was offset by a storm of cold air from the overwhelming outlet of the world's most powerful commercial air conditioner.","ドラゴンの火炎ブレスを、世界最強の業務用エアコンの圧倒的な吹き出し口からの暴風冷気で相殺した。","巨龙的火焰吐息被世界上最强大的商用空调压倒性的出风口吹来的一阵冷风所抵消。","Огненное дыхание дракона было компенсировано штормом холодного воздуха из подавляющего выпускного отверстия самого мощного в мире коммерческого кондиционера.","El aliento de llama del dragón fue compensado por una tormenta de aire frío de la abrumadora salida del aire acondicionado comercial más potente del mundo.","O sopro de chamas do dragão foi compensado por uma tempestade de ar frio da saída avassaladora do ar-condicionado comercial mais potente do mundo.","Der Flammenatem des Drachen wurde durch einen Sturm kalter Luft aus dem überwältigenden Auslass der leistungsstärksten gewerblichen Klimaanlage der Welt ausgeglichen.","드래곤의 화염 브레스를 세계 최강 업무용 에어컨의 압도적인 송풍구에서 뿜어져 나오는 폭풍 냉기로 상쇄했습니다."
"MSG_C_AIRCONDITIONER_E_WIN","The strong winds of a commercial air conditioner blow away every single dead leaf on the Ent, leaving it completely exposed and causing psychological damage.","エントの枯れ葉を業務用エアコンの強風で一枚残らず吹き飛ばし、丸裸にして精神的ダメージを与えた。","商用空调的强风吹走了耳鼻喉上的每一片枯叶，使其完全暴露在外，造成心理伤害。","Сильные ветры коммерческого кондиционера сдувают каждый сухой лист с Энта, оставляя его полностью обнаженным и нанося психологический ущерб.","Los fuertes vientos de un aire acondicionado comercial eliminan cada hoja muerta del Ent, dejándolo completamente expuesto y causando daño psicológico.","Os ventos fortes de um ar-condicionado comercial sopram cada folha morta do Ent, deixando-o completamente exposto e causando danos psicológicos.","Die starken Winde einer gewerblichen Klimaanlage blasen jedes einzelne tote Blatt am Ent weg, sodass er völlig entblößt ist und psychischen Schaden erleidet.","업무용 에어컨의 강풍으로 엔트의 마른 잎을 한 장도 남김없이 날려버려 벌거숭이로 만들어 정신적 타격을 주었습니다."
"MSG_C_AIRCONDITIONER_F_WIN","The flying flies were sucked into the air conditioner's internal filter using powerful wind, completely trapping them and eradicating them.","飛び回るハエを、エアコンの内部フィルターに強烈な風力で吸い込んで完全に閉じ込めて殲滅した。","飞来的苍蝇被强大的风力吸入空调内部的过滤网，将它们彻底困住并消灭掉。","Летающие мухи были засосаны во внутренний фильтр кондиционера с помощью мощного ветра, что полностью их заблокировало и уничтожило.","Las moscas voladoras fueron succionadas por el filtro interno del aire acondicionado usando un viento potente, atrapándolas por completo y erradicándolas.","As moscas foram sugadas para o filtro interno do ar-condicionado usando um vento potente, prendendo-as completamente e erradicando-as.","Die fliegenden Fliegen wurden mit starkem Wind in den internen Filter der Klimaanlage gesaugt, dort vollständig eingeschlossen und vernichtet.","날아다니는 파리들을 에어컨 내부 필터에 강력한 풍력으로 빨아들여 완전히 가두고 섬멸했습니다."
"MSG_C_AIRCONDITIONER_G_WIN","The bag full of jewelry that the goblin had stolen was mercilessly flattened by the dropped air conditioner.","ゴブリンが盗んだ宝石の詰まった袋ごと、落としたエアコンの本体で容赦なくペシャンコにした。","妖精偷来的装满珠宝的袋子被掉落的空调无情地压扁了。","Мешок с драгоценностями, который украл гоблин, был беспощадно расплющен упавшим кондиционером.","La bolsa llena de joyas que el duende había robado fue aplastada sin piedad por el aire acondicionado que cayó.","O saco cheio de joias que o goblin havia roubado foi impiedosamente esmagado pelo ar-condicionado que caiu.","Der Beutel voll mit Schmuck, den der Goblin gestohlen hatte, wurde von der herabgefallenen Klimaanlage gnadenlos plattgedrückt.","고블린이 훔친 보석이 든 주머니째로 떨어뜨린 에어컨 본체에 깔려 무자비하게 납작해졌습니다."
"MSG_C_AIRCONDITIONER_H_WIN","The frigid air from the air conditioner was showered right in front of the harpy, paralyzing its wing muscles and causing it to crash.","空から襲いかかるハーピーの眼前にエアコンの極寒の冷気を浴びせ、翼の筋肉を麻痺させて墜落させた。","空调吹来的冰冷空气直接喷在鹰身女妖面前，让它的翅膀肌肉麻痹，直接坠毁。","Холодный воздух из кондиционера обрушился прямо перед гарпией, парализовав мышцы ее крыльев и заставив ее разбиться.","El aire gélido del aire acondicionado se roció justo frente a la arpía, paralizando los músculos de sus alas y haciendo que se estrellara.","O ar gelado do ar-condicionado foi despejado bem na frente da harpia, paralisando os músculos das asas e fazendo-a cair.","Die eiskalte Luft der Klimaanlage prallte direkt vor der Harpyie auf sie, lähmte ihre Flügelmuskeln und brachte sie zum Absturz.","하늘에서 습격하는 하피의 눈앞에 에어컨의 극한 냉기를 퍼부어 날개 근육을 마비시켜 추락하게 만들었습니다."
"MSG_C_AIRCONDITIONER_I_LOSS","The imp teleported inside the air conditioner and messed with the wiring, causing it to explode and blow you away.","インプがエアコンの内部に瞬間移動して配線をめちゃくちゃにしたため、本体が大爆発してあなたが吹き飛ばされた。","小鬼传送到空调内部弄乱了线路，导致本体发生大爆炸，你被吹飞了。","Имп телепортировался внутрь кондиционера и испортил проводку, в результате чего он взорвался и отбросил вас прочь.","El imp se teletransportó dentro del aire acondicionado y estropeó el cableado, lo que provocó que explotara y te lanzara por los aires.","O Imp se teletransportou para dentro do ar-condicionado e mexeu na fiação, fazendo-o explodir e arremessar você longe.","Der Imp teleportierte sich in die Klimaanlage und veränderte die Verkabelung, was dazu führte, dass sie explodierte und dich wegblies.","임프가 에어컨 내부로 순간 이동하여 배선을 엉망으로 만드는 바람에 본체가 대폭발하여 당신이 날아가 버렸습니다."
"MSG_C_AIRCONDITIONER_J_WIN","Jerry's slime-like body was dried to the limit by the dehumidifying function of the air conditioner, turning it into a dry sponge.","ジェリーのスライム状の体をエアコンの除湿機能で極限まで乾燥させ、パサパサのスポンジに変えた。","杰瑞黏糊糊的身体被空调的除湿功能干燥到了极限，变成了干燥的海绵。","Слизеподобное тело Джерри было высушено до предела с помощью функции осушения кондиционера, превратив его в сухую губку.","El cuerpo tipo slime de Jerry fue secado al límite por la función deshumidificadora del aire acondicionado, convirtiéndolo en una esponja seca.","O corpo viscoso de Jerry foi seco ao limite pela função de desumidificação do ar-condicionado, transformando-o em uma esponja seca.","Jerrys schleimartiger Körper wurde durch die Entfeuchtungsfunktion der Klimaanlage bis zum Äußersten getrocknet und in einen trockenen Schwamm verwandelt.","젤리의 슬라임 같은 몸을 에어컨의 제습 기능으로 한계까지 건조해 푸석푸석한 스펀지로 만들었습니다."
"MSG_C_AIRCONDITIONER_K_WIN","The group of kobolds was blasted with hot air from an air conditioner, creating a sauna state and causing them to panic and wipe them out.","コボルドの群れに対してエアコンの熱風を照射し、サウナ状態にしてパニックに陥らせて一網打尽にした。","一群狗头人被空调的热风吹来，营造出桑拿状态，让他们惊慌失措，将他们消灭殆尽。","Группа кобольдов была обдана горячим воздухом из кондиционера, что создало эффект сауны и заставило их запаниковать и уничтожило их.","El grupo de kobolds fue atacado con aire caliente de un aire acondicionado, creando un estado de sauna y haciendo que entraran en pánico y acabaran con ellos.","O grupo de kobolds foi atingido por ar quente de um ar-condicionado, criando um estado de sauna e fazendo-os entrar em pânico e ser exterminados.","Die Gruppe von Kobolden wurde mit heißer Luft aus einer Klimaanlage angeblasen, was einen Saunazustand erzeugte, sie in Panik versetzte und sie auslöschte.","코볼트 무리에게 에어컨 열풍을 쏘아 사우나 상태로 만들어 패닉에 빠뜨리고 일망타진했습니다."
"MSG_C_AIRCONDITIONER_L_LOSS","The lizard's cold-blooded body was too much for the air conditioner's heating, and its scales eventually crushed the outdoor unit.","リザードの冷血な身体はエアコンの暖房でも温めきれず、逆にその巨体で室外機を押し潰されてしまった。","蜥蜴冷血的身体连空调的暖气都无法温暖，反而被它巨大的身躯压坏了室外机。","Хладнокровное тело ящерицы было слишком холодным для обогрева кондиционера, и ее чешуя в конечном итоге раздавила наружный блок.","El cuerpo de sangre fría del lagarto fue demasiado para la calefacción del aire acondicionado, y sus escamas finalmente aplastaron la unidad exterior.","O corpo de sangue frio do lagarto era demais para o aquecimento do ar-condicionado, e suas escamas acabaram esmagando a unidade externa.","Der wechselwarme Körper der Echse war zu viel für die Heizung der Klimaanlage, und ihre Schuppen zertrümmerten schließlich das Außengerät.","리자드의 냉혈한 신체는 에어컨의 난방으로도 다 데울 수 없었고, 오히려 그 거구에 실외기를 짓눌리고 말았습니다."
"MSG_C_AIRCONDITIONER_M_WIN","Mummy's ancient curse was purified with the air conditioner's powerful plasma cluster, reducing it to a mere mass of bandages.","マミーの古代の呪いをエアコンの強力なプラズマクラスターで浄化し、ただの包帯の塊に還した。","木乃伊的远古诅咒被空调强大的等离子簇净化，化为一团绷带。","Древнее проклятие мумии было очищено с помощью мощного плазменного кластера кондиционера, превратив ее в простую массу бинтов.","La antigua maldición de la momia fue purificada con el potente clúster de plasma del aire acondicionado, reduciéndola a una simple masa de vendajes.","A antiga maldição da múmia foi purificada com o poderoso aglomerado de plasma do ar-condicionado, reduzindo-a a uma mera massa de bandagens.","Der uralte Fluch der Mumie wurde mit dem leistungsstarken Plasmacluster der Klimaanlage gereinigt und auf eine bloße Masse von Bandagen reduziert.","미라의 고대 저주를 에어컨의 강력한 플라즈마 클러스터로 정화하여 단순한 붕대 뭉치로 되돌려놓았습니다."
"MSG_C_AIRCONDITIONER_N_LOSS","You applied cold air from the air conditioner to the Naga's large body, but its scales were so thick that it had no effect at all and ended up wrapping itself around it.","ナーガの巨体にエアコンの冷風を当てたが、鱗が分厚すぎて全く効果がなく巻き付かれた。","你用空调吹出的冷风吹在娜迦庞大的身体上，但它的鳞片太厚了，根本没有任何效果，最后把它包裹住了。","Вы направили холодный воздух из кондиционера на большое тело Наги, но ее чешуя была настолько толстой, что это не возымело никакого эффекта, и она в конечном итоге обвилась вокруг нее.","Aplicaste aire frío del aire acondicionado al gran cuerpo de la Naga, pero sus escamas eran tan gruesas que no tuvo ningún efecto y terminó envolviéndote.","Você aplicou ar frio do ar-condicionado no corpo grande da Naga, mas suas escamas eram tão grossas que não teve efeito nenhum, e ela acabou envolvendo você.","Du hast kalte Luft aus der Klimaanlage auf Nagas großen Körper gerichtet, aber ihre Schuppen waren so dick, dass es überhaupt keine Wirkung hatte, und sie umschlang dich schließlich.","나가의 거구에 에어컨 냉기를 쏘았지만 비늘이 너무 두꺼워 전혀 효과가 없었고 그대로 칭칭 감겨버렸습니다."
"MSG_C_AIRCONDITIONER_O_LOSS","Physically attacked by the orc's giant axe, the outdoor unit of the air conditioner, which was the pride of the place, was instantly dismantled into scraps.","オークの巨大な斧による物理攻撃を受け、自慢のエアコンの室外機は一瞬でスクラップへと分解された。","在兽人巨斧的物理攻击下，作为这里引以为豪的空调室外机瞬间被拆成了碎片。","В результате физической атаки гигантским топором орка наружный блок кондиционера, который был гордостью этого места, был мгновенно разобран на лом.","Atacada físicamente por la hacha gigante del orco, la unidad exterior del aire acondicionado, que era el orgullo del lugar, fue desmantelada instantáneamente en chatarra.","Atacada fisicamente pelo machado gigante do orc, a unidade externa do ar-condicionado, que era o orgulho do lugar, foi instantaneamente desmontada em sucata.","Durch den physischen Angriff der riesigen Axt des Orks wurde das Außengerät der Klimaanlage, der Stolz des Hauses, sofort in Schrott zerlegt.","오크의 거대한 도끼에 의한 물리 공격을 받아 자랑하던 에어컨 실외기는 순식간에 고철로 분해되었습니다."
"MSG_C_AIRCONDITIONER_P_LOSS","Pixie magically short-circuited the air conditioner's wiring, and the hot air went out of control and burned her.","ピクシーがエアコンの配線を魔法でショートさせ、制御不能になって暴走した熱風であなたが焼け焦げた。","皮克西神奇地将空调线路短路，热风失控，烧伤了她。","Пикси магическим образом замкнула проводку кондиционера, и горячий воздух вышел из-под контроля и обжег вас.","Pixie cortocircuitó mágicamente el cableado del aire acondicionado, y el aire caliente se descontroló y te quemó.","A Pixie causou um curto-circuito mágico na fiação do ar-condicionado, e o ar quente saiu de controle e queimou você.","Die Pixie schloss die Verkabelung der Klimaanlage magisch kurz, und die heiße Luft geriet außer Kontrolle und verbrannte dich.","픽시가 에어컨 배선을 마법으로 쇼트시켰고, 제어 불능 상태가 되어 폭주한 열풍에 당신은 화상을 입었습니다."
"MSG_C_AIRCONDITIONER_Q_LOSS","The metal compressor of the air conditioner was hit by a thunderbolt from the core, causing a huge explosion and charring it to black.","クアールの雷鳴撃をエアコンの金属コンプレッサー部分で受けてしまい、大爆発のち黒焦げになった。","空调的金属压缩机被核心的雷电击中，引发巨大的爆炸，将其烧焦成黑色。","Металлический компрессор кондиционера был поражен молнией Керла, что вызвало огромный взрыв и обуглило его до черного цвета.","El compresor de metal del aire acondicionado fue alcanzado por un rayo del Coeurl, lo que provocó una gran explosión y lo carbonizó.","O compressor de metal do ar-condicionado foi atingido por um raio de Coeurl, causando uma grande explosão e deixando-o carbonizado.","Der Metallkompressor der Klimaanlage wurde vom Blitz des Coeurls getroffen, was eine gewaltige Explosion verursachte und ihn schwarz verkohlte.","쿠알의 뇌명격을 에어컨의 금속 컴프레서 부분에 맞는 바람에 대폭발을 일으켜 새카맣게 탔습니다."
"MSG_C_AIRCONDITIONER_R_LOSS","He tried to crush the swarm of rats with the outdoor unit of his air conditioner, but his movement was stopped by numerous entanglements in the pipe cover.","ラットの群れをエアコンの室外機で潰そうとしたが、配管カバーに無数に絡みついて動きを止められた。","他试图用空调室外机来消灭这群老鼠，但他的动作却被管盖上无数的纠缠物挡住了。","Он пытался раздавить стаю крыс наружным блоком своего кондиционера, но его движение было остановлено многочисленными запутываниями в крышке трубы.","Intentó aplastar la plaga de ratas con la unidad exterior de su aire acondicionado, pero su movimiento se detuvo por los numerosos enredos en la cubierta de la tubería.","Ele tentou esmagar o enxame de ratos com a unidade externa de seu ar-condicionado, mas seu movimento foi interrompido por inúmeros emaranhados na cobertura da tubulação.","Er versuchte, den Rattenschwarm mit dem Außengerät seiner Klimaanlage zu zerquetschen, aber seine Bewegung wurde durch zahlreiche Verwicklungen in der Rohrabdeckung gestoppt.","쥐 떼를 에어컨 실외기로 깔아뭉개려 했지만 배관 커버에 무수히 엉겨 붙어 움직임이 봉쇄되었습니다."
"MSG_C_AIRCONDITIONER_S_LOSS","The slime's body was crushed by the air conditioner unit, but it quickly regenerated and the outdoor unit was destroyed in no time.","スライムの体をエアコンユニットで叩き潰したがすぐに再生し、あっという間に室外機ごと消化された。","史莱姆的身体被空调压碎了，但它很快就再生了，室外机瞬间就被毁掉了。","Тело слизи было раздавлено блоком кондиционера, но оно быстро восстановилось, и наружный блок был мгновенно уничтожен.","El cuerpo del slime fue aplastado por la unidad de aire acondicionado, pero se regeneró rápidamente y la unidad exterior fue destruida en poco tiempo.","O corpo do slime foi esmagado pela unidade de ar-condicionado, mas ele se regenerou rapidamente e a unidade externa foi destruída num piscar de olhos.","Der Körper des Schleims wurde von der Klimaanlage zerquetscht, aber er regenerierte sich schnell und das Außengerät war im Handumdrehen zerstört.","슬라임의 몸을 에어컨 유닛으로 짓눌렀지만 즉시 재생되었고 순식간에 실외기째로 소화되었습니다."
"MSG_C_AIRCONDITIONER_T_LOSS","The troll's self-regeneration was amazing, and even the air conditioner's gravity fall attack could throw it back without causing a single scratch.","トロールの自己再生は凄まじく、エアコンの重力落下攻撃くらいでは傷一つ付かず逆に投げ返された。","巨魔的自我再生能力非常惊人，就连空调的重力坠落攻击都能将它击退，而且不会造成一丝划伤。","Самовосстановление тролля было поразительным, и даже атака кондиционера при падении под действием силы тяжести не смогла нанести ни единой царапины, а была отброшена назад.","La autorregeneración del trol fue increíble, e incluso el ataque de caída por gravedad del aire acondicionado no le causó ni un rasguño y lo lanzó de vuelta.","A autorregeneração do Troll foi incrível, e mesmo o ataque de queda livre do ar-condicionado não causou um único arranhão e foi arremessado de volta.","Die Selbstregeneration des Trolls war erstaunlich, und selbst der Sturzangriff der Klimaanlage konnte ihm keinen einzigen Kratzer zufügen und wurde stattdessen zurückgeworfen.","트롤의 자가 재생은 무시무시했고 에어컨 낙하 공격 정도로는 상처 하나 입지 않았으며 오히려 실외기를 던져버렸습니다."
"MSG_C_AIRCONDITIONER_U_WIN","The air conditioner's plasma cluster successfully ionized the ghost's ethereal body, causing it to dissipate into thin air.","エアコンの強力なプラズマクラスターが亡霊の霊体をイオン化して分解し、完全に霧消させることに成功した。","空调强大的等离子簇成功将亡灵的灵体离子化并分解，使其完全消散。","Плазменный кластер кондиционера успешно ионизировал эфирное тело призрака, заставив его рассеяться в воздухе.","El clúster de plasma del aire acondicionado ionizó con éxito el cuerpo etéreo del fantasma, haciendo que se disipara en el aire.","O aglomerado de plasma do ar-condicionado ionizou com sucesso o corpo etéreo do fantasma, fazendo-o dissipar-se no ar.","Der Plasmacluster der Klimaanlage ionisierte erfolgreich den ätherischen Körper des Geistes und ließ ihn in Luft auflösen.","에어컨의 강력한 플라즈마 클러스터가 망령의 영체를 이온화해 분해하여 완전히 소멸시키는 데 성공했습니다."
"MSG_C_AIRCONDITIONER_V_LOSS","In front of the vampire's unnoticeable movements, you, who was lumbering and carrying the outdoor unit of the air conditioner, were nothing more than a target.","吸血鬼の目にもとまらぬ動きの前に、エアコンの室外機を担いだ鈍重なあなたはただの的でしかなかった。","在吸血鬼难以察觉的动作面前，举着空调室外机笨重的你，只不过是一个目标而已。","Перед незаметными движениями вампира вы, медленно несущий наружный блок кондиционера, были не более чем мишенью.","Frente a los movimientos imperceptibles del vampiro, tú, que avanzabas con dificultad cargando la unidad exterior del aire acondicionado, no eras más que un objetivo.","Diante dos movimentos imperceptíveis do vampiro, você, que estava pesado carregando a unidade externa do ar-condicionado, não era nada mais do que um alvo.","Angesichts der unauffälligen Bewegungen des Vampirs warst du, der du schwerfällig das Außengerät der Klimaanlage trugst, nichts weiter als ein Ziel.","흡혈귀의 눈에 보이지 않는 움직임 앞에 에어컨 실외기를 짊어진 둔중한 당신은 그저 과녁에 불과했습니다."
"MSG_C_AIRCONDITIONER_W_LOSS","The heavy air conditioner could not keep up with the wolf's mobility, and he was suddenly attacked from behind, slamming his face into the aluminum fins of the outdoor unit.","狼の機動力に重たいエアコンは全く追いつけず、背後から急襲され室外機のアルミフィンへ顔を突っ込んだ。","笨重的空调根本跟不上狼的移动速度，突然从后面袭击了他，脸猛地撞在了室外机的铝翅片上。","Тяжелый кондиционер не мог угнаться за мобильностью волка, и он внезапно подвергся нападению сзади, ударившись лицом об алюминиевые ребра наружного блока.","El pesado aire acondicionado no pudo seguir el ritmo de la movilidad del lobo, y fue atacado repentinamente por la espalda, golpeando su cara contra las aletas de aluminio de la unidad exterior.","O ar-condicionado pesado não conseguia acompanhar a mobilidade do lobo, e ele foi subitamente atacado por trás, batendo o rosto nas aletas de alumínio da unidade externa.","Die schwere Klimaanlage konnte mit der Mobilität des Wolfes nicht mithalten, und er wurde plötzlich von hinten angegriffen, wobei er mit dem Gesicht in die Aluminiumlamellen des Außengeräts einschlug.","늑대의 기동력을 무거운 에어컨이 전혀 따라가지 못했고, 배후에서 급습당해 실외기 알루미늄 핀에 얼굴을 처박았습니다."
"MSG_C_AIRCONDITIONER_X_LOSS","With just a wave of Zarsis's hand, the plastic armor of the air conditioner turned to sand, completely controlling not only the fighting spirit but also the room temperature.","ザルシスが手を振るだけでエアコンのプラスチック装甲が砂になり、戦意だけでなく室温までも完全に支配された。","扎尔西斯只是一挥手，空调的塑料铠甲就变成了沙子，不仅控制了斗气，还控制了室温。","Всего лишь одним взмахом руки Зарсиса пластиковая броня кондиционера превратилась в песок, полностью контролируя не только боевой дух, но и температуру в помещении.","Con solo un movimiento de la mano de Zarsis, la armadura de plástico del aire acondicionado se convirtió en arena, controlando por completo no solo el espíritu de lucha sino también la temperatura ambiente.","Com apenas um aceno da mão de Zarsis, a armadura de plástico do ar-condicionado se transformou em areia, controlando completamente não apenas o espírito de luta, mas também a temperatura ambiente.","Mit nur einer Handbewegung von Zarsis verwandelte sich die Kunststoffpanzerung der Klimaanlage in Sand, was nicht nur den Kampfgeist, sondern auch die Raumtemperatur vollständig kontrollierte.","자르시스가 손을 흔드는 것만으로 에어컨의 플라스틱 장갑이 모래가 되었고, 전의뿐만 아니라 실온까지 완전히 지배당했습니다."
"MSG_C_AIRCONDITIONER_Y_LOSS","Due to the frigid cold of the Yeti, the heating function of the air conditioner malfunctioned and became completely useless.","イエティの極寒の冷気により、エアコンの暖房機能がエラーを起こして完全に使い物にならなくなった。","由于雪人的寒冷，空调的制热功能出现故障，完全无法使用。","Из-за ледяного холода Йети функция обогрева кондиционера вышла из строя и стала совершенно бесполезной.","Debido al frío gélido del Yeti, la función de calefacción del aire acondicionado falló y se volvió completamente inútil.","Devido ao frio gelado do Yeti, a função de aquecimento do ar-condicionado falhou e tornou-se completamente inútil.","Wegen der eiskalten Kälte des Yeti fiel die Heizfunktion der Klimaanlage aus und wurde völlig unbrauchbar.","예티의 극한 냉기로 인해 에어컨의 난방 기능에 오류가 발생해 완전히 쓸모없게 되었습니다."
"MSG_C_AIRCONDITIONER_Z_LOSS","They mowed down the horde of zombies with the outdoor unit of the air conditioner, but the compressor stopped due to the wall of flesh and they were defeated.","ゾンビの大群をエアコンの室外機で薙ぎ払うも、あまりの肉の壁にコンプレッサーが停止して押し負けた。","他们用空调室外机砍倒了僵尸大军，但压缩机因肉墙而停止运转，他们被击败了。","Они скосили орду зомби наружным блоком кондиционера, но компрессор остановился из-за стены плоти, и они были побеждены.","Segaron a la horda de zombis con la unidad exterior del aire acondicionado, pero el compresor se detuvo debido a la pared de carne y fueron derrotados.","Eles derrubaram a horda de zumbis com a unidade externa do ar-condicionado, mas o compressor parou devido à parede de carne e eles foram derrotados.","Sie mähten die Horde von Zombies mit dem Außengerät der Klimaanlage nieder, aber der Kompressor blieb wegen der Fleischwand stehen und sie wurden besiegt.","좀비 떼를 에어컨 실외기로 쓸어버리려 했으나 엄청난 살덩이 벽에 컴프레서가 정지해 밀려나고 말았습니다."
"MSG_C_ACID_A_WIN","The acid spray dissolved the hive's waxy structural supports in minutes. The ants were trapped in a pool of their own melting home, unable to climb out through the slippery, corrosive residue. Their chemical signals were drowned in the scent of dissolving chitin.","酸の噴射は数分で巣のワックス状の構造支持を溶かした。蟻たちは自分たちの溶けゆく家というプールに閉じられ、滑りやすく腐食性の残骸の中から這い上がることができなかった。彼らの化学信号は、溶けゆくキチン質の臭いに飲み込まれた。","酸液喷雾在几分钟内溶解了蚁巢的蜡状结构支撑。蚂蚁们被困在了自己融化的家园中，无法从湿滑且带腐蚀性的残骸里爬出来。它们的化学信号淹没在几丁质溶解的气味中。","Кислотный спрей за считанные минуты растворил восковые структурные опоры улья. Муравьи оказались в ловушке в луже собственного тающего дома, не в силах выбраться сквозь скользкий агрессивный осадок. Их химические сигналы утонули в запахе растворяющегося хитина.","El spray de ácido disolvió los soportes estructurales cerosos de la colmena en minutos. Las hormigas quedaron atrapadas en un charco de su propio hogar derritiéndose, incapaces de salir a través del residuo corrosivo y resbaladizo. Sus señales químicas se ahogaron en el olor a quitina disolviéndose.","O spray de ácido dissolveu os suportes estruturais cerosos da colmeia em minutos. As formigas ficaram presas em uma poça de sua própria casa derretida, incapazes de sair através do resíduo corrosivo e escorregadio. Seus sinais químicos foram afogados no cheiro de quitina dissolvendo.","Das Säurespray löste die wächsernen Strukturstützen des Bienenstocks in wenigen Minuten auf. Die Ameisen waren in einem Pool ihres eigenen schmelzenden Zuhauses gefangen und konnten nicht durch die rutschigen, korrosiven Rückstände herausklettern. Ihre chemischen Signale ertranken im Geruch von sich auflösendem Chitin.","산성 스프레이가 몇 분 만에 개미집의 왁스 같은 구조 지지대를 녹여버렸습니다. 개미들은 녹아내리는 자신의 집이라는 웅덩이에 갇혀 미끄럽고 부식성 있는 잔해를 뚫고 올라오지 못했습니다. 개미들의 화학 신호는 녹아내리는 키틴질의 냄새 속에 파묻혔습니다."
"MSG_C_ACID_B_LOSS","The bats detected the sound of the pressurized acid spray and scattered before it could hit. The fine mist only coated the stone walls, creating a harmless sizzle that echoed through the cave. The bats hovered safely in the drafts above the toxic clouds.","コウモリは加圧された酸の噴射音を察知し、命中する前に四散した。細かい霧は石壁を覆うだけで、洞窟に響く無害な音を立てた。コウモリたちは有毒な雲の上の気流の中に、安全に留まっていた。","蝙蝠察觉到了加压酸液喷雾的声音，在命中前四散开来。细微的雾气仅涂在了石壁上，发出的丝丝声在洞穴中回荡却毫无威力。蝙蝠群安全地悬停在毒云上方的气流中。","Летучие мыши обнаружили звук распыления кислоты под давлением и разлетелись до того, как она успела попасть в них. Тонкий туман покрыл только каменные стены, создавая безвредное шипение, которое эхом разнеслось по пещере. Летучие мыши безопасно парили в потоках воздуха над токсичными облаками.","Los murciélagos detectaron el sonido del aerosol de ácido presurizado y se dispersaron antes de que pudiera golpearlos. La fina niebla solo cubrió las paredes de piedra, creando un siseo inofensivo que resonó en la cueva. Los murciélagos sobrevolaron a salvo en las corrientes de aire por encima de las nubes tóxicas.","Os morcegos detectaram o som do spray de ácido pressurizado e se dispersaram antes que ele pudesse atingir. A névoa fina apenas cobriu as paredes de pedra, criando um chiado inofensivo que ecoou pela caverna. Os morcegos pairaram em segurança nas correntes de ar acima das nuvens tóxicas.","Die Fledermäuse nahmen das Geräusch des unter Druck stehenden Säuresprays wahr und zerstreuten sich, bevor es sie treffen konnte. Der feine Nebel überzog nur die Steinwände und erzeugte ein harmloses Zischen, das durch die Höhle hallte. Die Fledermäuse schwebten sicher in den Luftzügen über den giftigen Wolken.","박쥐들은 가압된 산성 스프레이 소리를 감지하고 명중하기 전에 뿔뿔이 흩어졌습니다. 고운 안개는 석벽을 덮었을 뿐, 동굴에 무해한 소리만 울려 퍼졌습니다. 박쥐들은 독구름 위 기류 속에 안전하게 머물렀습니다."
"MSG_C_ACID_C_WIN","A stream of concentrated acid caught the cobra as it prepared to strike. The liquid ate through its scales and muscle with terrifying speed, neutralizing its venom before it could be delivered. The serpent's final hiss was a trail of acidic steam.","収束された酸の流れが、攻撃を準備していたコブラを捉えた。液体は恐ろしい速度でその鱗と筋肉を侵食し、毒が注入される前にそれを中和した。蛇の最後の威嚇音は、酸性の蒸気の跡となった。","一股浓缩酸液击中了正准备攻击的眼镜蛇。液体以恐怖的速度侵蚀了它的鳞片与肌肉，在毒液排射前便将其中和。毒蛇最后的咝咝声化作了一道酸性蒸汽。","Струя концентрированной кислоты настигла кобру, когда та готовилась к нападению. Жидкость разъедала чешую и мышцы с ужасающей скоростью, нейтрализуя яд до того, как он мог быть введен. Последнее шипение змеи было следом кислого пара.","Una corriente de ácido concentrado atrapó a la cobra mientras se preparaba para atacar. El líquido carcomió sus escamas y músculos con una velocidad aterradora, neutralizando su veneno antes de que pudiera ser liberado. El siseo final de la serpiente fue un rastro de vapor ácido.","Um fluxo de ácido concentrado atingiu a naja enquanto ela se preparava para atacar. O líquido corroeu suas escamas e músculos com uma velocidade terrível, neutralizando seu veneno antes que pudesse ser expelido. O chiado final da serpente foi um rastro de vapor ácido.","Ein Strom konzentrierter Säure traf die Kobra, als sie sich zum Angriff bereitmachte. Die Flüssigkeit fraß sich mit erschreckender Geschwindigkeit durch ihre Schuppen und Muskeln und neutralisierte ihr Gift, bevor es abgegeben werden konnte. Das letzte Zischen der Schlange war eine Spur aus saurem Dampf.","응축된 산성 액체 줄기가 공격을 준비하던 코브라를 덮쳤습니다. 액체는 무서운 속도로 비늘과 근육을 파고들어 독이 퍼지기 전에 중화시켰습니다. 뱀의 마지막 쉿 소리는 산성 증기의 흔적으로 남았습니다."
"MSG_C_ACID_D_WIN","The acid was specially formulated to react with the calcium in the dragon's scales. It turned the legendary armor into a soft, useless paste in a matter of heartbeats. The great beast roared in pain as its protection became its own dissolving prison.","その酸はドラゴンの鱗のカルシウムと反応するように特別に調合されていた。伝説的な装甲は、数拍のうちに柔らかく無益なペーストへと変わった。保護が自分自身の溶解する牢獄となる中、巨獣は苦痛に咆哮した。","这种酸液是专门为与龙鳞中的钙质反应而调制的。几次心跳间，那传奇般的装甲就变成了柔软且无用的糊状物。巨兽在痛苦中咆哮，它的保护层变成了溶解自己的牢笼。","Кислота была специально разработана для взаимодействия с кальцием в чешуе дракона. Она превратила легендарную броню в мягкую, бесполезную пасту за считанные секунды. Великий зверь взревел от боли, когда его защита стала его собственной растворяющейся тюрьмой.","El ácido fue formulado especialmente para reaccionar con el calcio en las escamas del dragón. Convirtió la armadura legendaria en una pasta blanda e inútil en cuestión de latidos. La gran bestia rugió de dolor mientras su protección se convertía en su propia prisión en disolución.","O ácido foi formulado especialmente para reagir com o cálcio nas escamas do dragão. Transformou a armadura lendária em uma pasta macia e inútil em questão de segundos. A grande besta rugiu de dor enquanto sua proteção se tornava sua própria prisão em dissolução.","Die Säure wurde speziell entwickelt, um mit dem Kalzium in den Schuppen des Drachen zu reagieren. Sie verwandelte die legendäre Rüstung in Sekundenschnelle in eine weiche, nutzlose Paste. Die große Bestie brüllte vor Schmerz, als ihr Schutz zu ihrem eigenen, sich auflösenden Gefängnis wurde.","그 산성 액체는 드래곤 비늘의 칼슘과 반응하도록 특별히 조제되었습니다. 전설적인 장갑은 순식간에 부드럽고 쓸모없는 반죽으로 변했습니다. 보호막이 자신을 녹이는 감옥으로 변하자 거대한 짐승은 고통 속에 포효했습니다."
"MSG_C_ACID_E_WIN","The corrosive liquid seeped into the ent's porous bark and began to rot his ancient core from the inside. The acid acted faster than the forest's ability to heal, turning the protector into a pile of black, putrid mulch. The ent's last words were a splash into the toxic pool.","腐食性の液体がエントの多孔質の樹皮に浸透し、その古びた核を内側から腐らせ始めた。酸は森の治癒能力よりも速く作用し、守護者を黒く腐ったマルチの山へと変えた。エントの最期の言葉は、有毒なプールへの水しぶきだった。","腐蚀性液体渗入了树精多孔的树皮，开始从内部腐蚀它古老的核心。酸液作用的速度超过了森林的治愈能力，将守护者变成了一堆焦黑腐臭的覆盖物。树精最后的遗言是落入毒池的一声闷响。","Коррозионная жидкость просочилась сквозь пористую кору энта и начала гнить его древнюю сердцевину изнутри. Кислота действовала быстрее, чем способность леса исцелять, превращая защитника в груду черной гнилой мульчи. Последними словами энта был всплеск в токсичной луже.","El líquido corrosivo se filtró en la corteza porosa del ent y comenzó a pudrir su núcleo antiguo desde el interior. El ácido actuó más rápido que la capacidad del bosque para sanar, convirtiendo al protector en un montón de mantillo negro y pútrido. Las últimas palabras del ent fueron un chapoteo en el charco tóxico.","O líquido corrosivo penetrou na casca porosa do ent e começou a apodrecer seu núcleo antigo por dentro. O ácido agiu mais rápido do que a capacidade de cura da floresta, transformando o protetor em uma pilha de cobertura morta preta e pútrida. As últimas palavras do ent foram um respingo na poça tóxica.","Die ätzende Flüssigkeit drückte in die poröse Rinde des Ents ein und begann, seinen uralten Kern von innen her verrotten zu lassen. Die Säure wirkte schneller als die Heilungsfähigkeit des Waldes und verwandelte den Beschützer in einen Haufen schwarzen, fauligen Mulchs. Die letzten Worte des Ents waren ein Platschen im giftigen Pool.","부식성 액체가 엔트의 다공성 나무껍질로 스며들어 고대의 핵을 안쪽부터 부패시키기 시작했습니다. 산성 액체는 숲의 치유 능력보다 빠르게 작용하여 수호자를 검게 썩은 거름 더미로 만들었습니다. 엔트의 마지막 말은 독성 웅덩이로 떨어지는 물소리뿐이었습니다."
"MSG_C_ACID_F_WIN","A wide-angle spray of acid mist filled the air, leaving no space for the fly to maneuver. The microscopic droplets melted through its wings, grounding it in a fraction of a second. It vanished into a tiny, silent puddle on the floor.","広角の酸の霧が空気を満たし、ハエが操縦できるスペースを奪った。微細な滴が翼を溶かし、一瞬で地面に叩きつけた。それは床の上の小さな、静かな水たまりとなって消えた。","广角酸雾充满了空气，没给苍蝇留下任何机动空间。微小的液滴融化了它的翅膀，使其在不到一秒内便坠地。它化作地板上一个微小、寂静的水洼消失了。","Широкоугольный поток кислотного тумана заполнил воздух, не оставив мухе места для маневра. Микроскопические капли прожгли ее крылья, приземлив ее за долю секунды. Она исчезла в крошечной бесшумной лужице на полу.","Un aerosol de gran angular de niebla ácida llenó el aire, sin dejar espacio para que la mosca maniobrara. Las gotas microscópicas derritieron sus alas, dejándola en el suelo en una fracción de segundo. Desapareció en un pequeño y silencioso charco en el suelo.","Um spray grande angular de névoa ácida preencheu o ar, não deixando espaço para a mosca manobrar. As gotículas microscópicas derreteram suas asas, derrubando-a em uma fração de segundo. Ela desapareceu em uma poça minúscula e silenciosa no chão.","Ein Weitwinkel-Sprühnebel aus Säure füllte die Luft und ließ der Fliege keinen Raum zum Manövrieren. Die mikroskopisch kleinen Tröpfchen schmolzen durch ihre Flügel und brachten sie in Bruchteilen einer Sekunde zu Boden. Sie verschwand in einer winzigen, lautlosen Pfütze auf dem Boden.","광각 산성 안개가 공기를 가득 채워 파리가 움직일 공간을 없앴습니다. 미세한 방울이 날개를 녹여 순식간에 땅으로 떨어뜨렸습니다. 파리는 바닥의 작고 조용한 웅덩이 속으로 사라졌습니다."
"MSG_C_ACID_G_LOSS","The goblin had a stolen alchemist's cloak that was completely immune to corrosion. He walked through the acid spray with a mocking grin, his eyes fixed on your vulnerable equipment. He slashed the acid tank before you could reload.","ゴブリンは腐食に完全に耐性のある、盗んだ錬金術師のクロークを持っていた。奴は嘲笑を浮かべながら酸の噴射の中を歩き、あなたの脆弱な装備に目を向けた。奴は再装填する前に酸のタンクを切り裂いた。","哥布林披着一件完全免疫腐蚀的偷来的炼金术士斗篷。它带着嘲讽的笑容穿过酸液喷雾，目标直指你脆弱的设备。在你重新装弹前，它便划破了酸液罐。","У гоблина был украденный плащ алхимика, полностью невосприимчивый к коррозии. Он прошел сквозь кислотный туман с насмешливой улыбкой, устремив взгляд на ваше уязвимое снаряжение. Он прорезал бак с кислотой до того, как вы успели перезарядиться.","El duende tenía una capa de alquimista robada que era completamente inmune a la corrosión. Caminó a través del spray de ácido con una sonrisa burlona, con los ojos fijos en tu equipo vulnerable. Cortó el tanque de ácido antes de que pudieras recargar.","O goblin tinha um manto de alquimista roubado que era completamente imune à corrosão. Ele caminhou através do spray de ácido com um sorriso de escárnio, com os olhos fixos em seu equipamento vulnerável. Ele cortou o tanque de ácido antes que você pudesse recarregar.","Der Goblin hatte einen gestohlenen Alchemistenmantel, der völlig immun gegen Korrosion war. Er schritt mit einem spöttischen Grinsen durch das Säurespray, die Augen auf deine verwundbare Ausrüstung gerichtet. Er schlitzte den Säuretank auf, bevor du nachladen konntest.","고블린은 부식에 완전히 내성이 있는, 훔친 연금술사의 망토를 걸치고 있었습니다. 녀석은 조소하며 산성 스프레이 속을 걸어와 당신의 취약한 장비를 노렸습니다. 녀석은 재장전하기도 전에 산성 탱크를 찢어버렸습니다."
"MSG_C_ACID_H_WIN","The acid spray caught the harpy's wings in mid-dive, melting the feathers and the fragile bones beneath. She lost all aerodynamic stability and plummeted toward the earth like a stone. She landed in a cloud of dust and acrid smoke.","酸の噴射が急降下中のハーピーの翼を捉え、羽とその下の繊細な骨を溶かした。彼女はすべての空気力学的な安定性を失い、石のように地上へと急落した。彼女は塵と刺激臭のする煙の雲の中に着地した。","酸液喷雾击中了俯冲中的哈皮翅膀，融化了羽毛及其下脆弱的骨骼。她丧失了所有的气动稳定性，像石头一样坠向地面。她落在了一片尘土与辛辣烟雾构成的云雾中。","Кислотный спрей настиг крылья гарпии в середине пикирования, расплавив перья и хрупкие кости под ними. Она потеряла всякую аэродинамическую устойчивость и рухнула на землю, как камень. Она приземлилась в облаке пыли и едкого дыма.","El spray de ácido atrapó las alas de la arpía en pleno picado, derritiendo las plumas y los frágiles huesos debajo. Perdió toda la estabilidad aerodinámica y cayó hacia la tierra como una piedra. Aterrizó en una nube de polvo y humo acre.","O spray de ácido atingiu as asas da harpia no meio do mergulho, derretendo as penas e os ossos frágeis por baixo. Ela perdeu toda a estabilidade aerodinâmica e despencou em direção à terra como uma pedra. Ela pousou em uma nuvem de poeira e fumaça acre.","Das Säurespray erfasste die Flügel der Harpyie mitten im Sturzflug und schmolz die Federn und die zerbrechlichen Knochen darunter. Sie verlor jegliche aerodynamische Stabilität und stürzte wie ein Stein zur Erde. Sie landete in einer Wolke aus Staub und beißendem Rauch.","산성 스프레이가 급강하하던 하피의 날개를 덮쳐 깃털과 그 아래의 약한 뼈를 녹여버렸습니다. 하피는 공기역학적 안정성을 모두 잃고 돌처럼 지면으로 추락했습니다. 하피는 먼지와 매캐한 연기 속에 처박혔습니다."
"MSG_C_ACID_I_WIN","The acid's chemical reaction created a localized atmospheric field that disrupted the imp's teleportation. Each time it tried to blink away, the corrosive air followed it through the dimension. It collapsed, its small body unable to withstand the constant chemical burning.","酸の化学反応が、インプの転移を妨害する局所的な大気場を作り出した。奴が瞬きして逃げようとするたびに、腐食性の空気が異次元まで追いかけてきた。絶え間ない化学火傷に耐えられず、小さな体は崩れ落ちた。","酸液的化学反应产生了一个局部大气场，干扰了小恶魔的传送。每当它试图闪离，腐蚀性的空气都会穿过维度追踪它。小巧的身体无法承受持续的化学灼烧，最终崩溃了。","Химическая реакция кислоты создала локализованное атмосферное поле, которое нарушило телепортацию импа. Каждый раз, когда он пытался моргнуть, коррозийный воздух следовал за ним через измерение. Он рухнул, его маленькое тело не выдержало постоянного химического горения.","La reacción química del ácido creó un campo atmosférico localizado que interrumpió la teletransportación del imp. Cada vez que intentaba parpadear para irse, el aire corrosivo lo seguía a través de la dimensión. Se derrumbó, su pequeño cuerpo incapaz de soportar la constante quema química.","A reação química do ácido criou um campo atmosférico localizado que interrompeu o teletransporte do imp. Cada vez que ele tentava piscar para longe, o ar corrosivo o seguia através da dimensão. Ele desabou, seu corpo pequeno incapaz de suportar a queima química constante.","Die chemische Reaktion der Säure erzeugte ein lokalisiertes atmosphärisches Feld, das die Teleportation des Imps störte. Jedes Mal, wenn er versuchte wegzuspringen, folgte ihm die ätzende Luft durch die Dimension. Er brach zusammen, da sein kleiner Körper dem ständigen chemischen Brennen nicht standhalten konnte.","산성 액체의 화학 반응이 임프의 전송을 방해하는 국지적 대기장을 형성했습니다. 녀석이 순간 이동으로 도망치려 할 때마다 부식성 공기가 차원을 넘어 따라갔습니다. 끊임없는 화학적 화상을 견디지 못하고 작은 몸집은 쓰러졌습니다."
"MSG_C_ACID_J_WIN","The acid acted as a solvent for the jelly's gelatinous structure. The monster literally dissolved into the surrounding air as its molecular bonds were broken by the chemical agent. There was nothing left but a faint, blue stain on the ground.","酸はジェリーのゼラチン状構造の溶剤として機能した。分子的な結合が化学剤によって破壊されるにつれ、怪物は文字通り周囲の空気に溶け込んだ。地面にはかすかな青い染みが残るだけだった。","酸液成了果冻怪凝胶结构的溶剂。随着分子键被化学药剂破坏，怪物字面上溶解在了周围の空气里。地面上除了一个淡淡的蓝色污迹外，什么也没剩下。","Кислота действовала как растворитель для желатиновой структуры желе. Монстр буквально растворился в окружающем воздухе, когда его молекулярные связи были разрушены химическим агентом. На земле не осталось ничего, кроме слабого синего пятна.","El ácido actuó como un solvente para la estructura gelatinosa de la gelatina. El monstruo literalmente se disolvió en el aire circundante a medida que sus enlaces moleculares se rompían por el agente químico. No quedó nada más que una tenue mancha azul en el suelo.","O ácido atuou como um solvente para a estrutura gelatinosa da geleia. O monstro literalmente se dissolveu no ar ao redor conforme suas ligações moleculares eram quebradas pelo agente químico. Não restou nada além de uma mancha azul fraca no chão.","Die Säure wirkte als Lösungsmittel für die gallertartige Struktur des Gelees. Das Monster löste sich förmlich in der Umgebungsluft auf, als seine molekularen Bindungen durch das chemische Mittel aufgebrochen wurden. Nichts blieb übrig außer einem schwachen, blauen Fleck auf dem Boden.","산성 액체는 젤리의 젤라틴 구조를 녹이는 용제로 작용했습니다. 화학 작용에 의해 분자 결합이 끊어지자 괴물은 말 그대로 주변 공기 중으로 녹아내렸습니다. 바닥에는 희미한 푸른 자국만이 남았습니다."
"MSG_C_ACID_K_LOSS","The kobolds had anticipated a chemical attack and were wearing crude but effective glass-lined protective gear. They waded through the acid pool as if it were water, their yaps echoing with overconfidence. They reached your position before the acid could find a gap in their protection.","コボルドたちは化学攻撃を予測し、粗末だが効果的なガラスライニングの保護具を身につけていた。彼らは酸のプールをまるで水であるかのように渡り歩き、その鳴き声は過剰な自信に満ちていた。彼らは酸が保護の隙間を見つける前に、あなたの一に到達した。","狗头人预判了化学攻击，穿着粗糙但有效的内衬玻璃的防护服。它们像涉水一样穿过酸池，狂妄的吠叫声此起伏。在酸液找到防护缝隙前，它们就冲到了你面前。","Кобольды предвидели химическую атаку и надели грубое, но эффективное защитное снаряжение со стеклянной подкладкой. Они перешли через лужу кислоты, как если бы это была вода, и их лай разносился эхом от чрезмерной уверенности. Они достигли вашей позиции до того, как кислота успела найти брешь в их защите.","Los kobolds habían anticipado un ataque químico y llevaban un equipo de protección rudimentario pero eficaz revestido de vidrio. Atravesaron el charco de ácido como si fuera agua, y sus ladridos resonaban con un exceso de confianza. Llegaron a tu posición antes de que el ácido pudiera encontrar un hueco en su protección.","Os kobolds haviam antecipado um ataque químico e estavam usando equipamentos de proteção rudimentares, mas eficazes, revestidos de vidro. Eles atravessaram a poça de ácido como se fosse água, seus latidos ecoando com excesso de confiança. Eles alcançaram sua posição antes que o ácido pudesse encontrar uma brecha em sua proteção.","Die Kobolde hatten einen chemischen Angriff vorhergesehen und trugen eine primitive, aber wirksame, glasgepolsterte Schutzausrüstung. Sie warteten durch den Säurepool, als wäre es Wasser, ihr Kläffen hallte vor Übermut wider. Sie erreichten deine Position, bevor die Säure eine Lücke in ihrem Schutz finden konnte.","코볼트들은 화학 공격을 예상하고 조잡하지만 효과적인 유리 안감 보호구를 착용하고 있었습니다. 녀석들은 산성 웅덩이를 마치 물처럼 건너왔고, 그 짖는 소리에는 과도한 자신감이 넘쳤습니다. 산성 액체가 보호구의 틈새를 찾아내기도 전에 녀석들은 당신의 위치에 도달했습니다."
"MSG_C_ACID_L_LOSS","The lizard's skin was covered in a naturally secreted alkaline oil that neutralized the acid on contact. The corrosive liquid simply rolled off its back like water, leaving the predator unharmed. It hissed in anticipation as it closed the distance.","リザードの皮膚は、接触時に酸を中和する自然に分泌されたアルカリ性の油で覆われていた。腐食性の液体は水のように背中を転がり落ち、捕食者を無傷のままにした。奴は距離を詰めながら、期待に満ちた声を上げた。","蜥蜴的皮肤覆盖着一层天然分泌的碱性油脂，接触时便能中和酸液。腐蚀性液体像水一样从其背部滑落，掠食者毫发无傷。它在拉近距离时发出了充满期待的咝咝声。","Кожа ящерицы была покрыта естественно выделяемым щелочным маслом, которое нейтрализовало кислоту при контакте. Коррозийная жидкость просто стекала с ее спины, как вода, оставляя хищника невредимым. Она предвкушающе зашипела, сокращая расстояние.","La piel del lagarto estaba cubierta de un aceite alcalino secretado naturalmente que neutralizaba el ácido al contacto. El líquido corrosivo simplemente rodó por su espalda como agua, dejando al depredador ileso. Siseó con anticipación mientras acortaba la distancia.","A pele do lagarto estava coberta por um óleo alcalino secretado naturalmente que neutralizava o ácido em contato. O líquido corrosivo simplesmente escorregou pelas costas dele como água, deixando o predador ileso. Ele sibilou em antecipação enquanto encurtava a distância.","Die Haut der Echse war mit einem natürlich abgesonderten alkalischen Öl bedeckt, das die Säure bei Kontakt neutralisierte. Die ätzende Flüssigkeit perlte einfach wie Wasser von ihrem Rücken ab und ließ das Raubtier unversehrt. Sie zischte erwartungsvoll, während sie die Distanz verringerte.","리자드의 피부는 접촉 시 산성 액체를 중화하는 천연 알칼리성 오일로 덮여 있었습니다. 부식성 액체는 물처럼 등에서 흘러내렸고 포식자는 아무런 상처도 입지 않았습니다. 녀석은 거리를 좁히며 기대에 찬 소리를 냈습니다."
"MSG_C_ACID_M_WIN","The acid soaked into the mummy's dry wrappings and began to dissolve both the cloth and the ancient remains within. The curse had no defense against the relentless chemical breakdown of its physical vessel. The mummy's scream was the last thing to dissolve.","酸がマミーの乾燥した包帯に染み込み、布とその中の古い遺骸の両方を溶かし始めた。呪いは物理的な器の容赦ない化学的分解に対して何の防衛手段も持っていなかった。マミーの悲鳴は、最後に溶け去るものとなった。","酸液浸透了木乃伊干燥的裹尸布，开始溶解布料及其内部古老的遗骸。面对物理容器无情的化学分解，那诅咒毫无防御之力。木乃伊的尖叫是最后被溶解的部分。","Кислота впиталась в сухие повязки мумии и начала растворять и ткань, и древние останки внутри. У проклятия не было защиты от неумолимого химического распада его физической оболочки. Крик мумии был последним, что растворилось.","El ácido empapó los vendajes secos de la momia y comenzó a disolver tanto la tela como los restos antiguos del interior. La maldición no tenía defensa contra la implacable descomposición química de su recipiente físico. El grito de la momia fue lo último en disolverse.","O ácido encharcou as bandagens secas da múmia e começou a dissolver tanto o pano quanto os restos antigos em seu interior. A maldição não tinha defesa contra a implacável decomposição química de seu receptáculo físico. O grito da múmia foi a última coisa a se dissolver.","Die Säure zog in die trockenen Bandagen der Mumie ein und begann, sowohl das Tuch als auch die darin befindlichen uralten Überreste aufzulösen. Der Fluch hatte keine Verteidigung gegen den unerbittlichen chemischen Zerfall seines physischen Gefäßes. Der Schrei der Mumie war das Letzte, was sich auflöste.","산성 액체가 미라의 건조한 붕대에 스며들어 천과 그 안의 오래된 유해를 모두 녹이기 시작했습니다. 저주는 물리적 그릇의 가차 없는 화학적 분해에 대항할 방어 수단이 없었습니다. 미라의 비명은 마지막으로 녹아 없어진 것이 되었습니다."
"MSG_C_ACID_N_WIN","The acid pool reacted with the naga's aquatic environment, turning her oasis into a toxic trap. The water itself became a weapon, eating through her scales from every direction simultaneously. She sank into the depths, her form becoming one with the corrosive tide.","酸のプールがナーガの水中環境と反応し、彼女のオアシスを有毒な罠に変えた。水そのものが武器となり、あらゆる方向から同時に彼女の鱗を侵食した。彼女は形状を失い、腐食性の潮の一部となって深淵へと沈んでいった。","酸液池与纳迦的水生环境发生反应，将她的绿洲变成了毒性陷坑。水本身成了武器，同时从各个方向侵蚀她的鳞片。她沉入深处，形体与腐蚀性的潮汐融为一体。","Кислотная лужа вступила в реакцию с водной средой наги, превратив ее оазис в токсичную ловушку. Сама вода стала оружием, разъедая ее чешую со всех сторон одновременно. Она погрузилась в глубины, ее форма стала единым целым с коррозийным приливом.","El charco de ácido reaccionó con el entorno acuático de la naga, convirtiendo su oasis en una trampa tóxica. El agua misma se convirtió en un arma, carcomiendo sus escamas desde todas las direcciones simultáneamente. Se hundió en las profundidades, su forma se volvió una con la marea corrosiva.","A poça de ácido reagiu com o ambiente aquático da naga, transformando seu oásis em uma armadilha tóxica. A própria água tornou-se uma arma, corroendo suas escamas de todas as direções simultaneamente. Ela afundou nas profundezas, sua forma tornando-se uma com a maré corrosiva.","Der Säurepool reagierte mit Nagas aquatischer Umgebung und verwandelte ihre Oase in eine giftige Falle. Das Wasser selbst wurde zu einer Waffe und fraß sich von allen Seiten gleichzeitig durch ihre Schuppen. Sie sank in die Tiefe, ihre Form verschmolz mit der ätzenden Flut.","산성 웅덩이가 나가의 수중 환경과 반응하여 오아시스를 독성 함정으로 바꾸었습니다. 물 자체가 무기가 되어 모든 방향에서 동시에 나가의 비늘을 파고들었습니다. 나가는 형체를 잃고 부식성 파도의 일부가 되어 심연 속으로 가라앉았습니다."
"MSG_C_ACID_O_WIN","The orc's thick skin offered only seconds of protection against the industrial-grade acid. The liquid dissolved his heavy axe and the hands that held it before he could close the distance. He collapsed into a smoldering heap of muscle and bone.","オークの厚い皮膚も、工業用グレードの酸に対しては数秒の猶予しか与えなかった。液体は彼が距離を詰める前に、重い斧とその手を溶かした。彼は筋肉と骨のくすぶる山となって、その場に崩れ落ちた。","兽人厚实的皮肤在工业级酸液面前仅提供了几秒钟的保护。在他拉近距离前，酸液就溶解了他的重斧和握斧的手。他瘫倒在地，成了一堆冒烟的肌肉与骨骼。","Толстая кожа орка обеспечила лишь секунды защиты от промышленной кислоты. Жидкость растворила его тяжелый топор и руки, которые его держали, прежде чем он успел сократить расстояние. Он рухнул в дымящуюся груду мышц и костей.","La gruesa piel del orco ofreció solo segundos de protección contra el ácido de grado industrial. El líquido disolvió su pesada hacha y las manos que la sostenían antes de que pudiera cerrar la distancia. Se derrumbó en un montón humeante de músculo y hueso.","A pele grossa do orc ofereceu apenas segundos de proteção contra o ácido de grau industrial. O líquido dissolveu seu machado pesado e as mãos que o seguravam antes que ele pudesse encurtar a distância. Ele desabou em uma pilha fumegante de músculo e osso.","Die dicke Haut des Orks bot nur Sekunden Schutz gegen die industrielle Säure. Die Flüssigkeit löste seine schwere Axt und die Hände, die sie hielten, auf, bevor er die Distanz verringern konnte. Er brach in einem schwelenden Haufen aus Muskeln und Knochen zusammen.","오크의 두꺼운 피부도 공업용 등급의 산성 액체 앞에서는 단 몇 초의 유예밖에 주지 못했습니다. 액체는 오크가 거리를 좁히기 전에 무거운 도끼와 그것을 잡은 손을 녹여버렸습니다. 오크는 근육과 뼈가 타오르는 더미가 되어 그 자리에 쓰러졌습니다."
"MSG_C_ACID_P_LOSS","The pixie summoned a protective bubble of pure light that repelled the acid on contact. The droplets hit the shield and sizzled harmlessly, glowing with iridescent colors as they slid off. She blew a kiss as she hovered safely inside her glowing sanctuary.","ピクシーは純粋な光の保護バブルを召喚し、接触した酸を弾き飛ばした。滴はシールドに当たって無害な音を立て、虹色に輝きながら滑り落ちた。彼女は輝く聖域の中に安全に留まり、投げキッスを送った。","小仙女召唤了一个纯净之光的保护泡，接触瞬间便排斥了酸液。液滴击中护盾并发出了丝丝声，闪烁着虹彩光芒滑落。她悬停在发光的圣域中，送出了一个飞吻。","Пикси вызвала защитный пузырь чистого света, который отталкивал кислоту при контакте. Капли ударялись о щит и безвредно шипели, светясь радужными цветами, когда соскальзывали. Она послала воздушный поцелуй, безопасно паря внутри своего светящегося святилища.","La pixie convocó una burbuja protectora de luz pura que repelía el ácido al contacto. Las gotas golpearon el escudo y sisearon inofensivamente, brillando con colores iridiscentes mientras se deslizaban. Lanzó un beso mientras sobrevolaba a salvo dentro de su santuario resplandeciente.","A pixie evocou uma bolha protetora de luz pura que repelia o ácido em contato. As gotas atingiram o escudo e chiaram inofensivamente, brilhando com cores iridescentes enquanto escorregavam. Ela mandou um beijo enquanto pairava em segurança dentro de seu santuário brilhante.","Die Pixie beschwor eine Schutzblase aus reinem Licht, die die Säure bei Kontakt abwehrte. Die Tröpfchen trafen auf den Schild und zischten harmlos, während sie in schillernden Farben leuchtend abperlten. Sie warf einen Kuss zu, während sie sicher in ihrem leuchtenden Heiligtum schwebte.","픽시는 순수한 빛의 보호 거품을 소환하여 접촉한 산성 액체를 튕겨냈습니다. 방울들은 실드에 부딪혀 무해한 소리를 냈고, 무지개색으로 빛나며 흘러내렸습니다. 픽시는 빛나는 성역 안에 안전하게 머물며 손키스를 날렸습니다."
"MSG_C_ACID_Q_LOSS","The coeurl recognized the chemical scent and moved its feelers to create a protective static field. The acid was ionized and repelled before it could touch its fur, creating a visible halo of toxic mist. The beast lunged through the cloud, untouched by the corrosion.","クアールは化学的な臭いを察知し、触角を動かして保護用の静電気場を作り出した。酸は毛皮に触れる前にイオン化され、反発して有毒な霧の後光を作った。猛獣は腐食に触れることなく、その雲の中を突き進んできた。","夸尔察觉到了化学气味，制造了一个防护静电场。酸液在触碰到皮毛前就被电离并排斥，形成了一圈可见的毒雾光环。野兽穿过云雾扑了上来，丝丝毫发无损。","Керл распознал химический запах и зашевелил усиками, чтобы создать защитное статическое поле. Кислота ионизировалась и отталкивалась до того, как успела коснуться его меха, создавая видимый ореол токсичного тумана. Зверь прорвался сквозь облако, не затронутый коррозией.","El coeurl reconoció el olor químico y movió sus tentáculos para crear un campo estático protector. El ácido fue ionizado y repelido antes de que pudiera tocar su pelaje, creando un halo visible de niebla tóxica. La bestia se lanzó a través de la nube, sin ser afectada por la corrosión.","O coeurl reconheceu o cheiro químico e moveu seus fios para criar um campo estático protetor. O ácido foi ionizado e repelido antes que pudesse tocar seu pelo, criando um halo visível de névoa tóxica. A besta avançou através da nuvem, intocada pela corrosão.","Der Coeurl erkannte den chemischen Geruch und bewegte seine Fühler, um ein schützendes statisches Feld zu erzeugen. Die Säure wurde ionisiert und abgewehrt, bevor sie sein Fell berühren konnte, wodurch ein sichtbarer Heiligenschein aus giftigem Nebel entstand. Die Bestie stürzte durch die Wolke, unberührt von der Korrosion.","쿠알은 화학적 냄새를 감지하고 촉수를 움직여 보호용 정전기장을 형성했습니다. 산성 액체는 털에 닿기 전에 이온화되어 튕겨 나갔고, 독성 안개의 광륜을 만들어냈습니다. 맹수는 부식되지 않은 채 그 구름 속을 뚫고 달려왔습니다."
"MSG_C_ACID_R_LOSS","The rats sacrificed the front of the swarm to soak up the initial acid spray. The rest of the pack then used the bodies of their fallen kin as a bridge to cross the toxic puddle. They reached the acid sprayer and disabled it with a thousand tiny bites.","ラットたちは群れの前方を犠牲にして、最初の酸の噴射を吸収した。残りの群れは倒れた同族の死体を橋にして、有毒な水たまりを渡った。彼らは千の小さな噛み跡で、酸の噴射機を無効化した。","鼠群牺牲了前排来吸收最初$的酸液喷雾。随后的鼠群以同伴的尸体为桥，跨过了毒潭。它们用上千次细小的啃咬瘫痪了酸液喷射器。","Крысы пожертвовали передней частью стаи, чтобы впитать первоначальное распыление кислоты. Остальная часть стаи затем использовала тела своих павших сородичей в качестве моста, чтобы пересечь токсичную лужу. Они добрались до распылителя кислоты и вывели его из строя тысячей крошечных укусов.","Las ratas sacrificaron la parte delantera del enjambre para absorber el spray de ácido inicial. El resto de la manada utilizó los cuerpos de sus parientes caídos como puente para cruzar el charco tóxico. Llegaron al rociador de ácido y lo desactivaron con mil mordiscos diminutos.","Os ratos sacrificaram a frente do enxame para absorver o spray de ácido inicial. O resto da matilha então usou os corpos de seus parentes caídos como uma ponte para cruzar a poça tóxica. Eles alcançaram o pulverizador de ácido e o desativaram com mil pequenas mordidas.","Die Ratten opferten die Vorderseite des Schwarms, um das anfängliche Säurespray aufzusaugen. Der Rest des Rudels nutzte dann die Körper ihrer gefallenen Artgenossen als Brücke, um den giftigen Pfuhl zu überqueren. Sie erreichten den Säuresprüher und setzten ihn mit tausend winzigen Bissen außer Betrieb.","쥐들은 무리 앞부분을 희생하여 초기 산성 스프레이를 흡수했습니다. 나머지 무리는 쓰러진 동족의 사체를 다리 삼아 독성 웅덩이를 건넜습니다. 녀석들은 수천 번의 작은 이빨 자국으로 산성 분사기를 무력화했습니다."
"MSG_C_ACID_S_LOSS","The slime was composed of a base so stable it neutralized the acid and integrated the components into its own mass. It grew significantly larger from the chemical energy it absorbed during the attack. It hummed with a new, aggressive vibration as it advanced.","スライムは非常に安定した塩基で構成されており、酸を中和してその成分を自身の質量に取り込んだ。攻撃中に吸収した化学エネルギーにより、奴は著しく巨大化した。奴は前進しながら、新たな攻撃的な振動を響かせていた。","史莱姆由极其稳定的碱性物质组成，中和了酸液并将其成分整合进自身后，体型显著增大。随着它的推进，发出了新的、充满敌意的震颤。","Слизь состояла из настолько стабильного основания, что она нейтрализовала кислоту и интегрировала компоненты в свою собственную массу. Она значительно выросла за счет химической энергии, которую поглотила во время атаки. Она гудела новой агрессивной вибрацией по мере продвижения.","El slime estaba compuesto por una base tan estable que neutralizó el ácido e integró los componentes en su propia masa. Creció significativamente a partir de la energía química que absorbió durante el ataque. Zumbaba con una vibración nueva y agresiva mientras avanzaba.","O slime era composto por uma base tão estável que neutralizou o ácido e integrou os componentes em sua própria massa. Ele cresceu significativamente a partir da energia química que absorveu durante o ataque. Ele zumbia com uma vibração nova e agressiva enquanto avançava.","Der Schleim bestand aus einer so stabilen Basis, dass er die Säure neutralisierte und die Bestandteile in seine eigene Masse integrierte. Er wuchs durch die während des Angriffs absorbierte chemische Energie erheblich an. Er summte mit einer neuen, aggressiven Vibration, während er vorrückte.","슬라임은 매우 안정한 염기로 구성되어 있어 산성 액체를 중화하고 그 성분을 자신의 질량으로 흡수했습니다. 공격 중에 흡수한 화학 에너지로 인해 녀석은 눈에 띄게 거대해졌습니다. 녀석은 전진하며 새로운 공격적인 진동을 울렸습니다."
"MSG_C_ACID_T_LOSS","The troll's skin hardened and turned a deep, stony grey to resist the chemical burn. Each time a layer was eaten away, a more resistant one grew in its place. It walked through the acid spray with a bored expression, its regeneration keeping pace with the rot.","トロールの皮膚は硬化し、化学火傷に抵抗するために深い石のような灰色に変わった。層が削られるたびに、より耐性のある層がそこに生えてきた。再生が腐食に追いつき、奴は退屈そうな表情で酸の噴射の中を歩いてきた。","巨魔的皮肤变硬并转为深石灰色以抵抗化学灼伤。每当一层被蚀去，更新且更具抗性的皮肤便生出。它带着无聊的表情穿过酸液喷雾，再生速度与腐蚀齐头并进。","Кожа тролля затвердела и стала темно-серой, как камень, чтобы противостоять химическому ожогу. Каждый раз, когда слой разъедался, на его месте вырастал более стойкий. Он шел сквозь кислотный туман с кислым выражением лица, его регенерация не отставала от гниения.","La piel del trol se endureció y se volvió de un gris profundo y pétreo para resistir la quemadura química. Cada vez que una capa era carcomida, una más resistente crecía en su lugar. Caminó a través del spray de ácido con una expresión aburrida, su regeneración manteniendo el ritmo de la podredumbre.","A pele do troll endureceu e tornou-se de um cinza profundo e pétreo para resistir à queimadura química. Cada vez que uma camada era corroída, uma mais resistente crescia em seu lugar. Ele caminhou através do spray de ácido com uma expressão entediada, sua regeneração acompanhando o ritmo da podridão.","Die Haut des Trolls verhärtete sich und nahm ein tiefes, steingraues Aussehen an, um der chemischen Verbrennung zu widerstehen. Jedes Mal, wenn eine Schicht weggefressen wurde, wuchs eine widerstandsfähigere an ihrer Stelle nach. Er schritt mit gelangweiltem Gesichtsausdruck durch das Säurespray, seine Regeneration hielt mit der Fäulnis Schritt.","트롤의 피부는 경화되어 화학적 화상에 저항하기 위해 깊은 돌 같은 회색으로 변했습니다. 한 층이 깎여나갈 때마다 더 강한 내성을 가진 층이 돋아났습니다. 재생이 부식을 따라잡아 녀석은 지루한 표정으로 산성 스프레이 속을 걸어왔습니다."
"MSG_C_ACID_U_LOSS","The undead remains were already so decayed that the acid found nothing vital to react with. The liquid only stripped away the last of the flesh, leaving a clean, polished skeleton that continued to approach. Kinetic force was still the only way to stop these bones.","アンデッドの遺骸はすでに腐敗が進んでおり、酸が反応するべき重要な部位は残っていなかった。液体は最後の肉を剥ぎ取っただけで、磨き上げられたきれいな骨格だけが前進を続けた。これらの骨を止めるには、やはり物理的な力が必要だった。","亡灵遗骸早已腐烂不堪，酸液找不到可以反应的关键部位。液体仅剥离了最后的腐肉，剩下了一架光洁的骨骼继续逼近。动能依然是停止这些枯骨的唯一手段。","Останки нежити уже были настолько разложены, что кислота не нашла ничего жизненно важного для реакции. Жидкость лишь содрала последние остатки плоти, оставив чистый отполированный скелет, который продолжал приближаться. Кинетическая сила по-прежнему оставалась единственным способом остановить эти кости.","Los restos de los no muertos ya estaban tan deteriorados que el ácido no encontró nada vital con qué reaccionar. El líquido solo despojó los últimos restos de carne, dejando un esqueleto limpio y pulido que continuó acercándose. La fuerza cinética seguía siendo la única forma de detener estos huesos.","Os restos mortais dos mortos-vivos já estavam tão decompostos que o ácido não encontrou nada vital com que reagir. O líquido apenas removeu o último pedaço de carne, deixando um esqueleto limpo e polido que continuou a se aproximar. A força cinética ainda era a única maneira de parar esses ossos.","Die Überreste der Untoten waren bereits so verrottet, dass die Säure nichts Lebenswichtiges fand, mit dem sie reagieren konnte. Die Flüssigkeit streifte nur das letzte Fleisch ab und hinterließ ein sauberes, poliertes Skelett, das sich weiter näherte. Kinetische Kraft war immer noch der einzige Weg, diese Knochen zu stoppen.","언데드의 유해는 이미 부패가 진행되어 산성 액체가 반응할 만한 중요한 부위가 남아 있지 않았습니다. 액체는 마지막 살점을 발라냈을 뿐, 매끄럽게 닦인 골격만이 전진을 계속했습니다. 이 뼈들을 멈추려면 역시 물리적인 힘이 필요했습니다."
"MSG_C_ACID_V_LOSS","The vampire transformed into a cloud of mist that was too fine for the acid spray to catch. He drifted through the corrosive rain as if it were a summer shower. He reconstituted himself on the other side, his fine clothes and pale skin completely unmarked.","ヴァンパイアは霧の雲に変身し、酸の噴射が捉えるにはあまりに細かすぎた。奴は腐食性の雨の中を、まるで夏の夕立であるかのように通り抜けた。奴は反対側で再構成し、上質な服も青白い肌も全く無傷のままだった。","吸血鬼化作一团雾气，精细到酸液喷雾无法捕捉。他在腐蚀之雨中穿行，犹如漫步在夏日阵雨中。他在另一侧重新凝聚，精致的衣物与苍白的皮肤毫无痕迹。","Вампир превратился в облако тумана, которое было слишком тонким, чтобы кислотный спрей мог его поймать. Он дрейфовал сквозь коррозийный дождь, как если бы это был летний ливень. Он восстановился на другой стороне, его прекрасная одежда и бледная кожа остались совершенно нетронутыми.","El vampiro se transformó en una nube de niebla que era demasiado fina para que el spray de ácido la atrapara. Se dejó llevar a través de la lluvia corrosiva como si fuera un chaparrón de verano. Se reconstituyó en el otro lado, con su ropa fina y su piel pálida completamente intactas.","O vampiro transformou-se em uma nuvem de névoa que era fina demais para o spray de ácido capturar. Ele flutuou através da chuva corrosiva como se fosse uma chuva de verão. Ele se reconstituiu do outro lado, suas roupas finas e pele pálida completamente sem marcas.","Der Vampir verwandelte sich in eine Nebelwolke, die zu fein war, als dass das Säurespray sie hätte erfassen können. Er trieb durch den ätzenden Regen, als wäre es ein Sommerregen. Auf der anderen Seite setzte er sich wieder zusammen, seine feine Kleidung und seine bleiche Haut waren völlig unversehrt.","뱀파이어는 안개 구름으로 변신했고, 산성 스프레이가 포착하기에는 너무나 미세했습니다. 녀석은 부식성 비 속을 마치 여름 소나기인 양 통과했습니다. 반대편에서 재구성된 녀석은 고급스러운 옷도 창백한 피부도 전혀 상처 하나 없었습니다."
"MSG_C_ACID_W_LOSS","The wolf pack used their acute sense of smell to track the acid's dispersal patterns in the air. They navigated the safe pockets between the spray zones with predatory efficiency. They swarmed the operator before the second canister could be engaged.","ウルフの群れは鋭い嗅覚を使い、空気中の酸の拡散パターンを追跡した。彼らは捕食者の効率性で、噴射ゾーンの間の安全な空間を通り抜けた。彼らは二つ目のキャニスターが使用される前に、操作者に群がった。","狼群利用敏锐的嗅觉追踪空气中酸液的扩散路径。它们以猎人的高效率穿梭于喷射区间的安全地带。在第一个气罐开启前，它们便围攻了操作员。","Волчья стая использовала свое острое обоняние, чтобы отслеживать пути распространения кислоты в воздухе. Они перемещались по безопасным зонам между зонами распыления с хищнической эффективностью. Они набросились на оператора до того, как можно было задействовать вторую канистру.","La manada de lobos usó su agudo sentido del olfato para rastrear los patrones de dispersión del ácido en el aire. Navegaron por los espacios seguros entre las zonas de rociado con una eficiencia depredadora. Atacaron al operador antes de que se pudiera activar el segundo bote.","A alcateia usou seu olfato aguçado para rastrear os padrões de dispersão do ácido no ar. Eles navegaram pelos bolsões de segurança entre as zonas de spray com eficiência predatória. Eles cercaram o operador antes que o segundo cartucho pudesse ser acionado.","Das Wolfsrudel nutzte seinen ausgeprägten Geruchssinn, um die Ausbreitungsmuster der Säure in der Luft zu verfolgen. Sie navigierten mit raubtierhafter Effizienz durch die sicheren Bereiche zwischen den Sprühzonen. Sie stürzten sich auf den Bediener, bevor der zweite Kanister eingesetzt werden konnte.","늑대 무리는 예리한 후각을 이용해 공기 중의 산성 액체 확산 패턴을 추적했습니다. 녀석들은 포식자다운 효율성으로 분사 구역 사이의 안전한 공간을 통과했습니다. 녀석들은 두 번째 캐니스터가 사용되기도 전에 조작자에게 달려들었습니다."
"MSG_C_ACID_X_LOSS","Xalthis's chitinous armor was naturally coated in a substance that resisted all known acids. The liquid pooled on its surface like oil on water, eventually dripping off without leaving a single mark. It hissed a challenge, its multiple eyes fixed on your next move. ","ザルティスのキチン質の装甲は、あらゆる既知の酸に耐える物質で自然にコーティングされていた。液体は油が水を弾くように表面で玉になり、跡形もなく滴り落ちた。奴は複数の瞳であなたの次の動きを凝視し、威嚇の声を上げた。","扎尔希斯的几丁质装甲天然覆盖着一层抵抗所有已知酸液的物质。液体像水面上的油一样积聚在其表面，最终滴落且未留任何痕跡。它嘶鸣着发起挑战，多只眼睛盯着你的下一步动作。","Хитиновая броня Залтиса была естественным образом покрыта веществом, которое сопротивлялось всем известным кислотам. Жидкость собиралась на ее поверхности, как масло на воде, в конечном итоге стекая, не оставляя ни единого следа. Она вызывающе зашипела, устремив свои многочисленные глаза на ваш следующий шаг.","La armadura quitinosa de Xalthis estaba recubierta de forma natural con una sustancia que resistía todos los ácidos conocidos. El líquido se acumulaba en su superficie como aceite en el agua, goteando finalmente sin dejar ni una sola marca. Siseó un desafío, con sus múltiples ojos fijos en tu próximo movimiento.","A armadura quitinosa de Xalthis era naturalmente revestida com uma substância que resistia a todos os ácidos conhecidos. O líquido acumulava-se na sua superfície como óleo na água, acabando por escorrer sem deixar uma única marca. Ele sibilou um desafio, com seus múltiplos olhos fixos em seu próximo passo.","Xalthis' chitinbewehrter Panzer war von Natur aus mit einer Substanz überzogen, die allen bekannten Säuren widerstand. Die Flüssigkeit sammelte sich auf seiner Oberfläche wie Öl auf Wasser und tropfte schließlich ab, ohne eine einzige Spur zu hinterlassen. Es zischte eine Herausforderung, seine zahlreichen Augen auf deine nächste Bewegung gerichtet.","자르티스의 키틴질 장갑은 알려진 모든 산성 액체에 견디는 물질로 자연스럽게 코팅되어 있었습니다. 액체는 기름이 물을 튕겨내듯 표면에서 굴러떨어져 흔적도 남기지 않았습니다. 녀석은 여러 개의 눈으로 당신의 다음 움직임을 응시하며 위협적인 소리를 냈습니다."
"MSG_C_ACID_Y_LOSS","The yeti simply froze the acid spray mid-air with a powerful blast of its breath. The lethal liquid became a harmless rain of green ice crystals that shattered on the ground. The ice giant's domain remained as pure and frozen as ever.","イエティは強力な吐息の一撃で、酸の噴射を空中で凍らせた。致命的な液体は無害な緑色の氷の結晶の雨となり、地面で砕け散った。雪山の巨人の領土は、相変わらず純粋で凍てついたままだった。","雪人喷出一股强大的气息，在半空中冻结了酸液喷雾。致命的液体变成了无害的绿色冰晶雨，在地上摔得粉碎。雪山巨人的领地依然如故，纯净而冰封。","Йети просто заморозил кислотный спрей в воздухе мощным выдохом. Смертоносная жидкость превратилась в безвредный дождь из зеленых ледяных кристаллов, которые разбились о землю. Владения ледяного великана остались такими же чистыми и замороженными, как и прежде.","El yeti simplemente congeló el spray de ácido en el aire con una poderosa ráfaga de su aliento. El líquido letal se convirtió en una lluvia inofensiva de cristales de hielo verde que se estrellaron contra el suelo. El dominio del gigante de hielo permaneció tan puro y congelado como siempre.","O yeti simplesmente congelou o spray de ácido no ar com uma poderosa lufada de seu fôlego. O líquido letal tornou-se uma chuva inofensiva de cristais de gelo verdes que se espatifaram no chão. O domínio do gigante de gelo permaneceu tão puro e congelado como sempre.","Der Yeti fror das Säurespray einfach mitten in der Luft mit einem kräftigen Atemstoß ein. Die tödliche Flüssigkeit wurde zu einem harmlosen Regen aus grünen Eiskristallen, die auf dem Boden zerplatzten. Das Reich des Eisriesen blieb so rein und gefroren wie eh und je.","예티는 강력한 입김 한 방으로 산성 스프레이를 공중에서 얼려버렸습니다. 치명적인 액체는 무해한 초록색 얼음 결정이 되어 비처럼 쏟아져 내려 땅바닥에서 깨졌습니다. 설산 거인의 영토는 여전히 순수하고 얼어붙은 그대로였습니다."
"MSG_C_ACID_Z_LOSS","The zombie didn't react as the acid dissolved its features and its outer layers. It continued its relentless, mindless advance, even as its bones began to show through the chemical burns. It reached the sprayer and crushed the mechanism with its remaining strength.","ゾンビは酸がその顔立ちや外層を溶かしても、何の反応も示さなかった。化学火傷から骨が見え始めても、奴は容赦なく盲目的な前進を続けた。奴は噴射機に到達し、残った力でその機構を粉砕した。","僵尸在酸液溶解其面容和表层时毫无反应。即便骨头已在化学灼伤中显露，它依然义无反顾地推进。它走到了喷射器前，用残存的力量捏碎了机构。","Зомби не отреагировал, когда кислота растворила его черты лица и внешние слои. Он продолжал свое неустанное бессмысленное продвижение, даже когда сквозь химические ожоги начали проступать кости. Он добрался до распылителя и раздавил механизм остатками сил.","El zombi no reaccionó cuando el ácido disolvió sus rasgos y sus capas externas. Continuó su avance implacable y sin sentido, incluso cuando sus huesos comenzaron a asomarse a través de las quemaduras químicas. Llegó al rociador y aplastó el mecanismo con las fuerzas que le quedaban.","O zumbi não reagiu enquanto o ácido dissolvia suas feições e suas camadas externas. Ele continuou seu avanço implacável e insensato, mesmo quando seus ossos começaram a aparecer através das queimaduras químicas. Ele alcançou o pulverizador e esmagou o mecanismo com o que restava de suas forças.","Der Zombie reagierte nicht, als die Säure seine Gesichtszüge und seine äußeren Schichten auflöste. Er setzte seinen unerbittlichen, geistlosen Vormarsch fort, selbst als seine Knochen durch die chemischen Verbrennungen sichtbar wurden. Er erreichte den Sprüher und zertrümmerte den Mechanismus mit seiner verbleibenden Kraft.","좀비는 산성 액체가 얼굴과 외피를 녹여도 아무런 반응을 보이지 않았습니다. 화학적 화상으로 뼈가 드러나기 시작해도 녀석은 가차 없이 맹목적인 전진을 계속했습니다. 녀석은 분사기에 도달하여 남은 힘으로 그 장치를 부수어버렸습니다."
"MSG_C_ABDUCTION_A_WIN","The ant was lifted from the earth by a shimmering tractor beam, vanishing into the clouds. It struggled with its tiny legs in the air, but the alien technology was absolute. The colony lost a worker to the stars today.","煌めくトラクタービームによってアリは大地から引き剥がされ、雲の向こうへと消え去った。空中で必死に足を動かすが、異星の技術の前には抗う術もない。今日、群れは一匹の働き手を星々の彼方へと失った。","蚂蚁被一道闪烁的牵引光束从大地举起，消失在云端。它微小的腿在空中挣扎，但外星科技是绝对的。蚁群今天向繁星失去了一名劳动者。","Муравей был поднят с земли мерцающим притягивающим лучом, исчезнув в облаках. Он боролся своими крошечными ножками в воздухе, но инопланетные технологии были абсолютны. Сегодня колония потеряла рабочего среди звезд.","La hormiga fue levantada de la tierra por un rayo tractor reluciente, desapareciendo en las nubes. Luchó con sus diminutas patas en el aire, pero la tecnología alienígena era absoluta. La colonia perdió a un trabajador ante las estrellas hoy.","A formiga foi levantada da terra por um feixe de tração cintilante, desaparecendo nas nuvens. Ela lutou com suas pernas minúsculas no ar, mas a tecnologia alienígena era absoluta. A colônia perdeu um trabalhador para as estrelas hoje.","Die Ameise wurde von einem schimmernden Traktorstrahl von der Erde gehoben und verschwand in den Wolken. Sie kämpfte mit ihren winzigen Beinchen in der Luft, aber die außerirdische Technologie war absolut. Die Kolonie verlor heute einen Arbeiter an die Sterne.","개미는 반짝이는 트랙터 빔에 의해 땅에서 들어 올려져 구름 속으로 사라졌습니다. 공중에서 작은 다리를 흔들며 발버둥 쳤지만, 외계 기술은 절대적이었습니다. 오늘 군집은 일꾼 한 마리를 별들에게 잃었습니다."
"MSG_C_ABDUCTION_B_WIN","The bat caught a beam of blue light in mid-flight and was pulled instantly into the sky. Its echo-location couldn't explain the sudden lack of gravity or ground. The creature of the wind was traded to another world.","飛行中のコウモリは青い光の帯に捕らえられ、一瞬にして上空へと引き上げられた。超音波をもってしても、重力の消失と足場の喪失を理解することはできない。風の生物は、未知の世界への供物として連れ去られた。","蝙蝠在飞行中捕捉到了一束蓝光，瞬间被拉入天空。它的回声定位无法解释突然失去重力或地面的原因。这只风之生物被交易到了另一个世界。","Летучая мышь поймала луч синего света в середине полета и была мгновенно втянута в небо. Ее эхолокация не могла объяснить внезапное отсутствие гравитации или земли. Существо ветра было обменяно на другой мир.","El murciélago atrapó un rayo de luz azul en pleno vuelo y fue arrastrado instantáneamente hacia el cielo. Su ecolocalización no pudo explicar la repentina falta de gravedad o de suelo. La criatura del viento fue intercambiada por otro mundo.","O morcego capturou um feixe de luz azul no meio do voo e foi puxado instantaneamente para o céu. Sua ecolocalização não conseguia explicar a repentina falta de gravidade ou solo. A criatura do vento foi trocada por outro mundo.","Die Fledermaus erfasste mitten im Flug einen blauen Lichtstrahl und wurde sofort in den Himmel gezogen. Ihre Echolotung konnte das plötzliche Fehlen von Schwerkraft oder Boden nicht erklären. Das Geschöpf des Windes wurde gegen eine andere Welt getauscht.","비행 중이던 박쥐는 푸른 빛줄기에 붙잡혀 순식간에 하늘로 끌려 올라갔습니다. 초음파로도 갑작스러운 중력과 발판의 상실을 설명할 수 없었습니다. 바람의 생물은 다른 세계로 넘겨졌습니다."
"MSG_C_ABDUCTION_C_WIN","The cobra struck at a shadow, only to find itself being reeled in by a light it couldn't bite. It hissed in terror as it was transported far above the dry earth it called home. The serpent's reign ended and a new study began.","コブラは影に向かって牙を剥いたが、気づけば噛みつくことのできない光によって引き上げられていた。住み慣れた大地を離れ、遥か上空へと運ばれる恐怖に魔物は震える。毒蛇の支配は終わり、新たな実験の被検体となったのだ。","眼镜蛇攻击了一道阴影，却发现自己被一道无法咬到的光卷走了。当它被运送到远高于它称为家的干燥大地之上时，它恐惧地发出了嘶嘶声。蛇的统治结束了，新的研究开始了。","Кобра нанесла удар по тени, но обнаружила, что ее затягивает свет, который она не может укусить. Она в ужасе зашипела, когда ее перенесли далеко за пределы сухой земли, которую она называла своим домом. Царствование змеи закончилось, и началось новое исследование.","La cobra atacó a una sombra, solo para encontrarse siendo atraída por una luz que no podía morder. Siseó de terror mientras era transportada muy por encima de la tierra seca que llamaba hogar. El reinado de la serpiente terminó y comenzó un nuevo estudio.","A naja atacou uma sombra, apenas para se ver sendo puxada por uma luz que não conseguia morder. Ela sibilou de terror enquanto era transportada para muito acima da terra seca que chamava de lar. O reinado da serpente terminou e um novo estudo começou.","Die Kobra stieß nach einem Schatten, nur um festzustellen, dass sie von einem Licht herangezogen wurde, das sie nicht beißen konnte. Sie zischte vor Schreck, als sie weit über die trockene Erde transportiert wurde, die sie ihr Zuhause nannte. Die Herrschaft der Schlange endete und eine neue Studie begann.","코브라는 그림자를 향해 달려들었지만, 물 수 없는 빛에 의해 끌려 올라가는 자신을 발견했습니다. 집이라 부르던 건조한 대지에서 멀리 떨어진 하늘로 옮겨지자 코브라는 공포에 질려 쉿 소리를 냈습니다. 뱀의 통치는 끝났고 새로운 연구가 시작되었습니다."
"MSG_C_ABDUCTION_D_WIN","Even the dragon's massive weight was nothing to the advanced gravity manipulation of the abduction beam. It roared at the heavens as it was pulled into the silver metallic craft above. The ancient legend was silenced by cosmic technology.","ドラゴンの巨体でさえ、アブダクションビームによる高度な重力制御の前には無に等しかった。上空に留まる銀の船へと引き寄せられ、巨獣は天に向かって咆哮する。古の伝説は、宇宙の技術によって強制的に静黙させられた。","即使是巨龙庞大的重量，在诱拐光束先进的重力操纵面前也微不足道。当它被拉进上方银色的金属飞船时，它对着天空怒吼。古老的传奇被宇宙科技所淹没。","Даже массивный вес дракона был ничем по сравнению с продвинутыми манипуляциями с гравитацией похищающего луча. Он взревел в небеса, когда его затянули в серебристый металлический корабль наверху. Древняя легенда была заглушена космическими технологиями.","Incluso el peso masivo del dragón no era nada para la avanzada manipulación de la gravedad del rayo de abducción. Rugió a los cielos mientras era arrastrado hacia la nave metálica plateada de arriba. La antigua leyenda fue silenciada por la tecnología cósmica.","Mesmo o peso enorme do dragão não era nada para a manipulação avançada da gravidade do feixe de abdução. Ele rugiu para os céus enquanto era puxado para dentro da nave metálica prateada acima. A lenda antiga foi silenciada pela tecnologia cósmica.","Sogar das gewaltige Gewicht des Drachen war nichts gegen die fortschrittliche Gravitationsmanipulation des Abduktionsstrahls. Er brüllte gen Himmel, während er in das silberne Metallschiff über ihm gezogen wurde. Die uralte Legende wurde durch kosmische Technologie zum Schweigen gebracht.","드래곤의 거대한 무게조차 납치 빔의 고등 중력 조작 앞에서는 아무것도 아니었습니다. 드래곤은 머리 위 은색 금속 비행체로 끌려가며 하늘을 향해 포효했습니다. 고대의 전설은 우주 기술에 의해 침묵을 강요당했습니다."
"MSG_C_ABDUCTION_E_WIN","The Ent's deep roots were ripped from the ground as the massive beam focused its power on the ancient spirit. It groaned in wooden agony, its branches flailing against the invisible pull. The forest guardian was taken to a place without trees.","巨大な光線が古の精霊に焦点を合わせると、エントの深い根が力任せに大地から引き抜かれた。木が軋む絶叫を上げ、見えない引力に対し枝を振り回して抗う。森の守護者は、木の一本もない未知の場所へと連れ去られた。","当巨大的光束将力量集中在这个古老的灵魂身上时，树精深深的根被从地里拔了出来。它发出了木头碎裂般的痛苦呻吟，树枝在无形的拉力下挥舞。森林守护者被带到了一个没有树木的地方。","Глубокие корни Энта были вырваны из земли, когда массивный луч сфокусировал свою мощь на древнем духе. Он застонал от деревянной агонии, его ветви колотились о невидимую тягу. Хранитель леса был перенесен в место без деревьев.","Las raíces profundas del Ent fueron arrancadas del suelo mientras el rayo masivo concentraba su poder en el espíritu antiguo. Gimió en agonía de madera, sus ramas agitándose contra el tirón invisible. El guardián del bosque fue llevado a un lugar sin árboles.","As raízes profundas do Ent foram arrancadas do chão enquanto o feixe enorme focava seu poder no espírito antigo. Ele gemeu em agonia de madeira, seus galhos agitando-se contra o puxão invisível. O guardião da floresta foi levado para um lugar sem árvores.","Die tiefen Wurzeln des Ents wurden aus dem Boden gerissen, als der gewaltige Strahl seine Kraft auf den uralten Geist konzentrierte. Er stöhnte in hölzerner Qual, seine Äste schlugen gegen den unsichtbaren Sog aus. Der Wächter des Waldes wurde an einen Ort ohne Bäume gebracht.","거대한 광선이 고대의 정령에게 힘을 집중하자 엔트의 깊은 뿌리가 땅에서 뽑혀 나갔습니다. 나무가 삐걱거리는 고통의 비명을 질렀고, 보이지 않는 인력에 맞서 나뭇가지를 휘둘렀습니다. 숲의 수호자는 나무 한 그루 없는 곳으로 끌려갔습니다."
"MSG_C_ABDUCTION_F_LOSS","The fly was too small for the abduction beam's sensors to maintain a lock on its position. Every time the light touched it, the pest darted away into the darkness. The advanced technology failed against the smallest of targets.","アブダクションビームのセンサーにとって、ハエは標的として小さすぎ、正確なロックオンが不可能だった。光が触れるたびに、害虫は素早く闇の中へと逃げ去っていく。高度な技術も、最小の標的前には無力であった。","苍蝇太小了，诱拐光束的传感器无法锁定它的位置。每当光线碰到它，这个害虫就窜入了黑暗中。先进的科技在最小的目标面前失败了。","Муха была слишком мала для датчиков похищающего луча, чтобы поддерживать фиксацию на ее позиции. Каждый раз, когда свет касался ее, вредитель бросался прочь в темноту. Передовые технологии потерпели неудачу против самых маленьких целей.","La mosca era demasiado pequeña para que los sensores del rayo de abducción mantuvieran un bloqueo en su posición. Cada vez que la luz la tocaba, la plaga salía disparada hacia la oscuridad. La tecnología avanzada falló contra el más pequeño de los objetivos.","A mosca era pequena demais para que os sensores do feixe de abdução mantivessem o travamento em sua posição. Cada vez que a luz a tocava, a praga fugia para a escuridão. A tecnologia avançada falhou contra o menor dos alvos.","Die Fliege war zu klein für die Sensoren des Abduktionsstrahls, um eine Fixierung auf ihrer Position aufrechtzuerhalten. Jedes Mal, wenn das Licht sie berührte, huschte der Schädling in die Dunkelheit davon. Die fortschrittliche Technologie versagte bei den kleinsten Zielen.","파리는 납치 빔 센서가 위치를 고정하기에는 너무 작았습니다. 빛이 닿을 때마다 해충은 어둠 속으로 잽싸게 도망쳤습니다. 고등 기술이 가장 작은 목표물 앞에서 실패했습니다."
"MSG_C_ABDUCTION_G_WIN","The goblin dropped its stolen loot in shock as it felt the earth leave its feet. It shrieked in a high-pitched panic as the blue light enveloped its miserable form. The greedy thief was now the one being stolen.","足元の大地が遠のく感覚に、ゴブリンは驚愕して盗んだ品々を取り落とした。青い光がその惨めな姿を包み込み、パニックに陥った甲高い悲鳴が響き渡る。強欲な泥棒が、今度は自らが「盗まれる」番となったのだ。","哥布林在感到双脚离开地面时震惊地丢下了偷来的战利品。蓝光笼罩了它悲惨的身形，它在极度恐慌中发出了尖叫。现在这个贪婪的小偷成了被偷走的那一个。","Гоблин в шоке выронил украденную добычу, почувствовав, как земля уходит из-под ног. Он закричал в пронзительной панике, когда синий свет окутал его жалкую фигуру. Теперь жадный вор сам стал тем, кого украли.","El duende dejó caer su botín robado en estado de shock al sentir que la tierra dejaba sus pies. Chilló en un pánico agudo mientras la luz azul envolvía su miserable forma. El ladrón codicioso era ahora el que estaba siendo robado.","O goblin deixou cair seu saque roubado em choque ao sentir a terra deixar seus pés. Ele deu um grito agudo de pânico enquanto a luz azul envolvia sua forma miserável. O ladrão ganancioso era agora quem estava sendo roubado.","Der Goblin ließ seine gestohlene Beute vor Schreck fallen, als er spürte, wie die Erde unter seinen Füßen verschwand. Er kreischte in gellender Panik auf, als das blaue Licht seine erbärmliche Gestalt einhüllte. Der gierige Dieb war nun derjenige, der gestohlen wurde.","고블린은 발밑의 대지가 멀어지는 느낌에 깜짝 놀라 훔친 물건들을 떨어뜨렸습니다. 푸른 빛이 비참한 형체를 감싸자 고음의 비명을 지르며 공황 상태에 빠졌습니다. 탐욕스러운 도둑이 이제는 자신이 '도난당하는' 처지가 되었습니다."
"MSG_C_ABDUCTION_H_WIN","The harpy found her own wings useless as a stronger, artificial force pulled her toward the stars. She shrieked a final, desperate melody before disappearing into the metallic belly of the craft. The sky queen met a higher power.","より強大で人工的な力が自分を星々へと引き寄せる中、ハーピーは自慢の翼が何の役にも立たないことを悟った。絶望的な最期の旋律を響かせ、銀の船の腹の中へと消えていく。空の女王は、より高次の存在に屈した。","哈皮发现她的翅膀失去了作用，因为一股更强的、人为的力量正把她拉向星际。她在消失在飞船的金属腹部之前发出了最后绝望的旋律。天空女王遇到了更高的力量。","Гарпия обнаружила, что ее собственные крылья бесполезны, так как более сильная искусственная сила тянула ее к звездам. Она издала последнюю отчаянную мелодию перед тем, как исчезнуть в металлическом чреве корабля. Королева неба встретила высшую силу.","La arpía encontró sus propias alas inútiles mientras una fuerza artificial más fuerte la atraía hacia las estrellas. Chilló una melodía final y desesperada antes de desaparecer en el vientre metálico de la nave. La reina del cielo se encontró con un poder superior.","A harpia achou suas próprias asas inúteis enquanto uma força artificial mais forte a puxava em direção às estrelas. Ela soltou uma melodia final e desesperada antes de desaparecer no ventre metálico da nave. A rainha do céu encontrou um poder superior.","Die Harpyie stellte fest, dass ihre eigenen Flügel nutzlos waren, als eine stärkere, künstliche Kraft sie zu den Sternen zog. Sie kreischte eine letzte, verzweifelte Melodie, bevor sie im metallenen Bauch des Schiffes verschwand. Die Königin des Himmels begegnete einer höheren Macht.","하피는 더 강력하고 인공적인 힘이 자신을 별들로 끌어당기자 자신의 날개가 소용없다는 것을 깨달았습니다. 절망적인 마지막 선율을 울리며 비행체의 금속 배 속으로 사라졌습니다. 하늘의 여왕은 더 높은 힘에 굴복했습니다."
"MSG_C_ABDUCTION_I_WIN","The imp's magical illusions were seen through by the advanced spectral sensors of the beam. It couldn't hide in the shadows as the light forcibly pulled it into the unknown. The trickster was now the subject of an alien game.","ビームに搭載された高度な分光センサーは、インプの魔法の幻影を容易く見破った。影に隠れることも叶わず、光は強制的に魔物を未知の領域へと引き上げる。悪戯っ子は今や、異星人のゲームの駒となったのだ。","小恶魔的魔法幻觉在光束先进的光谱传感器面前无所遁形。由于光芒强行将其拉入未知领域，它无法躲进阴影。这位骗子现在成了外星游戏的实验对象。","Магические иллюзии импа были видны сквозь современные спектральные датчики луча. Он не мог спрятаться в тенях, так как свет насильно втянул его в неизвестность. Обманщик теперь стал участником инопланетной игры.","Las ilusiones mágicas del imp fueron vistas a través de los avanzados sensores espectrales del rayo. No pudo esconderse en las sombras mientras la luz lo atraía a la fuerza hacia lo desconocido. El embaucador era ahora el sujeto de un juego alienígena.","As ilusões mágicas do imp foram vistas através dos sensores espectrais avançados do feixe. Ele não conseguiu se esconder nas sombras enquanto a luz o puxava à força para o desconhecido. O trapaceiro agora era o objeto de um jogo alienígena.","Die magischen Illusionen des Imps wurden von den fortschrittlichen Spektralsensoren des Strahls durchschaut. Er konnte sich nicht in den Schatten verstecken, als das Licht ihn gewaltsam ins Unbekannte zog. Der Trickbetrüger war nun Gegenstand eines außerirdischen Spiels.","임프의 마법 환상은 빔의 고등 분광 센서에 의해 쉽게 간파되었습니다. 빛이 강제로 녀석을 미지의 영역으로 끌어올렸기에 어둠 속으로 숨을 수도 없었습니다. 장난꾸러기 임프는 이제 외계인 게임의 실험 대상이 되었습니다."
"MSG_C_ABDUCTION_J_WIN","The jelly was sucked up into the beam like a massive, glowing straw, filling the collection chamber. Its fluid nature made it easy to transport, though it pulsed with a faint, bioluminescent fear. The slime was packaged for the stars.","ジェリーは巨大な光のストローに吸い込まれるように、みるみるうちに収集室へと詰め込まれていった。流動的な肉体は輸送にうってつけであり、魔物は微かな生物発光を放ちながら震える。泥濘は星々への供物となった。","果冻怪像被一根巨大的发光吸管吸走一样进入了光束，填满了收集室。它的流质天性让它容易运输，尽管它伴随着微弱的生物发光发出恐惧的脉动。史莱姆被包装起来准备送往繁星。","Желе всосало в луч, как массивную светящуюся соломинку, заполнив камеру сбора. Его текучая природа облегчала транспортировку, хотя оно пульсировало слабым биолюминесцентным страхом. Слизь была упакована для звезд.","La gelatina fue succionada por el rayo como una pajita gigante y brillante, llenando la cámara de recolección. Su naturaleza fluida facilitó el transporte, aunque pulsaba con un tenue miedo bioluminiscente. El slime fue empaquetado para las estrellas.","A geleia foi sugada pelo feixe como um canudo gigante e brilhante, enchendo a câmara de coleta. Sua natureza fluida facilitou o transporte, embora pulsasse com um medo bioluminescente fraco. O slime foi embalado para as estrelas.","Das Gelee wurde wie durch einen riesigen, leuchtenden Strohhalm in den Strahl aufgesaugt und füllte die Sammelkammer. Seine flüssige Natur machte den Transport einfach, obwohl er mit einer schwachen, biolumineszenten Angst pulsierte. Der Schleim wurde für die Sterne verpackt.","젤리는 거대한 빛의 빨대에 빨려 들어가듯 순식간에 수집실로 채워졌습니다. 유동적인 육체는 수송에 안성맞춤이었고, 괴물은 희미한 생물 발광을 내뿜으며 떨었습니다. 슬라임은 별들을 위한 공물로 포장되었습니다."
"MSG_C_ABDUCTION_K_LOSS","The kobold warrior used its metal hook to anchor itself to a heavy stone pillar, resisting the beam. It barked defiance at the sky, its raw strength keeping it firmly on the earth. Tribal determination won against the alien light.","コボルドの戦士は金属のフックを重い石柱に引っかけ、ビームの引力に必死に抗った。空に向かって威嚇の声を上げ、生身の怪力で大地に踏み止まり続ける。部族の決意が、異星の光よりも勝った瞬間であった。","狗头人战士用它的金属钩把自己锚定在沉重的石柱上，抵御着光束。它对着天空咆哮挑衅，凭借原始力量牢牢地钉在大地上。部族的决心战胜了外星之光。","Воин-кобольд использовал свой металлический крюк, чтобы закрепиться на тяжелой каменной колонне, сопротивляясь лучу. Он вызывающе лаял на небо, его недюжинная сила прочно удерживала его на земле. Племенная решимость победила инопланетный свет.","El guerrero kobold usó su gancho de metal para anclarse a un pesado pilar de piedra, resistiendo el rayo. Ladró desafiante al cielo, su fuerza bruta manteniéndolo firmemente en la tierra. La determinación tribal ganó contra la luz alienígena.","O guerreiro kobold usou seu gancho de metal para se ancorar em um pilar de pedra pesado, resistindo ao feixe. Ele latiu desafiadoramente para o céu, sua força bruta mantendo-o firmemente na terra. A determinação tribal venceu contra a luz alienígena.","Der Koboldkrieger benutzte seinen Metallhaken, um sich an einer schweren Steinsäule zu verankern und dem Strahl zu widerstehen. Er bellte dem Himmel Trotz entgegen, seine rohe Kraft hielt ihn fest auf der Erde. Stammesentschlossenheit siegte gegen das außerirdische Licht.","코볼트 전사는 금속 갈고리를 무거운 석주에 걸어 빔의 인력에 필사적으로 저항했습니다. 하늘을 향해 위협적으로 짖으며 야성적인 괴력으로 대지에 굳건히 버텼습니다. 부족의 결의가 외계의 빛보다 강했던 순간이었습니다."
"MSG_C_ABDUCTION_L_WIN","The lizard's fast scuttling ended as the light locked onto its cold-blooded form. It floated helplessly upward, its claws scratching at the empty air. The desert hunter became a specimen in a floating laboratory.","光がその冷い肉体をロックオンすると、リザードの素早い這い回りは不自然に終わりを告げた。空中で無力に浮き上がり、爪は空しく虚空を掻きむしる。砂漠の狩人は、浮遊する研究所の標本へと成り果てた。","当光束锁定在蜥蜴这冷血身躯上时，它那急促的爬行结束了。它无助地向上漂浮，爪子抓挠着虚无的空气。沙漠猎人成了漂浮实验室里的标本。","Быстрое бегство ящерицы закончилось, когда свет зафиксировался на ее хладнокровной форме. Она беспомощно поплыла вверх, царапая когтями пустой воздух. Пустынный охотник стал образцом в плавучей лаборатории.","El rápido escurrimiento del lagarto terminó cuando la luz se fijó en su forma de sangre fría. Flotó impotente hacia arriba, con sus garras rascando el aire vacío. El cazador del desierto se convirtió en un espécimen en un laboratorio flotante.","O rápido rastejar do lagarto terminou quando a luz travou em sua forma de sangue frio. Ele flutuou impotente para cima, suas garras arranhando o ar vazio. O caçador do deserto tornou-se um espécime em um laboratório flutuante.","Das schnelle Huschen der Echse endete, als das Licht ihre wechselwarme Gestalt fixierte. Sie schwebte hilflos nach oben, ihre Krallen kratzten in der leeren Luft. Der Wüstenjäger wurde zu einem Exemplar in einem schwebenden Labor.","빛이 차가운 신체를 포착하자 리자드의 재빠른 움직임은 부자연스럽게 끝났습니다. 공중으로 무력하게 떠오르며 발톱으로 허공을 허망하게 긁었습니다. 사막의 사냥꾼은 부유하는 연구소의 표본 신세가 되었습니다."
"MSG_C_ABDUCTION_M_WIN","The mummy was pulled from its tomb, the ancient bandages fluttering in the high-tech energy field. It reached out toward the earth it was meant to guard, but the stars were calling. The guardian of the past left the world forever.","墓所から引き抜かれたマミーの古の包帯が、ハイテクなエネルギー場の中で激しくなびいた。守るべき大地へと手を伸ばすも、星々の呼び声はあまりに強い。過去の守護者は、永遠にこの地を後にしたのである。","木乃伊被从坟墓中拉了出来，那古老的绷带在高科技能量场中飘扬。它向它本该守护的大地伸出手，但星辰在呼唤。过去的守护者永远离开了这个世界。","Мумия была вытянута из своей гробницы, древние бинты развевались в высокотехнологичном энергетическом поле. Она потянулась к земле, которую должна была охранять, но звезды звали. Хранитель прошлого навсегда покинул мир.","La momia fue sacada de su tumba, los antiguos vendajes ondeando en el campo de energía de alta tecnología. Se extendió hacia la tierra que debía proteger, pero las estrellas llamaban. El guardián del pasado dejó el mundo para siempre.","A múmia foi tirada de sua tumba, as bandagens antigas balançando no campo de energia de alta tecnologia. Ela estendeu a mão para a terra que deveria guardar, mas as estrelas estavam chamando. O guardião do passado deixou o mundo para sempre.","Die Mumie wurde aus ihrem Grab gezogen, die alten Bandagen flatterten im Hightech-Energiefeld. Sie streckte ihre Hand nach der Erde aus, die sie bewachen sollte, aber die Sterne riefen. Der Wächter der Vergangenheit verließ die Welt für immer.","묘실에서 끌려 나온 미라의 고대 붕대가 하이테크 에너지장 속에서 격렬하게 휘날렸습니다. 지켜야 할 대지를 향해 손을 뻗었지만, 별들의 부름은 너무나 강력했습니다. 과거의 수호자는 영원히 이곳을 떠나게 되었습니다."
"MSG_C_ABDUCTION_N_LOSS","The naga cast a heavy gravity well around herself that counteracted the abduction beam. She stayed anchored to the water's surface, her magical power matching the alien technology. The wise spirit refused to leave her domain.","ナーガは自らの周囲に強力な引力の泉を作り出し、アブダクションビームの干渉を打ち消した。水面から一歩も離れることなく、魔法の力で異星の技術に立ち向かう。賢き精霊は、自らの領域を離れることを拒んだ。","纳迦在自己周围投射了一个沉重的引力井，抵消了诱拐光束。她牢牢地固守在水面上，她的魔法力量与外星科技相抗衡。聪慧之灵拒绝离开她的领地。","Нага создала вокруг себя тяжелый гравитационный колодец, который противостоял похищающему лучу. Она оставалась прикованной к поверхности воды, ее магическая сила соответствовала инопланетным технологиям. Мудрый дух отказался покидать свои владения.","La naga lanzó un pozo de gravedad pesado a su alrededor que contrarrestó el rayo de abducción. Se mantuvo anclada a la superficie del agua, su poder mágico a la par de la tecnología alienígena. El espíritu sabio se negó a dejar sus dominios.","A naga lançou um poço de gravidade pesado ao seu redor que neutralizou o feixe de abdução. Ela permaneceu ancorada à superfície da água, seu poder mágico correspondendo à tecnologia alienígena. O espírito sábio recusou-se a deixar seu domínio.","Die Naga erschuf einen schweren Gravitationsbrunnen um sich herum, der dem Abduktionsstrahl entgegenwirkte. Sie blieb an der Wasseroberfläche verankert, ihre magische Kraft stand der außerirdischen Technologie in nichts nach. Der weise Geist weigerte sich, seine Domäne zu verlassen.","나가는 자신 주변에 강력한 인력의 샘을 만들어 납치 빔의 간섭을 상쇄했습니다. 수면에서 한 발짝도 떨어지지 않은 채 마법의 힘으로 외계 기술에 맞섰습니다. 현명한 정령은 자신의 영역을 떠나기를 거부했습니다."
"MSG_C_ABDUCTION_O_LOSS","The orc's metal armor acted as a Faraday cage, reflecting the energy of the beam harmlessly. It stood its ground, laughing at the flickering light while its weapon remained readied. The brute was too grounded for the sky-thieves.","オークの金属鎧がファラデーケージのように機能し、ビームのエネルギーを無害に弾き飛ばした。揺らめく光をせせら嗤い、武器を構えたままその場に佇み続ける。蛮勇の戦士は、空の泥棒たちの手には負えなかった。","兽人的金属盔甲起到了法拉第笼的作用，无害地反射了光束的能量。它屹立不倒，嘲笑那闪烁的光芒，而它的武器依然准备就绪。对于天空窃贼来说，这头蛮兽太脚踏实地了。","Металлические доспехи орка действовали как клетка Фарадея, безвредно отражая энергию луча. Он стоял на своем, смеясь над мерцающим светом, пока его оружие оставалось наготове. Грубиян был слишком приземленным для небесных воров.","La armadura de metal del orco actuó como una jaula de Faraday, reflejando la energía del rayo de forma inofensiva. Se mantuvo firme, riéndose de la luz parpadeante mientras su arma permanecía lista. El bruto estaba demasiado anclado para los ladrones del cielo.","A armadura de metal do orc agiu como uma gaiola de Faraday, refletindo a energia do feixe inofensivamente. Ele manteve-se firme, rindo da luz bruxuleante enquanto sua arma permanecia pronta. O bruto era muito pé no chão para os ladrões do céu.","Die Metallrüstung des Orks wirkte wie ein Faradayscher Käfig und reflektierte die Energie des Strahls harmlos. Er blieb standhaft und lachte über das flackernde Licht, während seine Waffe bereit blieb. Der Unhold war zu bodenständig für die Diebe am Himmel.","오크의 금속 갑옷이 패러데이 새장처럼 작동하여 빔의 에너지를 무해하게 튕겨냈습니다. 흔들리는 빛을 비웃으며 무기를 겨눈 채 그 자리에 굳건히 서 있었습니다. 야만스러운 전사는 하늘의 도둑들이 감당하기에는 너무나 확고했습니다."
"MSG_C_ABDUCTION_P_LOSS","The pixie transformed herself into hundreds of tiny light particles, confusing the beam's tracking system. She played around the edges of the light, her giggle echoing through the forest. The fae spirit was too chaotic to be captured.","ピクシーは自らの身体を数百の光粒子へと変え、ビームの追跡システムを完全に攪乱した。光の縁で悪戯っぽく踊り回り、その笑い声が森に響き渡る。妖精の魂は、捕らえるにはあまりに秩序を欠いていた。","小仙女把自己变成了数百颗微小的光粒子，扰乱了光束的追踪系统。她在光线的边缘嬉戏，笑声在森林中回荡。精灵魂魄太混乱了，无法被俘获。","Пикси превратила себя в сотни крошечных частиц света, запутав систему слежения луча. Она играла по краям света, ее хихиканье эхом разносилось по лесу. Дух фей был слишком хаотичен, чтобы его можно было поймать.","La pixie se transformó en cientos de diminutas partículas de luz, confundiendo el sistema de seguimiento del rayo. Jugó por los bordes de la luz, su risita resonando por el bosque. El espíritu fae era demasiado caótico para ser capturado.","A pixie transformou-se em centenas de minúsculas partículas de luz, confundindo o sistema de rastreamento do feixe. Ela brincou nas bordas da luz, sua risada ecoando pela floresta. O espírito fae era caótico demais para ser capturado.","Die Pixie verwandelte sich in Hunderte winziger Lichtpartikel und verwirrte das Trackingsystem des Strahls. Sie spielte an den Rändern des Lichts, ihr Kichern hallte durch den Wald. Der Feengeist war zu chaotisch, um gefangen genommen zu werden.","픽시는 자신의 몸을 수백 개의 작은 빛의 입자로 바꾸어 빔의 추적 시스템을 완전히 교란했습니다. 빛의 가장자리에서 장난스럽게 춤추며 웃음소리를 숲속에 울려 퍼뜨렸습니다. 요정의 영혼은 붙잡기에는 너무나 무질서했습니다."
"MSG_C_ABDUCTION_Q_WIN","The coeurl tried to jump away, but the beam was faster than any animal instinct. It was snagged mid-air and pulled into the glowing vortex above, its sparks dimming in the high-tech field. The high-speed beast met a cosmic end.","クアールは跳躍して逃れようとしたが、ビームの速度は獣の直感すらも凌駕していた。空中で捕らえられ、頭上の輝く渦へと吸い込まれていく。ハイテクの力に放電を封じられ、高速の獣は宇宙へと消えていった。","夸尔试图跳开，但光束比任何动物本能都要快。它在半空中被拦截，拉入上方的发光漩涡，它的电火花在高科技场中变暗。高速野兽迎来了宇宙结局。","Керл попытался отпрыгнуть, но луч был быстрее любого животного инстинкта. Его подхватило в воздухе и затянуло в светящийся вихрь наверху, его искры потускнели в высокотехнологичном поле. Высокоскоростной зверь встретил космический конец.","El coeurl intentó saltar, pero el rayo fue más rápido que cualquier instinto animal. Fue enganchado en el aire y arrastrado hacia el vórtice resplandeciente de arriba, sus chispas se atenuaron en el campo de alta tecnología. La bestia de alta velocidad encontró un fin cósmico.","O coeurl tentou pular, mas o feixe foi mais rápido que qualquer instinto animal. Ele foi fisgado no ar e puxado para dentro do vórtice brilhante acima, suas faíscas diminuindo no campo de alta tecnologia. A besta de alta velocidade encontrou um fim cósmico.","Der Coeurl versuchte wegzuspringen, aber der Strahl war schneller als jeder tierische Instinkt. Er wurde in der Luft erwischt und in den leuchtenden Wirbel darüber gezogen, seine Funken verblassten im Hightech-Feld. Die Hochgeschwindigkeitsbestie fand ein kosmisches Ende.","쿠알은 뛰어올라 도망치려 했지만, 빔의 속도는 짐승의 직감조차 능가했습니다. 공중에서 붙잡혀 머리 위의 빛나는 소용돌이 속으로 빨려 들어갔고, 하이테크 장 안에서 전격은 희미해졌습니다. 고속의 맹수는 우주적 최후를 맞이했습니다."
"MSG_C_ABDUCTION_R_LOSS","The rat swarm was too large for a single beam to abduct effectively, leaving the majority of the pack on the ground. You lifted a few confused rodents into the sky, but the hundreds remaining were already upon you. Numbers beat tech.","アブダクションビーム一基では、広大なラットの群れ全体を収容するには到底足りなかった。数匹のネズミを上空へ運び上げはしたものの、残りの数百匹は既にあなたに食らいついている。数という物量が技術を凌駕した。","鼠群太大了，单束光束无法有效地进行诱拐，使得大部分族群留在了地上。你把几只困惑的啮齿动物举上了天空，但剩下的数百只已经扑到了你身上。数量打败了科技。","Стая крыс была слишком велика для того, чтобы один луч мог эффективно похитить ее, оставив большую часть стаи на земле. Вы подняли в небо несколько растерянных грызунов, но сотни оставшихся уже набросились на вас. Численное преимущество победило технику.","El enjambre de ratas era demasiado grande para que un solo rayo lo abdujera de manera efectiva, dejando a la mayoría de la manada en el suelo. Levantaste a unos cuantos roedores confundidos hacia el cielo, pero los cientos restantes ya estaban sobre ti. Los números vencieron a la tecnología.","O enxame de ratos era grande demais para um único feixe sequestrar com eficácia, deixando a maioria da matilha no chão. Você levantou alguns roedores confusos para o céu, mas as centenas restantes já estavam sobre você. Os números venceram a tecnologia.","Der Rattenschwarm war zu groß, als dass ein einzelner Strahl ihn effektiv entführen könnte, sodass der Großteil des Rudels am Boden blieb. Du hast ein paar verwirrte Nagetiere in den Himmel gehoben, aber die Hunderte verbliebenen waren bereits über dir. Zahlen besiegten Technik.","납치 빔 한 대로는 광대한 쥐 떼 전체를 수용하기에 턱없이 부족했습니다. 몇 마리의 쥐를 하늘로 들어 올리긴 했지만, 남은 수백 마리는 이미 당신에게 달려들고 있었습니다. 물량이 기술을 능가했습니다."
"MSG_C_ABDUCTION_S_LOSS","The slime's body surface was so non-reflective that the abduction beam couldn't gain a firm lock. It simplemente flowed around the light, staying firmly stuck to the dungeon floor. The amorphous monster was invisible to the beam.","スライムの体表は極めて光を反射しにくく、アブダクションビームが正確に焦点を合わせることは不可能だった。光の周りをさらりと流れ落ち、魔物は床に張り付いたままだ。形なき怪物は、ビームの目には映らなかった。","史莱姆的身体表面极不反光，以至于诱拐光束无法获得牢固的锁定。它只是绕着光线流动，牢牢地粘在地牢地板上。诱拐光束对这种无定形的怪物视而不见。","Поверхность тела слизи была настолько не отражающей, что похищающий луч не мог зафиксироваться на ней. Она просто обтекала свет, прочно прилипнув к полу подземелья. Аморфный монстр был невидим для луча.","La superficie del cuerpo del slime era tan poco reflectante que el rayo de abducción no pudo obtener un bloqueo firme. Simplemente fluyó alrededor de la luz, permaneciendo firmemente pegado al suelo de la mazmorra. El monstruo amorfo era invisible para el rayo.","A superfície do corpo do slime era tão não reflexiva que o feixe de abdução não conseguia obter um travamento firme. Ele simplesmente fluía ao redor da luz, permanecendo firmemente preso ao chão da masmorra. O monstro amorfo era invisível para o feixe.","Die Körperoberfläche des Schleims war so wenig reflektierend, dass der Abduktionsstrahl keine feste Fixierung erlangen konnte. Er floss einfach um das Licht herum und blieb fest am Kerkerboden kleben. Das amorphe Monster war für den Strahl unsichtbar.","슬라임의 체표면은 빛을 거의 반사하지 않아 납치 빔이 정확히 초점을 맞추는 것이 불가능했습니다. 빛 주변을 흘러내리며 괴물은 바닥에 찰떡같이 붙어 있었습니다. 형태 없는 괴물은 빔의 눈에 보이지 않았습니다."
"MSG_C_ABDUCTION_T_LOSS","The troll's sheer physical mass was greater than the beam's maximum output capacity. It remained anchored to the floor through raw weight and stubborn power, roaring its defiance at the crafts. The giant was too heavy for the stars.","トロールの圧倒的な質量は、ビームの最大出力容量を遥かに上回っていた。その自重と頑強な力で床に留まり続け、空の船に向かって咆哮を上げる。巨人を星々へと連れ去るには、あまりにその命は重すぎたのだ。","巨魔纯粹的物理质量超过了光束的最大输出能力。它凭原始重量和顽强的力量锚定在地上，对着飞船咆哮挑衅。巨人对于繁星来说实在太重了。","Чистая физическая масса тролля была больше, чем максимальная выходная мощность луча. Он оставался прикованным к полу благодаря своему весу и упрямой силе, выкрикивая свое неповиновение кораблям. Гигант был слишком тяжел для звезд.","La pura masa física del trol era mayor que la capacidad máxima de salida del rayo. Permaneció anclado al suelo a través del peso bruto y el poder obstinado, rugiendo su desafío a las naves. El gigante era demasiado pesado para las estrellas.","A pura massa física do troll era maior do que a capacidade máxima de saída do feixe. Ele permaneceu ancorado ao chão através de peso bruto e poder teimoso, rugindo seu desafio para as naves. O gigante era pesado demais para as estrelas.","Die reine körperliche Masse des Trolls war größer als die maximale Ausgangskapazität des Strahls. Er blieb durch sein Eigengewicht und seine hartnäckige Kraft am Boden verankert und brüllte den Schiffen seinen Trotz entgegen. Der Riese war zu schwer für die Sterne.","트롤의 압도적인 질량은 빔의 최대 출력 용량을 훨씬 초과했습니다. 자체 중량과 완고한 힘으로 바닥에 버티며 비행체를 향해 포효를 내질렀습니다. 거인을 별들에게 데려가기에는 그 생명이 너무나 무거웠습니다."
"MSG_C_ABDUCTION_U_WIN","The undead's spiritual form was easily magnetized and pulled into the high-tech containment field. It was trapped in a vacuum bottle where its hauntings could do no harm to the living. The wandering soul found a metallic purgatory.","霊的な存在であるアンデッドは容易く磁気化され、ハイテクな拘束フィールドへと引き込まれた。死の静寂を封じ込める真空瓶に閉じ込められ、生者に害をなす力は失われる。彷徨える魂は、金属の煉獄を見出したのだ。","亡灵的灵形式很容易被磁化并拉入高科技遏制场。它被困在一个真空瓶里，在那里它的骚扰无法伤害生者。徘徊的灵魂找到了一个金属炼狱。","Духовная форма нежити была легко намагничена и втянута в высокотехнологичное защитное поле. Она оказалась в вакуумной бутылке, где ее преследования не могли причинить вреда живым. Блуждающая душа обрела металлический чистилище.","La forma espiritual del no muerto fue fácilmente magnetizada y atraída hacia el campo de contención de alta tecnología. Quedó atrapada en una botella de vacío donde sus apariciones no podían hacer daño a los vivos. El alma errante encontró un purgatorio metálico.","A forma espiritual do morto-vivo foi facilmente magnetizada e puxada para dentro do campo de contenção de alta tecnologia. Ela ficou presa em uma garrafa de vácuo onde suas assombrações não podiam causar dano aos vivos. A alma errante encontrou um purgatório metálico.","Die spirituelle Form des Untoten ließ sich leicht magnetisieren und in das Hightech-Eindämmungsfeld ziehen. Er war in einer Vakuumflasche gefangen, in der sein Spuk den Lebenden keinen Schaden zufügen konnte. Die wandernde Seele fand ein metallisches Fegefeuer.","영적인 존재인 언데드는 쉽게 자석처럼 끌려 하이테크 구속 필드로 빨려 들어갔습니다. 죽음의 정적을 봉인하는 진공 병에 갇혀 산 자에게 해를 끼칠 힘을 잃었습니다. 방황하던 영혼은 금속 연옥을 발견했습니다."
"MSG_C_ABDUCTION_V_LOSS","The vampire manipulated the electrons within the beam, causing it to short-circuit and explode. He stood unfazed in the debris, his eyes glowing with ancient, superior power. The master of the night was not interested in space.","ヴァンパイアはビーム内の電子を自在に操り、回路をショートさせて爆発を引き起こした。残骸の中で平然と佇む彼の瞳には、古の卓越した魔力が宿っている。夜の王にとって、宇宙など興味の対象外であった。","吸血鬼操纵光束内的电子，导致其短路并爆炸。他泰然自若地站在残骸中，眼睛闪烁着古老、优胜的力量。黑夜之主对太空没兴趣。","Вампир манипулировал электронами внутри луча, заставляя его замкнуть и взорваться. Он стоял невозмутимо среди обломков, его глаза светились древней превосходящей силой. Хозяин ночи не интересовался космосом.","El vampiro manipuló los electrones dentro del rayo, haciendo que se cortocircuitara y explotara. Permaneció imperturbable entre los escombros, con los ojos brillando con un poder antiguo y superior. El señor de la noche no estaba interesado en el espacio.","O vampiro manipulou os elétrons dentro do feixe, fazendo-o entrar em curto-circuito e explodir. Ele permaneceu imperturbável nos escombros, seus olhos brilhando com um poder antigo e superior. O mestre da noite não estava interessado no espaço.","Der Vampir manipulierte die Elektronen im Strahl, was dazu führte, dass er kurzschloss und explodierte. Er stand unbeeindruckt in den Trümmern, seine Augen leuchteten mit uralter, überlegener Kraft. Der Herr der Nacht war nicht am Weltraum interessiert.","뱀파이어는 빔 속의 전자를 자유자재로 조종하여 회로를 쇼트시키고 폭발을 일으켰습니다. 잔해 속에서 태연하게 서 있는 그의 눈에는 고대의 탁월한 마력이 깃들어 있습니다. 밤의 왕에게 우주 따위는 관심 밖이었습니다."
"MSG_C_ABDUCTION_W_LOSS","The wolf pack sensed the static build-up before the beam fired and scattered into the underbrush. They worked in perfect coordination to move between the beams of light, closing in on you safely. Primal instinct was faster than lasers.","ビームが発射される前の静電気を察知したウルフの群れは、一斉に藪の中へと散った。光の網の目を縫うように完璧な連携で移動し、着実にあなたへと忍び寄る。原始の直感は、レーザーの照射速度よりも速かった。","狼群在光束发射前就感知到了静电积聚，四散进入丛林。它们完美配合，在光束之间穿穿梭，安全地拉近了与你的距离。原始本能比激光还快。","Волчья стая почувствовала накопление статического электричества до того, как луч выстрелил, и рассеялась в подлеске. Они работали в идеальной координации, перемещаясь между лучами света, безопасно приближаясь к вам. Первобытный инстинкт был быстрее лазеров.","La manada de lobos sintió la acumulación de estática antes de que el rayo se disparara y se dispersara entre la maleza. Trabajaron en perfecta coordinación para moverse entre los rayos de luz, acercándose a ti de manera segura. El instinto primario fue más rápido que los láseres.","A alcateia sentiu o acúmulo de estática antes do feixe disparar e espalhou-se pela vegetação rasteira. Eles trabalharam em perfeita coordenação para se mover entre os feixes de luz, aproximando-se de você com segurança. O instinto primitivo foi mais rápido que os lasers.","Das Wolfsrudel spürte den statischen Aufbau, bevor der Strahl abgefeuert wurde, und zerstreute sich im Unterholz. Sie arbeiteten in perfekter Abstimmung zusammen, um sich zwischen den Lichtstrahlen zu bewegen und sich dir sicher zu nähern. Der Urinstinkt war schneller als Laser.","빔이 발사되기 전의 정전기를 감지한 늑대 무리는 일제히 덤불 속으로 흩어졌습니다. 빛의 그물망을 피하듯 완벽한 연계로 이동하며 착실하게 당신에게 다가왔습니다. 원시적 직감은 레이저 조사 속도보다 빨랐습니다."
"MSG_C_ABDUCTION_X_WIN","Xalthis's many legs thrashed in the air as it was pulled upward into the glowing metallic craft. It tried to cling to the walls, but the beam's power was absolute even against ancient horror. The many-legged terror was taken for study.","空へと引き上げられるザルティスの無数の脚が、銀の船の腹の下で虚しくもがき、暴れ回った。壁に縋り付こうと抵抗するが、古の恐怖さえもビームの力には屈するしかない。多足の怪物は、研究材料として連れ去られた。","扎尔提斯众多的腿在空中乱窜，因为它被拉进了上方的发光金属飞船。它试图抓牢墙壁，但面对古老的恐怖，光束的力量也是绝对的。多肢的恐怖被带走用于研究。","Многочисленные ноги Залтиса бились в воздухе, когда его затягивало вверх в светящийся металлический корабль. Он пытался уцепиться за стены, но сила луча была абсолютной даже против древнего ужаса. Многоногий ужас был взят для изучения.","Las muchas patas de Xalthis se agitaron en el aire mientras era arrastrado hacia la nave metálica resplandeciente. Intentó aferrarse a las paredes, pero el poder del rayo era absoluto incluso contra el horror antiguo. El terror de muchas patas fue tomado para su estudio.","As muitas pernas de Xalthis debateram-se no ar enquanto era puxado para cima para dentro da nave metálica brilhante. Ele tentou agarrar-se às paredes, mas o poder do feixe era absoluto mesmo contra o horror antigo. O terror de muitas pernas foi levado para estudo.","Xalthis' viele Beine schlugen in der Luft um sich, während es nach oben in das leuchtende Metallschiff gezogen wurde. Es versuchte sich an den Wänden festzuklammern, aber die Kraft des Strahls war selbst gegen den uralten Horror absolut. Der vielbeinige Terror wurde zur Untersuchung mitgenommen.","하늘로 끌려 올라가는 자르티스의 무수한 다리가 비행체 밑에서 허망하게 버둥거렸습니다. 벽에 매달리려 저항했지만, 고대의 공포조차 빔의 힘 앞에서는 굴복할 수밖에 없었습니다. 다지류 괴물은 연구 재료로 끌려갔습니다."
"MSG_C_ABDUCTION_Y_WIN","The yeti was snagged by the beam through the blizzard, its white fur glowing in the artificial blue light. It roared a mountain-shaking protest as it was lifted into the silent void. The king of the peaks was claimed by the stars.","吹雪を切り裂いて放たれたビームが、イエティの白い毛皮を青い光で染め上げ、逃さず捕らえた。音のない虚空へと引き上げながら、山を揺るがす拒絶の咆哮が響き渡る。嶺の王は、ついに星々の彼方へと連れ去られた。","雪人在暴风雪中被光束勾住，它白色的皮毛在人造蓝光中闪闪发光。当它被举向寂静의 虚空时，它发出了震颤山脉的抗议。山峰之王被繁星夺走了。","Йети был зацеплен лучом сквозь метель, его белый мех светился в искусственном синем свете. Он взревел в знак протеста, сотрясая горы, когда его подняли в безмолвную пустоту. Король вершин был затребован звездами.","El yeti fue atrapado por el rayo a través de la ventisca, su pelaje blanco brillando en la luz azul artificial. Rugió una protesta que sacudió las montañas mientras era elevado hacia el vacío silencioso. El rey de las cumbres fue reclamado por las estrellas.","O yeti foi fisgado pelo feixe através da nevasca, sua pelagem branca brilhando na luz azul artificial. Ele rugiu um protesto que abalou as montanhas enquanto era erguido para o vazio silencioso. O rei dos picos foi reivindicado pelas estrelas.","Der Yeti wurde durch den Schneesturm vom Strahl erfasst, sein weißes Fell leuchtete im künstlichen blauen Licht. Er brüllte einen bergerschütternden Protest heraus, während er in die stille Leere gehoben wurde. Der König der Gipfel wurde von den Sternen beansprucht.","눈보라를 뚫고 뿜어진 빔이 예티의 하얀 털을 푸른 빛으로 물들이며 놓치지 않고 붙잡았습니다. 소리 없는 허공으로 끌려 올라가며 산을 뒤흔드는 거부의 포효가 울려 퍼졌습니다. 봉우리의 왕은 결국 별들의 저편으로 끌려갔습니다."
"MSG_C_ABDUCTION_Z_WIN","The zombie was easily lifted, its slow movements making it a trivial target for the beam's lock-on. It disappeared into the craft, its moans echoing briefly before the doors hissed shut. The unfeeling dead were now an alien curiosity.","ゾンビは容易く浮き上がり、その緩慢な動きはビームにとって格好の標的でしかなかった。扉が閉まる際の音と共に、魔物のうめき声は船の腹の中へと吸い込まれていく。意思なき死体は、今や異星人の知的好奇心の対象となった。","僵尸被轻易举起，它缓慢的动作使其成为了光束锁定的简单目标。它消失在飞船中，在舱门嘶嘶关上之前，它的呻吟声短暂回落。无感的死者现在成了外星人的好奇对象。","Зомби был легко поднят, его медленные движения делали его тривиальной целью для захвата лучом. Он исчез в корабле, его стоны эхом отозвались на короткое время, прежде чем двери с шипением закрылись. Бесчувственные мертвецы теперь стали инопланетным любопытством.","El zombi fue levantado fácilmente, sus movimientos lentos lo convirtieron en un objetivo trivial para el bloqueo del rayo. Desapareció en la nave, sus gemidos resonaron brevemente antes de que las puertas se cerraran con un siseo. Los muertos sin sentimientos eran ahora una curiosidad alienígena.","O zumbi foi facilmente levantado, seus movimentos lentos tornando-o um alvo trivial para o travamento do feixe. Ele desapareceu na nave, seus gemidos ecoando brevemente antes que as portas se fechassem com um sibilando. Os mortos insensíveis eram agora uma curiosidade alienígena.","Der Zombie wurde leicht angehoben, seine langsamen Bewegungen machten ihn zu einem banalen Ziel für die Fixierung des Strahls. Er verschwand im Schiff, sein Stöhnen hallte kurz nach, bevor die Türen zischend zugingen. Die gefühllosen Toten waren nun eine außerirdische Kuriosität.","좀비는 쉽게 들어 올려졌고, 그 완만한 움직임은 빔의 목표물이 되기에 너무나 쉬웠습니다. 문이 닫히는 소리와 함께 괴물의 신음 소리는 비행체 속으로 빨려 들어갔습니다. 의지 없는 시체는 이제 외계인의 지적 호기심 대상이 되었습니다."
